farm_id,receptor_id,season,direction_deg,concentration,flux,rotor_height_fraction,evidence_level,conservation_weight,n_observations,source
2,radar_nlhrw,spring,32.6,0.287,814663.2,0.5,radar,1.0,7715,VPTS_nlhrw_2020_dist249km
2,radar_nlhrw,autumn,233.2,0.373,1994218.4,0.5,radar,1.0,6543,VPTS_nlhrw_2020_dist249km
5,radar_nlhrw,spring,32.6,0.287,814663.2,0.5,radar,1.0,7715,VPTS_nlhrw_2020_dist345km
5,radar_nlhrw,autumn,233.2,0.373,1994218.4,0.5,radar,1.0,6543,VPTS_nlhrw_2020_dist345km
7,radar_nlhrw,spring,32.6,0.287,814663.2,0.5,radar,1.0,7715,VPTS_nlhrw_2020_dist228km
7,radar_nlhrw,autumn,233.2,0.373,1994218.4,0.5,radar,1.0,6543,VPTS_nlhrw_2020_dist228km
11,radar_deess,spring,21.0,0.749,236.2,0.5,radar,1.0,16,VPTS_deess_2020_dist349km
15,radar_nlhrw,spring,32.6,0.287,814663.2,0.5,radar,1.0,7715,VPTS_nlhrw_2020_dist101km
15,radar_nlhrw,autumn,233.2,0.373,1994218.4,0.5,radar,1.0,6543,VPTS_nlhrw_2020_dist101km
16,radar_nlhrw,spring,32.6,0.287,814663.2,0.5,radar,1.0,7715,VPTS_nlhrw_2020_dist200km
16,radar_nlhrw,autumn,233.2,0.373,1994218.4,0.5,radar,1.0,6543,VPTS_nlhrw_2020_dist200km
17,radar_nlhrw,spring,32.6,0.287,814663.2,0.5,radar,1.0,7715,VPTS_nlhrw_2020_dist389km
17,radar_nlhrw,autumn,233.2,0.373,1994218.4,0.5,radar,1.0,6543,VPTS_nlhrw_2020_dist389km
18,radar_nlhrw,spring,32.6,0.287,814663.2,0.5,radar,1.0,7715,VPTS_nlhrw_2020_dist272km
18,radar_nlhrw,autumn,233.2,0.373,1994218.4,0.5,radar,1.0,6543,VPTS_nlhrw_2020_dist272km
20,radar_nlhrw,spring,32.6,0.287,814663.2,0.5,radar,1.0,7715,VPTS_nlhrw_2020_dist244km
20,radar_nlhrw,autumn,233.2,0.373,1994218.4,0.5,radar,1.0,6543,VPTS_nlhrw_2020_dist244km
23,radar_nlhrw,spring,32.6,0.287,814663.2,0.5,radar,1.0,7715,VPTS_nlhrw_2020_dist194km
23,radar_nlhrw,autumn,233.2,0.373,1994218.4,0.5,radar,1.0,6543,VPTS_nlhrw_2020_dist194km
26,radar_nlhrw,spring,32.6,0.287,814663.2,0.5,radar,1.0,7715,VPTS_nlhrw_2020_dist329km
26,radar_nlhrw,autumn,233.2,0.373,1994218.4,0.5,radar,1.0,6543,VPTS_nlhrw_2020_dist329km
27,radar_nlhrw,spring,32.6,0.287,814663.2,0.5,radar,1.0,7715,VPTS_nlhrw_2020_dist435km
27,radar_nlhrw,autumn,233.2,0.373,1994218.4,0.5,radar,1.0,6543,VPTS_nlhrw_2020_dist435km
30,radar_nlhrw,spring,32.6,0.287,814663.2,0.5,radar,1.0,7715,VPTS_nlhrw_2020_dist475km
30,radar_nlhrw,autumn,233.2,0.373,1994218.4,0.5,radar,1.0,6543,VPTS_nlhrw_2020_dist475km
31,radar_nlhrw,spring,32.6,0.287,814663.2,0.5,radar,1.0,7715,VPTS_nlhrw_2020_dist65km
31,radar_nlhrw,autumn,233.2,0.373,1994218.4,0.5,radar,1.0,6543,VPTS_nlhrw_2020_dist65km
48,radar_nlhrw,spring,32.6,0.287,814663.2,0.5,radar,1.0,7715,VPTS_nlhrw_2020_dist261km
48,radar_nlhrw,autumn,233.2,0.373,1994218.4,0.5,radar,1.0,6543,VPTS_nlhrw_2020_dist261km
49,radar_nlhrw,spring,32.6,0.287,814663.2,0.5,radar,1.0,7715,VPTS_nlhrw_2020_dist384km
49,radar_nlhrw,autumn,233.2,0.373,1994218.4,0.5,radar,1.0,6543,VPTS_nlhrw_2020_dist384km
51,radar_nlhrw,spring,32.6,0.287,814663.2,0.5,radar,1.0,7715,VPTS_nlhrw_2020_dist435km
51,radar_nlhrw,autumn,233.2,0.373,1994218.4,0.5,radar,1.0,6543,VPTS_nlhrw_2020_dist435km
53,radar_nlhrw,spring,32.6,0.287,814663.2,0.5,radar,1.0,7715,VPTS_nlhrw_2020_dist438km
53,radar_nlhrw,autumn,233.2,0.373,1994218.4,0.5,radar,1.0,6543,VPTS_nlhrw_2020_dist438km
54,radar_nlhrw,spring,32.6,0.287,814663.2,0.5,radar,1.0,7715,VPTS_nlhrw_2020_dist57km
54,radar_nlhrw,autumn,233.2,0.373,1994218.4,0.5,radar,1.0,6543,VPTS_nlhrw_2020_dist57km
55,radar_nlhrw,spring,32.6,0.287,814663.2,0.5,radar,1.0,7715,VPTS_nlhrw_2020_dist400km
55,radar_nlhrw,autumn,233.2,0.373,1994218.4,0.5,radar,1.0,6543,VPTS_nlhrw_2020_dist400km
59,radar_nlhrw,spring,32.6,0.287,814663.2,0.5,radar,1.0,7715,VPTS_nlhrw_2020_dist443km
59,radar_nlhrw,autumn,233.2,0.373,1994218.4,0.5,radar,1.0,6543,VPTS_nlhrw_2020_dist443km
60,radar_nlhrw,spring,32.6,0.287,814663.2,0.5,radar,1.0,7715,VPTS_nlhrw_2020_dist364km
60,radar_nlhrw,autumn,233.2,0.373,1994218.4,0.5,radar,1.0,6543,VPTS_nlhrw_2020_dist364km
61,radar_nlhrw,spring,32.6,0.287,814663.2,0.5,radar,1.0,7715,VPTS_nlhrw_2020_dist406km
61,radar_nlhrw,autumn,233.2,0.373,1994218.4,0.5,radar,1.0,6543,VPTS_nlhrw_2020_dist406km
65,radar_nlhrw,spring,32.6,0.287,814663.2,0.5,radar,1.0,7715,VPTS_nlhrw_2020_dist174km
65,radar_nlhrw,autumn,233.2,0.373,1994218.4,0.5,radar,1.0,6543,VPTS_nlhrw_2020_dist174km
68,radar_nlhrw,spring,32.6,0.287,814663.2,0.5,radar,1.0,7715,VPTS_nlhrw_2020_dist341km
68,radar_nlhrw,autumn,233.2,0.373,1994218.4,0.5,radar,1.0,6543,VPTS_nlhrw_2020_dist341km
73,radar_nlhrw,spring,32.6,0.287,814663.2,0.5,radar,1.0,7715,VPTS_nlhrw_2020_dist375km
73,radar_nlhrw,autumn,233.2,0.373,1994218.4,0.5,radar,1.0,6543,VPTS_nlhrw_2020_dist375km
87,radar_nlhrw,spring,32.6,0.287,814663.2,0.5,radar,1.0,7715,VPTS_nlhrw_2020_dist333km
87,radar_nlhrw,autumn,233.2,0.373,1994218.4,0.5,radar,1.0,6543,VPTS_nlhrw_2020_dist333km
96,radar_nlhrw,spring,32.6,0.287,814663.2,0.5,radar,1.0,7715,VPTS_nlhrw_2020_dist413km
96,radar_nlhrw,autumn,233.2,0.373,1994218.4,0.5,radar,1.0,6543,VPTS_nlhrw_2020_dist413km
100,radar_nlhrw,spring,32.6,0.287,814663.2,0.5,radar,1.0,7715,VPTS_nlhrw_2020_dist96km
100,radar_nlhrw,autumn,233.2,0.373,1994218.4,0.5,radar,1.0,6543,VPTS_nlhrw_2020_dist96km
102,radar_nlhrw,spring,32.6,0.287,814663.2,0.5,radar,1.0,7715,VPTS_nlhrw_2020_dist438km
102,radar_nlhrw,autumn,233.2,0.373,1994218.4,0.5,radar,1.0,6543,VPTS_nlhrw_2020_dist438km
113,radar_nlhrw,spring,32.6,0.287,814663.2,0.5,radar,1.0,7715,VPTS_nlhrw_2020_dist52km
113,radar_nlhrw,autumn,233.2,0.373,1994218.4,0.5,radar,1.0,6543,VPTS_nlhrw_2020_dist52km
121,radar_nlhrw,spring,32.6,0.287,814663.2,0.5,radar,1.0,7715,VPTS_nlhrw_2020_dist208km
121,radar_nlhrw,autumn,233.2,0.373,1994218.4,0.5,radar,1.0,6543,VPTS_nlhrw_2020_dist208km
122,radar_nlhrw,spring,32.6,0.287,814663.2,0.5,radar,1.0,7715,VPTS_nlhrw_2020_dist330km
122,radar_nlhrw,autumn,233.2,0.373,1994218.4,0.5,radar,1.0,6543,VPTS_nlhrw_2020_dist330km
129,radar_nlhrw,spring,32.6,0.287,814663.2,0.5,radar,1.0,7715,VPTS_nlhrw_2020_dist382km
129,radar_nlhrw,autumn,233.2,0.373,1994218.4,0.5,radar,1.0,6543,VPTS_nlhrw_2020_dist382km
134,radar_nlhrw,spring,32.6,0.287,814663.2,0.5,radar,1.0,7715,VPTS_nlhrw_2020_dist99km
134,radar_nlhrw,autumn,233.2,0.373,1994218.4,0.5,radar,1.0,6543,VPTS_nlhrw_2020_dist99km
140,radar_nlhrw,spring,32.6,0.287,814663.2,0.5,radar,1.0,7715,VPTS_nlhrw_2020_dist497km
140,radar_nlhrw,autumn,233.2,0.373,1994218.4,0.5,radar,1.0,6543,VPTS_nlhrw_2020_dist497km
142,radar_deess,spring,21.0,0.749,236.2,0.5,radar,1.0,16,VPTS_deess_2020_dist301km
9,radar_bauer_United Kingdom,spring,28.5,0.15,50.0,0.5,radar,2.3345942228335628,5,Bauer2018_grid_United Kingdom
9,radar_bauer_United Kingdom,spring,38.5,0.15,50.0,0.5,radar,2.3345942228335628,5,Bauer2018_grid_United Kingdom
9,radar_bauer_United Kingdom,spring,48.5,0.15,50.0,0.5,radar,2.3345942228335628,5,Bauer2018_grid_United Kingdom
9,radar_bauer_United Kingdom,spring,58.5,0.15,50.0,0.5,radar,2.3345942228335628,5,Bauer2018_grid_United Kingdom
9,radar_bauer_United Kingdom,spring,68.5,0.15,50.0,0.5,radar,2.3345942228335628,5,Bauer2018_grid_United Kingdom
9,radar_bauer_United Kingdom,autumn,212.7,0.15,50.0,0.5,radar,2.3345942228335628,5,Bauer2018_grid_United Kingdom
9,radar_bauer_United Kingdom,autumn,222.7,0.15,50.0,0.5,radar,2.3345942228335628,5,Bauer2018_grid_United Kingdom
9,radar_bauer_United Kingdom,autumn,232.7,0.15,50.0,0.5,radar,2.3345942228335628,5,Bauer2018_grid_United Kingdom
9,radar_bauer_United Kingdom,autumn,242.7,0.15,50.0,0.5,radar,2.3345942228335628,5,Bauer2018_grid_United Kingdom
9,radar_bauer_United Kingdom,autumn,252.7,0.15,50.0,0.5,radar,2.3345942228335628,5,Bauer2018_grid_United Kingdom
10,radar_bauer_United Kingdom,spring,21.700000000000003,0.15,50.0,0.5,radar,2.3345942228335628,5,Bauer2018_grid_United Kingdom
10,radar_bauer_United Kingdom,spring,31.700000000000003,0.15,50.0,0.5,radar,2.3345942228335628,5,Bauer2018_grid_United Kingdom
10,radar_bauer_United Kingdom,spring,41.7,0.15,50.0,0.5,radar,2.3345942228335628,5,Bauer2018_grid_United Kingdom
10,radar_bauer_United Kingdom,spring,51.7,0.15,50.0,0.5,radar,2.3345942228335628,5,Bauer2018_grid_United Kingdom
10,radar_bauer_United Kingdom,spring,61.7,0.15,50.0,0.5,radar,2.3345942228335628,5,Bauer2018_grid_United Kingdom
10,radar_bauer_United Kingdom,autumn,208.1,0.15,50.0,0.5,radar,2.3345942228335628,5,Bauer2018_grid_United Kingdom
10,radar_bauer_United Kingdom,autumn,218.1,0.15,50.0,0.5,radar,2.3345942228335628,5,Bauer2018_grid_United Kingdom
10,radar_bauer_United Kingdom,autumn,228.1,0.15,50.0,0.5,radar,2.3345942228335628,5,Bauer2018_grid_United Kingdom
10,radar_bauer_United Kingdom,autumn,238.1,0.15,50.0,0.5,radar,2.3345942228335628,5,Bauer2018_grid_United Kingdom
10,radar_bauer_United Kingdom,autumn,248.1,0.15,50.0,0.5,radar,2.3345942228335628,5,Bauer2018_grid_United Kingdom
13,radar_bauer_United Kingdom,spring,28.5,0.15,50.0,0.5,radar,2.3345942228335628,5,Bauer2018_grid_United Kingdom
13,radar_bauer_United Kingdom,spring,38.5,0.15,50.0,0.5,radar,2.3345942228335628,5,Bauer2018_grid_United Kingdom
13,radar_bauer_United Kingdom,spring,48.5,0.15,50.0,0.5,radar,2.3345942228335628,5,Bauer2018_grid_United Kingdom
13,radar_bauer_United Kingdom,spring,58.5,0.15,50.0,0.5,radar,2.3345942228335628,5,Bauer2018_grid_United Kingdom
13,radar_bauer_United Kingdom,spring,68.5,0.15,50.0,0.5,radar,2.3345942228335628,5,Bauer2018_grid_United Kingdom
13,radar_bauer_United Kingdom,autumn,212.7,0.15,50.0,0.5,radar,2.3345942228335628,5,Bauer2018_grid_United Kingdom
13,radar_bauer_United Kingdom,autumn,222.7,0.15,50.0,0.5,radar,2.3345942228335628,5,Bauer2018_grid_United Kingdom
13,radar_bauer_United Kingdom,autumn,232.7,0.15,50.0,0.5,radar,2.3345942228335628,5,Bauer2018_grid_United Kingdom
13,radar_bauer_United Kingdom,autumn,242.7,0.15,50.0,0.5,radar,2.3345942228335628,5,Bauer2018_grid_United Kingdom
13,radar_bauer_United Kingdom,autumn,252.7,0.15,50.0,0.5,radar,2.3345942228335628,5,Bauer2018_grid_United Kingdom
22,radar_bauer_Germany,spring,23.5,0.151,50.0,0.5,radar,2.3345942228335628,5,Bauer2018_grid_Germany
22,radar_bauer_Germany,spring,33.5,0.151,50.0,0.5,radar,2.3345942228335628,5,Bauer2018_grid_Germany
22,radar_bauer_Germany,spring,43.5,0.151,50.0,0.5,radar,2.3345942228335628,5,Bauer2018_grid_Germany
22,radar_bauer_Germany,spring,53.5,0.151,50.0,0.5,radar,2.3345942228335628,5,Bauer2018_grid_Germany
22,radar_bauer_Germany,spring,63.5,0.151,50.0,0.5,radar,2.3345942228335628,5,Bauer2018_grid_Germany
22,radar_bauer_Germany,autumn,213.3,0.151,50.0,0.5,radar,2.3345942228335628,5,Bauer2018_grid_Germany
22,radar_bauer_Germany,autumn,223.3,0.151,50.0,0.5,radar,2.3345942228335628,5,Bauer2018_grid_Germany
22,radar_bauer_Germany,autumn,233.3,0.151,50.0,0.5,radar,2.3345942228335628,5,Bauer2018_grid_Germany
22,radar_bauer_Germany,autumn,243.3,0.151,50.0,0.5,radar,2.3345942228335628,5,Bauer2018_grid_Germany
22,radar_bauer_Germany,autumn,253.3,0.151,50.0,0.5,radar,2.3345942228335628,5,Bauer2018_grid_Germany
25,radar_bauer_Sweden,spring,20.9,0.202,50.0,0.5,radar,2.3345942228335628,5,Bauer2018_grid_Sweden
25,radar_bauer_Sweden,spring,30.9,0.202,50.0,0.5,radar,2.3345942228335628,5,Bauer2018_grid_Sweden
25,radar_bauer_Sweden,spring,40.9,0.202,50.0,0.5,radar,2.3345942228335628,5,Bauer2018_grid_Sweden
25,radar_bauer_Sweden,spring,50.9,0.202,50.0,0.5,radar,2.3345942228335628,5,Bauer2018_grid_Sweden
25,radar_bauer_Sweden,spring,60.9,0.202,50.0,0.5,radar,2.3345942228335628,5,Bauer2018_grid_Sweden
25,radar_bauer_Sweden,autumn,213.4,0.202,50.0,0.5,radar,2.3345942228335628,5,Bauer2018_grid_Sweden
25,radar_bauer_Sweden,autumn,223.4,0.202,50.0,0.5,radar,2.3345942228335628,5,Bauer2018_grid_Sweden
25,radar_bauer_Sweden,autumn,233.4,0.202,50.0,0.5,radar,2.3345942228335628,5,Bauer2018_grid_Sweden
25,radar_bauer_Sweden,autumn,243.4,0.202,50.0,0.5,radar,2.3345942228335628,5,Bauer2018_grid_Sweden
25,radar_bauer_Sweden,autumn,253.4,0.202,50.0,0.5,radar,2.3345942228335628,5,Bauer2018_grid_Sweden
29,radar_bauer_Sweden,spring,20.200000000000003,0.207,50.0,0.5,radar,2.3345942228335628,5,Bauer2018_grid_Sweden
29,radar_bauer_Sweden,spring,30.200000000000003,0.207,50.0,0.5,radar,2.3345942228335628,5,Bauer2018_grid_Sweden
29,radar_bauer_Sweden,spring,40.2,0.207,50.0,0.5,radar,2.3345942228335628,5,Bauer2018_grid_Sweden
29,radar_bauer_Sweden,spring,50.2,0.207,50.0,0.5,radar,2.3345942228335628,5,Bauer2018_grid_Sweden
29,radar_bauer_Sweden,spring,60.2,0.207,50.0,0.5,radar,2.3345942228335628,5,Bauer2018_grid_Sweden
29,radar_bauer_Sweden,autumn,213.0,0.207,50.0,0.5,radar,2.3345942228335628,5,Bauer2018_grid_Sweden
29,radar_bauer_Sweden,autumn,223.0,0.207,50.0,0.5,radar,2.3345942228335628,5,Bauer2018_grid_Sweden
29,radar_bauer_Sweden,autumn,233.0,0.207,50.0,0.5,radar,2.3345942228335628,5,Bauer2018_grid_Sweden
29,radar_bauer_Sweden,autumn,243.0,0.207,50.0,0.5,radar,2.3345942228335628,5,Bauer2018_grid_Sweden
29,radar_bauer_Sweden,autumn,253.0,0.207,50.0,0.5,radar,2.3345942228335628,5,Bauer2018_grid_Sweden
36,radar_bauer_United Kingdom,spring,24.299999999999997,0.15,50.0,0.5,radar,2.3345942228335628,5,Bauer2018_grid_United Kingdom
36,radar_bauer_United Kingdom,spring,34.3,0.15,50.0,0.5,radar,2.3345942228335628,5,Bauer2018_grid_United Kingdom
36,radar_bauer_United Kingdom,spring,44.3,0.15,50.0,0.5,radar,2.3345942228335628,5,Bauer2018_grid_United Kingdom
36,radar_bauer_United Kingdom,spring,54.3,0.15,50.0,0.5,radar,2.3345942228335628,5,Bauer2018_grid_United Kingdom
36,radar_bauer_United Kingdom,spring,64.3,0.15,50.0,0.5,radar,2.3345942228335628,5,Bauer2018_grid_United Kingdom
36,radar_bauer_United Kingdom,autumn,210.2,0.15,50.0,0.5,radar,2.3345942228335628,5,Bauer2018_grid_United Kingdom
36,radar_bauer_United Kingdom,autumn,220.2,0.15,50.0,0.5,radar,2.3345942228335628,5,Bauer2018_grid_United Kingdom
36,radar_bauer_United Kingdom,autumn,230.2,0.15,50.0,0.5,radar,2.3345942228335628,5,Bauer2018_grid_United Kingdom
36,radar_bauer_United Kingdom,autumn,240.2,0.15,50.0,0.5,radar,2.3345942228335628,5,Bauer2018_grid_United Kingdom
36,radar_bauer_United Kingdom,autumn,250.2,0.15,50.0,0.5,radar,2.3345942228335628,5,Bauer2018_grid_United Kingdom
40,radar_bauer_United Kingdom,spring,21.700000000000003,0.15,50.0,0.5,radar,2.3345942228335628,5,Bauer2018_grid_United Kingdom
40,radar_bauer_United Kingdom,spring,31.700000000000003,0.15,50.0,0.5,radar,2.3345942228335628,5,Bauer2018_grid_United Kingdom
40,radar_bauer_United Kingdom,spring,41.7,0.15,50.0,0.5,radar,2.3345942228335628,5,Bauer2018_grid_United Kingdom
40,radar_bauer_United Kingdom,spring,51.7,0.15,50.0,0.5,radar,2.3345942228335628,5,Bauer2018_grid_United Kingdom
40,radar_bauer_United Kingdom,spring,61.7,0.15,50.0,0.5,radar,2.3345942228335628,5,Bauer2018_grid_United Kingdom
40,radar_bauer_United Kingdom,autumn,208.1,0.15,50.0,0.5,radar,2.3345942228335628,5,Bauer2018_grid_United Kingdom
40,radar_bauer_United Kingdom,autumn,218.1,0.15,50.0,0.5,radar,2.3345942228335628,5,Bauer2018_grid_United Kingdom
40,radar_bauer_United Kingdom,autumn,228.1,0.15,50.0,0.5,radar,2.3345942228335628,5,Bauer2018_grid_United Kingdom
40,radar_bauer_United Kingdom,autumn,238.1,0.15,50.0,0.5,radar,2.3345942228335628,5,Bauer2018_grid_United Kingdom
40,radar_bauer_United Kingdom,autumn,248.1,0.15,50.0,0.5,radar,2.3345942228335628,5,Bauer2018_grid_United Kingdom
43,radar_bauer_Denmark,spring,29.200000000000003,0.157,50.0,0.5,radar,2.3345942228335628,5,Bauer2018_grid_Denmark
43,radar_bauer_Denmark,spring,39.2,0.157,50.0,0.5,radar,2.3345942228335628,5,Bauer2018_grid_Denmark
43,radar_bauer_Denmark,spring,49.2,0.157,50.0,0.5,radar,2.3345942228335628,5,Bauer2018_grid_Denmark
43,radar_bauer_Denmark,spring,59.2,0.157,50.0,0.5,radar,2.3345942228335628,5,Bauer2018_grid_Denmark
43,radar_bauer_Denmark,spring,69.2,0.157,50.0,0.5,radar,2.3345942228335628,5,Bauer2018_grid_Denmark
43,radar_bauer_Denmark,autumn,215.3,0.157,50.0,0.5,radar,2.3345942228335628,5,Bauer2018_grid_Denmark
43,radar_bauer_Denmark,autumn,225.3,0.157,50.0,0.5,radar,2.3345942228335628,5,Bauer2018_grid_Denmark
43,radar_bauer_Denmark,autumn,235.3,0.157,50.0,0.5,radar,2.3345942228335628,5,Bauer2018_grid_Denmark
43,radar_bauer_Denmark,autumn,245.3,0.157,50.0,0.5,radar,2.3345942228335628,5,Bauer2018_grid_Denmark
43,radar_bauer_Denmark,autumn,255.3,0.157,50.0,0.5,radar,2.3345942228335628,5,Bauer2018_grid_Denmark
58,radar_bauer_France,spring,36.3,0.15,50.0,0.5,radar,2.3345942228335628,5,Bauer2018_grid_France
58,radar_bauer_France,spring,46.3,0.15,50.0,0.5,radar,2.3345942228335628,5,Bauer2018_grid_France
58,radar_bauer_France,spring,56.3,0.15,50.0,0.5,radar,2.3345942228335628,5,Bauer2018_grid_France
58,radar_bauer_France,spring,66.3,0.15,50.0,0.5,radar,2.3345942228335628,5,Bauer2018_grid_France
58,radar_bauer_France,spring,76.3,0.15,50.0,0.5,radar,2.3345942228335628,5,Bauer2018_grid_France
58,radar_bauer_France,autumn,218.4,0.15,50.0,0.5,radar,2.3345942228335628,5,Bauer2018_grid_France
58,radar_bauer_France,autumn,228.4,0.15,50.0,0.5,radar,2.3345942228335628,5,Bauer2018_grid_France
58,radar_bauer_France,autumn,238.4,0.15,50.0,0.5,radar,2.3345942228335628,5,Bauer2018_grid_France
58,radar_bauer_France,autumn,248.4,0.15,50.0,0.5,radar,2.3345942228335628,5,Bauer2018_grid_France
58,radar_bauer_France,autumn,258.4,0.15,50.0,0.5,radar,2.3345942228335628,5,Bauer2018_grid_France
67,radar_bauer_United Kingdom,spring,21.700000000000003,0.15,50.0,0.5,radar,2.3345942228335628,5,Bauer2018_grid_United Kingdom
67,radar_bauer_United Kingdom,spring,31.700000000000003,0.15,50.0,0.5,radar,2.3345942228335628,5,Bauer2018_grid_United Kingdom
67,radar_bauer_United Kingdom,spring,41.7,0.15,50.0,0.5,radar,2.3345942228335628,5,Bauer2018_grid_United Kingdom
67,radar_bauer_United Kingdom,spring,51.7,0.15,50.0,0.5,radar,2.3345942228335628,5,Bauer2018_grid_United Kingdom
67,radar_bauer_United Kingdom,spring,61.7,0.15,50.0,0.5,radar,2.3345942228335628,5,Bauer2018_grid_United Kingdom
67,radar_bauer_United Kingdom,autumn,208.1,0.15,50.0,0.5,radar,2.3345942228335628,5,Bauer2018_grid_United Kingdom
67,radar_bauer_United Kingdom,autumn,218.1,0.15,50.0,0.5,radar,2.3345942228335628,5,Bauer2018_grid_United Kingdom
67,radar_bauer_United Kingdom,autumn,228.1,0.15,50.0,0.5,radar,2.3345942228335628,5,Bauer2018_grid_United Kingdom
67,radar_bauer_United Kingdom,autumn,238.1,0.15,50.0,0.5,radar,2.3345942228335628,5,Bauer2018_grid_United Kingdom
67,radar_bauer_United Kingdom,autumn,248.1,0.15,50.0,0.5,radar,2.3345942228335628,5,Bauer2018_grid_United Kingdom
69,radar_bauer_France,spring,24.299999999999997,0.15,50.0,0.5,radar,2.3345942228335628,5,Bauer2018_grid_France
69,radar_bauer_France,spring,34.3,0.15,50.0,0.5,radar,2.3345942228335628,5,Bauer2018_grid_France
69,radar_bauer_France,spring,44.3,0.15,50.0,0.5,radar,2.3345942228335628,5,Bauer2018_grid_France
69,radar_bauer_France,spring,54.3,0.15,50.0,0.5,radar,2.3345942228335628,5,Bauer2018_grid_France
69,radar_bauer_France,spring,64.3,0.15,50.0,0.5,radar,2.3345942228335628,5,Bauer2018_grid_France
69,radar_bauer_France,autumn,210.2,0.15,50.0,0.5,radar,2.3345942228335628,5,Bauer2018_grid_France
69,radar_bauer_France,autumn,220.2,0.15,50.0,0.5,radar,2.3345942228335628,5,Bauer2018_grid_France
69,radar_bauer_France,autumn,230.2,0.15,50.0,0.5,radar,2.3345942228335628,5,Bauer2018_grid_France
69,radar_bauer_France,autumn,240.2,0.15,50.0,0.5,radar,2.3345942228335628,5,Bauer2018_grid_France
69,radar_bauer_France,autumn,250.2,0.15,50.0,0.5,radar,2.3345942228335628,5,Bauer2018_grid_France
75,radar_bauer_France,spring,32.8,0.15,50.0,0.5,radar,2.3345942228335628,5,Bauer2018_grid_France
75,radar_bauer_France,spring,42.8,0.15,50.0,0.5,radar,2.3345942228335628,5,Bauer2018_grid_France
75,radar_bauer_France,spring,52.8,0.15,50.0,0.5,radar,2.3345942228335628,5,Bauer2018_grid_France
75,radar_bauer_France,spring,62.8,0.15,50.0,0.5,radar,2.3345942228335628,5,Bauer2018_grid_France
75,radar_bauer_France,spring,72.8,0.15,50.0,0.5,radar,2.3345942228335628,5,Bauer2018_grid_France
75,radar_bauer_France,autumn,215.9,0.15,50.0,0.5,radar,2.3345942228335628,5,Bauer2018_grid_France
75,radar_bauer_France,autumn,225.9,0.15,50.0,0.5,radar,2.3345942228335628,5,Bauer2018_grid_France
75,radar_bauer_France,autumn,235.9,0.15,50.0,0.5,radar,2.3345942228335628,5,Bauer2018_grid_France
75,radar_bauer_France,autumn,245.9,0.15,50.0,0.5,radar,2.3345942228335628,5,Bauer2018_grid_France
75,radar_bauer_France,autumn,255.9,0.15,50.0,0.5,radar,2.3345942228335628,5,Bauer2018_grid_France
80,radar_bauer_United Kingdom,spring,28.5,0.15,50.0,0.5,radar,2.3345942228335628,5,Bauer2018_grid_United Kingdom
80,radar_bauer_United Kingdom,spring,38.5,0.15,50.0,0.5,radar,2.3345942228335628,5,Bauer2018_grid_United Kingdom
80,radar_bauer_United Kingdom,spring,48.5,0.15,50.0,0.5,radar,2.3345942228335628,5,Bauer2018_grid_United Kingdom
80,radar_bauer_United Kingdom,spring,58.5,0.15,50.0,0.5,radar,2.3345942228335628,5,Bauer2018_grid_United Kingdom
80,radar_bauer_United Kingdom,spring,68.5,0.15,50.0,0.5,radar,2.3345942228335628,5,Bauer2018_grid_United Kingdom
80,radar_bauer_United Kingdom,autumn,212.7,0.15,50.0,0.5,radar,2.3345942228335628,5,Bauer2018_grid_United Kingdom
80,radar_bauer_United Kingdom,autumn,222.7,0.15,50.0,0.5,radar,2.3345942228335628,5,Bauer2018_grid_United Kingdom
80,radar_bauer_United Kingdom,autumn,232.7,0.15,50.0,0.5,radar,2.3345942228335628,5,Bauer2018_grid_United Kingdom
80,radar_bauer_United Kingdom,autumn,242.7,0.15,50.0,0.5,radar,2.3345942228335628,5,Bauer2018_grid_United Kingdom
80,radar_bauer_United Kingdom,autumn,252.7,0.15,50.0,0.5,radar,2.3345942228335628,5,Bauer2018_grid_United Kingdom
83,radar_bauer_United Kingdom,spring,28.5,0.15,50.0,0.5,radar,2.3345942228335628,5,Bauer2018_grid_United Kingdom
83,radar_bauer_United Kingdom,spring,38.5,0.15,50.0,0.5,radar,2.3345942228335628,5,Bauer2018_grid_United Kingdom
83,radar_bauer_United Kingdom,spring,48.5,0.15,50.0,0.5,radar,2.3345942228335628,5,Bauer2018_grid_United Kingdom
83,radar_bauer_United Kingdom,spring,58.5,0.15,50.0,0.5,radar,2.3345942228335628,5,Bauer2018_grid_United Kingdom
83,radar_bauer_United Kingdom,spring,68.5,0.15,50.0,0.5,radar,2.3345942228335628,5,Bauer2018_grid_United Kingdom
83,radar_bauer_United Kingdom,autumn,212.7,0.15,50.0,0.5,radar,2.3345942228335628,5,Bauer2018_grid_United Kingdom
83,radar_bauer_United Kingdom,autumn,222.7,0.15,50.0,0.5,radar,2.3345942228335628,5,Bauer2018_grid_United Kingdom
83,radar_bauer_United Kingdom,autumn,232.7,0.15,50.0,0.5,radar,2.3345942228335628,5,Bauer2018_grid_United Kingdom
83,radar_bauer_United Kingdom,autumn,242.7,0.15,50.0,0.5,radar,2.3345942228335628,5,Bauer2018_grid_United Kingdom
83,radar_bauer_United Kingdom,autumn,252.7,0.15,50.0,0.5,radar,2.3345942228335628,5,Bauer2018_grid_United Kingdom
84,radar_bauer_United Kingdom,spring,28.5,0.15,50.0,0.5,radar,2.3345942228335628,5,Bauer2018_grid_United Kingdom
84,radar_bauer_United Kingdom,spring,38.5,0.15,50.0,0.5,radar,2.3345942228335628,5,Bauer2018_grid_United Kingdom
84,radar_bauer_United Kingdom,spring,48.5,0.15,50.0,0.5,radar,2.3345942228335628,5,Bauer2018_grid_United Kingdom
84,radar_bauer_United Kingdom,spring,58.5,0.15,50.0,0.5,radar,2.3345942228335628,5,Bauer2018_grid_United Kingdom
84,radar_bauer_United Kingdom,spring,68.5,0.15,50.0,0.5,radar,2.3345942228335628,5,Bauer2018_grid_United Kingdom
84,radar_bauer_United Kingdom,autumn,212.7,0.15,50.0,0.5,radar,2.3345942228335628,5,Bauer2018_grid_United Kingdom
84,radar_bauer_United Kingdom,autumn,222.7,0.15,50.0,0.5,radar,2.3345942228335628,5,Bauer2018_grid_United Kingdom
84,radar_bauer_United Kingdom,autumn,232.7,0.15,50.0,0.5,radar,2.3345942228335628,5,Bauer2018_grid_United Kingdom
84,radar_bauer_United Kingdom,autumn,242.7,0.15,50.0,0.5,radar,2.3345942228335628,5,Bauer2018_grid_United Kingdom
84,radar_bauer_United Kingdom,autumn,252.7,0.15,50.0,0.5,radar,2.3345942228335628,5,Bauer2018_grid_United Kingdom
93,radar_bauer_United Kingdom,spring,28.5,0.15,50.0,0.5,radar,2.3345942228335628,5,Bauer2018_grid_United Kingdom
93,radar_bauer_United Kingdom,spring,38.5,0.15,50.0,0.5,radar,2.3345942228335628,5,Bauer2018_grid_United Kingdom
93,radar_bauer_United Kingdom,spring,48.5,0.15,50.0,0.5,radar,2.3345942228335628,5,Bauer2018_grid_United Kingdom
93,radar_bauer_United Kingdom,spring,58.5,0.15,50.0,0.5,radar,2.3345942228335628,5,Bauer2018_grid_United Kingdom
93,radar_bauer_United Kingdom,spring,68.5,0.15,50.0,0.5,radar,2.3345942228335628,5,Bauer2018_grid_United Kingdom
93,radar_bauer_United Kingdom,autumn,212.7,0.15,50.0,0.5,radar,2.3345942228335628,5,Bauer2018_grid_United Kingdom
93,radar_bauer_United Kingdom,autumn,222.7,0.15,50.0,0.5,radar,2.3345942228335628,5,Bauer2018_grid_United Kingdom
93,radar_bauer_United Kingdom,autumn,232.7,0.15,50.0,0.5,radar,2.3345942228335628,5,Bauer2018_grid_United Kingdom
93,radar_bauer_United Kingdom,autumn,242.7,0.15,50.0,0.5,radar,2.3345942228335628,5,Bauer2018_grid_United Kingdom
93,radar_bauer_United Kingdom,autumn,252.7,0.15,50.0,0.5,radar,2.3345942228335628,5,Bauer2018_grid_United Kingdom
95,radar_bauer_Sweden,spring,20.200000000000003,0.207,50.0,0.5,radar,2.3345942228335628,5,Bauer2018_grid_Sweden
95,radar_bauer_Sweden,spring,30.200000000000003,0.207,50.0,0.5,radar,2.3345942228335628,5,Bauer2018_grid_Sweden
95,radar_bauer_Sweden,spring,40.2,0.207,50.0,0.5,radar,2.3345942228335628,5,Bauer2018_grid_Sweden
95,radar_bauer_Sweden,spring,50.2,0.207,50.0,0.5,radar,2.3345942228335628,5,Bauer2018_grid_Sweden
95,radar_bauer_Sweden,spring,60.2,0.207,50.0,0.5,radar,2.3345942228335628,5,Bauer2018_grid_Sweden
95,radar_bauer_Sweden,autumn,213.0,0.207,50.0,0.5,radar,2.3345942228335628,5,Bauer2018_grid_Sweden
95,radar_bauer_Sweden,autumn,223.0,0.207,50.0,0.5,radar,2.3345942228335628,5,Bauer2018_grid_Sweden
95,radar_bauer_Sweden,autumn,233.0,0.207,50.0,0.5,radar,2.3345942228335628,5,Bauer2018_grid_Sweden
95,radar_bauer_Sweden,autumn,243.0,0.207,50.0,0.5,radar,2.3345942228335628,5,Bauer2018_grid_Sweden
95,radar_bauer_Sweden,autumn,253.0,0.207,50.0,0.5,radar,2.3345942228335628,5,Bauer2018_grid_Sweden
99,radar_bauer_Sweden,spring,20.9,0.202,50.0,0.5,radar,2.3345942228335628,5,Bauer2018_grid_Sweden
99,radar_bauer_Sweden,spring,30.9,0.202,50.0,0.5,radar,2.3345942228335628,5,Bauer2018_grid_Sweden
99,radar_bauer_Sweden,spring,40.9,0.202,50.0,0.5,radar,2.3345942228335628,5,Bauer2018_grid_Sweden
99,radar_bauer_Sweden,spring,50.9,0.202,50.0,0.5,radar,2.3345942228335628,5,Bauer2018_grid_Sweden
99,radar_bauer_Sweden,spring,60.9,0.202,50.0,0.5,radar,2.3345942228335628,5,Bauer2018_grid_Sweden
99,radar_bauer_Sweden,autumn,213.4,0.202,50.0,0.5,radar,2.3345942228335628,5,Bauer2018_grid_Sweden
99,radar_bauer_Sweden,autumn,223.4,0.202,50.0,0.5,radar,2.3345942228335628,5,Bauer2018_grid_Sweden
99,radar_bauer_Sweden,autumn,233.4,0.202,50.0,0.5,radar,2.3345942228335628,5,Bauer2018_grid_Sweden
99,radar_bauer_Sweden,autumn,243.4,0.202,50.0,0.5,radar,2.3345942228335628,5,Bauer2018_grid_Sweden
99,radar_bauer_Sweden,autumn,253.4,0.202,50.0,0.5,radar,2.3345942228335628,5,Bauer2018_grid_Sweden
116,radar_bauer_United Kingdom,spring,21.700000000000003,0.15,50.0,0.5,radar,2.3345942228335628,5,Bauer2018_grid_United Kingdom
116,radar_bauer_United Kingdom,spring,31.700000000000003,0.15,50.0,0.5,radar,2.3345942228335628,5,Bauer2018_grid_United Kingdom
116,radar_bauer_United Kingdom,spring,41.7,0.15,50.0,0.5,radar,2.3345942228335628,5,Bauer2018_grid_United Kingdom
116,radar_bauer_United Kingdom,spring,51.7,0.15,50.0,0.5,radar,2.3345942228335628,5,Bauer2018_grid_United Kingdom
116,radar_bauer_United Kingdom,spring,61.7,0.15,50.0,0.5,radar,2.3345942228335628,5,Bauer2018_grid_United Kingdom
116,radar_bauer_United Kingdom,autumn,208.1,0.15,50.0,0.5,radar,2.3345942228335628,5,Bauer2018_grid_United Kingdom
116,radar_bauer_United Kingdom,autumn,218.1,0.15,50.0,0.5,radar,2.3345942228335628,5,Bauer2018_grid_United Kingdom
116,radar_bauer_United Kingdom,autumn,228.1,0.15,50.0,0.5,radar,2.3345942228335628,5,Bauer2018_grid_United Kingdom
116,radar_bauer_United Kingdom,autumn,238.1,0.15,50.0,0.5,radar,2.3345942228335628,5,Bauer2018_grid_United Kingdom
116,radar_bauer_United Kingdom,autumn,248.1,0.15,50.0,0.5,radar,2.3345942228335628,5,Bauer2018_grid_United Kingdom
123,radar_bauer_United Kingdom,spring,28.5,0.15,50.0,0.5,radar,2.3345942228335628,5,Bauer2018_grid_United Kingdom
123,radar_bauer_United Kingdom,spring,38.5,0.15,50.0,0.5,radar,2.3345942228335628,5,Bauer2018_grid_United Kingdom
123,radar_bauer_United Kingdom,spring,48.5,0.15,50.0,0.5,radar,2.3345942228335628,5,Bauer2018_grid_United Kingdom
123,radar_bauer_United Kingdom,spring,58.5,0.15,50.0,0.5,radar,2.3345942228335628,5,Bauer2018_grid_United Kingdom
123,radar_bauer_United Kingdom,spring,68.5,0.15,50.0,0.5,radar,2.3345942228335628,5,Bauer2018_grid_United Kingdom
123,radar_bauer_United Kingdom,autumn,212.7,0.15,50.0,0.5,radar,2.3345942228335628,5,Bauer2018_grid_United Kingdom
123,radar_bauer_United Kingdom,autumn,222.7,0.15,50.0,0.5,radar,2.3345942228335628,5,Bauer2018_grid_United Kingdom
123,radar_bauer_United Kingdom,autumn,232.7,0.15,50.0,0.5,radar,2.3345942228335628,5,Bauer2018_grid_United Kingdom
123,radar_bauer_United Kingdom,autumn,242.7,0.15,50.0,0.5,radar,2.3345942228335628,5,Bauer2018_grid_United Kingdom
123,radar_bauer_United Kingdom,autumn,252.7,0.15,50.0,0.5,radar,2.3345942228335628,5,Bauer2018_grid_United Kingdom
127,radar_bauer_Sweden,spring,20.200000000000003,0.207,50.0,0.5,radar,2.3345942228335628,5,Bauer2018_grid_Sweden
127,radar_bauer_Sweden,spring,30.200000000000003,0.207,50.0,0.5,radar,2.3345942228335628,5,Bauer2018_grid_Sweden
127,radar_bauer_Sweden,spring,40.2,0.207,50.0,0.5,radar,2.3345942228335628,5,Bauer2018_grid_Sweden
127,radar_bauer_Sweden,spring,50.2,0.207,50.0,0.5,radar,2.3345942228335628,5,Bauer2018_grid_Sweden
127,radar_bauer_Sweden,spring,60.2,0.207,50.0,0.5,radar,2.3345942228335628,5,Bauer2018_grid_Sweden
127,radar_bauer_Sweden,autumn,213.0,0.207,50.0,0.5,radar,2.3345942228335628,5,Bauer2018_grid_Sweden
127,radar_bauer_Sweden,autumn,223.0,0.207,50.0,0.5,radar,2.3345942228335628,5,Bauer2018_grid_Sweden
127,radar_bauer_Sweden,autumn,233.0,0.207,50.0,0.5,radar,2.3345942228335628,5,Bauer2018_grid_Sweden
127,radar_bauer_Sweden,autumn,243.0,0.207,50.0,0.5,radar,2.3345942228335628,5,Bauer2018_grid_Sweden
127,radar_bauer_Sweden,autumn,253.0,0.207,50.0,0.5,radar,2.3345942228335628,5,Bauer2018_grid_Sweden
128,radar_bauer_United Kingdom,spring,21.700000000000003,0.15,50.0,0.5,radar,2.3345942228335628,5,Bauer2018_grid_United Kingdom
128,radar_bauer_United Kingdom,spring,31.700000000000003,0.15,50.0,0.5,radar,2.3345942228335628,5,Bauer2018_grid_United Kingdom
128,radar_bauer_United Kingdom,spring,41.7,0.15,50.0,0.5,radar,2.3345942228335628,5,Bauer2018_grid_United Kingdom
128,radar_bauer_United Kingdom,spring,51.7,0.15,50.0,0.5,radar,2.3345942228335628,5,Bauer2018_grid_United Kingdom
128,radar_bauer_United Kingdom,spring,61.7,0.15,50.0,0.5,radar,2.3345942228335628,5,Bauer2018_grid_United Kingdom
128,radar_bauer_United Kingdom,autumn,208.1,0.15,50.0,0.5,radar,2.3345942228335628,5,Bauer2018_grid_United Kingdom
128,radar_bauer_United Kingdom,autumn,218.1,0.15,50.0,0.5,radar,2.3345942228335628,5,Bauer2018_grid_United Kingdom
128,radar_bauer_United Kingdom,autumn,228.1,0.15,50.0,0.5,radar,2.3345942228335628,5,Bauer2018_grid_United Kingdom
128,radar_bauer_United Kingdom,autumn,238.1,0.15,50.0,0.5,radar,2.3345942228335628,5,Bauer2018_grid_United Kingdom
128,radar_bauer_United Kingdom,autumn,248.1,0.15,50.0,0.5,radar,2.3345942228335628,5,Bauer2018_grid_United Kingdom
136,radar_bauer_Denmark,spring,31.1,0.15,50.0,0.5,radar,2.3345942228335628,5,Bauer2018_grid_Denmark
136,radar_bauer_Denmark,spring,41.1,0.15,50.0,0.5,radar,2.3345942228335628,5,Bauer2018_grid_Denmark
136,radar_bauer_Denmark,spring,51.1,0.15,50.0,0.5,radar,2.3345942228335628,5,Bauer2018_grid_Denmark
136,radar_bauer_Denmark,spring,61.1,0.15,50.0,0.5,radar,2.3345942228335628,5,Bauer2018_grid_Denmark
136,radar_bauer_Denmark,spring,71.1,0.15,50.0,0.5,radar,2.3345942228335628,5,Bauer2018_grid_Denmark
136,radar_bauer_Denmark,autumn,214.8,0.15,50.0,0.5,radar,2.3345942228335628,5,Bauer2018_grid_Denmark
136,radar_bauer_Denmark,autumn,224.8,0.15,50.0,0.5,radar,2.3345942228335628,5,Bauer2018_grid_Denmark
136,radar_bauer_Denmark,autumn,234.8,0.15,50.0,0.5,radar,2.3345942228335628,5,Bauer2018_grid_Denmark
136,radar_bauer_Denmark,autumn,244.8,0.15,50.0,0.5,radar,2.3345942228335628,5,Bauer2018_grid_Denmark
136,radar_bauer_Denmark,autumn,254.8,0.15,50.0,0.5,radar,2.3345942228335628,5,Bauer2018_grid_Denmark
137,radar_bauer_Germany,spring,21.299999999999997,0.178,50.0,0.5,radar,2.3345942228335628,5,Bauer2018_grid_Germany
137,radar_bauer_Germany,spring,31.299999999999997,0.178,50.0,0.5,radar,2.3345942228335628,5,Bauer2018_grid_Germany
137,radar_bauer_Germany,spring,41.3,0.178,50.0,0.5,radar,2.3345942228335628,5,Bauer2018_grid_Germany
137,radar_bauer_Germany,spring,51.3,0.178,50.0,0.5,radar,2.3345942228335628,5,Bauer2018_grid_Germany
137,radar_bauer_Germany,spring,61.3,0.178,50.0,0.5,radar,2.3345942228335628,5,Bauer2018_grid_Germany
137,radar_bauer_Germany,autumn,213.0,0.178,50.0,0.5,radar,2.3345942228335628,5,Bauer2018_grid_Germany
137,radar_bauer_Germany,autumn,223.0,0.178,50.0,0.5,radar,2.3345942228335628,5,Bauer2018_grid_Germany
137,radar_bauer_Germany,autumn,233.0,0.178,50.0,0.5,radar,2.3345942228335628,5,Bauer2018_grid_Germany
137,radar_bauer_Germany,autumn,243.0,0.178,50.0,0.5,radar,2.3345942228335628,5,Bauer2018_grid_Germany
137,radar_bauer_Germany,autumn,253.0,0.178,50.0,0.5,radar,2.3345942228335628,5,Bauer2018_grid_Germany
144,radar_bauer_Sweden,spring,14.5,0.207,50.0,0.5,radar,2.3345942228335628,5,Bauer2018_grid_Sweden
144,radar_bauer_Sweden,spring,24.5,0.207,50.0,0.5,radar,2.3345942228335628,5,Bauer2018_grid_Sweden
144,radar_bauer_Sweden,spring,34.5,0.207,50.0,0.5,radar,2.3345942228335628,5,Bauer2018_grid_Sweden
144,radar_bauer_Sweden,spring,44.5,0.207,50.0,0.5,radar,2.3345942228335628,5,Bauer2018_grid_Sweden
144,radar_bauer_Sweden,spring,54.5,0.207,50.0,0.5,radar,2.3345942228335628,5,Bauer2018_grid_Sweden
144,radar_bauer_Sweden,autumn,206.5,0.207,50.0,0.5,radar,2.3345942228335628,5,Bauer2018_grid_Sweden
144,radar_bauer_Sweden,autumn,216.5,0.207,50.0,0.5,radar,2.3345942228335628,5,Bauer2018_grid_Sweden
144,radar_bauer_Sweden,autumn,226.5,0.207,50.0,0.5,radar,2.3345942228335628,5,Bauer2018_grid_Sweden
144,radar_bauer_Sweden,autumn,236.5,0.207,50.0,0.5,radar,2.3345942228335628,5,Bauer2018_grid_Sweden
144,radar_bauer_Sweden,autumn,246.5,0.207,50.0,0.5,radar,2.3345942228335628,5,Bauer2018_grid_Sweden
148,radar_bauer_Finland,spring,14.5,0.207,50.0,0.5,radar,2.3345942228335628,5,Bauer2018_grid_Finland
148,radar_bauer_Finland,spring,24.5,0.207,50.0,0.5,radar,2.3345942228335628,5,Bauer2018_grid_Finland
148,radar_bauer_Finland,spring,34.5,0.207,50.0,0.5,radar,2.3345942228335628,5,Bauer2018_grid_Finland
148,radar_bauer_Finland,spring,44.5,0.207,50.0,0.5,radar,2.3345942228335628,5,Bauer2018_grid_Finland
148,radar_bauer_Finland,spring,54.5,0.207,50.0,0.5,radar,2.3345942228335628,5,Bauer2018_grid_Finland
148,radar_bauer_Finland,autumn,206.5,0.207,50.0,0.5,radar,2.3345942228335628,5,Bauer2018_grid_Finland
148,radar_bauer_Finland,autumn,216.5,0.207,50.0,0.5,radar,2.3345942228335628,5,Bauer2018_grid_Finland
148,radar_bauer_Finland,autumn,226.5,0.207,50.0,0.5,radar,2.3345942228335628,5,Bauer2018_grid_Finland
148,radar_bauer_Finland,autumn,236.5,0.207,50.0,0.5,radar,2.3345942228335628,5,Bauer2018_grid_Finland
148,radar_bauer_Finland,autumn,246.5,0.207,50.0,0.5,radar,2.3345942228335628,5,Bauer2018_grid_Finland
149,radar_bauer_Sweden,spring,20.9,0.202,50.0,0.5,radar,2.3345942228335628,5,Bauer2018_grid_Sweden
149,radar_bauer_Sweden,spring,30.9,0.202,50.0,0.5,radar,2.3345942228335628,5,Bauer2018_grid_Sweden
149,radar_bauer_Sweden,spring,40.9,0.202,50.0,0.5,radar,2.3345942228335628,5,Bauer2018_grid_Sweden
149,radar_bauer_Sweden,spring,50.9,0.202,50.0,0.5,radar,2.3345942228335628,5,Bauer2018_grid_Sweden
149,radar_bauer_Sweden,spring,60.9,0.202,50.0,0.5,radar,2.3345942228335628,5,Bauer2018_grid_Sweden
149,radar_bauer_Sweden,autumn,213.4,0.202,50.0,0.5,radar,2.3345942228335628,5,Bauer2018_grid_Sweden
149,radar_bauer_Sweden,autumn,223.4,0.202,50.0,0.5,radar,2.3345942228335628,5,Bauer2018_grid_Sweden
149,radar_bauer_Sweden,autumn,233.4,0.202,50.0,0.5,radar,2.3345942228335628,5,Bauer2018_grid_Sweden
149,radar_bauer_Sweden,autumn,243.4,0.202,50.0,0.5,radar,2.3345942228335628,5,Bauer2018_grid_Sweden
149,radar_bauer_Sweden,autumn,253.4,0.202,50.0,0.5,radar,2.3345942228335628,5,Bauer2018_grid_Sweden
150,radar_bauer_United Kingdom,spring,21.700000000000003,0.15,50.0,0.5,radar,2.3345942228335628,5,Bauer2018_grid_United Kingdom
150,radar_bauer_United Kingdom,spring,31.700000000000003,0.15,50.0,0.5,radar,2.3345942228335628,5,Bauer2018_grid_United Kingdom
150,radar_bauer_United Kingdom,spring,41.7,0.15,50.0,0.5,radar,2.3345942228335628,5,Bauer2018_grid_United Kingdom
150,radar_bauer_United Kingdom,spring,51.7,0.15,50.0,0.5,radar,2.3345942228335628,5,Bauer2018_grid_United Kingdom
150,radar_bauer_United Kingdom,spring,61.7,0.15,50.0,0.5,radar,2.3345942228335628,5,Bauer2018_grid_United Kingdom
150,radar_bauer_United Kingdom,autumn,208.1,0.15,50.0,0.5,radar,2.3345942228335628,5,Bauer2018_grid_United Kingdom
150,radar_bauer_United Kingdom,autumn,218.1,0.15,50.0,0.5,radar,2.3345942228335628,5,Bauer2018_grid_United Kingdom
150,radar_bauer_United Kingdom,autumn,228.1,0.15,50.0,0.5,radar,2.3345942228335628,5,Bauer2018_grid_United Kingdom
150,radar_bauer_United Kingdom,autumn,238.1,0.15,50.0,0.5,radar,2.3345942228335628,5,Bauer2018_grid_United Kingdom
150,radar_bauer_United Kingdom,autumn,248.1,0.15,50.0,0.5,radar,2.3345942228335628,5,Bauer2018_grid_United Kingdom
152,radar_bauer_Denmark,spring,31.1,0.15,50.0,0.5,radar,2.3345942228335628,5,Bauer2018_grid_Denmark
152,radar_bauer_Denmark,spring,41.1,0.15,50.0,0.5,radar,2.3345942228335628,5,Bauer2018_grid_Denmark
152,radar_bauer_Denmark,spring,51.1,0.15,50.0,0.5,radar,2.3345942228335628,5,Bauer2018_grid_Denmark
152,radar_bauer_Denmark,spring,61.1,0.15,50.0,0.5,radar,2.3345942228335628,5,Bauer2018_grid_Denmark
152,radar_bauer_Denmark,spring,71.1,0.15,50.0,0.5,radar,2.3345942228335628,5,Bauer2018_grid_Denmark
152,radar_bauer_Denmark,autumn,214.8,0.15,50.0,0.5,radar,2.3345942228335628,5,Bauer2018_grid_Denmark
152,radar_bauer_Denmark,autumn,224.8,0.15,50.0,0.5,radar,2.3345942228335628,5,Bauer2018_grid_Denmark
152,radar_bauer_Denmark,autumn,234.8,0.15,50.0,0.5,radar,2.3345942228335628,5,Bauer2018_grid_Denmark
152,radar_bauer_Denmark,autumn,244.8,0.15,50.0,0.5,radar,2.3345942228335628,5,Bauer2018_grid_Denmark
152,radar_bauer_Denmark,autumn,254.8,0.15,50.0,0.5,radar,2.3345942228335628,5,Bauer2018_grid_Denmark
153,radar_bauer_Denmark,spring,29.200000000000003,0.157,50.0,0.5,radar,2.3345942228335628,5,Bauer2018_grid_Denmark
153,radar_bauer_Denmark,spring,39.2,0.157,50.0,0.5,radar,2.3345942228335628,5,Bauer2018_grid_Denmark
153,radar_bauer_Denmark,spring,49.2,0.157,50.0,0.5,radar,2.3345942228335628,5,Bauer2018_grid_Denmark
153,radar_bauer_Denmark,spring,59.2,0.157,50.0,0.5,radar,2.3345942228335628,5,Bauer2018_grid_Denmark
153,radar_bauer_Denmark,spring,69.2,0.157,50.0,0.5,radar,2.3345942228335628,5,Bauer2018_grid_Denmark
153,radar_bauer_Denmark,autumn,215.3,0.157,50.0,0.5,radar,2.3345942228335628,5,Bauer2018_grid_Denmark
153,radar_bauer_Denmark,autumn,225.3,0.157,50.0,0.5,radar,2.3345942228335628,5,Bauer2018_grid_Denmark
153,radar_bauer_Denmark,autumn,235.3,0.157,50.0,0.5,radar,2.3345942228335628,5,Bauer2018_grid_Denmark
153,radar_bauer_Denmark,autumn,245.3,0.157,50.0,0.5,radar,2.3345942228335628,5,Bauer2018_grid_Denmark
153,radar_bauer_Denmark,autumn,255.3,0.157,50.0,0.5,radar,2.3345942228335628,5,Bauer2018_grid_Denmark
154,radar_bauer_Denmark,spring,29.200000000000003,0.157,50.0,0.5,radar,2.3345942228335628,5,Bauer2018_grid_Denmark
154,radar_bauer_Denmark,spring,39.2,0.157,50.0,0.5,radar,2.3345942228335628,5,Bauer2018_grid_Denmark
154,radar_bauer_Denmark,spring,49.2,0.157,50.0,0.5,radar,2.3345942228335628,5,Bauer2018_grid_Denmark
154,radar_bauer_Denmark,spring,59.2,0.157,50.0,0.5,radar,2.3345942228335628,5,Bauer2018_grid_Denmark
154,radar_bauer_Denmark,spring,69.2,0.157,50.0,0.5,radar,2.3345942228335628,5,Bauer2018_grid_Denmark
154,radar_bauer_Denmark,autumn,215.3,0.157,50.0,0.5,radar,2.3345942228335628,5,Bauer2018_grid_Denmark
154,radar_bauer_Denmark,autumn,225.3,0.157,50.0,0.5,radar,2.3345942228335628,5,Bauer2018_grid_Denmark
154,radar_bauer_Denmark,autumn,235.3,0.157,50.0,0.5,radar,2.3345942228335628,5,Bauer2018_grid_Denmark
154,radar_bauer_Denmark,autumn,245.3,0.157,50.0,0.5,radar,2.3345942228335628,5,Bauer2018_grid_Denmark
154,radar_bauer_Denmark,autumn,255.3,0.157,50.0,0.5,radar,2.3345942228335628,5,Bauer2018_grid_Denmark
155,radar_bauer_Italy,spring,13.200000000000003,0.15,50.0,0.5,radar,2.3345942228335628,5,Bauer2018_grid_Italy
155,radar_bauer_Italy,spring,23.200000000000003,0.15,50.0,0.5,radar,2.3345942228335628,5,Bauer2018_grid_Italy
155,radar_bauer_Italy,spring,33.2,0.15,50.0,0.5,radar,2.3345942228335628,5,Bauer2018_grid_Italy
155,radar_bauer_Italy,spring,43.2,0.15,50.0,0.5,radar,2.3345942228335628,5,Bauer2018_grid_Italy
155,radar_bauer_Italy,spring,53.2,0.15,50.0,0.5,radar,2.3345942228335628,5,Bauer2018_grid_Italy
155,radar_bauer_Italy,autumn,205.8,0.15,50.0,0.5,radar,2.3345942228335628,5,Bauer2018_grid_Italy
155,radar_bauer_Italy,autumn,215.8,0.15,50.0,0.5,radar,2.3345942228335628,5,Bauer2018_grid_Italy
155,radar_bauer_Italy,autumn,225.8,0.15,50.0,0.5,radar,2.3345942228335628,5,Bauer2018_grid_Italy
155,radar_bauer_Italy,autumn,235.8,0.15,50.0,0.5,radar,2.3345942228335628,5,Bauer2018_grid_Italy
155,radar_bauer_Italy,autumn,245.8,0.15,50.0,0.5,radar,2.3345942228335628,5,Bauer2018_grid_Italy
157,radar_bauer_Denmark,spring,26.4,0.15,50.0,0.5,radar,2.3345942228335628,5,Bauer2018_grid_Denmark
157,radar_bauer_Denmark,spring,36.4,0.15,50.0,0.5,radar,2.3345942228335628,5,Bauer2018_grid_Denmark
157,radar_bauer_Denmark,spring,46.4,0.15,50.0,0.5,radar,2.3345942228335628,5,Bauer2018_grid_Denmark
157,radar_bauer_Denmark,spring,56.4,0.15,50.0,0.5,radar,2.3345942228335628,5,Bauer2018_grid_Denmark
157,radar_bauer_Denmark,spring,66.4,0.15,50.0,0.5,radar,2.3345942228335628,5,Bauer2018_grid_Denmark
157,radar_bauer_Denmark,autumn,214.5,0.15,50.0,0.5,radar,2.3345942228335628,5,Bauer2018_grid_Denmark
157,radar_bauer_Denmark,autumn,224.5,0.15,50.0,0.5,radar,2.3345942228335628,5,Bauer2018_grid_Denmark
157,radar_bauer_Denmark,autumn,234.5,0.15,50.0,0.5,radar,2.3345942228335628,5,Bauer2018_grid_Denmark
157,radar_bauer_Denmark,autumn,244.5,0.15,50.0,0.5,radar,2.3345942228335628,5,Bauer2018_grid_Denmark
157,radar_bauer_Denmark,autumn,254.5,0.15,50.0,0.5,radar,2.3345942228335628,5,Bauer2018_grid_Denmark
158,radar_bauer_Ireland,spring,33.8,0.15,50.0,0.5,radar,2.3345942228335628,5,Bauer2018_grid_Ireland
158,radar_bauer_Ireland,spring,43.8,0.15,50.0,0.5,radar,2.3345942228335628,5,Bauer2018_grid_Ireland
158,radar_bauer_Ireland,spring,53.8,0.15,50.0,0.5,radar,2.3345942228335628,5,Bauer2018_grid_Ireland
158,radar_bauer_Ireland,spring,63.8,0.15,50.0,0.5,radar,2.3345942228335628,5,Bauer2018_grid_Ireland
158,radar_bauer_Ireland,spring,73.8,0.15,50.0,0.5,radar,2.3345942228335628,5,Bauer2018_grid_Ireland
158,radar_bauer_Ireland,autumn,219.0,0.15,50.0,0.5,radar,2.3345942228335628,5,Bauer2018_grid_Ireland
158,radar_bauer_Ireland,autumn,229.0,0.15,50.0,0.5,radar,2.3345942228335628,5,Bauer2018_grid_Ireland
158,radar_bauer_Ireland,autumn,239.0,0.15,50.0,0.5,radar,2.3345942228335628,5,Bauer2018_grid_Ireland
158,radar_bauer_Ireland,autumn,249.0,0.15,50.0,0.5,radar,2.3345942228335628,5,Bauer2018_grid_Ireland
158,radar_bauer_Ireland,autumn,259.0,0.15,50.0,0.5,radar,2.3345942228335628,5,Bauer2018_grid_Ireland
161,radar_bauer_United Kingdom,spring,21.700000000000003,0.15,50.0,0.5,radar,2.3345942228335628,5,Bauer2018_grid_United Kingdom
161,radar_bauer_United Kingdom,spring,31.700000000000003,0.15,50.0,0.5,radar,2.3345942228335628,5,Bauer2018_grid_United Kingdom
161,radar_bauer_United Kingdom,spring,41.7,0.15,50.0,0.5,radar,2.3345942228335628,5,Bauer2018_grid_United Kingdom
161,radar_bauer_United Kingdom,spring,51.7,0.15,50.0,0.5,radar,2.3345942228335628,5,Bauer2018_grid_United Kingdom
161,radar_bauer_United Kingdom,spring,61.7,0.15,50.0,0.5,radar,2.3345942228335628,5,Bauer2018_grid_United Kingdom
161,radar_bauer_United Kingdom,autumn,208.1,0.15,50.0,0.5,radar,2.3345942228335628,5,Bauer2018_grid_United Kingdom
161,radar_bauer_United Kingdom,autumn,218.1,0.15,50.0,0.5,radar,2.3345942228335628,5,Bauer2018_grid_United Kingdom
161,radar_bauer_United Kingdom,autumn,228.1,0.15,50.0,0.5,radar,2.3345942228335628,5,Bauer2018_grid_United Kingdom
161,radar_bauer_United Kingdom,autumn,238.1,0.15,50.0,0.5,radar,2.3345942228335628,5,Bauer2018_grid_United Kingdom
161,radar_bauer_United Kingdom,autumn,248.1,0.15,50.0,0.5,radar,2.3345942228335628,5,Bauer2018_grid_United Kingdom
162,radar_bauer_United Kingdom,spring,21.700000000000003,0.15,50.0,0.5,radar,2.3345942228335628,5,Bauer2018_grid_United Kingdom
162,radar_bauer_United Kingdom,spring,31.700000000000003,0.15,50.0,0.5,radar,2.3345942228335628,5,Bauer2018_grid_United Kingdom
162,radar_bauer_United Kingdom,spring,41.7,0.15,50.0,0.5,radar,2.3345942228335628,5,Bauer2018_grid_United Kingdom
162,radar_bauer_United Kingdom,spring,51.7,0.15,50.0,0.5,radar,2.3345942228335628,5,Bauer2018_grid_United Kingdom
162,radar_bauer_United Kingdom,spring,61.7,0.15,50.0,0.5,radar,2.3345942228335628,5,Bauer2018_grid_United Kingdom
162,radar_bauer_United Kingdom,autumn,208.1,0.15,50.0,0.5,radar,2.3345942228335628,5,Bauer2018_grid_United Kingdom
162,radar_bauer_United Kingdom,autumn,218.1,0.15,50.0,0.5,radar,2.3345942228335628,5,Bauer2018_grid_United Kingdom
162,radar_bauer_United Kingdom,autumn,228.1,0.15,50.0,0.5,radar,2.3345942228335628,5,Bauer2018_grid_United Kingdom
162,radar_bauer_United Kingdom,autumn,238.1,0.15,50.0,0.5,radar,2.3345942228335628,5,Bauer2018_grid_United Kingdom
162,radar_bauer_United Kingdom,autumn,248.1,0.15,50.0,0.5,radar,2.3345942228335628,5,Bauer2018_grid_United Kingdom
163,radar_bauer_Sweden,spring,14.5,0.207,50.0,0.5,radar,2.3345942228335628,5,Bauer2018_grid_Sweden
163,radar_bauer_Sweden,spring,24.5,0.207,50.0,0.5,radar,2.3345942228335628,5,Bauer2018_grid_Sweden
163,radar_bauer_Sweden,spring,34.5,0.207,50.0,0.5,radar,2.3345942228335628,5,Bauer2018_grid_Sweden
163,radar_bauer_Sweden,spring,44.5,0.207,50.0,0.5,radar,2.3345942228335628,5,Bauer2018_grid_Sweden
163,radar_bauer_Sweden,spring,54.5,0.207,50.0,0.5,radar,2.3345942228335628,5,Bauer2018_grid_Sweden
163,radar_bauer_Sweden,autumn,206.5,0.207,50.0,0.5,radar,2.3345942228335628,5,Bauer2018_grid_Sweden
163,radar_bauer_Sweden,autumn,216.5,0.207,50.0,0.5,radar,2.3345942228335628,5,Bauer2018_grid_Sweden
163,radar_bauer_Sweden,autumn,226.5,0.207,50.0,0.5,radar,2.3345942228335628,5,Bauer2018_grid_Sweden
163,radar_bauer_Sweden,autumn,236.5,0.207,50.0,0.5,radar,2.3345942228335628,5,Bauer2018_grid_Sweden
163,radar_bauer_Sweden,autumn,246.5,0.207,50.0,0.5,radar,2.3345942228335628,5,Bauer2018_grid_Sweden
164,radar_bauer_United Kingdom,spring,21.700000000000003,0.15,50.0,0.5,radar,2.3345942228335628,5,Bauer2018_grid_United Kingdom
164,radar_bauer_United Kingdom,spring,31.700000000000003,0.15,50.0,0.5,radar,2.3345942228335628,5,Bauer2018_grid_United Kingdom
164,radar_bauer_United Kingdom,spring,41.7,0.15,50.0,0.5,radar,2.3345942228335628,5,Bauer2018_grid_United Kingdom
164,radar_bauer_United Kingdom,spring,51.7,0.15,50.0,0.5,radar,2.3345942228335628,5,Bauer2018_grid_United Kingdom
164,radar_bauer_United Kingdom,spring,61.7,0.15,50.0,0.5,radar,2.3345942228335628,5,Bauer2018_grid_United Kingdom
164,radar_bauer_United Kingdom,autumn,208.1,0.15,50.0,0.5,radar,2.3345942228335628,5,Bauer2018_grid_United Kingdom
164,radar_bauer_United Kingdom,autumn,218.1,0.15,50.0,0.5,radar,2.3345942228335628,5,Bauer2018_grid_United Kingdom
164,radar_bauer_United Kingdom,autumn,228.1,0.15,50.0,0.5,radar,2.3345942228335628,5,Bauer2018_grid_United Kingdom
164,radar_bauer_United Kingdom,autumn,238.1,0.15,50.0,0.5,radar,2.3345942228335628,5,Bauer2018_grid_United Kingdom
164,radar_bauer_United Kingdom,autumn,248.1,0.15,50.0,0.5,radar,2.3345942228335628,5,Bauer2018_grid_United Kingdom
167,radar_bauer_France,spring,31.700000000000003,0.15,50.0,0.5,radar,2.3345942228335628,5,Bauer2018_grid_France
167,radar_bauer_France,spring,41.7,0.15,50.0,0.5,radar,2.3345942228335628,5,Bauer2018_grid_France
167,radar_bauer_France,spring,51.7,0.15,50.0,0.5,radar,2.3345942228335628,5,Bauer2018_grid_France
167,radar_bauer_France,spring,61.7,0.15,50.0,0.5,radar,2.3345942228335628,5,Bauer2018_grid_France
167,radar_bauer_France,spring,71.7,0.15,50.0,0.5,radar,2.3345942228335628,5,Bauer2018_grid_France
167,radar_bauer_France,autumn,214.5,0.15,50.0,0.5,radar,2.3345942228335628,5,Bauer2018_grid_France
167,radar_bauer_France,autumn,224.5,0.15,50.0,0.5,radar,2.3345942228335628,5,Bauer2018_grid_France
167,radar_bauer_France,autumn,234.5,0.15,50.0,0.5,radar,2.3345942228335628,5,Bauer2018_grid_France
167,radar_bauer_France,autumn,244.5,0.15,50.0,0.5,radar,2.3345942228335628,5,Bauer2018_grid_France
167,radar_bauer_France,autumn,254.5,0.15,50.0,0.5,radar,2.3345942228335628,5,Bauer2018_grid_France
170,radar_bauer_Portugal,spring,29.4,0.15,50.0,0.5,radar,2.3345942228335628,5,Bauer2018_grid_Portugal
170,radar_bauer_Portugal,spring,39.4,0.15,50.0,0.5,radar,2.3345942228335628,5,Bauer2018_grid_Portugal
170,radar_bauer_Portugal,spring,49.4,0.15,50.0,0.5,radar,2.3345942228335628,5,Bauer2018_grid_Portugal
170,radar_bauer_Portugal,spring,59.4,0.15,50.0,0.5,radar,2.3345942228335628,5,Bauer2018_grid_Portugal
170,radar_bauer_Portugal,spring,69.4,0.15,50.0,0.5,radar,2.3345942228335628,5,Bauer2018_grid_Portugal
170,radar_bauer_Portugal,autumn,223.6,0.15,50.0,0.5,radar,2.3345942228335628,5,Bauer2018_grid_Portugal
170,radar_bauer_Portugal,autumn,233.6,0.15,50.0,0.5,radar,2.3345942228335628,5,Bauer2018_grid_Portugal
170,radar_bauer_Portugal,autumn,243.6,0.15,50.0,0.5,radar,2.3345942228335628,5,Bauer2018_grid_Portugal
170,radar_bauer_Portugal,autumn,253.6,0.15,50.0,0.5,radar,2.3345942228335628,5,Bauer2018_grid_Portugal
170,radar_bauer_Portugal,autumn,263.6,0.15,50.0,0.5,radar,2.3345942228335628,5,Bauer2018_grid_Portugal
0,era5_China,spring,30.0,0.2,50.0,0.5,coarse-flyway,2.7238758708043065,5,ERA5_China
0,era5_China,spring,45.0,0.2,50.0,0.5,coarse-flyway,2.7238758708043065,5,ERA5_China
0,era5_China,spring,60.0,0.2,50.0,0.5,coarse-flyway,2.7238758708043065,5,ERA5_China
0,era5_China,spring,75.0,0.2,50.0,0.5,coarse-flyway,2.7238758708043065,5,ERA5_China
0,era5_China,spring,90.0,0.2,50.0,0.5,coarse-flyway,2.7238758708043065,5,ERA5_China
0,era5_China,autumn,210.0,0.2,50.0,0.5,coarse-flyway,2.7238758708043065,5,ERA5_China
0,era5_China,autumn,225.0,0.2,50.0,0.5,coarse-flyway,2.7238758708043065,5,ERA5_China
0,era5_China,autumn,240.0,0.2,50.0,0.5,coarse-flyway,2.7238758708043065,5,ERA5_China
0,era5_China,autumn,255.0,0.2,50.0,0.5,coarse-flyway,2.7238758708043065,5,ERA5_China
0,era5_China,autumn,270.0,0.2,50.0,0.5,coarse-flyway,2.7238758708043065,5,ERA5_China
1,era5_China,spring,30.0,0.2,50.0,0.5,coarse-flyway,2.7238758708043065,5,ERA5_China
1,era5_China,spring,45.0,0.2,50.0,0.5,coarse-flyway,2.7238758708043065,5,ERA5_China
1,era5_China,spring,60.0,0.2,50.0,0.5,coarse-flyway,2.7238758708043065,5,ERA5_China
1,era5_China,spring,75.0,0.2,50.0,0.5,coarse-flyway,2.7238758708043065,5,ERA5_China
1,era5_China,spring,90.0,0.2,50.0,0.5,coarse-flyway,2.7238758708043065,5,ERA5_China
1,era5_China,autumn,210.0,0.2,50.0,0.5,coarse-flyway,2.7238758708043065,5,ERA5_China
1,era5_China,autumn,225.0,0.2,50.0,0.5,coarse-flyway,2.7238758708043065,5,ERA5_China
1,era5_China,autumn,240.0,0.2,50.0,0.5,coarse-flyway,2.7238758708043065,5,ERA5_China
1,era5_China,autumn,255.0,0.2,50.0,0.5,coarse-flyway,2.7238758708043065,5,ERA5_China
1,era5_China,autumn,270.0,0.2,50.0,0.5,coarse-flyway,2.7238758708043065,5,ERA5_China
3,era5_China,spring,30.0,0.2,50.0,0.5,coarse-flyway,2.7238758708043065,5,ERA5_China
3,era5_China,spring,45.0,0.2,50.0,0.5,coarse-flyway,2.7238758708043065,5,ERA5_China
3,era5_China,spring,60.0,0.2,50.0,0.5,coarse-flyway,2.7238758708043065,5,ERA5_China
3,era5_China,spring,75.0,0.2,50.0,0.5,coarse-flyway,2.7238758708043065,5,ERA5_China
3,era5_China,spring,90.0,0.2,50.0,0.5,coarse-flyway,2.7238758708043065,5,ERA5_China
3,era5_China,autumn,210.0,0.2,50.0,0.5,coarse-flyway,2.7238758708043065,5,ERA5_China
3,era5_China,autumn,225.0,0.2,50.0,0.5,coarse-flyway,2.7238758708043065,5,ERA5_China
3,era5_China,autumn,240.0,0.2,50.0,0.5,coarse-flyway,2.7238758708043065,5,ERA5_China
3,era5_China,autumn,255.0,0.2,50.0,0.5,coarse-flyway,2.7238758708043065,5,ERA5_China
3,era5_China,autumn,270.0,0.2,50.0,0.5,coarse-flyway,2.7238758708043065,5,ERA5_China
4,era5_China,spring,30.0,0.2,50.0,0.5,coarse-flyway,2.7238758708043065,5,ERA5_China
4,era5_China,spring,45.0,0.2,50.0,0.5,coarse-flyway,2.7238758708043065,5,ERA5_China
4,era5_China,spring,60.0,0.2,50.0,0.5,coarse-flyway,2.7238758708043065,5,ERA5_China
4,era5_China,spring,75.0,0.2,50.0,0.5,coarse-flyway,2.7238758708043065,5,ERA5_China
4,era5_China,spring,90.0,0.2,50.0,0.5,coarse-flyway,2.7238758708043065,5,ERA5_China
4,era5_China,autumn,210.0,0.2,50.0,0.5,coarse-flyway,2.7238758708043065,5,ERA5_China
4,era5_China,autumn,225.0,0.2,50.0,0.5,coarse-flyway,2.7238758708043065,5,ERA5_China
4,era5_China,autumn,240.0,0.2,50.0,0.5,coarse-flyway,2.7238758708043065,5,ERA5_China
4,era5_China,autumn,255.0,0.2,50.0,0.5,coarse-flyway,2.7238758708043065,5,ERA5_China
4,era5_China,autumn,270.0,0.2,50.0,0.5,coarse-flyway,2.7238758708043065,5,ERA5_China
6,era5_China,spring,30.0,0.2,50.0,0.5,coarse-flyway,2.7238758708043065,5,ERA5_China
6,era5_China,spring,45.0,0.2,50.0,0.5,coarse-flyway,2.7238758708043065,5,ERA5_China
6,era5_China,spring,60.0,0.2,50.0,0.5,coarse-flyway,2.7238758708043065,5,ERA5_China
6,era5_China,spring,75.0,0.2,50.0,0.5,coarse-flyway,2.7238758708043065,5,ERA5_China
6,era5_China,spring,90.0,0.2,50.0,0.5,coarse-flyway,2.7238758708043065,5,ERA5_China
6,era5_China,autumn,210.0,0.2,50.0,0.5,coarse-flyway,2.7238758708043065,5,ERA5_China
6,era5_China,autumn,225.0,0.2,50.0,0.5,coarse-flyway,2.7238758708043065,5,ERA5_China
6,era5_China,autumn,240.0,0.2,50.0,0.5,coarse-flyway,2.7238758708043065,5,ERA5_China
6,era5_China,autumn,255.0,0.2,50.0,0.5,coarse-flyway,2.7238758708043065,5,ERA5_China
6,era5_China,autumn,270.0,0.2,50.0,0.5,coarse-flyway,2.7238758708043065,5,ERA5_China
8,era5_China,spring,30.0,0.2,50.0,0.5,coarse-flyway,2.7238758708043065,5,ERA5_China
8,era5_China,spring,45.0,0.2,50.0,0.5,coarse-flyway,2.7238758708043065,5,ERA5_China
8,era5_China,spring,60.0,0.2,50.0,0.5,coarse-flyway,2.7238758708043065,5,ERA5_China
8,era5_China,spring,75.0,0.2,50.0,0.5,coarse-flyway,2.7238758708043065,5,ERA5_China
8,era5_China,spring,90.0,0.2,50.0,0.5,coarse-flyway,2.7238758708043065,5,ERA5_China
8,era5_China,autumn,210.0,0.2,50.0,0.5,coarse-flyway,2.7238758708043065,5,ERA5_China
8,era5_China,autumn,225.0,0.2,50.0,0.5,coarse-flyway,2.7238758708043065,5,ERA5_China
8,era5_China,autumn,240.0,0.2,50.0,0.5,coarse-flyway,2.7238758708043065,5,ERA5_China
8,era5_China,autumn,255.0,0.2,50.0,0.5,coarse-flyway,2.7238758708043065,5,ERA5_China
8,era5_China,autumn,270.0,0.2,50.0,0.5,coarse-flyway,2.7238758708043065,5,ERA5_China
12,era5_China,spring,30.0,0.2,50.0,0.5,coarse-flyway,2.7238758708043065,5,ERA5_China
12,era5_China,spring,45.0,0.2,50.0,0.5,coarse-flyway,2.7238758708043065,5,ERA5_China
12,era5_China,spring,60.0,0.2,50.0,0.5,coarse-flyway,2.7238758708043065,5,ERA5_China
12,era5_China,spring,75.0,0.2,50.0,0.5,coarse-flyway,2.7238758708043065,5,ERA5_China
12,era5_China,spring,90.0,0.2,50.0,0.5,coarse-flyway,2.7238758708043065,5,ERA5_China
12,era5_China,autumn,210.0,0.2,50.0,0.5,coarse-flyway,2.7238758708043065,5,ERA5_China
12,era5_China,autumn,225.0,0.2,50.0,0.5,coarse-flyway,2.7238758708043065,5,ERA5_China
12,era5_China,autumn,240.0,0.2,50.0,0.5,coarse-flyway,2.7238758708043065,5,ERA5_China
12,era5_China,autumn,255.0,0.2,50.0,0.5,coarse-flyway,2.7238758708043065,5,ERA5_China
12,era5_China,autumn,270.0,0.2,50.0,0.5,coarse-flyway,2.7238758708043065,5,ERA5_China
14,era5_China,spring,30.0,0.2,50.0,0.5,coarse-flyway,2.7238758708043065,5,ERA5_China
14,era5_China,spring,45.0,0.2,50.0,0.5,coarse-flyway,2.7238758708043065,5,ERA5_China
14,era5_China,spring,60.0,0.2,50.0,0.5,coarse-flyway,2.7238758708043065,5,ERA5_China
14,era5_China,spring,75.0,0.2,50.0,0.5,coarse-flyway,2.7238758708043065,5,ERA5_China
14,era5_China,spring,90.0,0.2,50.0,0.5,coarse-flyway,2.7238758708043065,5,ERA5_China
14,era5_China,autumn,210.0,0.2,50.0,0.5,coarse-flyway,2.7238758708043065,5,ERA5_China
14,era5_China,autumn,225.0,0.2,50.0,0.5,coarse-flyway,2.7238758708043065,5,ERA5_China
14,era5_China,autumn,240.0,0.2,50.0,0.5,coarse-flyway,2.7238758708043065,5,ERA5_China
14,era5_China,autumn,255.0,0.2,50.0,0.5,coarse-flyway,2.7238758708043065,5,ERA5_China
14,era5_China,autumn,270.0,0.2,50.0,0.5,coarse-flyway,2.7238758708043065,5,ERA5_China
19,era5_China,spring,30.0,0.2,50.0,0.5,coarse-flyway,2.7238758708043065,5,ERA5_China
19,era5_China,spring,45.0,0.2,50.0,0.5,coarse-flyway,2.7238758708043065,5,ERA5_China
19,era5_China,spring,60.0,0.2,50.0,0.5,coarse-flyway,2.7238758708043065,5,ERA5_China
19,era5_China,spring,75.0,0.2,50.0,0.5,coarse-flyway,2.7238758708043065,5,ERA5_China
19,era5_China,spring,90.0,0.2,50.0,0.5,coarse-flyway,2.7238758708043065,5,ERA5_China
19,era5_China,autumn,210.0,0.2,50.0,0.5,coarse-flyway,2.7238758708043065,5,ERA5_China
19,era5_China,autumn,225.0,0.2,50.0,0.5,coarse-flyway,2.7238758708043065,5,ERA5_China
19,era5_China,autumn,240.0,0.2,50.0,0.5,coarse-flyway,2.7238758708043065,5,ERA5_China
19,era5_China,autumn,255.0,0.2,50.0,0.5,coarse-flyway,2.7238758708043065,5,ERA5_China
19,era5_China,autumn,270.0,0.2,50.0,0.5,coarse-flyway,2.7238758708043065,5,ERA5_China
21,era5_China,spring,30.0,0.2,50.0,0.5,coarse-flyway,2.7238758708043065,5,ERA5_China
21,era5_China,spring,45.0,0.2,50.0,0.5,coarse-flyway,2.7238758708043065,5,ERA5_China
21,era5_China,spring,60.0,0.2,50.0,0.5,coarse-flyway,2.7238758708043065,5,ERA5_China
21,era5_China,spring,75.0,0.2,50.0,0.5,coarse-flyway,2.7238758708043065,5,ERA5_China
21,era5_China,spring,90.0,0.2,50.0,0.5,coarse-flyway,2.7238758708043065,5,ERA5_China
21,era5_China,autumn,210.0,0.2,50.0,0.5,coarse-flyway,2.7238758708043065,5,ERA5_China
21,era5_China,autumn,225.0,0.2,50.0,0.5,coarse-flyway,2.7238758708043065,5,ERA5_China
21,era5_China,autumn,240.0,0.2,50.0,0.5,coarse-flyway,2.7238758708043065,5,ERA5_China
21,era5_China,autumn,255.0,0.2,50.0,0.5,coarse-flyway,2.7238758708043065,5,ERA5_China
21,era5_China,autumn,270.0,0.2,50.0,0.5,coarse-flyway,2.7238758708043065,5,ERA5_China
24,era5_China,spring,30.0,0.2,50.0,0.5,coarse-flyway,2.7238758708043065,5,ERA5_China
24,era5_China,spring,45.0,0.2,50.0,0.5,coarse-flyway,2.7238758708043065,5,ERA5_China
24,era5_China,spring,60.0,0.2,50.0,0.5,coarse-flyway,2.7238758708043065,5,ERA5_China
24,era5_China,spring,75.0,0.2,50.0,0.5,coarse-flyway,2.7238758708043065,5,ERA5_China
24,era5_China,spring,90.0,0.2,50.0,0.5,coarse-flyway,2.7238758708043065,5,ERA5_China
24,era5_China,autumn,210.0,0.2,50.0,0.5,coarse-flyway,2.7238758708043065,5,ERA5_China
24,era5_China,autumn,225.0,0.2,50.0,0.5,coarse-flyway,2.7238758708043065,5,ERA5_China
24,era5_China,autumn,240.0,0.2,50.0,0.5,coarse-flyway,2.7238758708043065,5,ERA5_China
24,era5_China,autumn,255.0,0.2,50.0,0.5,coarse-flyway,2.7238758708043065,5,ERA5_China
24,era5_China,autumn,270.0,0.2,50.0,0.5,coarse-flyway,2.7238758708043065,5,ERA5_China
28,era5_China,spring,30.0,0.2,50.0,0.5,coarse-flyway,2.7238758708043065,5,ERA5_China
28,era5_China,spring,45.0,0.2,50.0,0.5,coarse-flyway,2.7238758708043065,5,ERA5_China
28,era5_China,spring,60.0,0.2,50.0,0.5,coarse-flyway,2.7238758708043065,5,ERA5_China
28,era5_China,spring,75.0,0.2,50.0,0.5,coarse-flyway,2.7238758708043065,5,ERA5_China
28,era5_China,spring,90.0,0.2,50.0,0.5,coarse-flyway,2.7238758708043065,5,ERA5_China
28,era5_China,autumn,210.0,0.2,50.0,0.5,coarse-flyway,2.7238758708043065,5,ERA5_China
28,era5_China,autumn,225.0,0.2,50.0,0.5,coarse-flyway,2.7238758708043065,5,ERA5_China
28,era5_China,autumn,240.0,0.2,50.0,0.5,coarse-flyway,2.7238758708043065,5,ERA5_China
28,era5_China,autumn,255.0,0.2,50.0,0.5,coarse-flyway,2.7238758708043065,5,ERA5_China
28,era5_China,autumn,270.0,0.2,50.0,0.5,coarse-flyway,2.7238758708043065,5,ERA5_China
32,era5_China,spring,30.0,0.2,50.0,0.5,coarse-flyway,2.7238758708043065,5,ERA5_China
32,era5_China,spring,45.0,0.2,50.0,0.5,coarse-flyway,2.7238758708043065,5,ERA5_China
32,era5_China,spring,60.0,0.2,50.0,0.5,coarse-flyway,2.7238758708043065,5,ERA5_China
32,era5_China,spring,75.0,0.2,50.0,0.5,coarse-flyway,2.7238758708043065,5,ERA5_China
32,era5_China,spring,90.0,0.2,50.0,0.5,coarse-flyway,2.7238758708043065,5,ERA5_China
32,era5_China,autumn,210.0,0.2,50.0,0.5,coarse-flyway,2.7238758708043065,5,ERA5_China
32,era5_China,autumn,225.0,0.2,50.0,0.5,coarse-flyway,2.7238758708043065,5,ERA5_China
32,era5_China,autumn,240.0,0.2,50.0,0.5,coarse-flyway,2.7238758708043065,5,ERA5_China
32,era5_China,autumn,255.0,0.2,50.0,0.5,coarse-flyway,2.7238758708043065,5,ERA5_China
32,era5_China,autumn,270.0,0.2,50.0,0.5,coarse-flyway,2.7238758708043065,5,ERA5_China
33,era5_China,spring,30.0,0.2,50.0,0.5,coarse-flyway,2.7238758708043065,5,ERA5_China
33,era5_China,spring,45.0,0.2,50.0,0.5,coarse-flyway,2.7238758708043065,5,ERA5_China
33,era5_China,spring,60.0,0.2,50.0,0.5,coarse-flyway,2.7238758708043065,5,ERA5_China
33,era5_China,spring,75.0,0.2,50.0,0.5,coarse-flyway,2.7238758708043065,5,ERA5_China
33,era5_China,spring,90.0,0.2,50.0,0.5,coarse-flyway,2.7238758708043065,5,ERA5_China
33,era5_China,autumn,210.0,0.2,50.0,0.5,coarse-flyway,2.7238758708043065,5,ERA5_China
33,era5_China,autumn,225.0,0.2,50.0,0.5,coarse-flyway,2.7238758708043065,5,ERA5_China
33,era5_China,autumn,240.0,0.2,50.0,0.5,coarse-flyway,2.7238758708043065,5,ERA5_China
33,era5_China,autumn,255.0,0.2,50.0,0.5,coarse-flyway,2.7238758708043065,5,ERA5_China
33,era5_China,autumn,270.0,0.2,50.0,0.5,coarse-flyway,2.7238758708043065,5,ERA5_China
34,era5_China,spring,30.0,0.2,50.0,0.5,coarse-flyway,2.7238758708043065,5,ERA5_China
34,era5_China,spring,45.0,0.2,50.0,0.5,coarse-flyway,2.7238758708043065,5,ERA5_China
34,era5_China,spring,60.0,0.2,50.0,0.5,coarse-flyway,2.7238758708043065,5,ERA5_China
34,era5_China,spring,75.0,0.2,50.0,0.5,coarse-flyway,2.7238758708043065,5,ERA5_China
34,era5_China,spring,90.0,0.2,50.0,0.5,coarse-flyway,2.7238758708043065,5,ERA5_China
34,era5_China,autumn,210.0,0.2,50.0,0.5,coarse-flyway,2.7238758708043065,5,ERA5_China
34,era5_China,autumn,225.0,0.2,50.0,0.5,coarse-flyway,2.7238758708043065,5,ERA5_China
34,era5_China,autumn,240.0,0.2,50.0,0.5,coarse-flyway,2.7238758708043065,5,ERA5_China
34,era5_China,autumn,255.0,0.2,50.0,0.5,coarse-flyway,2.7238758708043065,5,ERA5_China
34,era5_China,autumn,270.0,0.2,50.0,0.5,coarse-flyway,2.7238758708043065,5,ERA5_China
35,era5_China,spring,30.0,0.2,50.0,0.5,coarse-flyway,2.7238758708043065,5,ERA5_China
35,era5_China,spring,45.0,0.2,50.0,0.5,coarse-flyway,2.7238758708043065,5,ERA5_China
35,era5_China,spring,60.0,0.2,50.0,0.5,coarse-flyway,2.7238758708043065,5,ERA5_China
35,era5_China,spring,75.0,0.2,50.0,0.5,coarse-flyway,2.7238758708043065,5,ERA5_China
35,era5_China,spring,90.0,0.2,50.0,0.5,coarse-flyway,2.7238758708043065,5,ERA5_China
35,era5_China,autumn,210.0,0.2,50.0,0.5,coarse-flyway,2.7238758708043065,5,ERA5_China
35,era5_China,autumn,225.0,0.2,50.0,0.5,coarse-flyway,2.7238758708043065,5,ERA5_China
35,era5_China,autumn,240.0,0.2,50.0,0.5,coarse-flyway,2.7238758708043065,5,ERA5_China
35,era5_China,autumn,255.0,0.2,50.0,0.5,coarse-flyway,2.7238758708043065,5,ERA5_China
35,era5_China,autumn,270.0,0.2,50.0,0.5,coarse-flyway,2.7238758708043065,5,ERA5_China
37,era5_China,spring,30.0,0.2,50.0,0.5,coarse-flyway,2.7238758708043065,5,ERA5_China
37,era5_China,spring,45.0,0.2,50.0,0.5,coarse-flyway,2.7238758708043065,5,ERA5_China
37,era5_China,spring,60.0,0.2,50.0,0.5,coarse-flyway,2.7238758708043065,5,ERA5_China
37,era5_China,spring,75.0,0.2,50.0,0.5,coarse-flyway,2.7238758708043065,5,ERA5_China
37,era5_China,spring,90.0,0.2,50.0,0.5,coarse-flyway,2.7238758708043065,5,ERA5_China
37,era5_China,autumn,210.0,0.2,50.0,0.5,coarse-flyway,2.7238758708043065,5,ERA5_China
37,era5_China,autumn,225.0,0.2,50.0,0.5,coarse-flyway,2.7238758708043065,5,ERA5_China
37,era5_China,autumn,240.0,0.2,50.0,0.5,coarse-flyway,2.7238758708043065,5,ERA5_China
37,era5_China,autumn,255.0,0.2,50.0,0.5,coarse-flyway,2.7238758708043065,5,ERA5_China
37,era5_China,autumn,270.0,0.2,50.0,0.5,coarse-flyway,2.7238758708043065,5,ERA5_China
38,era5_China,spring,30.0,0.2,50.0,0.5,coarse-flyway,2.7238758708043065,5,ERA5_China
38,era5_China,spring,45.0,0.2,50.0,0.5,coarse-flyway,2.7238758708043065,5,ERA5_China
38,era5_China,spring,60.0,0.2,50.0,0.5,coarse-flyway,2.7238758708043065,5,ERA5_China
38,era5_China,spring,75.0,0.2,50.0,0.5,coarse-flyway,2.7238758708043065,5,ERA5_China
38,era5_China,spring,90.0,0.2,50.0,0.5,coarse-flyway,2.7238758708043065,5,ERA5_China
38,era5_China,autumn,210.0,0.2,50.0,0.5,coarse-flyway,2.7238758708043065,5,ERA5_China
38,era5_China,autumn,225.0,0.2,50.0,0.5,coarse-flyway,2.7238758708043065,5,ERA5_China
38,era5_China,autumn,240.0,0.2,50.0,0.5,coarse-flyway,2.7238758708043065,5,ERA5_China
38,era5_China,autumn,255.0,0.2,50.0,0.5,coarse-flyway,2.7238758708043065,5,ERA5_China
38,era5_China,autumn,270.0,0.2,50.0,0.5,coarse-flyway,2.7238758708043065,5,ERA5_China
39,era5_Taiwan,spring,15.0,0.2,50.0,0.5,coarse-flyway,2.7238758708043065,5,ERA5_Taiwan
39,era5_Taiwan,spring,30.0,0.2,50.0,0.5,coarse-flyway,2.7238758708043065,5,ERA5_Taiwan
39,era5_Taiwan,spring,45.0,0.2,50.0,0.5,coarse-flyway,2.7238758708043065,5,ERA5_Taiwan
39,era5_Taiwan,spring,60.0,0.2,50.0,0.5,coarse-flyway,2.7238758708043065,5,ERA5_Taiwan
39,era5_Taiwan,spring,75.0,0.2,50.0,0.5,coarse-flyway,2.7238758708043065,5,ERA5_Taiwan
39,era5_Taiwan,autumn,195.0,0.2,50.0,0.5,coarse-flyway,2.7238758708043065,5,ERA5_Taiwan
39,era5_Taiwan,autumn,210.0,0.2,50.0,0.5,coarse-flyway,2.7238758708043065,5,ERA5_Taiwan
39,era5_Taiwan,autumn,225.0,0.2,50.0,0.5,coarse-flyway,2.7238758708043065,5,ERA5_Taiwan
39,era5_Taiwan,autumn,240.0,0.2,50.0,0.5,coarse-flyway,2.7238758708043065,5,ERA5_Taiwan
39,era5_Taiwan,autumn,255.0,0.2,50.0,0.5,coarse-flyway,2.7238758708043065,5,ERA5_Taiwan
41,era5_China,spring,30.0,0.2,50.0,0.5,coarse-flyway,2.7238758708043065,5,ERA5_China
41,era5_China,spring,45.0,0.2,50.0,0.5,coarse-flyway,2.7238758708043065,5,ERA5_China
41,era5_China,spring,60.0,0.2,50.0,0.5,coarse-flyway,2.7238758708043065,5,ERA5_China
41,era5_China,spring,75.0,0.2,50.0,0.5,coarse-flyway,2.7238758708043065,5,ERA5_China
41,era5_China,spring,90.0,0.2,50.0,0.5,coarse-flyway,2.7238758708043065,5,ERA5_China
41,era5_China,autumn,210.0,0.2,50.0,0.5,coarse-flyway,2.7238758708043065,5,ERA5_China
41,era5_China,autumn,225.0,0.2,50.0,0.5,coarse-flyway,2.7238758708043065,5,ERA5_China
41,era5_China,autumn,240.0,0.2,50.0,0.5,coarse-flyway,2.7238758708043065,5,ERA5_China
41,era5_China,autumn,255.0,0.2,50.0,0.5,coarse-flyway,2.7238758708043065,5,ERA5_China
41,era5_China,autumn,270.0,0.2,50.0,0.5,coarse-flyway,2.7238758708043065,5,ERA5_China
42,era5_Taiwan,spring,15.0,0.2,50.0,0.5,coarse-flyway,2.7238758708043065,5,ERA5_Taiwan
42,era5_Taiwan,spring,30.0,0.2,50.0,0.5,coarse-flyway,2.7238758708043065,5,ERA5_Taiwan
42,era5_Taiwan,spring,45.0,0.2,50.0,0.5,coarse-flyway,2.7238758708043065,5,ERA5_Taiwan
42,era5_Taiwan,spring,60.0,0.2,50.0,0.5,coarse-flyway,2.7238758708043065,5,ERA5_Taiwan
42,era5_Taiwan,spring,75.0,0.2,50.0,0.5,coarse-flyway,2.7238758708043065,5,ERA5_Taiwan
42,era5_Taiwan,autumn,195.0,0.2,50.0,0.5,coarse-flyway,2.7238758708043065,5,ERA5_Taiwan
42,era5_Taiwan,autumn,210.0,0.2,50.0,0.5,coarse-flyway,2.7238758708043065,5,ERA5_Taiwan
42,era5_Taiwan,autumn,225.0,0.2,50.0,0.5,coarse-flyway,2.7238758708043065,5,ERA5_Taiwan
42,era5_Taiwan,autumn,240.0,0.2,50.0,0.5,coarse-flyway,2.7238758708043065,5,ERA5_Taiwan
42,era5_Taiwan,autumn,255.0,0.2,50.0,0.5,coarse-flyway,2.7238758708043065,5,ERA5_Taiwan
44,era5_China,spring,30.0,0.2,50.0,0.5,coarse-flyway,2.7238758708043065,5,ERA5_China
44,era5_China,spring,45.0,0.2,50.0,0.5,coarse-flyway,2.7238758708043065,5,ERA5_China
44,era5_China,spring,60.0,0.2,50.0,0.5,coarse-flyway,2.7238758708043065,5,ERA5_China
44,era5_China,spring,75.0,0.2,50.0,0.5,coarse-flyway,2.7238758708043065,5,ERA5_China
44,era5_China,spring,90.0,0.2,50.0,0.5,coarse-flyway,2.7238758708043065,5,ERA5_China
44,era5_China,autumn,210.0,0.2,50.0,0.5,coarse-flyway,2.7238758708043065,5,ERA5_China
44,era5_China,autumn,225.0,0.2,50.0,0.5,coarse-flyway,2.7238758708043065,5,ERA5_China
44,era5_China,autumn,240.0,0.2,50.0,0.5,coarse-flyway,2.7238758708043065,5,ERA5_China
44,era5_China,autumn,255.0,0.2,50.0,0.5,coarse-flyway,2.7238758708043065,5,ERA5_China
44,era5_China,autumn,270.0,0.2,50.0,0.5,coarse-flyway,2.7238758708043065,5,ERA5_China
45,era5_China,spring,30.0,0.2,50.0,0.5,coarse-flyway,2.7238758708043065,5,ERA5_China
45,era5_China,spring,45.0,0.2,50.0,0.5,coarse-flyway,2.7238758708043065,5,ERA5_China
45,era5_China,spring,60.0,0.2,50.0,0.5,coarse-flyway,2.7238758708043065,5,ERA5_China
45,era5_China,spring,75.0,0.2,50.0,0.5,coarse-flyway,2.7238758708043065,5,ERA5_China
45,era5_China,spring,90.0,0.2,50.0,0.5,coarse-flyway,2.7238758708043065,5,ERA5_China
45,era5_China,autumn,210.0,0.2,50.0,0.5,coarse-flyway,2.7238758708043065,5,ERA5_China
45,era5_China,autumn,225.0,0.2,50.0,0.5,coarse-flyway,2.7238758708043065,5,ERA5_China
45,era5_China,autumn,240.0,0.2,50.0,0.5,coarse-flyway,2.7238758708043065,5,ERA5_China
45,era5_China,autumn,255.0,0.2,50.0,0.5,coarse-flyway,2.7238758708043065,5,ERA5_China
45,era5_China,autumn,270.0,0.2,50.0,0.5,coarse-flyway,2.7238758708043065,5,ERA5_China
46,era5_China,spring,30.0,0.2,50.0,0.5,coarse-flyway,2.7238758708043065,5,ERA5_China
46,era5_China,spring,45.0,0.2,50.0,0.5,coarse-flyway,2.7238758708043065,5,ERA5_China
46,era5_China,spring,60.0,0.2,50.0,0.5,coarse-flyway,2.7238758708043065,5,ERA5_China
46,era5_China,spring,75.0,0.2,50.0,0.5,coarse-flyway,2.7238758708043065,5,ERA5_China
46,era5_China,spring,90.0,0.2,50.0,0.5,coarse-flyway,2.7238758708043065,5,ERA5_China
46,era5_China,autumn,210.0,0.2,50.0,0.5,coarse-flyway,2.7238758708043065,5,ERA5_China
46,era5_China,autumn,225.0,0.2,50.0,0.5,coarse-flyway,2.7238758708043065,5,ERA5_China
46,era5_China,autumn,240.0,0.2,50.0,0.5,coarse-flyway,2.7238758708043065,5,ERA5_China
46,era5_China,autumn,255.0,0.2,50.0,0.5,coarse-flyway,2.7238758708043065,5,ERA5_China
46,era5_China,autumn,270.0,0.2,50.0,0.5,coarse-flyway,2.7238758708043065,5,ERA5_China
47,era5_China,spring,30.0,0.2,50.0,0.5,coarse-flyway,2.7238758708043065,5,ERA5_China
47,era5_China,spring,45.0,0.2,50.0,0.5,coarse-flyway,2.7238758708043065,5,ERA5_China
47,era5_China,spring,60.0,0.2,50.0,0.5,coarse-flyway,2.7238758708043065,5,ERA5_China
47,era5_China,spring,75.0,0.2,50.0,0.5,coarse-flyway,2.7238758708043065,5,ERA5_China
47,era5_China,spring,90.0,0.2,50.0,0.5,coarse-flyway,2.7238758708043065,5,ERA5_China
47,era5_China,autumn,210.0,0.2,50.0,0.5,coarse-flyway,2.7238758708043065,5,ERA5_China
47,era5_China,autumn,225.0,0.2,50.0,0.5,coarse-flyway,2.7238758708043065,5,ERA5_China
47,era5_China,autumn,240.0,0.2,50.0,0.5,coarse-flyway,2.7238758708043065,5,ERA5_China
47,era5_China,autumn,255.0,0.2,50.0,0.5,coarse-flyway,2.7238758708043065,5,ERA5_China
47,era5_China,autumn,270.0,0.2,50.0,0.5,coarse-flyway,2.7238758708043065,5,ERA5_China
50,era5_China,spring,30.0,0.2,50.0,0.5,coarse-flyway,2.7238758708043065,5,ERA5_China
50,era5_China,spring,45.0,0.2,50.0,0.5,coarse-flyway,2.7238758708043065,5,ERA5_China
50,era5_China,spring,60.0,0.2,50.0,0.5,coarse-flyway,2.7238758708043065,5,ERA5_China
50,era5_China,spring,75.0,0.2,50.0,0.5,coarse-flyway,2.7238758708043065,5,ERA5_China
50,era5_China,spring,90.0,0.2,50.0,0.5,coarse-flyway,2.7238758708043065,5,ERA5_China
50,era5_China,autumn,210.0,0.2,50.0,0.5,coarse-flyway,2.7238758708043065,5,ERA5_China
50,era5_China,autumn,225.0,0.2,50.0,0.5,coarse-flyway,2.7238758708043065,5,ERA5_China
50,era5_China,autumn,240.0,0.2,50.0,0.5,coarse-flyway,2.7238758708043065,5,ERA5_China
50,era5_China,autumn,255.0,0.2,50.0,0.5,coarse-flyway,2.7238758708043065,5,ERA5_China
50,era5_China,autumn,270.0,0.2,50.0,0.5,coarse-flyway,2.7238758708043065,5,ERA5_China
52,era5_China,spring,30.0,0.2,50.0,0.5,coarse-flyway,2.7238758708043065,5,ERA5_China
52,era5_China,spring,45.0,0.2,50.0,0.5,coarse-flyway,2.7238758708043065,5,ERA5_China
52,era5_China,spring,60.0,0.2,50.0,0.5,coarse-flyway,2.7238758708043065,5,ERA5_China
52,era5_China,spring,75.0,0.2,50.0,0.5,coarse-flyway,2.7238758708043065,5,ERA5_China
52,era5_China,spring,90.0,0.2,50.0,0.5,coarse-flyway,2.7238758708043065,5,ERA5_China
52,era5_China,autumn,210.0,0.2,50.0,0.5,coarse-flyway,2.7238758708043065,5,ERA5_China
52,era5_China,autumn,225.0,0.2,50.0,0.5,coarse-flyway,2.7238758708043065,5,ERA5_China
52,era5_China,autumn,240.0,0.2,50.0,0.5,coarse-flyway,2.7238758708043065,5,ERA5_China
52,era5_China,autumn,255.0,0.2,50.0,0.5,coarse-flyway,2.7238758708043065,5,ERA5_China
52,era5_China,autumn,270.0,0.2,50.0,0.5,coarse-flyway,2.7238758708043065,5,ERA5_China
56,era5_Vietnam,spring,30.0,0.2,50.0,0.5,coarse-flyway,2.7238758708043065,5,ERA5_Vietnam
56,era5_Vietnam,spring,45.0,0.2,50.0,0.5,coarse-flyway,2.7238758708043065,5,ERA5_Vietnam
56,era5_Vietnam,spring,60.0,0.2,50.0,0.5,coarse-flyway,2.7238758708043065,5,ERA5_Vietnam
56,era5_Vietnam,spring,75.0,0.2,50.0,0.5,coarse-flyway,2.7238758708043065,5,ERA5_Vietnam
56,era5_Vietnam,spring,90.0,0.2,50.0,0.5,coarse-flyway,2.7238758708043065,5,ERA5_Vietnam
56,era5_Vietnam,autumn,210.0,0.2,50.0,0.5,coarse-flyway,2.7238758708043065,5,ERA5_Vietnam
56,era5_Vietnam,autumn,225.0,0.2,50.0,0.5,coarse-flyway,2.7238758708043065,5,ERA5_Vietnam
56,era5_Vietnam,autumn,240.0,0.2,50.0,0.5,coarse-flyway,2.7238758708043065,5,ERA5_Vietnam
56,era5_Vietnam,autumn,255.0,0.2,50.0,0.5,coarse-flyway,2.7238758708043065,5,ERA5_Vietnam
56,era5_Vietnam,autumn,270.0,0.2,50.0,0.5,coarse-flyway,2.7238758708043065,5,ERA5_Vietnam
57,era5_Vietnam,spring,30.0,0.2,50.0,0.5,coarse-flyway,2.7238758708043065,5,ERA5_Vietnam
57,era5_Vietnam,spring,45.0,0.2,50.0,0.5,coarse-flyway,2.7238758708043065,5,ERA5_Vietnam
57,era5_Vietnam,spring,60.0,0.2,50.0,0.5,coarse-flyway,2.7238758708043065,5,ERA5_Vietnam
57,era5_Vietnam,spring,75.0,0.2,50.0,0.5,coarse-flyway,2.7238758708043065,5,ERA5_Vietnam
57,era5_Vietnam,spring,90.0,0.2,50.0,0.5,coarse-flyway,2.7238758708043065,5,ERA5_Vietnam
57,era5_Vietnam,autumn,210.0,0.2,50.0,0.5,coarse-flyway,2.7238758708043065,5,ERA5_Vietnam
57,era5_Vietnam,autumn,225.0,0.2,50.0,0.5,coarse-flyway,2.7238758708043065,5,ERA5_Vietnam
57,era5_Vietnam,autumn,240.0,0.2,50.0,0.5,coarse-flyway,2.7238758708043065,5,ERA5_Vietnam
57,era5_Vietnam,autumn,255.0,0.2,50.0,0.5,coarse-flyway,2.7238758708043065,5,ERA5_Vietnam
57,era5_Vietnam,autumn,270.0,0.2,50.0,0.5,coarse-flyway,2.7238758708043065,5,ERA5_Vietnam
62,era5_Taiwan,spring,15.0,0.2,50.0,0.5,coarse-flyway,2.7238758708043065,5,ERA5_Taiwan
62,era5_Taiwan,spring,30.0,0.2,50.0,0.5,coarse-flyway,2.7238758708043065,5,ERA5_Taiwan
62,era5_Taiwan,spring,45.0,0.2,50.0,0.5,coarse-flyway,2.7238758708043065,5,ERA5_Taiwan
62,era5_Taiwan,spring,60.0,0.2,50.0,0.5,coarse-flyway,2.7238758708043065,5,ERA5_Taiwan
62,era5_Taiwan,spring,75.0,0.2,50.0,0.5,coarse-flyway,2.7238758708043065,5,ERA5_Taiwan
62,era5_Taiwan,autumn,195.0,0.2,50.0,0.5,coarse-flyway,2.7238758708043065,5,ERA5_Taiwan
62,era5_Taiwan,autumn,210.0,0.2,50.0,0.5,coarse-flyway,2.7238758708043065,5,ERA5_Taiwan
62,era5_Taiwan,autumn,225.0,0.2,50.0,0.5,coarse-flyway,2.7238758708043065,5,ERA5_Taiwan
62,era5_Taiwan,autumn,240.0,0.2,50.0,0.5,coarse-flyway,2.7238758708043065,5,ERA5_Taiwan
62,era5_Taiwan,autumn,255.0,0.2,50.0,0.5,coarse-flyway,2.7238758708043065,5,ERA5_Taiwan
63,era5_China,spring,30.0,0.2,50.0,0.5,coarse-flyway,2.7238758708043065,5,ERA5_China
63,era5_China,spring,45.0,0.2,50.0,0.5,coarse-flyway,2.7238758708043065,5,ERA5_China
63,era5_China,spring,60.0,0.2,50.0,0.5,coarse-flyway,2.7238758708043065,5,ERA5_China
63,era5_China,spring,75.0,0.2,50.0,0.5,coarse-flyway,2.7238758708043065,5,ERA5_China
63,era5_China,spring,90.0,0.2,50.0,0.5,coarse-flyway,2.7238758708043065,5,ERA5_China
63,era5_China,autumn,210.0,0.2,50.0,0.5,coarse-flyway,2.7238758708043065,5,ERA5_China
63,era5_China,autumn,225.0,0.2,50.0,0.5,coarse-flyway,2.7238758708043065,5,ERA5_China
63,era5_China,autumn,240.0,0.2,50.0,0.5,coarse-flyway,2.7238758708043065,5,ERA5_China
63,era5_China,autumn,255.0,0.2,50.0,0.5,coarse-flyway,2.7238758708043065,5,ERA5_China
63,era5_China,autumn,270.0,0.2,50.0,0.5,coarse-flyway,2.7238758708043065,5,ERA5_China
64,era5_Vietnam,spring,30.0,0.2,50.0,0.5,coarse-flyway,2.7238758708043065,5,ERA5_Vietnam
64,era5_Vietnam,spring,45.0,0.2,50.0,0.5,coarse-flyway,2.7238758708043065,5,ERA5_Vietnam
64,era5_Vietnam,spring,60.0,0.2,50.0,0.5,coarse-flyway,2.7238758708043065,5,ERA5_Vietnam
64,era5_Vietnam,spring,75.0,0.2,50.0,0.5,coarse-flyway,2.7238758708043065,5,ERA5_Vietnam
64,era5_Vietnam,spring,90.0,0.2,50.0,0.5,coarse-flyway,2.7238758708043065,5,ERA5_Vietnam
64,era5_Vietnam,autumn,210.0,0.2,50.0,0.5,coarse-flyway,2.7238758708043065,5,ERA5_Vietnam
64,era5_Vietnam,autumn,225.0,0.2,50.0,0.5,coarse-flyway,2.7238758708043065,5,ERA5_Vietnam
64,era5_Vietnam,autumn,240.0,0.2,50.0,0.5,coarse-flyway,2.7238758708043065,5,ERA5_Vietnam
64,era5_Vietnam,autumn,255.0,0.2,50.0,0.5,coarse-flyway,2.7238758708043065,5,ERA5_Vietnam
64,era5_Vietnam,autumn,270.0,0.2,50.0,0.5,coarse-flyway,2.7238758708043065,5,ERA5_Vietnam
66,era5_China,spring,30.0,0.2,50.0,0.5,coarse-flyway,2.7238758708043065,5,ERA5_China
66,era5_China,spring,45.0,0.2,50.0,0.5,coarse-flyway,2.7238758708043065,5,ERA5_China
66,era5_China,spring,60.0,0.2,50.0,0.5,coarse-flyway,2.7238758708043065,5,ERA5_China
66,era5_China,spring,75.0,0.2,50.0,0.5,coarse-flyway,2.7238758708043065,5,ERA5_China
66,era5_China,spring,90.0,0.2,50.0,0.5,coarse-flyway,2.7238758708043065,5,ERA5_China
66,era5_China,autumn,210.0,0.2,50.0,0.5,coarse-flyway,2.7238758708043065,5,ERA5_China
66,era5_China,autumn,225.0,0.2,50.0,0.5,coarse-flyway,2.7238758708043065,5,ERA5_China
66,era5_China,autumn,240.0,0.2,50.0,0.5,coarse-flyway,2.7238758708043065,5,ERA5_China
66,era5_China,autumn,255.0,0.2,50.0,0.5,coarse-flyway,2.7238758708043065,5,ERA5_China
66,era5_China,autumn,270.0,0.2,50.0,0.5,coarse-flyway,2.7238758708043065,5,ERA5_China
70,era5_China,spring,30.0,0.2,50.0,0.5,coarse-flyway,2.7238758708043065,5,ERA5_China
70,era5_China,spring,45.0,0.2,50.0,0.5,coarse-flyway,2.7238758708043065,5,ERA5_China
70,era5_China,spring,60.0,0.2,50.0,0.5,coarse-flyway,2.7238758708043065,5,ERA5_China
70,era5_China,spring,75.0,0.2,50.0,0.5,coarse-flyway,2.7238758708043065,5,ERA5_China
70,era5_China,spring,90.0,0.2,50.0,0.5,coarse-flyway,2.7238758708043065,5,ERA5_China
70,era5_China,autumn,210.0,0.2,50.0,0.5,coarse-flyway,2.7238758708043065,5,ERA5_China
70,era5_China,autumn,225.0,0.2,50.0,0.5,coarse-flyway,2.7238758708043065,5,ERA5_China
70,era5_China,autumn,240.0,0.2,50.0,0.5,coarse-flyway,2.7238758708043065,5,ERA5_China
70,era5_China,autumn,255.0,0.2,50.0,0.5,coarse-flyway,2.7238758708043065,5,ERA5_China
70,era5_China,autumn,270.0,0.2,50.0,0.5,coarse-flyway,2.7238758708043065,5,ERA5_China
71,era5_Taiwan,spring,15.0,0.2,50.0,0.5,coarse-flyway,2.7238758708043065,5,ERA5_Taiwan
71,era5_Taiwan,spring,30.0,0.2,50.0,0.5,coarse-flyway,2.7238758708043065,5,ERA5_Taiwan
71,era5_Taiwan,spring,45.0,0.2,50.0,0.5,coarse-flyway,2.7238758708043065,5,ERA5_Taiwan
71,era5_Taiwan,spring,60.0,0.2,50.0,0.5,coarse-flyway,2.7238758708043065,5,ERA5_Taiwan
71,era5_Taiwan,spring,75.0,0.2,50.0,0.5,coarse-flyway,2.7238758708043065,5,ERA5_Taiwan
71,era5_Taiwan,autumn,195.0,0.2,50.0,0.5,coarse-flyway,2.7238758708043065,5,ERA5_Taiwan
71,era5_Taiwan,autumn,210.0,0.2,50.0,0.5,coarse-flyway,2.7238758708043065,5,ERA5_Taiwan
71,era5_Taiwan,autumn,225.0,0.2,50.0,0.5,coarse-flyway,2.7238758708043065,5,ERA5_Taiwan
71,era5_Taiwan,autumn,240.0,0.2,50.0,0.5,coarse-flyway,2.7238758708043065,5,ERA5_Taiwan
71,era5_Taiwan,autumn,255.0,0.2,50.0,0.5,coarse-flyway,2.7238758708043065,5,ERA5_Taiwan
72,era5_China,spring,30.0,0.2,50.0,0.5,coarse-flyway,2.7238758708043065,5,ERA5_China
72,era5_China,spring,45.0,0.2,50.0,0.5,coarse-flyway,2.7238758708043065,5,ERA5_China
72,era5_China,spring,60.0,0.2,50.0,0.5,coarse-flyway,2.7238758708043065,5,ERA5_China
72,era5_China,spring,75.0,0.2,50.0,0.5,coarse-flyway,2.7238758708043065,5,ERA5_China
72,era5_China,spring,90.0,0.2,50.0,0.5,coarse-flyway,2.7238758708043065,5,ERA5_China
72,era5_China,autumn,210.0,0.2,50.0,0.5,coarse-flyway,2.7238758708043065,5,ERA5_China
72,era5_China,autumn,225.0,0.2,50.0,0.5,coarse-flyway,2.7238758708043065,5,ERA5_China
72,era5_China,autumn,240.0,0.2,50.0,0.5,coarse-flyway,2.7238758708043065,5,ERA5_China
72,era5_China,autumn,255.0,0.2,50.0,0.5,coarse-flyway,2.7238758708043065,5,ERA5_China
72,era5_China,autumn,270.0,0.2,50.0,0.5,coarse-flyway,2.7238758708043065,5,ERA5_China
74,era5_China,spring,30.0,0.2,50.0,0.5,coarse-flyway,2.7238758708043065,5,ERA5_China
74,era5_China,spring,45.0,0.2,50.0,0.5,coarse-flyway,2.7238758708043065,5,ERA5_China
74,era5_China,spring,60.0,0.2,50.0,0.5,coarse-flyway,2.7238758708043065,5,ERA5_China
74,era5_China,spring,75.0,0.2,50.0,0.5,coarse-flyway,2.7238758708043065,5,ERA5_China
74,era5_China,spring,90.0,0.2,50.0,0.5,coarse-flyway,2.7238758708043065,5,ERA5_China
74,era5_China,autumn,210.0,0.2,50.0,0.5,coarse-flyway,2.7238758708043065,5,ERA5_China
74,era5_China,autumn,225.0,0.2,50.0,0.5,coarse-flyway,2.7238758708043065,5,ERA5_China
74,era5_China,autumn,240.0,0.2,50.0,0.5,coarse-flyway,2.7238758708043065,5,ERA5_China
74,era5_China,autumn,255.0,0.2,50.0,0.5,coarse-flyway,2.7238758708043065,5,ERA5_China
74,era5_China,autumn,270.0,0.2,50.0,0.5,coarse-flyway,2.7238758708043065,5,ERA5_China
76,era5_China,spring,30.0,0.2,50.0,0.5,coarse-flyway,2.7238758708043065,5,ERA5_China
76,era5_China,spring,45.0,0.2,50.0,0.5,coarse-flyway,2.7238758708043065,5,ERA5_China
76,era5_China,spring,60.0,0.2,50.0,0.5,coarse-flyway,2.7238758708043065,5,ERA5_China
76,era5_China,spring,75.0,0.2,50.0,0.5,coarse-flyway,2.7238758708043065,5,ERA5_China
76,era5_China,spring,90.0,0.2,50.0,0.5,coarse-flyway,2.7238758708043065,5,ERA5_China
76,era5_China,autumn,210.0,0.2,50.0,0.5,coarse-flyway,2.7238758708043065,5,ERA5_China
76,era5_China,autumn,225.0,0.2,50.0,0.5,coarse-flyway,2.7238758708043065,5,ERA5_China
76,era5_China,autumn,240.0,0.2,50.0,0.5,coarse-flyway,2.7238758708043065,5,ERA5_China
76,era5_China,autumn,255.0,0.2,50.0,0.5,coarse-flyway,2.7238758708043065,5,ERA5_China
76,era5_China,autumn,270.0,0.2,50.0,0.5,coarse-flyway,2.7238758708043065,5,ERA5_China
77,era5_China,spring,30.0,0.2,50.0,0.5,coarse-flyway,2.7238758708043065,5,ERA5_China
77,era5_China,spring,45.0,0.2,50.0,0.5,coarse-flyway,2.7238758708043065,5,ERA5_China
77,era5_China,spring,60.0,0.2,50.0,0.5,coarse-flyway,2.7238758708043065,5,ERA5_China
77,era5_China,spring,75.0,0.2,50.0,0.5,coarse-flyway,2.7238758708043065,5,ERA5_China
77,era5_China,spring,90.0,0.2,50.0,0.5,coarse-flyway,2.7238758708043065,5,ERA5_China
77,era5_China,autumn,210.0,0.2,50.0,0.5,coarse-flyway,2.7238758708043065,5,ERA5_China
77,era5_China,autumn,225.0,0.2,50.0,0.5,coarse-flyway,2.7238758708043065,5,ERA5_China
77,era5_China,autumn,240.0,0.2,50.0,0.5,coarse-flyway,2.7238758708043065,5,ERA5_China
77,era5_China,autumn,255.0,0.2,50.0,0.5,coarse-flyway,2.7238758708043065,5,ERA5_China
77,era5_China,autumn,270.0,0.2,50.0,0.5,coarse-flyway,2.7238758708043065,5,ERA5_China
78,era5_China,spring,30.0,0.2,50.0,0.5,coarse-flyway,2.7238758708043065,5,ERA5_China
78,era5_China,spring,45.0,0.2,50.0,0.5,coarse-flyway,2.7238758708043065,5,ERA5_China
78,era5_China,spring,60.0,0.2,50.0,0.5,coarse-flyway,2.7238758708043065,5,ERA5_China
78,era5_China,spring,75.0,0.2,50.0,0.5,coarse-flyway,2.7238758708043065,5,ERA5_China
78,era5_China,spring,90.0,0.2,50.0,0.5,coarse-flyway,2.7238758708043065,5,ERA5_China
78,era5_China,autumn,210.0,0.2,50.0,0.5,coarse-flyway,2.7238758708043065,5,ERA5_China
78,era5_China,autumn,225.0,0.2,50.0,0.5,coarse-flyway,2.7238758708043065,5,ERA5_China
78,era5_China,autumn,240.0,0.2,50.0,0.5,coarse-flyway,2.7238758708043065,5,ERA5_China
78,era5_China,autumn,255.0,0.2,50.0,0.5,coarse-flyway,2.7238758708043065,5,ERA5_China
78,era5_China,autumn,270.0,0.2,50.0,0.5,coarse-flyway,2.7238758708043065,5,ERA5_China
79,era5_China,spring,30.0,0.2,50.0,0.5,coarse-flyway,2.7238758708043065,5,ERA5_China
79,era5_China,spring,45.0,0.2,50.0,0.5,coarse-flyway,2.7238758708043065,5,ERA5_China
79,era5_China,spring,60.0,0.2,50.0,0.5,coarse-flyway,2.7238758708043065,5,ERA5_China
79,era5_China,spring,75.0,0.2,50.0,0.5,coarse-flyway,2.7238758708043065,5,ERA5_China
79,era5_China,spring,90.0,0.2,50.0,0.5,coarse-flyway,2.7238758708043065,5,ERA5_China
79,era5_China,autumn,210.0,0.2,50.0,0.5,coarse-flyway,2.7238758708043065,5,ERA5_China
79,era5_China,autumn,225.0,0.2,50.0,0.5,coarse-flyway,2.7238758708043065,5,ERA5_China
79,era5_China,autumn,240.0,0.2,50.0,0.5,coarse-flyway,2.7238758708043065,5,ERA5_China
79,era5_China,autumn,255.0,0.2,50.0,0.5,coarse-flyway,2.7238758708043065,5,ERA5_China
79,era5_China,autumn,270.0,0.2,50.0,0.5,coarse-flyway,2.7238758708043065,5,ERA5_China
81,era5_China,spring,30.0,0.2,50.0,0.5,coarse-flyway,2.7238758708043065,5,ERA5_China
81,era5_China,spring,45.0,0.2,50.0,0.5,coarse-flyway,2.7238758708043065,5,ERA5_China
81,era5_China,spring,60.0,0.2,50.0,0.5,coarse-flyway,2.7238758708043065,5,ERA5_China
81,era5_China,spring,75.0,0.2,50.0,0.5,coarse-flyway,2.7238758708043065,5,ERA5_China
81,era5_China,spring,90.0,0.2,50.0,0.5,coarse-flyway,2.7238758708043065,5,ERA5_China
81,era5_China,autumn,210.0,0.2,50.0,0.5,coarse-flyway,2.7238758708043065,5,ERA5_China
81,era5_China,autumn,225.0,0.2,50.0,0.5,coarse-flyway,2.7238758708043065,5,ERA5_China
81,era5_China,autumn,240.0,0.2,50.0,0.5,coarse-flyway,2.7238758708043065,5,ERA5_China
81,era5_China,autumn,255.0,0.2,50.0,0.5,coarse-flyway,2.7238758708043065,5,ERA5_China
81,era5_China,autumn,270.0,0.2,50.0,0.5,coarse-flyway,2.7238758708043065,5,ERA5_China
82,era5_China,spring,30.0,0.2,50.0,0.5,coarse-flyway,2.7238758708043065,5,ERA5_China
82,era5_China,spring,45.0,0.2,50.0,0.5,coarse-flyway,2.7238758708043065,5,ERA5_China
82,era5_China,spring,60.0,0.2,50.0,0.5,coarse-flyway,2.7238758708043065,5,ERA5_China
82,era5_China,spring,75.0,0.2,50.0,0.5,coarse-flyway,2.7238758708043065,5,ERA5_China
82,era5_China,spring,90.0,0.2,50.0,0.5,coarse-flyway,2.7238758708043065,5,ERA5_China
82,era5_China,autumn,210.0,0.2,50.0,0.5,coarse-flyway,2.7238758708043065,5,ERA5_China
82,era5_China,autumn,225.0,0.2,50.0,0.5,coarse-flyway,2.7238758708043065,5,ERA5_China
82,era5_China,autumn,240.0,0.2,50.0,0.5,coarse-flyway,2.7238758708043065,5,ERA5_China
82,era5_China,autumn,255.0,0.2,50.0,0.5,coarse-flyway,2.7238758708043065,5,ERA5_China
82,era5_China,autumn,270.0,0.2,50.0,0.5,coarse-flyway,2.7238758708043065,5,ERA5_China
85,era5_China,spring,30.0,0.2,50.0,0.5,coarse-flyway,2.7238758708043065,5,ERA5_China
85,era5_China,spring,45.0,0.2,50.0,0.5,coarse-flyway,2.7238758708043065,5,ERA5_China
85,era5_China,spring,60.0,0.2,50.0,0.5,coarse-flyway,2.7238758708043065,5,ERA5_China
85,era5_China,spring,75.0,0.2,50.0,0.5,coarse-flyway,2.7238758708043065,5,ERA5_China
85,era5_China,spring,90.0,0.2,50.0,0.5,coarse-flyway,2.7238758708043065,5,ERA5_China
85,era5_China,autumn,210.0,0.2,50.0,0.5,coarse-flyway,2.7238758708043065,5,ERA5_China
85,era5_China,autumn,225.0,0.2,50.0,0.5,coarse-flyway,2.7238758708043065,5,ERA5_China
85,era5_China,autumn,240.0,0.2,50.0,0.5,coarse-flyway,2.7238758708043065,5,ERA5_China
85,era5_China,autumn,255.0,0.2,50.0,0.5,coarse-flyway,2.7238758708043065,5,ERA5_China
85,era5_China,autumn,270.0,0.2,50.0,0.5,coarse-flyway,2.7238758708043065,5,ERA5_China
86,era5_Vietnam,spring,30.0,0.2,50.0,0.5,coarse-flyway,2.7238758708043065,5,ERA5_Vietnam
86,era5_Vietnam,spring,45.0,0.2,50.0,0.5,coarse-flyway,2.7238758708043065,5,ERA5_Vietnam
86,era5_Vietnam,spring,60.0,0.2,50.0,0.5,coarse-flyway,2.7238758708043065,5,ERA5_Vietnam
86,era5_Vietnam,spring,75.0,0.2,50.0,0.5,coarse-flyway,2.7238758708043065,5,ERA5_Vietnam
86,era5_Vietnam,spring,90.0,0.2,50.0,0.5,coarse-flyway,2.7238758708043065,5,ERA5_Vietnam
86,era5_Vietnam,autumn,210.0,0.2,50.0,0.5,coarse-flyway,2.7238758708043065,5,ERA5_Vietnam
86,era5_Vietnam,autumn,225.0,0.2,50.0,0.5,coarse-flyway,2.7238758708043065,5,ERA5_Vietnam
86,era5_Vietnam,autumn,240.0,0.2,50.0,0.5,coarse-flyway,2.7238758708043065,5,ERA5_Vietnam
86,era5_Vietnam,autumn,255.0,0.2,50.0,0.5,coarse-flyway,2.7238758708043065,5,ERA5_Vietnam
86,era5_Vietnam,autumn,270.0,0.2,50.0,0.5,coarse-flyway,2.7238758708043065,5,ERA5_Vietnam
88,era5_China,spring,30.0,0.2,50.0,0.5,coarse-flyway,2.7238758708043065,5,ERA5_China
88,era5_China,spring,45.0,0.2,50.0,0.5,coarse-flyway,2.7238758708043065,5,ERA5_China
88,era5_China,spring,60.0,0.2,50.0,0.5,coarse-flyway,2.7238758708043065,5,ERA5_China
88,era5_China,spring,75.0,0.2,50.0,0.5,coarse-flyway,2.7238758708043065,5,ERA5_China
88,era5_China,spring,90.0,0.2,50.0,0.5,coarse-flyway,2.7238758708043065,5,ERA5_China
88,era5_China,autumn,210.0,0.2,50.0,0.5,coarse-flyway,2.7238758708043065,5,ERA5_China
88,era5_China,autumn,225.0,0.2,50.0,0.5,coarse-flyway,2.7238758708043065,5,ERA5_China
88,era5_China,autumn,240.0,0.2,50.0,0.5,coarse-flyway,2.7238758708043065,5,ERA5_China
88,era5_China,autumn,255.0,0.2,50.0,0.5,coarse-flyway,2.7238758708043065,5,ERA5_China
88,era5_China,autumn,270.0,0.2,50.0,0.5,coarse-flyway,2.7238758708043065,5,ERA5_China
89,era5_China,spring,30.0,0.2,50.0,0.5,coarse-flyway,2.7238758708043065,5,ERA5_China
89,era5_China,spring,45.0,0.2,50.0,0.5,coarse-flyway,2.7238758708043065,5,ERA5_China
89,era5_China,spring,60.0,0.2,50.0,0.5,coarse-flyway,2.7238758708043065,5,ERA5_China
89,era5_China,spring,75.0,0.2,50.0,0.5,coarse-flyway,2.7238758708043065,5,ERA5_China
89,era5_China,spring,90.0,0.2,50.0,0.5,coarse-flyway,2.7238758708043065,5,ERA5_China
89,era5_China,autumn,210.0,0.2,50.0,0.5,coarse-flyway,2.7238758708043065,5,ERA5_China
89,era5_China,autumn,225.0,0.2,50.0,0.5,coarse-flyway,2.7238758708043065,5,ERA5_China
89,era5_China,autumn,240.0,0.2,50.0,0.5,coarse-flyway,2.7238758708043065,5,ERA5_China
89,era5_China,autumn,255.0,0.2,50.0,0.5,coarse-flyway,2.7238758708043065,5,ERA5_China
89,era5_China,autumn,270.0,0.2,50.0,0.5,coarse-flyway,2.7238758708043065,5,ERA5_China
90,era5_China,spring,30.0,0.2,50.0,0.5,coarse-flyway,2.7238758708043065,5,ERA5_China
90,era5_China,spring,45.0,0.2,50.0,0.5,coarse-flyway,2.7238758708043065,5,ERA5_China
90,era5_China,spring,60.0,0.2,50.0,0.5,coarse-flyway,2.7238758708043065,5,ERA5_China
90,era5_China,spring,75.0,0.2,50.0,0.5,coarse-flyway,2.7238758708043065,5,ERA5_China
90,era5_China,spring,90.0,0.2,50.0,0.5,coarse-flyway,2.7238758708043065,5,ERA5_China
90,era5_China,autumn,210.0,0.2,50.0,0.5,coarse-flyway,2.7238758708043065,5,ERA5_China
90,era5_China,autumn,225.0,0.2,50.0,0.5,coarse-flyway,2.7238758708043065,5,ERA5_China
90,era5_China,autumn,240.0,0.2,50.0,0.5,coarse-flyway,2.7238758708043065,5,ERA5_China
90,era5_China,autumn,255.0,0.2,50.0,0.5,coarse-flyway,2.7238758708043065,5,ERA5_China
90,era5_China,autumn,270.0,0.2,50.0,0.5,coarse-flyway,2.7238758708043065,5,ERA5_China
91,era5_China,spring,30.0,0.2,50.0,0.5,coarse-flyway,2.7238758708043065,5,ERA5_China
91,era5_China,spring,45.0,0.2,50.0,0.5,coarse-flyway,2.7238758708043065,5,ERA5_China
91,era5_China,spring,60.0,0.2,50.0,0.5,coarse-flyway,2.7238758708043065,5,ERA5_China
91,era5_China,spring,75.0,0.2,50.0,0.5,coarse-flyway,2.7238758708043065,5,ERA5_China
91,era5_China,spring,90.0,0.2,50.0,0.5,coarse-flyway,2.7238758708043065,5,ERA5_China
91,era5_China,autumn,210.0,0.2,50.0,0.5,coarse-flyway,2.7238758708043065,5,ERA5_China
91,era5_China,autumn,225.0,0.2,50.0,0.5,coarse-flyway,2.7238758708043065,5,ERA5_China
91,era5_China,autumn,240.0,0.2,50.0,0.5,coarse-flyway,2.7238758708043065,5,ERA5_China
91,era5_China,autumn,255.0,0.2,50.0,0.5,coarse-flyway,2.7238758708043065,5,ERA5_China
91,era5_China,autumn,270.0,0.2,50.0,0.5,coarse-flyway,2.7238758708043065,5,ERA5_China
92,era5_China,spring,30.0,0.2,50.0,0.5,coarse-flyway,2.7238758708043065,5,ERA5_China
92,era5_China,spring,45.0,0.2,50.0,0.5,coarse-flyway,2.7238758708043065,5,ERA5_China
92,era5_China,spring,60.0,0.2,50.0,0.5,coarse-flyway,2.7238758708043065,5,ERA5_China
92,era5_China,spring,75.0,0.2,50.0,0.5,coarse-flyway,2.7238758708043065,5,ERA5_China
92,era5_China,spring,90.0,0.2,50.0,0.5,coarse-flyway,2.7238758708043065,5,ERA5_China
92,era5_China,autumn,210.0,0.2,50.0,0.5,coarse-flyway,2.7238758708043065,5,ERA5_China
92,era5_China,autumn,225.0,0.2,50.0,0.5,coarse-flyway,2.7238758708043065,5,ERA5_China
92,era5_China,autumn,240.0,0.2,50.0,0.5,coarse-flyway,2.7238758708043065,5,ERA5_China
92,era5_China,autumn,255.0,0.2,50.0,0.5,coarse-flyway,2.7238758708043065,5,ERA5_China
92,era5_China,autumn,270.0,0.2,50.0,0.5,coarse-flyway,2.7238758708043065,5,ERA5_China
94,era5_China,spring,30.0,0.2,50.0,0.5,coarse-flyway,2.7238758708043065,5,ERA5_China
94,era5_China,spring,45.0,0.2,50.0,0.5,coarse-flyway,2.7238758708043065,5,ERA5_China
94,era5_China,spring,60.0,0.2,50.0,0.5,coarse-flyway,2.7238758708043065,5,ERA5_China
94,era5_China,spring,75.0,0.2,50.0,0.5,coarse-flyway,2.7238758708043065,5,ERA5_China
94,era5_China,spring,90.0,0.2,50.0,0.5,coarse-flyway,2.7238758708043065,5,ERA5_China
94,era5_China,autumn,210.0,0.2,50.0,0.5,coarse-flyway,2.7238758708043065,5,ERA5_China
94,era5_China,autumn,225.0,0.2,50.0,0.5,coarse-flyway,2.7238758708043065,5,ERA5_China
94,era5_China,autumn,240.0,0.2,50.0,0.5,coarse-flyway,2.7238758708043065,5,ERA5_China
94,era5_China,autumn,255.0,0.2,50.0,0.5,coarse-flyway,2.7238758708043065,5,ERA5_China
94,era5_China,autumn,270.0,0.2,50.0,0.5,coarse-flyway,2.7238758708043065,5,ERA5_China
97,era5_China,spring,30.0,0.2,50.0,0.5,coarse-flyway,2.7238758708043065,5,ERA5_China
97,era5_China,spring,45.0,0.2,50.0,0.5,coarse-flyway,2.7238758708043065,5,ERA5_China
97,era5_China,spring,60.0,0.2,50.0,0.5,coarse-flyway,2.7238758708043065,5,ERA5_China
97,era5_China,spring,75.0,0.2,50.0,0.5,coarse-flyway,2.7238758708043065,5,ERA5_China
97,era5_China,spring,90.0,0.2,50.0,0.5,coarse-flyway,2.7238758708043065,5,ERA5_China
97,era5_China,autumn,210.0,0.2,50.0,0.5,coarse-flyway,2.7238758708043065,5,ERA5_China
97,era5_China,autumn,225.0,0.2,50.0,0.5,coarse-flyway,2.7238758708043065,5,ERA5_China
97,era5_China,autumn,240.0,0.2,50.0,0.5,coarse-flyway,2.7238758708043065,5,ERA5_China
97,era5_China,autumn,255.0,0.2,50.0,0.5,coarse-flyway,2.7238758708043065,5,ERA5_China
97,era5_China,autumn,270.0,0.2,50.0,0.5,coarse-flyway,2.7238758708043065,5,ERA5_China
98,era5_China,spring,30.0,0.2,50.0,0.5,coarse-flyway,2.7238758708043065,5,ERA5_China
98,era5_China,spring,45.0,0.2,50.0,0.5,coarse-flyway,2.7238758708043065,5,ERA5_China
98,era5_China,spring,60.0,0.2,50.0,0.5,coarse-flyway,2.7238758708043065,5,ERA5_China
98,era5_China,spring,75.0,0.2,50.0,0.5,coarse-flyway,2.7238758708043065,5,ERA5_China
98,era5_China,spring,90.0,0.2,50.0,0.5,coarse-flyway,2.7238758708043065,5,ERA5_China
98,era5_China,autumn,210.0,0.2,50.0,0.5,coarse-flyway,2.7238758708043065,5,ERA5_China
98,era5_China,autumn,225.0,0.2,50.0,0.5,coarse-flyway,2.7238758708043065,5,ERA5_China
98,era5_China,autumn,240.0,0.2,50.0,0.5,coarse-flyway,2.7238758708043065,5,ERA5_China
98,era5_China,autumn,255.0,0.2,50.0,0.5,coarse-flyway,2.7238758708043065,5,ERA5_China
98,era5_China,autumn,270.0,0.2,50.0,0.5,coarse-flyway,2.7238758708043065,5,ERA5_China
101,era5_China,spring,30.0,0.2,50.0,0.5,coarse-flyway,2.7238758708043065,5,ERA5_China
101,era5_China,spring,45.0,0.2,50.0,0.5,coarse-flyway,2.7238758708043065,5,ERA5_China
101,era5_China,spring,60.0,0.2,50.0,0.5,coarse-flyway,2.7238758708043065,5,ERA5_China
101,era5_China,spring,75.0,0.2,50.0,0.5,coarse-flyway,2.7238758708043065,5,ERA5_China
101,era5_China,spring,90.0,0.2,50.0,0.5,coarse-flyway,2.7238758708043065,5,ERA5_China
101,era5_China,autumn,210.0,0.2,50.0,0.5,coarse-flyway,2.7238758708043065,5,ERA5_China
101,era5_China,autumn,225.0,0.2,50.0,0.5,coarse-flyway,2.7238758708043065,5,ERA5_China
101,era5_China,autumn,240.0,0.2,50.0,0.5,coarse-flyway,2.7238758708043065,5,ERA5_China
101,era5_China,autumn,255.0,0.2,50.0,0.5,coarse-flyway,2.7238758708043065,5,ERA5_China
101,era5_China,autumn,270.0,0.2,50.0,0.5,coarse-flyway,2.7238758708043065,5,ERA5_China
103,era5_China,spring,30.0,0.2,50.0,0.5,coarse-flyway,2.7238758708043065,5,ERA5_China
103,era5_China,spring,45.0,0.2,50.0,0.5,coarse-flyway,2.7238758708043065,5,ERA5_China
103,era5_China,spring,60.0,0.2,50.0,0.5,coarse-flyway,2.7238758708043065,5,ERA5_China
103,era5_China,spring,75.0,0.2,50.0,0.5,coarse-flyway,2.7238758708043065,5,ERA5_China
103,era5_China,spring,90.0,0.2,50.0,0.5,coarse-flyway,2.7238758708043065,5,ERA5_China
103,era5_China,autumn,210.0,0.2,50.0,0.5,coarse-flyway,2.7238758708043065,5,ERA5_China
103,era5_China,autumn,225.0,0.2,50.0,0.5,coarse-flyway,2.7238758708043065,5,ERA5_China
103,era5_China,autumn,240.0,0.2,50.0,0.5,coarse-flyway,2.7238758708043065,5,ERA5_China
103,era5_China,autumn,255.0,0.2,50.0,0.5,coarse-flyway,2.7238758708043065,5,ERA5_China
103,era5_China,autumn,270.0,0.2,50.0,0.5,coarse-flyway,2.7238758708043065,5,ERA5_China
104,era5_China,spring,30.0,0.2,50.0,0.5,coarse-flyway,2.7238758708043065,5,ERA5_China
104,era5_China,spring,45.0,0.2,50.0,0.5,coarse-flyway,2.7238758708043065,5,ERA5_China
104,era5_China,spring,60.0,0.2,50.0,0.5,coarse-flyway,2.7238758708043065,5,ERA5_China
104,era5_China,spring,75.0,0.2,50.0,0.5,coarse-flyway,2.7238758708043065,5,ERA5_China
104,era5_China,spring,90.0,0.2,50.0,0.5,coarse-flyway,2.7238758708043065,5,ERA5_China
104,era5_China,autumn,210.0,0.2,50.0,0.5,coarse-flyway,2.7238758708043065,5,ERA5_China
104,era5_China,autumn,225.0,0.2,50.0,0.5,coarse-flyway,2.7238758708043065,5,ERA5_China
104,era5_China,autumn,240.0,0.2,50.0,0.5,coarse-flyway,2.7238758708043065,5,ERA5_China
104,era5_China,autumn,255.0,0.2,50.0,0.5,coarse-flyway,2.7238758708043065,5,ERA5_China
104,era5_China,autumn,270.0,0.2,50.0,0.5,coarse-flyway,2.7238758708043065,5,ERA5_China
105,era5_China,spring,30.0,0.2,50.0,0.5,coarse-flyway,2.7238758708043065,5,ERA5_China
105,era5_China,spring,45.0,0.2,50.0,0.5,coarse-flyway,2.7238758708043065,5,ERA5_China
105,era5_China,spring,60.0,0.2,50.0,0.5,coarse-flyway,2.7238758708043065,5,ERA5_China
105,era5_China,spring,75.0,0.2,50.0,0.5,coarse-flyway,2.7238758708043065,5,ERA5_China
105,era5_China,spring,90.0,0.2,50.0,0.5,coarse-flyway,2.7238758708043065,5,ERA5_China
105,era5_China,autumn,210.0,0.2,50.0,0.5,coarse-flyway,2.7238758708043065,5,ERA5_China
105,era5_China,autumn,225.0,0.2,50.0,0.5,coarse-flyway,2.7238758708043065,5,ERA5_China
105,era5_China,autumn,240.0,0.2,50.0,0.5,coarse-flyway,2.7238758708043065,5,ERA5_China
105,era5_China,autumn,255.0,0.2,50.0,0.5,coarse-flyway,2.7238758708043065,5,ERA5_China
105,era5_China,autumn,270.0,0.2,50.0,0.5,coarse-flyway,2.7238758708043065,5,ERA5_China
106,era5_China,spring,30.0,0.2,50.0,0.5,coarse-flyway,2.7238758708043065,5,ERA5_China
106,era5_China,spring,45.0,0.2,50.0,0.5,coarse-flyway,2.7238758708043065,5,ERA5_China
106,era5_China,spring,60.0,0.2,50.0,0.5,coarse-flyway,2.7238758708043065,5,ERA5_China
106,era5_China,spring,75.0,0.2,50.0,0.5,coarse-flyway,2.7238758708043065,5,ERA5_China
106,era5_China,spring,90.0,0.2,50.0,0.5,coarse-flyway,2.7238758708043065,5,ERA5_China
106,era5_China,autumn,210.0,0.2,50.0,0.5,coarse-flyway,2.7238758708043065,5,ERA5_China
106,era5_China,autumn,225.0,0.2,50.0,0.5,coarse-flyway,2.7238758708043065,5,ERA5_China
106,era5_China,autumn,240.0,0.2,50.0,0.5,coarse-flyway,2.7238758708043065,5,ERA5_China
106,era5_China,autumn,255.0,0.2,50.0,0.5,coarse-flyway,2.7238758708043065,5,ERA5_China
106,era5_China,autumn,270.0,0.2,50.0,0.5,coarse-flyway,2.7238758708043065,5,ERA5_China
107,era5_Vietnam,spring,30.0,0.2,50.0,0.5,coarse-flyway,2.7238758708043065,5,ERA5_Vietnam
107,era5_Vietnam,spring,45.0,0.2,50.0,0.5,coarse-flyway,2.7238758708043065,5,ERA5_Vietnam
107,era5_Vietnam,spring,60.0,0.2,50.0,0.5,coarse-flyway,2.7238758708043065,5,ERA5_Vietnam
107,era5_Vietnam,spring,75.0,0.2,50.0,0.5,coarse-flyway,2.7238758708043065,5,ERA5_Vietnam
107,era5_Vietnam,spring,90.0,0.2,50.0,0.5,coarse-flyway,2.7238758708043065,5,ERA5_Vietnam
107,era5_Vietnam,autumn,210.0,0.2,50.0,0.5,coarse-flyway,2.7238758708043065,5,ERA5_Vietnam
107,era5_Vietnam,autumn,225.0,0.2,50.0,0.5,coarse-flyway,2.7238758708043065,5,ERA5_Vietnam
107,era5_Vietnam,autumn,240.0,0.2,50.0,0.5,coarse-flyway,2.7238758708043065,5,ERA5_Vietnam
107,era5_Vietnam,autumn,255.0,0.2,50.0,0.5,coarse-flyway,2.7238758708043065,5,ERA5_Vietnam
107,era5_Vietnam,autumn,270.0,0.2,50.0,0.5,coarse-flyway,2.7238758708043065,5,ERA5_Vietnam
108,era5_China,spring,30.0,0.2,50.0,0.5,coarse-flyway,2.7238758708043065,5,ERA5_China
108,era5_China,spring,45.0,0.2,50.0,0.5,coarse-flyway,2.7238758708043065,5,ERA5_China
108,era5_China,spring,60.0,0.2,50.0,0.5,coarse-flyway,2.7238758708043065,5,ERA5_China
108,era5_China,spring,75.0,0.2,50.0,0.5,coarse-flyway,2.7238758708043065,5,ERA5_China
108,era5_China,spring,90.0,0.2,50.0,0.5,coarse-flyway,2.7238758708043065,5,ERA5_China
108,era5_China,autumn,210.0,0.2,50.0,0.5,coarse-flyway,2.7238758708043065,5,ERA5_China
108,era5_China,autumn,225.0,0.2,50.0,0.5,coarse-flyway,2.7238758708043065,5,ERA5_China
108,era5_China,autumn,240.0,0.2,50.0,0.5,coarse-flyway,2.7238758708043065,5,ERA5_China
108,era5_China,autumn,255.0,0.2,50.0,0.5,coarse-flyway,2.7238758708043065,5,ERA5_China
108,era5_China,autumn,270.0,0.2,50.0,0.5,coarse-flyway,2.7238758708043065,5,ERA5_China
109,era5_China,spring,30.0,0.2,50.0,0.5,coarse-flyway,2.7238758708043065,5,ERA5_China
109,era5_China,spring,45.0,0.2,50.0,0.5,coarse-flyway,2.7238758708043065,5,ERA5_China
109,era5_China,spring,60.0,0.2,50.0,0.5,coarse-flyway,2.7238758708043065,5,ERA5_China
109,era5_China,spring,75.0,0.2,50.0,0.5,coarse-flyway,2.7238758708043065,5,ERA5_China
109,era5_China,spring,90.0,0.2,50.0,0.5,coarse-flyway,2.7238758708043065,5,ERA5_China
109,era5_China,autumn,210.0,0.2,50.0,0.5,coarse-flyway,2.7238758708043065,5,ERA5_China
109,era5_China,autumn,225.0,0.2,50.0,0.5,coarse-flyway,2.7238758708043065,5,ERA5_China
109,era5_China,autumn,240.0,0.2,50.0,0.5,coarse-flyway,2.7238758708043065,5,ERA5_China
109,era5_China,autumn,255.0,0.2,50.0,0.5,coarse-flyway,2.7238758708043065,5,ERA5_China
109,era5_China,autumn,270.0,0.2,50.0,0.5,coarse-flyway,2.7238758708043065,5,ERA5_China
110,era5_China,spring,30.0,0.2,50.0,0.5,coarse-flyway,2.7238758708043065,5,ERA5_China
110,era5_China,spring,45.0,0.2,50.0,0.5,coarse-flyway,2.7238758708043065,5,ERA5_China
110,era5_China,spring,60.0,0.2,50.0,0.5,coarse-flyway,2.7238758708043065,5,ERA5_China
110,era5_China,spring,75.0,0.2,50.0,0.5,coarse-flyway,2.7238758708043065,5,ERA5_China
110,era5_China,spring,90.0,0.2,50.0,0.5,coarse-flyway,2.7238758708043065,5,ERA5_China
110,era5_China,autumn,210.0,0.2,50.0,0.5,coarse-flyway,2.7238758708043065,5,ERA5_China
110,era5_China,autumn,225.0,0.2,50.0,0.5,coarse-flyway,2.7238758708043065,5,ERA5_China
110,era5_China,autumn,240.0,0.2,50.0,0.5,coarse-flyway,2.7238758708043065,5,ERA5_China
110,era5_China,autumn,255.0,0.2,50.0,0.5,coarse-flyway,2.7238758708043065,5,ERA5_China
110,era5_China,autumn,270.0,0.2,50.0,0.5,coarse-flyway,2.7238758708043065,5,ERA5_China
111,era5_China,spring,30.0,0.2,50.0,0.5,coarse-flyway,2.7238758708043065,5,ERA5_China
111,era5_China,spring,45.0,0.2,50.0,0.5,coarse-flyway,2.7238758708043065,5,ERA5_China
111,era5_China,spring,60.0,0.2,50.0,0.5,coarse-flyway,2.7238758708043065,5,ERA5_China
111,era5_China,spring,75.0,0.2,50.0,0.5,coarse-flyway,2.7238758708043065,5,ERA5_China
111,era5_China,spring,90.0,0.2,50.0,0.5,coarse-flyway,2.7238758708043065,5,ERA5_China
111,era5_China,autumn,210.0,0.2,50.0,0.5,coarse-flyway,2.7238758708043065,5,ERA5_China
111,era5_China,autumn,225.0,0.2,50.0,0.5,coarse-flyway,2.7238758708043065,5,ERA5_China
111,era5_China,autumn,240.0,0.2,50.0,0.5,coarse-flyway,2.7238758708043065,5,ERA5_China
111,era5_China,autumn,255.0,0.2,50.0,0.5,coarse-flyway,2.7238758708043065,5,ERA5_China
111,era5_China,autumn,270.0,0.2,50.0,0.5,coarse-flyway,2.7238758708043065,5,ERA5_China
112,era5_Vietnam,spring,30.0,0.2,50.0,0.5,coarse-flyway,2.7238758708043065,5,ERA5_Vietnam
112,era5_Vietnam,spring,45.0,0.2,50.0,0.5,coarse-flyway,2.7238758708043065,5,ERA5_Vietnam
112,era5_Vietnam,spring,60.0,0.2,50.0,0.5,coarse-flyway,2.7238758708043065,5,ERA5_Vietnam
112,era5_Vietnam,spring,75.0,0.2,50.0,0.5,coarse-flyway,2.7238758708043065,5,ERA5_Vietnam
112,era5_Vietnam,spring,90.0,0.2,50.0,0.5,coarse-flyway,2.7238758708043065,5,ERA5_Vietnam
112,era5_Vietnam,autumn,210.0,0.2,50.0,0.5,coarse-flyway,2.7238758708043065,5,ERA5_Vietnam
112,era5_Vietnam,autumn,225.0,0.2,50.0,0.5,coarse-flyway,2.7238758708043065,5,ERA5_Vietnam
112,era5_Vietnam,autumn,240.0,0.2,50.0,0.5,coarse-flyway,2.7238758708043065,5,ERA5_Vietnam
112,era5_Vietnam,autumn,255.0,0.2,50.0,0.5,coarse-flyway,2.7238758708043065,5,ERA5_Vietnam
112,era5_Vietnam,autumn,270.0,0.2,50.0,0.5,coarse-flyway,2.7238758708043065,5,ERA5_Vietnam
114,era5_China,spring,30.0,0.2,50.0,0.5,coarse-flyway,2.7238758708043065,5,ERA5_China
114,era5_China,spring,45.0,0.2,50.0,0.5,coarse-flyway,2.7238758708043065,5,ERA5_China
114,era5_China,spring,60.0,0.2,50.0,0.5,coarse-flyway,2.7238758708043065,5,ERA5_China
114,era5_China,spring,75.0,0.2,50.0,0.5,coarse-flyway,2.7238758708043065,5,ERA5_China
114,era5_China,spring,90.0,0.2,50.0,0.5,coarse-flyway,2.7238758708043065,5,ERA5_China
114,era5_China,autumn,210.0,0.2,50.0,0.5,coarse-flyway,2.7238758708043065,5,ERA5_China
114,era5_China,autumn,225.0,0.2,50.0,0.5,coarse-flyway,2.7238758708043065,5,ERA5_China
114,era5_China,autumn,240.0,0.2,50.0,0.5,coarse-flyway,2.7238758708043065,5,ERA5_China
114,era5_China,autumn,255.0,0.2,50.0,0.5,coarse-flyway,2.7238758708043065,5,ERA5_China
114,era5_China,autumn,270.0,0.2,50.0,0.5,coarse-flyway,2.7238758708043065,5,ERA5_China
115,era5_Vietnam,spring,30.0,0.2,50.0,0.5,coarse-flyway,2.7238758708043065,5,ERA5_Vietnam
115,era5_Vietnam,spring,45.0,0.2,50.0,0.5,coarse-flyway,2.7238758708043065,5,ERA5_Vietnam
115,era5_Vietnam,spring,60.0,0.2,50.0,0.5,coarse-flyway,2.7238758708043065,5,ERA5_Vietnam
115,era5_Vietnam,spring,75.0,0.2,50.0,0.5,coarse-flyway,2.7238758708043065,5,ERA5_Vietnam
115,era5_Vietnam,spring,90.0,0.2,50.0,0.5,coarse-flyway,2.7238758708043065,5,ERA5_Vietnam
115,era5_Vietnam,autumn,210.0,0.2,50.0,0.5,coarse-flyway,2.7238758708043065,5,ERA5_Vietnam
115,era5_Vietnam,autumn,225.0,0.2,50.0,0.5,coarse-flyway,2.7238758708043065,5,ERA5_Vietnam
115,era5_Vietnam,autumn,240.0,0.2,50.0,0.5,coarse-flyway,2.7238758708043065,5,ERA5_Vietnam
115,era5_Vietnam,autumn,255.0,0.2,50.0,0.5,coarse-flyway,2.7238758708043065,5,ERA5_Vietnam
115,era5_Vietnam,autumn,270.0,0.2,50.0,0.5,coarse-flyway,2.7238758708043065,5,ERA5_Vietnam
117,era5_United States of America,spring,15.0,0.2,50.0,0.5,coarse-flyway,2.7238758708043065,5,ERA5_United States of America
117,era5_United States of America,spring,30.0,0.2,50.0,0.5,coarse-flyway,2.7238758708043065,5,ERA5_United States of America
117,era5_United States of America,spring,45.0,0.2,50.0,0.5,coarse-flyway,2.7238758708043065,5,ERA5_United States of America
117,era5_United States of America,spring,60.0,0.2,50.0,0.5,coarse-flyway,2.7238758708043065,5,ERA5_United States of America
117,era5_United States of America,spring,75.0,0.2,50.0,0.5,coarse-flyway,2.7238758708043065,5,ERA5_United States of America
117,era5_United States of America,autumn,195.0,0.2,50.0,0.5,coarse-flyway,2.7238758708043065,5,ERA5_United States of America
117,era5_United States of America,autumn,210.0,0.2,50.0,0.5,coarse-flyway,2.7238758708043065,5,ERA5_United States of America
117,era5_United States of America,autumn,225.0,0.2,50.0,0.5,coarse-flyway,2.7238758708043065,5,ERA5_United States of America
117,era5_United States of America,autumn,240.0,0.2,50.0,0.5,coarse-flyway,2.7238758708043065,5,ERA5_United States of America
117,era5_United States of America,autumn,255.0,0.2,50.0,0.5,coarse-flyway,2.7238758708043065,5,ERA5_United States of America
118,era5_China,spring,30.0,0.2,50.0,0.5,coarse-flyway,2.7238758708043065,5,ERA5_China
118,era5_China,spring,45.0,0.2,50.0,0.5,coarse-flyway,2.7238758708043065,5,ERA5_China
118,era5_China,spring,60.0,0.2,50.0,0.5,coarse-flyway,2.7238758708043065,5,ERA5_China
118,era5_China,spring,75.0,0.2,50.0,0.5,coarse-flyway,2.7238758708043065,5,ERA5_China
118,era5_China,spring,90.0,0.2,50.0,0.5,coarse-flyway,2.7238758708043065,5,ERA5_China
118,era5_China,autumn,210.0,0.2,50.0,0.5,coarse-flyway,2.7238758708043065,5,ERA5_China
118,era5_China,autumn,225.0,0.2,50.0,0.5,coarse-flyway,2.7238758708043065,5,ERA5_China
118,era5_China,autumn,240.0,0.2,50.0,0.5,coarse-flyway,2.7238758708043065,5,ERA5_China
118,era5_China,autumn,255.0,0.2,50.0,0.5,coarse-flyway,2.7238758708043065,5,ERA5_China
118,era5_China,autumn,270.0,0.2,50.0,0.5,coarse-flyway,2.7238758708043065,5,ERA5_China
119,era5_China,spring,30.0,0.2,50.0,0.5,coarse-flyway,2.7238758708043065,5,ERA5_China
119,era5_China,spring,45.0,0.2,50.0,0.5,coarse-flyway,2.7238758708043065,5,ERA5_China
119,era5_China,spring,60.0,0.2,50.0,0.5,coarse-flyway,2.7238758708043065,5,ERA5_China
119,era5_China,spring,75.0,0.2,50.0,0.5,coarse-flyway,2.7238758708043065,5,ERA5_China
119,era5_China,spring,90.0,0.2,50.0,0.5,coarse-flyway,2.7238758708043065,5,ERA5_China
119,era5_China,autumn,210.0,0.2,50.0,0.5,coarse-flyway,2.7238758708043065,5,ERA5_China
119,era5_China,autumn,225.0,0.2,50.0,0.5,coarse-flyway,2.7238758708043065,5,ERA5_China
119,era5_China,autumn,240.0,0.2,50.0,0.5,coarse-flyway,2.7238758708043065,5,ERA5_China
119,era5_China,autumn,255.0,0.2,50.0,0.5,coarse-flyway,2.7238758708043065,5,ERA5_China
119,era5_China,autumn,270.0,0.2,50.0,0.5,coarse-flyway,2.7238758708043065,5,ERA5_China
120,era5_China,spring,30.0,0.2,50.0,0.5,coarse-flyway,2.7238758708043065,5,ERA5_China
120,era5_China,spring,45.0,0.2,50.0,0.5,coarse-flyway,2.7238758708043065,5,ERA5_China
120,era5_China,spring,60.0,0.2,50.0,0.5,coarse-flyway,2.7238758708043065,5,ERA5_China
120,era5_China,spring,75.0,0.2,50.0,0.5,coarse-flyway,2.7238758708043065,5,ERA5_China
120,era5_China,spring,90.0,0.2,50.0,0.5,coarse-flyway,2.7238758708043065,5,ERA5_China
120,era5_China,autumn,210.0,0.2,50.0,0.5,coarse-flyway,2.7238758708043065,5,ERA5_China
120,era5_China,autumn,225.0,0.2,50.0,0.5,coarse-flyway,2.7238758708043065,5,ERA5_China
120,era5_China,autumn,240.0,0.2,50.0,0.5,coarse-flyway,2.7238758708043065,5,ERA5_China
120,era5_China,autumn,255.0,0.2,50.0,0.5,coarse-flyway,2.7238758708043065,5,ERA5_China
120,era5_China,autumn,270.0,0.2,50.0,0.5,coarse-flyway,2.7238758708043065,5,ERA5_China
124,era5_China,spring,30.0,0.2,50.0,0.5,coarse-flyway,2.7238758708043065,5,ERA5_China
124,era5_China,spring,45.0,0.2,50.0,0.5,coarse-flyway,2.7238758708043065,5,ERA5_China
124,era5_China,spring,60.0,0.2,50.0,0.5,coarse-flyway,2.7238758708043065,5,ERA5_China
124,era5_China,spring,75.0,0.2,50.0,0.5,coarse-flyway,2.7238758708043065,5,ERA5_China
124,era5_China,spring,90.0,0.2,50.0,0.5,coarse-flyway,2.7238758708043065,5,ERA5_China
124,era5_China,autumn,210.0,0.2,50.0,0.5,coarse-flyway,2.7238758708043065,5,ERA5_China
124,era5_China,autumn,225.0,0.2,50.0,0.5,coarse-flyway,2.7238758708043065,5,ERA5_China
124,era5_China,autumn,240.0,0.2,50.0,0.5,coarse-flyway,2.7238758708043065,5,ERA5_China
124,era5_China,autumn,255.0,0.2,50.0,0.5,coarse-flyway,2.7238758708043065,5,ERA5_China
124,era5_China,autumn,270.0,0.2,50.0,0.5,coarse-flyway,2.7238758708043065,5,ERA5_China
125,era5_China,spring,30.0,0.2,50.0,0.5,coarse-flyway,2.7238758708043065,5,ERA5_China
125,era5_China,spring,45.0,0.2,50.0,0.5,coarse-flyway,2.7238758708043065,5,ERA5_China
125,era5_China,spring,60.0,0.2,50.0,0.5,coarse-flyway,2.7238758708043065,5,ERA5_China
125,era5_China,spring,75.0,0.2,50.0,0.5,coarse-flyway,2.7238758708043065,5,ERA5_China
125,era5_China,spring,90.0,0.2,50.0,0.5,coarse-flyway,2.7238758708043065,5,ERA5_China
125,era5_China,autumn,210.0,0.2,50.0,0.5,coarse-flyway,2.7238758708043065,5,ERA5_China
125,era5_China,autumn,225.0,0.2,50.0,0.5,coarse-flyway,2.7238758708043065,5,ERA5_China
125,era5_China,autumn,240.0,0.2,50.0,0.5,coarse-flyway,2.7238758708043065,5,ERA5_China
125,era5_China,autumn,255.0,0.2,50.0,0.5,coarse-flyway,2.7238758708043065,5,ERA5_China
125,era5_China,autumn,270.0,0.2,50.0,0.5,coarse-flyway,2.7238758708043065,5,ERA5_China
126,era5_Vietnam,spring,30.0,0.2,50.0,0.5,coarse-flyway,2.7238758708043065,5,ERA5_Vietnam
126,era5_Vietnam,spring,45.0,0.2,50.0,0.5,coarse-flyway,2.7238758708043065,5,ERA5_Vietnam
126,era5_Vietnam,spring,60.0,0.2,50.0,0.5,coarse-flyway,2.7238758708043065,5,ERA5_Vietnam
126,era5_Vietnam,spring,75.0,0.2,50.0,0.5,coarse-flyway,2.7238758708043065,5,ERA5_Vietnam
126,era5_Vietnam,spring,90.0,0.2,50.0,0.5,coarse-flyway,2.7238758708043065,5,ERA5_Vietnam
126,era5_Vietnam,autumn,210.0,0.2,50.0,0.5,coarse-flyway,2.7238758708043065,5,ERA5_Vietnam
126,era5_Vietnam,autumn,225.0,0.2,50.0,0.5,coarse-flyway,2.7238758708043065,5,ERA5_Vietnam
126,era5_Vietnam,autumn,240.0,0.2,50.0,0.5,coarse-flyway,2.7238758708043065,5,ERA5_Vietnam
126,era5_Vietnam,autumn,255.0,0.2,50.0,0.5,coarse-flyway,2.7238758708043065,5,ERA5_Vietnam
126,era5_Vietnam,autumn,270.0,0.2,50.0,0.5,coarse-flyway,2.7238758708043065,5,ERA5_Vietnam
130,era5_Vietnam,spring,30.0,0.2,50.0,0.5,coarse-flyway,2.7238758708043065,5,ERA5_Vietnam
130,era5_Vietnam,spring,45.0,0.2,50.0,0.5,coarse-flyway,2.7238758708043065,5,ERA5_Vietnam
130,era5_Vietnam,spring,60.0,0.2,50.0,0.5,coarse-flyway,2.7238758708043065,5,ERA5_Vietnam
130,era5_Vietnam,spring,75.0,0.2,50.0,0.5,coarse-flyway,2.7238758708043065,5,ERA5_Vietnam
130,era5_Vietnam,spring,90.0,0.2,50.0,0.5,coarse-flyway,2.7238758708043065,5,ERA5_Vietnam
130,era5_Vietnam,autumn,210.0,0.2,50.0,0.5,coarse-flyway,2.7238758708043065,5,ERA5_Vietnam
130,era5_Vietnam,autumn,225.0,0.2,50.0,0.5,coarse-flyway,2.7238758708043065,5,ERA5_Vietnam
130,era5_Vietnam,autumn,240.0,0.2,50.0,0.5,coarse-flyway,2.7238758708043065,5,ERA5_Vietnam
130,era5_Vietnam,autumn,255.0,0.2,50.0,0.5,coarse-flyway,2.7238758708043065,5,ERA5_Vietnam
130,era5_Vietnam,autumn,270.0,0.2,50.0,0.5,coarse-flyway,2.7238758708043065,5,ERA5_Vietnam
131,era5_China,spring,30.0,0.2,50.0,0.5,coarse-flyway,2.7238758708043065,5,ERA5_China
131,era5_China,spring,45.0,0.2,50.0,0.5,coarse-flyway,2.7238758708043065,5,ERA5_China
131,era5_China,spring,60.0,0.2,50.0,0.5,coarse-flyway,2.7238758708043065,5,ERA5_China
131,era5_China,spring,75.0,0.2,50.0,0.5,coarse-flyway,2.7238758708043065,5,ERA5_China
131,era5_China,spring,90.0,0.2,50.0,0.5,coarse-flyway,2.7238758708043065,5,ERA5_China
131,era5_China,autumn,210.0,0.2,50.0,0.5,coarse-flyway,2.7238758708043065,5,ERA5_China
131,era5_China,autumn,225.0,0.2,50.0,0.5,coarse-flyway,2.7238758708043065,5,ERA5_China
131,era5_China,autumn,240.0,0.2,50.0,0.5,coarse-flyway,2.7238758708043065,5,ERA5_China
131,era5_China,autumn,255.0,0.2,50.0,0.5,coarse-flyway,2.7238758708043065,5,ERA5_China
131,era5_China,autumn,270.0,0.2,50.0,0.5,coarse-flyway,2.7238758708043065,5,ERA5_China
132,era5_China,spring,30.0,0.2,50.0,0.5,coarse-flyway,2.7238758708043065,5,ERA5_China
132,era5_China,spring,45.0,0.2,50.0,0.5,coarse-flyway,2.7238758708043065,5,ERA5_China
132,era5_China,spring,60.0,0.2,50.0,0.5,coarse-flyway,2.7238758708043065,5,ERA5_China
132,era5_China,spring,75.0,0.2,50.0,0.5,coarse-flyway,2.7238758708043065,5,ERA5_China
132,era5_China,spring,90.0,0.2,50.0,0.5,coarse-flyway,2.7238758708043065,5,ERA5_China
132,era5_China,autumn,210.0,0.2,50.0,0.5,coarse-flyway,2.7238758708043065,5,ERA5_China
132,era5_China,autumn,225.0,0.2,50.0,0.5,coarse-flyway,2.7238758708043065,5,ERA5_China
132,era5_China,autumn,240.0,0.2,50.0,0.5,coarse-flyway,2.7238758708043065,5,ERA5_China
132,era5_China,autumn,255.0,0.2,50.0,0.5,coarse-flyway,2.7238758708043065,5,ERA5_China
132,era5_China,autumn,270.0,0.2,50.0,0.5,coarse-flyway,2.7238758708043065,5,ERA5_China
133,era5_Vietnam,spring,30.0,0.2,50.0,0.5,coarse-flyway,2.7238758708043065,5,ERA5_Vietnam
133,era5_Vietnam,spring,45.0,0.2,50.0,0.5,coarse-flyway,2.7238758708043065,5,ERA5_Vietnam
133,era5_Vietnam,spring,60.0,0.2,50.0,0.5,coarse-flyway,2.7238758708043065,5,ERA5_Vietnam
133,era5_Vietnam,spring,75.0,0.2,50.0,0.5,coarse-flyway,2.7238758708043065,5,ERA5_Vietnam
133,era5_Vietnam,spring,90.0,0.2,50.0,0.5,coarse-flyway,2.7238758708043065,5,ERA5_Vietnam
133,era5_Vietnam,autumn,210.0,0.2,50.0,0.5,coarse-flyway,2.7238758708043065,5,ERA5_Vietnam
133,era5_Vietnam,autumn,225.0,0.2,50.0,0.5,coarse-flyway,2.7238758708043065,5,ERA5_Vietnam
133,era5_Vietnam,autumn,240.0,0.2,50.0,0.5,coarse-flyway,2.7238758708043065,5,ERA5_Vietnam
133,era5_Vietnam,autumn,255.0,0.2,50.0,0.5,coarse-flyway,2.7238758708043065,5,ERA5_Vietnam
133,era5_Vietnam,autumn,270.0,0.2,50.0,0.5,coarse-flyway,2.7238758708043065,5,ERA5_Vietnam
135,era5_Japan,spring,15.0,0.2,50.0,0.5,coarse-flyway,2.7238758708043065,5,ERA5_Japan
135,era5_Japan,spring,30.0,0.2,50.0,0.5,coarse-flyway,2.7238758708043065,5,ERA5_Japan
135,era5_Japan,spring,45.0,0.2,50.0,0.5,coarse-flyway,2.7238758708043065,5,ERA5_Japan
135,era5_Japan,spring,60.0,0.2,50.0,0.5,coarse-flyway,2.7238758708043065,5,ERA5_Japan
135,era5_Japan,spring,75.0,0.2,50.0,0.5,coarse-flyway,2.7238758708043065,5,ERA5_Japan
135,era5_Japan,autumn,195.0,0.2,50.0,0.5,coarse-flyway,2.7238758708043065,5,ERA5_Japan
135,era5_Japan,autumn,210.0,0.2,50.0,0.5,coarse-flyway,2.7238758708043065,5,ERA5_Japan
135,era5_Japan,autumn,225.0,0.2,50.0,0.5,coarse-flyway,2.7238758708043065,5,ERA5_Japan
135,era5_Japan,autumn,240.0,0.2,50.0,0.5,coarse-flyway,2.7238758708043065,5,ERA5_Japan
135,era5_Japan,autumn,255.0,0.2,50.0,0.5,coarse-flyway,2.7238758708043065,5,ERA5_Japan
138,era5_United States of America,spring,15.0,0.2,50.0,0.5,coarse-flyway,2.7238758708043065,5,ERA5_United States of America
138,era5_United States of America,spring,30.0,0.2,50.0,0.5,coarse-flyway,2.7238758708043065,5,ERA5_United States of America
138,era5_United States of America,spring,45.0,0.2,50.0,0.5,coarse-flyway,2.7238758708043065,5,ERA5_United States of America
138,era5_United States of America,spring,60.0,0.2,50.0,0.5,coarse-flyway,2.7238758708043065,5,ERA5_United States of America
138,era5_United States of America,spring,75.0,0.2,50.0,0.5,coarse-flyway,2.7238758708043065,5,ERA5_United States of America
138,era5_United States of America,autumn,195.0,0.2,50.0,0.5,coarse-flyway,2.7238758708043065,5,ERA5_United States of America
138,era5_United States of America,autumn,210.0,0.2,50.0,0.5,coarse-flyway,2.7238758708043065,5,ERA5_United States of America
138,era5_United States of America,autumn,225.0,0.2,50.0,0.5,coarse-flyway,2.7238758708043065,5,ERA5_United States of America
138,era5_United States of America,autumn,240.0,0.2,50.0,0.5,coarse-flyway,2.7238758708043065,5,ERA5_United States of America
138,era5_United States of America,autumn,255.0,0.2,50.0,0.5,coarse-flyway,2.7238758708043065,5,ERA5_United States of America
139,era5_South Korea,spring,15.0,0.2,50.0,0.5,coarse-flyway,2.7238758708043065,5,ERA5_South Korea
139,era5_South Korea,spring,30.0,0.2,50.0,0.5,coarse-flyway,2.7238758708043065,5,ERA5_South Korea
139,era5_South Korea,spring,45.0,0.2,50.0,0.5,coarse-flyway,2.7238758708043065,5,ERA5_South Korea
139,era5_South Korea,spring,60.0,0.2,50.0,0.5,coarse-flyway,2.7238758708043065,5,ERA5_South Korea
139,era5_South Korea,spring,75.0,0.2,50.0,0.5,coarse-flyway,2.7238758708043065,5,ERA5_South Korea
139,era5_South Korea,autumn,195.0,0.2,50.0,0.5,coarse-flyway,2.7238758708043065,5,ERA5_South Korea
139,era5_South Korea,autumn,210.0,0.2,50.0,0.5,coarse-flyway,2.7238758708043065,5,ERA5_South Korea
139,era5_South Korea,autumn,225.0,0.2,50.0,0.5,coarse-flyway,2.7238758708043065,5,ERA5_South Korea
139,era5_South Korea,autumn,240.0,0.2,50.0,0.5,coarse-flyway,2.7238758708043065,5,ERA5_South Korea
139,era5_South Korea,autumn,255.0,0.2,50.0,0.5,coarse-flyway,2.7238758708043065,5,ERA5_South Korea
141,era5_Vietnam,spring,30.0,0.2,50.0,0.5,coarse-flyway,2.7238758708043065,5,ERA5_Vietnam
141,era5_Vietnam,spring,45.0,0.2,50.0,0.5,coarse-flyway,2.7238758708043065,5,ERA5_Vietnam
141,era5_Vietnam,spring,60.0,0.2,50.0,0.5,coarse-flyway,2.7238758708043065,5,ERA5_Vietnam
141,era5_Vietnam,spring,75.0,0.2,50.0,0.5,coarse-flyway,2.7238758708043065,5,ERA5_Vietnam
141,era5_Vietnam,spring,90.0,0.2,50.0,0.5,coarse-flyway,2.7238758708043065,5,ERA5_Vietnam
141,era5_Vietnam,autumn,210.0,0.2,50.0,0.5,coarse-flyway,2.7238758708043065,5,ERA5_Vietnam
141,era5_Vietnam,autumn,225.0,0.2,50.0,0.5,coarse-flyway,2.7238758708043065,5,ERA5_Vietnam
141,era5_Vietnam,autumn,240.0,0.2,50.0,0.5,coarse-flyway,2.7238758708043065,5,ERA5_Vietnam
141,era5_Vietnam,autumn,255.0,0.2,50.0,0.5,coarse-flyway,2.7238758708043065,5,ERA5_Vietnam
141,era5_Vietnam,autumn,270.0,0.2,50.0,0.5,coarse-flyway,2.7238758708043065,5,ERA5_Vietnam
143,era5_Vietnam,spring,30.0,0.2,50.0,0.5,coarse-flyway,2.7238758708043065,5,ERA5_Vietnam
143,era5_Vietnam,spring,45.0,0.2,50.0,0.5,coarse-flyway,2.7238758708043065,5,ERA5_Vietnam
143,era5_Vietnam,spring,60.0,0.2,50.0,0.5,coarse-flyway,2.7238758708043065,5,ERA5_Vietnam
143,era5_Vietnam,spring,75.0,0.2,50.0,0.5,coarse-flyway,2.7238758708043065,5,ERA5_Vietnam
143,era5_Vietnam,spring,90.0,0.2,50.0,0.5,coarse-flyway,2.7238758708043065,5,ERA5_Vietnam
143,era5_Vietnam,autumn,210.0,0.2,50.0,0.5,coarse-flyway,2.7238758708043065,5,ERA5_Vietnam
143,era5_Vietnam,autumn,225.0,0.2,50.0,0.5,coarse-flyway,2.7238758708043065,5,ERA5_Vietnam
143,era5_Vietnam,autumn,240.0,0.2,50.0,0.5,coarse-flyway,2.7238758708043065,5,ERA5_Vietnam
143,era5_Vietnam,autumn,255.0,0.2,50.0,0.5,coarse-flyway,2.7238758708043065,5,ERA5_Vietnam
143,era5_Vietnam,autumn,270.0,0.2,50.0,0.5,coarse-flyway,2.7238758708043065,5,ERA5_Vietnam
145,era5_Japan,spring,15.0,0.2,50.0,0.5,coarse-flyway,2.7238758708043065,5,ERA5_Japan
145,era5_Japan,spring,30.0,0.2,50.0,0.5,coarse-flyway,2.7238758708043065,5,ERA5_Japan
145,era5_Japan,spring,45.0,0.2,50.0,0.5,coarse-flyway,2.7238758708043065,5,ERA5_Japan
145,era5_Japan,spring,60.0,0.2,50.0,0.5,coarse-flyway,2.7238758708043065,5,ERA5_Japan
145,era5_Japan,spring,75.0,0.2,50.0,0.5,coarse-flyway,2.7238758708043065,5,ERA5_Japan
145,era5_Japan,autumn,195.0,0.2,50.0,0.5,coarse-flyway,2.7238758708043065,5,ERA5_Japan
145,era5_Japan,autumn,210.0,0.2,50.0,0.5,coarse-flyway,2.7238758708043065,5,ERA5_Japan
145,era5_Japan,autumn,225.0,0.2,50.0,0.5,coarse-flyway,2.7238758708043065,5,ERA5_Japan
145,era5_Japan,autumn,240.0,0.2,50.0,0.5,coarse-flyway,2.7238758708043065,5,ERA5_Japan
145,era5_Japan,autumn,255.0,0.2,50.0,0.5,coarse-flyway,2.7238758708043065,5,ERA5_Japan
146,era5_United States of America,spring,15.0,0.2,50.0,0.5,coarse-flyway,2.7238758708043065,5,ERA5_United States of America
146,era5_United States of America,spring,30.0,0.2,50.0,0.5,coarse-flyway,2.7238758708043065,5,ERA5_United States of America
146,era5_United States of America,spring,45.0,0.2,50.0,0.5,coarse-flyway,2.7238758708043065,5,ERA5_United States of America
146,era5_United States of America,spring,60.0,0.2,50.0,0.5,coarse-flyway,2.7238758708043065,5,ERA5_United States of America
146,era5_United States of America,spring,75.0,0.2,50.0,0.5,coarse-flyway,2.7238758708043065,5,ERA5_United States of America
146,era5_United States of America,autumn,195.0,0.2,50.0,0.5,coarse-flyway,2.7238758708043065,5,ERA5_United States of America
146,era5_United States of America,autumn,210.0,0.2,50.0,0.5,coarse-flyway,2.7238758708043065,5,ERA5_United States of America
146,era5_United States of America,autumn,225.0,0.2,50.0,0.5,coarse-flyway,2.7238758708043065,5,ERA5_United States of America
146,era5_United States of America,autumn,240.0,0.2,50.0,0.5,coarse-flyway,2.7238758708043065,5,ERA5_United States of America
146,era5_United States of America,autumn,255.0,0.2,50.0,0.5,coarse-flyway,2.7238758708043065,5,ERA5_United States of America
147,era5_China,spring,30.0,0.2,50.0,0.5,coarse-flyway,2.7238758708043065,5,ERA5_China
147,era5_China,spring,45.0,0.2,50.0,0.5,coarse-flyway,2.7238758708043065,5,ERA5_China
147,era5_China,spring,60.0,0.2,50.0,0.5,coarse-flyway,2.7238758708043065,5,ERA5_China
147,era5_China,spring,75.0,0.2,50.0,0.5,coarse-flyway,2.7238758708043065,5,ERA5_China
147,era5_China,spring,90.0,0.2,50.0,0.5,coarse-flyway,2.7238758708043065,5,ERA5_China
147,era5_China,autumn,210.0,0.2,50.0,0.5,coarse-flyway,2.7238758708043065,5,ERA5_China
147,era5_China,autumn,225.0,0.2,50.0,0.5,coarse-flyway,2.7238758708043065,5,ERA5_China
147,era5_China,autumn,240.0,0.2,50.0,0.5,coarse-flyway,2.7238758708043065,5,ERA5_China
147,era5_China,autumn,255.0,0.2,50.0,0.5,coarse-flyway,2.7238758708043065,5,ERA5_China
147,era5_China,autumn,270.0,0.2,50.0,0.5,coarse-flyway,2.7238758708043065,5,ERA5_China
151,era5_South Korea,spring,15.0,0.2,50.0,0.5,coarse-flyway,2.7238758708043065,5,ERA5_South Korea
151,era5_South Korea,spring,30.0,0.2,50.0,0.5,coarse-flyway,2.7238758708043065,5,ERA5_South Korea
151,era5_South Korea,spring,45.0,0.2,50.0,0.5,coarse-flyway,2.7238758708043065,5,ERA5_South Korea
151,era5_South Korea,spring,60.0,0.2,50.0,0.5,coarse-flyway,2.7238758708043065,5,ERA5_South Korea
151,era5_South Korea,spring,75.0,0.2,50.0,0.5,coarse-flyway,2.7238758708043065,5,ERA5_South Korea
151,era5_South Korea,autumn,195.0,0.2,50.0,0.5,coarse-flyway,2.7238758708043065,5,ERA5_South Korea
151,era5_South Korea,autumn,210.0,0.2,50.0,0.5,coarse-flyway,2.7238758708043065,5,ERA5_South Korea
151,era5_South Korea,autumn,225.0,0.2,50.0,0.5,coarse-flyway,2.7238758708043065,5,ERA5_South Korea
151,era5_South Korea,autumn,240.0,0.2,50.0,0.5,coarse-flyway,2.7238758708043065,5,ERA5_South Korea
151,era5_South Korea,autumn,255.0,0.2,50.0,0.5,coarse-flyway,2.7238758708043065,5,ERA5_South Korea
156,era5_United States of America,spring,15.0,0.2,50.0,0.5,coarse-flyway,2.7238758708043065,5,ERA5_United States of America
156,era5_United States of America,spring,30.0,0.2,50.0,0.5,coarse-flyway,2.7238758708043065,5,ERA5_United States of America
156,era5_United States of America,spring,45.0,0.2,50.0,0.5,coarse-flyway,2.7238758708043065,5,ERA5_United States of America
156,era5_United States of America,spring,60.0,0.2,50.0,0.5,coarse-flyway,2.7238758708043065,5,ERA5_United States of America
156,era5_United States of America,spring,75.0,0.2,50.0,0.5,coarse-flyway,2.7238758708043065,5,ERA5_United States of America
156,era5_United States of America,autumn,195.0,0.2,50.0,0.5,coarse-flyway,2.7238758708043065,5,ERA5_United States of America
156,era5_United States of America,autumn,210.0,0.2,50.0,0.5,coarse-flyway,2.7238758708043065,5,ERA5_United States of America
156,era5_United States of America,autumn,225.0,0.2,50.0,0.5,coarse-flyway,2.7238758708043065,5,ERA5_United States of America
156,era5_United States of America,autumn,240.0,0.2,50.0,0.5,coarse-flyway,2.7238758708043065,5,ERA5_United States of America
156,era5_United States of America,autumn,255.0,0.2,50.0,0.5,coarse-flyway,2.7238758708043065,5,ERA5_United States of America
159,era5_Vietnam,spring,30.0,0.2,50.0,0.5,coarse-flyway,2.7238758708043065,5,ERA5_Vietnam
159,era5_Vietnam,spring,45.0,0.2,50.0,0.5,coarse-flyway,2.7238758708043065,5,ERA5_Vietnam
159,era5_Vietnam,spring,60.0,0.2,50.0,0.5,coarse-flyway,2.7238758708043065,5,ERA5_Vietnam
159,era5_Vietnam,spring,75.0,0.2,50.0,0.5,coarse-flyway,2.7238758708043065,5,ERA5_Vietnam
159,era5_Vietnam,spring,90.0,0.2,50.0,0.5,coarse-flyway,2.7238758708043065,5,ERA5_Vietnam
159,era5_Vietnam,autumn,210.0,0.2,50.0,0.5,coarse-flyway,2.7238758708043065,5,ERA5_Vietnam
159,era5_Vietnam,autumn,225.0,0.2,50.0,0.5,coarse-flyway,2.7238758708043065,5,ERA5_Vietnam
159,era5_Vietnam,autumn,240.0,0.2,50.0,0.5,coarse-flyway,2.7238758708043065,5,ERA5_Vietnam
159,era5_Vietnam,autumn,255.0,0.2,50.0,0.5,coarse-flyway,2.7238758708043065,5,ERA5_Vietnam
159,era5_Vietnam,autumn,270.0,0.2,50.0,0.5,coarse-flyway,2.7238758708043065,5,ERA5_Vietnam
160,era5_United States of America,spring,15.0,0.2,50.0,0.5,coarse-flyway,2.7238758708043065,5,ERA5_United States of America
160,era5_United States of America,spring,30.0,0.2,50.0,0.5,coarse-flyway,2.7238758708043065,5,ERA5_United States of America
160,era5_United States of America,spring,45.0,0.2,50.0,0.5,coarse-flyway,2.7238758708043065,5,ERA5_United States of America
160,era5_United States of America,spring,60.0,0.2,50.0,0.5,coarse-flyway,2.7238758708043065,5,ERA5_United States of America
160,era5_United States of America,spring,75.0,0.2,50.0,0.5,coarse-flyway,2.7238758708043065,5,ERA5_United States of America
160,era5_United States of America,autumn,195.0,0.2,50.0,0.5,coarse-flyway,2.7238758708043065,5,ERA5_United States of America
160,era5_United States of America,autumn,210.0,0.2,50.0,0.5,coarse-flyway,2.7238758708043065,5,ERA5_United States of America
160,era5_United States of America,autumn,225.0,0.2,50.0,0.5,coarse-flyway,2.7238758708043065,5,ERA5_United States of America
160,era5_United States of America,autumn,240.0,0.2,50.0,0.5,coarse-flyway,2.7238758708043065,5,ERA5_United States of America
160,era5_United States of America,autumn,255.0,0.2,50.0,0.5,coarse-flyway,2.7238758708043065,5,ERA5_United States of America
165,era5_China,spring,30.0,0.2,50.0,0.5,coarse-flyway,2.7238758708043065,5,ERA5_China
165,era5_China,spring,45.0,0.2,50.0,0.5,coarse-flyway,2.7238758708043065,5,ERA5_China
165,era5_China,spring,60.0,0.2,50.0,0.5,coarse-flyway,2.7238758708043065,5,ERA5_China
165,era5_China,spring,75.0,0.2,50.0,0.5,coarse-flyway,2.7238758708043065,5,ERA5_China
165,era5_China,spring,90.0,0.2,50.0,0.5,coarse-flyway,2.7238758708043065,5,ERA5_China
165,era5_China,autumn,210.0,0.2,50.0,0.5,coarse-flyway,2.7238758708043065,5,ERA5_China
165,era5_China,autumn,225.0,0.2,50.0,0.5,coarse-flyway,2.7238758708043065,5,ERA5_China
165,era5_China,autumn,240.0,0.2,50.0,0.5,coarse-flyway,2.7238758708043065,5,ERA5_China
165,era5_China,autumn,255.0,0.2,50.0,0.5,coarse-flyway,2.7238758708043065,5,ERA5_China
165,era5_China,autumn,270.0,0.2,50.0,0.5,coarse-flyway,2.7238758708043065,5,ERA5_China
166,era5_Japan,spring,15.0,0.2,50.0,0.5,coarse-flyway,2.7238758708043065,5,ERA5_Japan
166,era5_Japan,spring,30.0,0.2,50.0,0.5,coarse-flyway,2.7238758708043065,5,ERA5_Japan
166,era5_Japan,spring,45.0,0.2,50.0,0.5,coarse-flyway,2.7238758708043065,5,ERA5_Japan
166,era5_Japan,spring,60.0,0.2,50.0,0.5,coarse-flyway,2.7238758708043065,5,ERA5_Japan
166,era5_Japan,spring,75.0,0.2,50.0,0.5,coarse-flyway,2.7238758708043065,5,ERA5_Japan
166,era5_Japan,autumn,195.0,0.2,50.0,0.5,coarse-flyway,2.7238758708043065,5,ERA5_Japan
166,era5_Japan,autumn,210.0,0.2,50.0,0.5,coarse-flyway,2.7238758708043065,5,ERA5_Japan
166,era5_Japan,autumn,225.0,0.2,50.0,0.5,coarse-flyway,2.7238758708043065,5,ERA5_Japan
166,era5_Japan,autumn,240.0,0.2,50.0,0.5,coarse-flyway,2.7238758708043065,5,ERA5_Japan
166,era5_Japan,autumn,255.0,0.2,50.0,0.5,coarse-flyway,2.7238758708043065,5,ERA5_Japan
168,era5_China,spring,30.0,0.2,50.0,0.5,coarse-flyway,2.7238758708043065,5,ERA5_China
168,era5_China,spring,45.0,0.2,50.0,0.5,coarse-flyway,2.7238758708043065,5,ERA5_China
168,era5_China,spring,60.0,0.2,50.0,0.5,coarse-flyway,2.7238758708043065,5,ERA5_China
168,era5_China,spring,75.0,0.2,50.0,0.5,coarse-flyway,2.7238758708043065,5,ERA5_China
168,era5_China,spring,90.0,0.2,50.0,0.5,coarse-flyway,2.7238758708043065,5,ERA5_China
168,era5_China,autumn,210.0,0.2,50.0,0.5,coarse-flyway,2.7238758708043065,5,ERA5_China
168,era5_China,autumn,225.0,0.2,50.0,0.5,coarse-flyway,2.7238758708043065,5,ERA5_China
168,era5_China,autumn,240.0,0.2,50.0,0.5,coarse-flyway,2.7238758708043065,5,ERA5_China
168,era5_China,autumn,255.0,0.2,50.0,0.5,coarse-flyway,2.7238758708043065,5,ERA5_China
168,era5_China,autumn,270.0,0.2,50.0,0.5,coarse-flyway,2.7238758708043065,5,ERA5_China
169,era5_China,spring,30.0,0.2,50.0,0.5,coarse-flyway,2.7238758708043065,5,ERA5_China
169,era5_China,spring,45.0,0.2,50.0,0.5,coarse-flyway,2.7238758708043065,5,ERA5_China
169,era5_China,spring,60.0,0.2,50.0,0.5,coarse-flyway,2.7238758708043065,5,ERA5_China
169,era5_China,spring,75.0,0.2,50.0,0.5,coarse-flyway,2.7238758708043065,5,ERA5_China
169,era5_China,spring,90.0,0.2,50.0,0.5,coarse-flyway,2.7238758708043065,5,ERA5_China
169,era5_China,autumn,210.0,0.2,50.0,0.5,coarse-flyway,2.7238758708043065,5,ERA5_China
169,era5_China,autumn,225.0,0.2,50.0,0.5,coarse-flyway,2.7238758708043065,5,ERA5_China
169,era5_China,autumn,240.0,0.2,50.0,0.5,coarse-flyway,2.7238758708043065,5,ERA5_China
169,era5_China,autumn,255.0,0.2,50.0,0.5,coarse-flyway,2.7238758708043065,5,ERA5_China
169,era5_China,autumn,270.0,0.2,50.0,0.5,coarse-flyway,2.7238758708043065,5,ERA5_China
