lat,lon,row,col,spring_dir,spring_conc,spring_n,autumn_dir,autumn_conc,autumn_n,annual_dir,total_n
43.0,-2.25,0,11,49.6,0.9885,965,250.5,0.8988,1454,334.6,3586
43.0,-2.0,0,12,49.2,0.988,962,250.2,0.8989,1455,333.8,3581
43.0,-1.75,0,13,48.8,0.9874,961,249.9,0.8987,1454,333.4,3576
43.0,-1.5,0,14,48.5,0.9869,961,249.5,0.899,1454,332.9,3574
43.0,-1.25,0,15,48.2,0.9861,960,249.1,0.8995,1454,332.3,3569
43.0,-1.0,0,16,47.9,0.9852,961,248.6,0.8998,1455,332.0,3568
43.0,-0.75,0,17,47.8,0.9842,959,248.0,0.9005,1455,331.6,3563
43.0,-0.5,0,18,47.7,0.983,959,247.4,0.9011,1456,331.4,3560
43.0,-0.25,0,19,47.7,0.9817,958,246.8,0.9028,1456,331.0,3554
43.0,0.0,0,20,47.7,0.9801,958,246.1,0.9036,1455,330.7,3552
43.0,0.25,0,21,47.8,0.9781,958,245.4,0.9052,1456,330.2,3551
43.0,0.5,0,22,47.8,0.9758,957,244.7,0.9047,1456,329.9,3549
43.0,0.75,0,23,48.0,0.9734,957,244.1,0.9052,1457,329.5,3549
43.0,1.0,0,24,48.0,0.9708,955,243.5,0.9058,1455,329.1,3544
43.0,1.25,0,25,48.2,0.9684,955,242.9,0.9059,1457,328.7,3545
43.0,1.5,0,26,48.3,0.9662,955,242.2,0.9058,1457,328.4,3544
43.0,1.75,0,27,48.4,0.9643,954,241.7,0.9054,1457,328.2,3543
43.0,2.0,0,28,48.5,0.9626,956,241.1,0.9045,1457,328.2,3544
43.0,2.25,0,29,48.5,0.9612,955,240.5,0.9035,1458,327.9,3543
43.0,2.5,0,30,48.4,0.9601,955,240.1,0.9026,1458,327.8,3541
43.0,2.75,0,31,48.4,0.9591,954,239.6,0.9012,1457,327.7,3539
43.0,3.0,0,32,48.3,0.9586,956,239.3,0.9005,1456,327.8,3539
43.25,-2.25,1,11,50.0,0.988,962,250.7,0.8929,1453,334.6,3581
43.25,-2.0,1,12,49.7,0.9875,960,250.3,0.8925,1454,334.0,3578
43.25,-1.75,1,13,49.3,0.987,960,250.0,0.8925,1454,333.5,3574
43.25,-1.5,1,14,48.9,0.9863,959,249.6,0.8928,1454,333.0,3571
43.25,-1.25,1,15,48.6,0.9855,958,249.2,0.8929,1455,332.4,3568
43.25,-1.0,1,16,48.3,0.9845,958,248.6,0.893,1455,332.0,3566
43.25,-0.75,1,17,48.1,0.9835,958,248.1,0.8937,1454,331.7,3562
43.25,-0.5,1,18,48.0,0.9822,957,247.5,0.8947,1455,331.3,3558
43.25,-0.25,1,19,48.0,0.9808,956,246.7,0.8962,1453,331.0,3550
43.25,0.0,1,20,48.0,0.9791,956,246.0,0.8984,1455,330.5,3548
43.25,0.25,1,21,48.1,0.9769,956,245.2,0.8999,1457,329.9,3549
43.25,0.5,1,22,48.2,0.9745,955,244.5,0.901,1455,329.5,3545
43.25,0.75,1,23,48.3,0.9715,955,243.8,0.9006,1456,329.1,3545
43.25,1.0,1,24,48.4,0.9687,954,243.2,0.9009,1456,328.7,3543
43.25,1.25,1,25,48.5,0.966,953,242.6,0.9011,1455,328.3,3540
43.25,1.5,1,26,48.6,0.9634,954,241.9,0.9011,1455,328.1,3541
43.25,1.75,1,27,48.7,0.9613,953,241.3,0.9008,1456,327.7,3540
43.25,2.0,1,28,48.7,0.9595,954,240.7,0.9,1457,327.5,3541
43.25,2.25,1,29,48.7,0.958,952,240.2,0.8988,1457,327.3,3538
43.25,2.5,1,30,48.6,0.9568,953,239.7,0.8977,1456,327.3,3536
43.25,2.75,1,31,48.6,0.9559,954,239.2,0.8963,1457,327.2,3537
43.25,3.0,1,32,48.5,0.9553,954,238.8,0.895,1457,326.9,3545
43.25,3.25,1,33,48.4,0.9551,954,238.4,0.8944,1456,326.9,3553
43.25,3.5,1,34,48.2,0.9553,953,238.1,0.8932,1459,326.6,3556
43.5,-1.5,2,14,49.5,0.9857,957,249.7,0.8868,1454,333.1,3569
43.5,-1.25,2,15,49.1,0.9849,957,249.3,0.8869,1454,332.6,3567
43.5,-1.0,2,16,48.8,0.9838,956,248.7,0.8871,1455,332.0,3564
43.5,-0.75,2,17,48.5,0.9827,955,248.1,0.8879,1453,331.5,3557
43.5,-0.5,2,18,48.3,0.9815,955,247.5,0.8887,1454,331.2,3555
43.5,-0.25,2,19,48.4,0.9799,955,246.7,0.89,1454,330.9,3551
43.5,0.0,2,20,48.5,0.978,955,245.8,0.893,1454,330.4,3547
43.5,0.25,2,21,48.5,0.9757,953,245.0,0.8944,1454,329.8,3542
43.5,0.5,2,22,48.7,0.973,952,244.3,0.8958,1455,329.2,3541
43.5,0.75,2,23,48.8,0.9702,952,243.6,0.8969,1454,328.7,3539
43.5,1.0,2,24,48.8,0.9668,953,242.9,0.8959,1455,328.5,3541
43.5,1.25,2,25,48.9,0.9635,953,242.2,0.8961,1456,327.9,3541
43.5,1.5,2,26,49.0,0.9608,952,241.6,0.896,1456,327.5,3539
43.5,1.75,2,27,49.0,0.9585,951,240.9,0.8958,1455,327.2,3536
43.5,2.0,2,28,48.9,0.9566,951,240.3,0.8949,1455,327.0,3535
43.5,2.25,2,29,48.9,0.9549,951,239.7,0.8936,1457,326.7,3536
43.5,2.5,2,30,48.9,0.9535,951,239.3,0.8924,1456,326.6,3534
43.5,2.75,2,31,48.8,0.9525,952,238.8,0.8906,1457,326.5,3535
43.5,3.0,2,32,48.6,0.9519,952,238.4,0.8893,1456,326.2,3546
43.5,3.25,2,33,48.5,0.9518,952,238.1,0.8881,1458,325.9,3553
43.5,3.5,2,34,48.2,0.9522,952,237.8,0.8872,1459,326.0,3558
43.5,3.75,2,35,48.0,0.953,953,237.5,0.8854,1460,326.1,3561
43.5,4.0,2,36,47.8,0.954,954,237.2,0.8844,1462,326.2,3565
43.5,4.25,2,37,47.6,0.9553,955,236.9,0.8844,1462,326.5,3569
43.75,-1.25,3,15,49.8,0.9842,956,249.2,0.8809,1453,332.8,3564
43.75,-1.0,3,16,49.5,0.9831,954,248.7,0.8815,1453,332.1,3559
43.75,-0.75,3,17,49.2,0.9818,952,248.1,0.8825,1453,331.4,3554
43.75,-0.5,3,18,49.0,0.9804,953,247.4,0.8836,1455,331.0,3554
43.75,-0.25,3,19,49.0,0.9787,952,246.6,0.8851,1454,330.6,3549
43.75,0.0,3,20,49.1,0.9767,953,245.7,0.8869,1454,330.3,3546
43.75,0.25,3,21,49.1,0.9744,951,244.9,0.8889,1454,329.7,3539
43.75,0.5,3,22,49.2,0.9717,950,244.1,0.8897,1454,329.1,3537
43.75,0.75,3,23,49.3,0.9687,951,243.3,0.8916,1453,328.6,3537
43.75,1.0,3,24,49.4,0.9654,951,242.6,0.8907,1456,328.0,3539
43.75,1.25,3,25,49.4,0.962,951,241.9,0.8907,1454,327.7,3536
43.75,1.5,3,26,49.4,0.9589,950,241.2,0.8907,1455,327.0,3535
43.75,1.75,3,27,49.3,0.9564,949,240.5,0.8902,1455,326.5,3533
43.75,2.0,3,28,49.3,0.9541,949,239.9,0.8892,1454,326.3,3531
43.75,2.25,3,29,49.2,0.9521,949,239.3,0.8875,1455,326.1,3531
43.75,2.5,3,30,49.1,0.9503,949,238.8,0.8859,1455,325.9,3530
43.75,2.75,3,31,49.0,0.9492,951,238.4,0.8841,1457,325.5,3544
43.75,3.0,3,32,48.8,0.9487,950,238.0,0.8823,1456,325.4,3548
43.75,3.25,3,33,48.5,0.9488,951,237.7,0.8815,1459,325.2,3554
43.75,3.5,3,34,48.3,0.9493,950,237.4,0.8802,1461,324.9,3557
43.75,3.75,3,35,48.0,0.9502,952,237.1,0.8787,1462,325.2,3563
43.75,4.0,3,36,47.7,0.9516,952,236.8,0.8776,1462,325.5,3565
43.75,4.25,3,37,47.5,0.9538,951,236.6,0.8775,1461,325.7,3564
44.0,-1.25,4,15,50.8,0.9831,953,249.2,0.8742,1452,333.1,3560
44.0,-1.0,4,16,50.5,0.9818,952,248.6,0.8755,1452,332.3,3556
44.0,-0.75,4,17,50.2,0.9803,951,247.9,0.8769,1454,331.5,3554
44.0,-0.5,4,18,50.0,0.9789,952,247.2,0.878,1452,331.2,3551
44.0,-0.25,4,19,49.9,0.9772,950,246.3,0.879,1453,330.6,3547
44.0,0.0,4,20,49.9,0.9752,951,245.5,0.8803,1453,330.3,3544
44.0,0.25,4,21,49.9,0.9728,950,244.6,0.8823,1453,329.7,3539
44.0,0.5,4,22,49.9,0.9702,949,243.8,0.8837,1455,328.9,3536
44.0,0.75,4,23,49.9,0.9673,950,243.0,0.8845,1453,328.6,3535
44.0,1.0,4,24,49.9,0.9641,948,242.2,0.8859,1454,327.6,3533
44.0,1.25,4,25,49.9,0.961,949,241.5,0.8847,1453,327.3,3532
44.0,1.5,4,26,49.8,0.9578,948,240.8,0.8846,1454,326.6,3531
44.0,1.75,4,27,49.7,0.955,949,240.1,0.8838,1455,326.2,3532
44.0,2.0,4,28,49.6,0.9522,948,239.5,0.8826,1455,325.7,3530
44.0,2.25,4,29,49.5,0.9499,947,238.9,0.8806,1455,325.4,3528
44.0,2.5,4,30,49.3,0.9478,948,238.4,0.8785,1454,325.1,3536
44.0,2.75,4,31,49.1,0.9465,948,238.0,0.8766,1454,324.7,3544
44.0,3.0,4,32,48.9,0.9462,948,237.6,0.8747,1458,324.4,3549
44.0,3.25,4,33,48.6,0.9463,949,237.3,0.8731,1460,324.3,3554
44.0,3.5,4,34,48.3,0.9469,950,237.0,0.8719,1462,324.1,3557
44.0,3.75,4,35,47.9,0.9479,948,236.8,0.8703,1462,324.2,3559
44.0,4.0,4,36,47.7,0.95,949,236.5,0.8696,1462,324.6,3563
44.0,4.25,4,37,47.4,0.9513,950,236.2,0.8688,1463,324.9,3566
44.0,4.5,4,38,47.2,0.9529,951,236.0,0.868,1462,325.4,3568
44.25,-1.25,5,15,51.9,0.9814,951,249.3,0.8637,1451,333.8,3557
44.25,-1.0,5,16,51.6,0.9798,950,248.6,0.8659,1452,332.9,3554
44.25,-0.75,5,17,51.3,0.9784,949,247.9,0.8682,1453,332.0,3552
44.25,-0.5,5,18,51.1,0.977,949,247.0,0.8701,1452,331.4,3548
44.25,-0.25,5,19,51.0,0.9753,949,246.2,0.8714,1452,330.9,3545
44.25,0.0,5,20,50.8,0.9733,949,245.4,0.8729,1451,330.4,3541
44.25,0.25,5,21,50.8,0.9712,948,244.5,0.8747,1454,329.6,3540
44.25,0.5,5,22,50.7,0.9686,948,243.5,0.8751,1453,329.2,3535
44.25,0.75,5,23,50.6,0.9657,948,242.7,0.8769,1453,328.5,3532
44.25,1.0,5,24,50.5,0.9627,947,241.8,0.8775,1453,327.7,3530
44.25,1.25,5,25,50.5,0.9597,947,241.1,0.8782,1452,327.1,3528
44.25,1.5,5,26,50.3,0.9568,946,240.4,0.877,1454,326.4,3528
44.25,1.75,5,27,50.2,0.9539,947,239.7,0.8761,1455,325.9,3529
44.25,2.0,5,28,50.0,0.9512,946,239.1,0.8749,1454,325.4,3526
44.25,2.25,5,29,49.8,0.9485,945,238.5,0.8729,1454,325.0,3527
44.25,2.5,5,30,49.5,0.9465,945,238.1,0.8709,1454,324.3,3539
44.25,2.75,5,31,49.2,0.9452,945,237.7,0.8677,1456,324.1,3544
44.25,3.0,5,32,48.9,0.9447,947,237.3,0.8664,1459,323.9,3551
44.25,3.25,5,33,48.6,0.9445,947,237.0,0.8637,1460,323.8,3553
44.25,3.5,5,34,48.2,0.9451,947,236.7,0.863,1462,323.4,3556
44.25,3.75,5,35,47.9,0.9456,948,236.5,0.8615,1462,323.8,3559
44.25,4.0,5,36,47.7,0.9475,948,236.2,0.861,1463,323.8,3563
44.25,4.25,5,37,47.4,0.9487,948,236.0,0.8592,1462,324.2,3564
44.25,4.5,5,38,47.1,0.9501,950,235.7,0.86,1462,324.7,3568
44.25,4.75,5,39,46.8,0.952,949,235.4,0.8612,1460,324.9,3566
44.5,-1.0,6,16,52.8,0.9772,948,248.6,0.8544,1451,333.9,3551
44.5,-0.75,6,17,52.6,0.9758,948,247.9,0.856,1453,333.0,3551
44.5,-0.5,6,18,52.3,0.9746,947,247.1,0.8582,1451,332.3,3545
44.5,-0.25,6,19,52.1,0.9728,947,246.2,0.8607,1452,331.4,3544
44.5,0.0,6,20,51.9,0.9711,947,245.1,0.862,1452,330.7,3541
44.5,0.25,6,21,51.8,0.9691,947,244.2,0.8635,1452,330.3,3538
44.5,0.5,6,22,51.6,0.9667,946,243.3,0.8638,1452,329.7,3534
44.5,0.75,6,23,51.4,0.9638,946,242.3,0.8657,1452,328.8,3529
44.5,1.0,6,24,51.2,0.9609,945,241.4,0.8664,1452,328.0,3526
44.5,1.25,6,25,51.0,0.9582,945,240.7,0.8684,1454,326.9,3527
44.5,1.5,6,26,50.9,0.9554,945,240.1,0.8692,1452,326.3,3524
44.5,1.75,6,27,50.7,0.9529,945,239.4,0.8675,1453,325.9,3524
44.5,2.0,6,28,50.4,0.9503,944,238.8,0.8666,1452,325.5,3522
44.5,2.25,6,29,50.1,0.948,943,238.2,0.8648,1454,324.3,3534
44.5,2.5,6,30,49.7,0.9458,944,237.8,0.8624,1454,324.2,3541
44.5,2.75,6,31,49.4,0.9444,944,237.3,0.8586,1457,323.8,3544
44.5,3.0,6,32,49.0,0.9436,945,237.0,0.8566,1459,323.6,3549
44.5,3.25,6,33,48.6,0.9433,944,236.8,0.8545,1459,323.4,3550
44.5,3.5,6,34,48.3,0.9421,946,236.4,0.8526,1462,323.2,3557
44.5,3.75,6,35,47.9,0.9433,946,236.2,0.8523,1463,323.2,3559
44.5,4.0,6,36,47.6,0.9441,947,236.0,0.8511,1463,323.3,3562
44.5,4.25,6,37,47.3,0.9451,946,235.7,0.8503,1461,323.6,3562
44.5,4.5,6,38,47.0,0.9466,947,235.4,0.8513,1462,323.9,3566
44.5,4.75,6,39,46.7,0.9484,948,235.2,0.8523,1462,324.5,3567
44.5,5.0,6,40,46.5,0.9505,948,234.9,0.8531,1462,325.2,3569
44.75,-1.0,7,16,54.1,0.9738,946,248.5,0.8399,1451,335.0,3549
44.75,-0.75,7,17,53.8,0.9718,946,247.8,0.8426,1451,334.0,3547
44.75,-0.5,7,18,53.6,0.9704,947,247.1,0.8441,1450,333.4,3544
44.75,-0.25,7,19,53.3,0.9692,944,246.1,0.8468,1452,332.2,3541
44.75,0.0,7,20,53.1,0.9677,945,245.1,0.8491,1452,331.6,3540
44.75,0.25,7,21,52.8,0.9658,944,244.0,0.8516,1452,330.6,3536
44.75,0.5,7,22,52.5,0.9646,946,243.0,0.8514,1451,330.4,3534
44.75,0.75,7,23,52.2,0.962,943,242.1,0.8527,1451,329.4,3527
44.75,1.0,7,24,51.9,0.9589,943,241.2,0.8537,1453,328.4,3524
44.75,1.25,7,25,51.7,0.9563,943,240.5,0.8571,1453,327.0,3523
44.75,1.5,7,26,51.4,0.9539,944,239.8,0.8595,1452,326.2,3522
44.75,1.75,7,27,51.1,0.9515,943,239.1,0.8599,1452,325.7,3521
44.75,2.0,7,28,50.8,0.9496,942,238.6,0.8576,1452,325.0,3528
44.75,2.25,7,29,50.4,0.9475,943,238.0,0.8559,1453,324.3,3537
44.75,2.5,7,30,50.0,0.9457,943,237.6,0.8518,1454,324.4,3541
44.75,2.75,7,31,49.5,0.9436,943,237.1,0.85,1457,323.7,3545
44.75,3.0,7,32,49.1,0.9412,943,236.8,0.8477,1459,323.1,3549
44.75,3.25,7,33,48.6,0.9404,943,236.5,0.8452,1461,322.7,3552
44.75,3.5,7,34,48.3,0.9411,943,236.2,0.8436,1460,322.8,3554
44.75,3.75,7,35,47.9,0.9412,945,236.0,0.8422,1461,322.9,3558
44.75,4.0,7,36,47.6,0.9418,944,235.8,0.8409,1462,322.8,3559
44.75,4.25,7,37,47.2,0.9429,945,235.5,0.8414,1463,323.0,3563
44.75,4.5,7,38,46.9,0.9444,945,235.2,0.8412,1462,323.5,3563
44.75,4.75,7,39,46.7,0.9462,946,235.0,0.844,1461,324.0,3564
44.75,5.0,7,40,46.4,0.9483,945,234.5,0.8448,1461,324.8,3564
44.75,5.25,7,41,46.2,0.9507,947,234.3,0.847,1461,325.9,3567
45.0,-1.0,8,16,55.3,0.9705,945,248.2,0.8258,1450,336.5,3547
45.0,-0.75,8,17,55.0,0.9689,944,247.5,0.8279,1450,335.5,3544
45.0,-0.5,8,18,54.7,0.9675,944,246.7,0.8306,1451,334.4,3542
45.0,-0.25,8,19,54.4,0.9664,943,245.9,0.8326,1450,333.6,3538
45.0,0.0,8,20,54.1,0.965,944,244.8,0.8333,1451,333.1,3538
45.0,0.25,8,21,53.8,0.9634,943,243.8,0.836,1450,332.0,3534
45.0,0.5,8,22,53.5,0.9614,943,242.7,0.8399,1452,330.5,3532
45.0,0.75,8,23,53.1,0.959,942,241.9,0.8406,1451,329.6,3527
45.0,1.0,8,24,52.7,0.9562,942,241.1,0.8423,1451,328.4,3523
45.0,1.25,8,25,52.4,0.9539,942,240.3,0.8451,1452,327.3,3520
45.0,1.5,8,26,52.0,0.952,942,239.6,0.8481,1451,326.4,3519
45.0,1.75,8,27,51.7,0.9503,941,239.0,0.8489,1453,325.2,3523
45.0,2.0,8,28,51.2,0.9487,941,238.4,0.8474,1452,324.6,3532
45.0,2.25,8,29,50.8,0.9471,941,237.8,0.8455,1453,324.3,3536
45.0,2.5,8,30,50.3,0.9451,940,237.4,0.8427,1456,323.7,3540
45.0,2.75,8,31,49.8,0.9424,941,237.0,0.8408,1459,323.0,3546
45.0,3.0,8,32,49.2,0.9402,941,236.7,0.8377,1459,322.6,3549
45.0,3.25,8,33,48.8,0.9404,941,236.4,0.8344,1460,322.4,3550
45.0,3.5,8,34,48.3,0.9396,942,236.1,0.8318,1460,322.5,3554
45.0,3.75,8,35,47.9,0.9394,942,235.8,0.8321,1459,322.0,3554
45.0,4.0,8,36,47.5,0.9399,942,235.6,0.8315,1461,321.7,3558
45.0,4.25,8,37,47.2,0.9411,944,235.3,0.832,1463,322.4,3562
45.0,4.5,8,38,46.9,0.9426,944,235.0,0.8322,1462,323.1,3562
45.0,4.75,8,39,46.6,0.9444,944,234.6,0.835,1461,323.5,3562
45.0,5.0,8,40,46.4,0.9464,944,234.3,0.8366,1462,324.3,3563
45.0,5.25,8,41,46.1,0.9487,945,234.1,0.8397,1462,325.3,3565
45.0,5.5,8,42,45.9,0.9514,946,233.8,0.844,1461,326.3,3567
45.25,-1.0,9,16,56.4,0.9697,944,247.8,0.8125,1450,338.3,3546
45.25,-0.75,9,17,56.1,0.966,943,247.2,0.8134,1450,337.0,3543
45.25,-0.5,9,18,55.8,0.9647,943,246.4,0.8149,1451,336.1,3541
45.25,-0.25,9,19,55.5,0.9635,941,245.6,0.8158,1449,335.4,3536
45.25,0.0,9,20,55.1,0.9624,942,244.5,0.8191,1450,334.4,3535
45.25,0.25,9,21,54.7,0.961,942,243.6,0.8194,1450,333.5,3533
45.25,0.5,9,22,54.3,0.9593,940,242.5,0.8267,1451,330.9,3529
45.25,0.75,9,23,53.9,0.9573,941,241.7,0.8288,1451,329.7,3527
45.25,1.0,9,24,53.5,0.955,941,241.0,0.8306,1451,328.6,3523
45.25,1.25,9,25,53.1,0.9527,941,240.3,0.8321,1450,327.7,3518
45.25,1.5,9,26,52.7,0.9506,938,239.5,0.8359,1451,326.0,3514
45.25,1.75,9,27,52.2,0.9491,940,238.8,0.838,1451,324.6,3527
45.25,2.0,9,28,51.7,0.9479,939,238.2,0.8388,1451,323.8,3531
45.25,2.25,9,29,51.2,0.9464,940,237.7,0.8347,1454,324.0,3538
45.25,2.5,9,30,50.7,0.9443,938,237.3,0.833,1457,323.2,3541
45.25,2.75,9,31,50.1,0.9424,939,237.0,0.8307,1456,323.1,3542
45.25,3.0,9,32,49.5,0.9405,940,236.7,0.8279,1459,322.5,3549
45.25,3.25,9,33,48.9,0.9397,941,236.4,0.8254,1457,322.4,3549
45.25,3.5,9,34,48.4,0.9384,939,236.1,0.822,1461,321.6,3553
45.25,3.75,9,35,47.9,0.9378,941,235.8,0.8197,1460,321.8,3555
45.25,4.0,9,36,47.6,0.9383,941,235.5,0.8214,1460,321.6,3557
45.25,4.25,9,37,47.3,0.9396,942,235.2,0.8226,1461,322.2,3558
45.25,4.5,9,38,47.0,0.941,942,234.8,0.8231,1462,322.8,3559
45.25,4.75,9,39,46.7,0.9427,943,234.5,0.8253,1462,323.4,3562
45.25,5.0,9,40,46.4,0.9446,943,234.1,0.8287,1461,323.8,3561
45.25,5.25,9,41,46.2,0.9465,944,233.9,0.8335,1461,324.6,3562
45.25,5.5,9,42,45.8,0.9487,943,233.6,0.8375,1460,325.9,3562
45.25,5.75,9,43,45.5,0.9519,945,233.4,0.8412,1462,327.7,3567
45.5,-1.0,10,16,57.6,0.9671,941,247.5,0.7998,1450,339.6,3543
45.5,-0.75,10,17,57.2,0.965,940,246.8,0.7992,1449,338.9,3539
45.5,-0.5,10,18,56.8,0.9617,940,246.1,0.7993,1449,338.1,3537
45.5,-0.25,10,19,56.5,0.9605,941,245.3,0.8007,1449,337.1,3536
45.5,0.0,10,20,56.0,0.9596,940,244.5,0.8021,1451,335.8,3535
45.5,0.25,10,21,55.6,0.9585,939,243.3,0.8055,1450,334.1,3530
45.5,0.5,10,22,55.2,0.9571,940,242.4,0.81,1450,332.4,3528
45.5,0.75,10,23,54.7,0.9555,940,241.5,0.8149,1450,330.6,3525
45.5,1.0,10,24,54.3,0.9538,939,240.8,0.818,1450,329.2,3522
45.5,1.25,10,25,53.8,0.9521,939,240.1,0.8199,1451,328.0,3519
45.5,1.5,10,26,53.3,0.9503,938,239.4,0.8229,1450,326.0,3522
45.5,1.75,10,27,52.8,0.9489,938,238.8,0.8265,1450,324.7,3529
45.5,2.0,10,28,52.3,0.9475,938,238.2,0.827,1453,323.8,3533
45.5,2.25,10,29,51.7,0.9461,938,237.7,0.8258,1455,323.5,3538
45.5,2.5,10,30,51.1,0.9447,937,237.4,0.8231,1457,323.1,3542
45.5,2.75,10,31,50.5,0.9431,938,237.0,0.8214,1455,323.0,3543
45.5,3.0,10,32,49.9,0.9425,938,236.7,0.8192,1457,322.7,3546
45.5,3.25,10,33,49.3,0.9407,938,236.4,0.8174,1459,321.9,3550
45.5,3.5,10,34,48.7,0.9384,939,236.0,0.8144,1459,321.8,3552
45.5,3.75,10,35,48.2,0.9377,939,235.8,0.8134,1459,321.5,3553
45.5,4.0,10,36,47.8,0.9377,940,235.5,0.8147,1460,321.6,3556
45.5,4.25,10,37,47.5,0.9383,939,235.1,0.8155,1460,321.7,3555
45.5,4.5,10,38,47.1,0.9395,940,234.7,0.8162,1462,322.3,3557
45.5,4.75,10,39,46.9,0.941,941,234.4,0.8185,1461,323.0,3558
45.5,5.0,10,40,46.5,0.9426,941,234.1,0.8232,1461,322.7,3559
45.5,5.25,10,41,46.2,0.9442,941,233.7,0.8277,1462,323.2,3561
45.5,5.5,10,42,45.9,0.9457,942,233.5,0.8311,1461,324.9,3561
45.5,5.75,10,43,45.6,0.9473,942,233.3,0.835,1461,327.0,3562
45.5,6.0,10,44,45.3,0.9497,943,233.1,0.8396,1460,328.4,3564
45.75,-1.0,11,16,58.8,0.9632,940,247.2,0.7866,1449,340.5,3541
45.75,-0.75,11,17,58.3,0.961,939,246.6,0.7861,1448,339.6,3537
45.75,-0.5,11,18,57.9,0.96,939,245.8,0.7865,1448,338.9,3535
45.75,-0.25,11,19,57.4,0.9571,939,245.1,0.7874,1449,337.7,3534
45.75,0.0,11,20,56.9,0.9563,939,244.2,0.7883,1450,336.7,3533
45.75,0.25,11,21,56.5,0.9556,938,243.4,0.7906,1450,334.7,3529
45.75,0.5,11,22,56.0,0.9548,938,242.4,0.7937,1449,333.5,3526
45.75,0.75,11,23,55.5,0.9536,938,241.5,0.7986,1449,331.7,3524
45.75,1.0,11,24,55.0,0.9525,938,240.7,0.8024,1450,330.1,3522
45.75,1.25,11,25,54.5,0.9511,936,240.1,0.8063,1450,327.7,3524
45.75,1.5,11,26,53.9,0.9499,937,239.4,0.809,1450,326.4,3530
45.75,1.75,11,27,53.3,0.9486,937,238.9,0.8118,1450,325.7,3530
45.75,2.0,11,28,52.8,0.9474,935,238.4,0.8145,1454,323.9,3533
45.75,2.25,11,29,52.1,0.9464,935,237.9,0.8156,1455,323.2,3537
45.75,2.5,11,30,51.5,0.9451,936,237.5,0.814,1456,323.2,3541
45.75,2.75,11,31,51.0,0.9451,936,237.2,0.8109,1455,323.6,3542
45.75,3.0,11,32,50.4,0.9436,936,236.8,0.8101,1459,322.8,3547
45.75,3.25,11,33,49.8,0.9416,936,236.4,0.8084,1457,322.9,3546
45.75,3.5,11,34,49.2,0.9401,937,236.1,0.8078,1459,322.0,3552
45.75,3.75,11,35,48.6,0.9378,938,235.8,0.8078,1457,321.8,3550
45.75,4.0,11,36,48.2,0.9372,937,235.4,0.8088,1460,321.1,3553
45.75,4.25,11,37,47.8,0.9372,937,235.0,0.8109,1459,321.1,3552
45.75,4.5,11,38,47.4,0.9378,939,234.6,0.8115,1460,321.7,3556
45.75,4.75,11,39,47.1,0.9389,938,234.3,0.8143,1460,322.0,3554
45.75,5.0,11,40,46.7,0.9406,940,234.0,0.8179,1462,322.4,3558
45.75,5.25,11,41,46.4,0.942,939,233.7,0.8231,1461,322.5,3558
45.75,5.5,11,42,46.1,0.9432,941,233.4,0.8261,1460,324.3,3558
45.75,5.75,11,43,45.9,0.9442,940,233.2,0.8301,1460,325.7,3559
45.75,6.0,11,44,45.8,0.9454,941,233.1,0.8346,1461,327.0,3562
45.75,6.25,11,45,45.8,0.952,942,232.9,0.8392,1460,329.7,3563
46.0,-1.0,12,16,60.0,0.9584,937,247.1,0.7737,1447,341.0,3536
46.0,-0.75,12,17,59.5,0.9566,937,246.4,0.774,1448,340.1,3535
46.0,-0.5,12,18,58.9,0.955,938,245.7,0.7744,1448,339.4,3534
46.0,-0.25,12,19,58.3,0.9546,936,244.9,0.7748,1449,338.2,3531
46.0,0.0,12,20,57.8,0.9523,937,244.2,0.7752,1448,337.6,3529
46.0,0.25,12,21,57.4,0.9518,936,243.4,0.7766,1449,336.0,3526
46.0,0.5,12,22,56.8,0.9517,937,242.4,0.7772,1448,335.8,3525
46.0,0.75,12,23,56.3,0.9513,936,241.5,0.7808,1449,334.0,3522
46.0,1.0,12,24,55.7,0.9507,936,240.8,0.7842,1448,332.4,3518
46.0,1.25,12,25,55.1,0.9498,935,240.1,0.7895,1449,328.6,3529
46.0,1.5,12,26,54.5,0.949,936,239.5,0.7939,1448,327.8,3532
46.0,1.75,12,27,53.9,0.9481,934,239.0,0.7981,1453,325.7,3533
46.0,2.0,12,28,53.2,0.9474,934,238.6,0.7998,1453,325.4,3533
46.0,2.25,12,29,52.6,0.9463,935,238.2,0.8021,1453,324.6,3536
46.0,2.5,12,30,52.1,0.9467,934,237.7,0.8018,1456,324.2,3540
46.0,2.75,12,31,51.5,0.9453,934,237.3,0.8015,1456,323.9,3543
46.0,3.0,12,32,50.9,0.9439,935,236.9,0.8001,1456,323.8,3544
46.0,3.25,12,33,50.3,0.9425,934,236.5,0.8003,1457,323.1,3546
46.0,3.5,12,34,49.7,0.9407,936,236.1,0.8009,1458,322.7,3550
46.0,3.75,12,35,49.1,0.9391,935,235.7,0.8022,1459,321.9,3550
46.0,4.0,12,36,48.6,0.9365,937,235.3,0.8041,1459,321.5,3552
46.0,4.25,12,37,48.2,0.9358,936,235.0,0.8055,1458,321.2,3550
46.0,4.5,12,38,47.8,0.9358,936,234.6,0.8073,1460,321.0,3553
46.0,4.75,12,39,47.4,0.937,937,234.3,0.811,1462,321.0,3555
46.0,5.0,12,40,47.0,0.9386,938,233.9,0.8149,1460,321.7,3554
46.0,5.25,12,41,46.6,0.9403,939,233.6,0.8203,1461,322.0,3557
46.0,5.5,12,42,46.3,0.9417,938,233.4,0.8242,1461,323.2,3557
46.0,5.75,12,43,46.1,0.9434,939,233.1,0.8277,1460,324.9,3557
46.0,6.0,12,44,45.9,0.946,940,233.0,0.8321,1459,326.8,3558
46.0,6.25,12,45,45.8,0.9509,940,232.8,0.8366,1459,328.5,3559
46.0,6.5,12,46,45.4,0.9566,941,232.7,0.8396,1459,331.1,3561
46.25,-1.25,13,15,61.6,0.9503,938,247.7,0.7593,1447,342.9,3538
46.25,-1.0,13,16,61.1,0.9467,937,247.0,0.7603,1447,341.0,3535
46.25,-0.75,13,17,60.6,0.947,936,246.3,0.7613,1448,340.1,3534
46.25,-0.5,13,18,60.0,0.9483,936,245.6,0.7619,1448,339.4,3532
46.25,-0.25,13,19,59.4,0.9479,935,244.9,0.7624,1449,338.2,3530
46.25,0.0,13,20,58.8,0.9467,936,244.1,0.7629,1447,337.7,3527
46.25,0.25,13,21,58.2,0.9469,934,243.4,0.764,1448,336.6,3524
46.25,0.5,13,22,57.6,0.9469,936,242.6,0.7651,1448,336.3,3524
46.25,0.75,13,23,57.1,0.9474,934,241.8,0.7653,1449,335.4,3520
46.25,1.0,13,24,56.4,0.948,934,240.9,0.7677,1448,333.2,3528
46.25,1.25,13,25,55.8,0.9479,934,240.2,0.773,1448,331.0,3533
46.25,1.5,13,26,55.1,0.9475,935,239.7,0.776,1451,329.6,3537
46.25,1.75,13,27,54.5,0.9467,933,239.2,0.7825,1452,327.3,3535
46.25,2.0,13,28,53.7,0.9463,933,238.9,0.7851,1453,326.2,3534
46.25,2.25,13,29,53.2,0.947,933,238.5,0.7876,1455,325.5,3538
46.25,2.5,13,30,52.5,0.946,933,238.0,0.7885,1455,325.3,3539
46.25,2.75,13,31,51.9,0.9447,932,237.5,0.7911,1456,324.2,3542
46.25,3.0,13,32,51.3,0.9434,933,236.9,0.7917,1455,324.0,3543
46.25,3.25,13,33,50.7,0.9421,934,236.5,0.7921,1457,323.4,3547
46.25,3.5,13,34,50.1,0.9408,933,236.1,0.7941,1457,323.0,3546
46.25,3.75,13,35,49.6,0.9388,934,235.8,0.7961,1457,322.6,3548
46.25,4.0,13,36,49.0,0.9372,935,235.4,0.7985,1457,321.9,3548
46.25,4.25,13,37,48.5,0.9347,936,235.0,0.8008,1459,320.9,3551
46.25,4.5,13,38,48.0,0.9346,935,234.7,0.8049,1458,320.3,3550
46.25,4.75,13,39,47.6,0.9355,935,234.3,0.808,1459,320.2,3551
46.25,5.0,13,40,47.2,0.9371,937,233.8,0.8121,1460,320.8,3554
46.25,5.25,13,41,46.8,0.9387,936,233.5,0.8167,1461,320.8,3554
46.25,5.5,13,42,46.5,0.9407,937,233.3,0.8225,1460,322.1,3554
46.25,5.75,13,43,46.2,0.9429,937,233.0,0.8272,1460,323.2,3555
46.25,6.0,13,44,46.0,0.946,938,232.8,0.832,1460,324.9,3556
46.25,6.25,13,45,45.7,0.9501,938,232.7,0.8368,1460,326.1,3558
46.25,6.5,13,46,45.4,0.9546,939,232.5,0.8402,1458,328.6,3558
46.25,6.75,13,47,45.0,0.9585,939,232.5,0.8445,1458,330.3,3558
46.25,7.0,13,48,44.6,0.9617,939,232.4,0.8495,1458,331.0,3559
46.25,7.25,13,49,44.3,0.9645,940,232.2,0.8547,1459,330.3,3555
46.5,-1.75,14,13,64.9,0.9362,936,249.1,0.7468,1447,346.3,3540
46.5,-1.5,14,14,64.5,0.9361,936,248.5,0.7454,1447,345.3,3538
46.5,-1.25,14,15,63.9,0.934,936,247.8,0.7443,1447,343.9,3536
46.5,-1.0,14,16,62.8,0.9278,934,247.1,0.7449,1447,340.7,3533
46.5,-0.75,14,17,61.8,0.931,935,246.4,0.7458,1448,340.2,3533
46.5,-0.5,14,18,61.1,0.934,935,245.7,0.7468,1447,340.1,3530
46.5,-0.25,14,19,60.5,0.9367,933,245.0,0.7482,1448,338.9,3527
46.5,0.0,14,20,59.7,0.9373,933,244.2,0.7501,1447,337.6,3525
46.5,0.25,14,21,59.1,0.9397,934,243.4,0.7514,1448,337.2,3524
46.5,0.5,14,22,58.3,0.9406,933,242.7,0.7521,1447,336.8,3520
46.5,0.75,14,23,57.7,0.9408,933,241.9,0.753,1449,334.8,3529
46.5,1.0,14,24,57.1,0.9416,933,241.2,0.7552,1448,334.4,3534
46.5,1.25,14,25,56.4,0.9424,932,240.5,0.7576,1450,332.9,3535
46.5,1.5,14,26,55.8,0.9429,932,239.9,0.7623,1450,331.0,3536
46.5,1.75,14,27,55.1,0.9435,932,239.5,0.7669,1451,329.1,3536
46.5,2.0,14,28,54.4,0.9461,931,239.1,0.7696,1454,328.1,3539
46.5,2.25,14,29,53.6,0.9452,932,238.7,0.7732,1454,327.5,3537
46.5,2.5,14,30,53.0,0.9441,930,238.3,0.7767,1454,326.1,3537
46.5,2.75,14,31,52.3,0.9431,932,237.8,0.779,1453,325.9,3540
46.5,3.0,14,32,51.7,0.9419,931,237.2,0.7821,1457,323.9,3544
46.5,3.25,14,33,51.1,0.9407,931,236.7,0.7859,1455,323.0,3543
46.5,3.5,14,34,50.5,0.9395,932,236.3,0.7874,1456,322.8,3544
46.5,3.75,14,35,50.0,0.9384,932,235.8,0.7897,1456,322.4,3545
46.5,4.0,14,36,49.4,0.9363,933,235.3,0.7924,1458,321.5,3548
46.5,4.25,14,37,48.8,0.9348,933,235.0,0.7964,1457,320.8,3546
46.5,4.5,14,38,48.3,0.9331,934,234.7,0.8003,1458,320.0,3549
46.5,4.75,14,39,47.9,0.9336,934,234.2,0.8043,1458,319.5,3549
46.5,5.0,14,40,47.4,0.9347,933,233.8,0.8084,1460,319.0,3550
46.5,5.25,14,41,47.0,0.9366,935,233.5,0.8132,1460,319.5,3552
46.5,5.5,14,42,46.7,0.9389,935,233.2,0.8201,1458,320.1,3551
46.5,5.75,14,43,46.3,0.9418,935,232.9,0.8255,1460,321.4,3553
46.5,6.0,14,44,46.0,0.9453,935,232.7,0.8308,1460,322.4,3553
46.5,6.25,14,45,45.7,0.9493,937,232.5,0.835,1459,324.3,3555
46.5,6.5,14,46,45.3,0.9533,937,232.3,0.8402,1459,325.5,3556
46.5,6.75,14,47,44.9,0.9569,937,232.3,0.8446,1458,327.5,3555
46.5,7.0,14,48,44.6,0.9601,937,232.1,0.849,1457,326.3,3545
46.5,7.25,14,49,44.3,0.9626,938,232.0,0.8532,1457,325.9,3540
46.75,-2.0,15,12,66.4,0.9223,934,249.7,0.7327,1445,351.3,3529
46.75,-1.75,15,13,66.1,0.9228,936,249.2,0.7313,1447,352.0,3540
46.75,-1.5,15,14,65.7,0.9228,934,248.6,0.7303,1446,349.8,3535
46.75,-1.25,15,15,65.1,0.9223,934,248.0,0.7303,1446,348.4,3534
46.75,-1.0,15,16,64.4,0.9206,933,247.3,0.73,1446,346.1,3531
46.75,-0.75,15,17,63.5,0.9184,934,246.5,0.7311,1447,343.4,3531
46.75,-0.5,15,18,62.4,0.9202,933,245.8,0.7324,1446,341.9,3527
46.75,-0.25,15,19,61.6,0.9233,932,245.1,0.7336,1446,341.0,3524
46.75,0.0,15,20,60.7,0.9265,932,244.4,0.7348,1447,340.3,3524
46.75,0.25,15,21,59.8,0.9262,932,243.7,0.7366,1447,338.6,3521
46.75,0.5,15,22,59.1,0.9271,932,242.9,0.7391,1447,335.8,3526
46.75,0.75,15,23,58.3,0.9292,931,242.0,0.7411,1446,334.2,3531
46.75,1.0,15,24,57.6,0.9318,931,241.3,0.7438,1450,332.6,3537
46.75,1.25,15,25,56.9,0.9356,932,240.7,0.7462,1449,333.4,3538
46.75,1.5,15,26,56.2,0.9372,930,240.2,0.7487,1450,332.3,3537
46.75,1.75,15,27,55.5,0.9396,930,239.7,0.7537,1451,330.7,3538
46.75,2.0,15,28,54.9,0.94,931,239.3,0.7559,1453,329.9,3541
46.75,2.25,15,29,54.2,0.9401,930,239.0,0.7584,1453,329.5,3539
46.75,2.5,15,30,53.5,0.9399,930,238.5,0.7644,1453,327.5,3538
46.75,2.75,15,31,52.8,0.9396,930,238.1,0.768,1454,326.2,3540
46.75,3.0,15,32,52.1,0.9389,930,237.6,0.7731,1455,324.3,3541
46.75,3.25,15,33,51.4,0.9385,930,237.0,0.7765,1455,323.0,3542
46.75,3.5,15,34,50.8,0.9374,930,236.5,0.7803,1457,321.6,3543
46.75,3.75,15,35,50.3,0.9362,932,235.8,0.7829,1456,321.4,3545
46.75,4.0,15,36,49.8,0.9348,930,235.5,0.7872,1458,319.5,3545
46.75,4.25,15,37,49.2,0.9325,932,235.1,0.7905,1455,319.4,3545
46.75,4.5,15,38,48.7,0.9311,932,234.7,0.794,1458,317.9,3547
46.75,4.75,15,39,48.1,0.9303,933,234.2,0.7991,1458,316.7,3548
46.75,5.0,15,40,47.6,0.9312,932,233.8,0.8036,1457,316.4,3547
46.75,5.25,15,41,47.2,0.933,933,233.5,0.8098,1459,315.9,3549
46.75,5.5,15,42,46.8,0.9357,933,233.2,0.8156,1460,315.9,3551
46.75,5.75,15,43,46.4,0.9396,934,232.9,0.8226,1459,317.5,3551
46.75,6.0,15,44,46.1,0.944,934,232.6,0.8287,1459,318.7,3550
46.75,6.25,15,45,45.7,0.9482,935,232.5,0.8332,1459,319.8,3553
46.75,6.5,15,46,45.4,0.9519,935,232.3,0.8377,1459,320.3,3550
46.75,6.75,15,47,45.0,0.9551,936,232.1,0.8424,1458,319.5,3542
46.75,7.0,15,48,44.7,0.958,936,232.0,0.847,1457,319.4,3535
46.75,7.25,15,49,44.3,0.9603,936,231.9,0.851,1457,319.7,3531
46.75,7.5,15,50,44.0,0.9622,938,231.9,0.8564,1457,319.8,3530
46.75,7.75,15,51,43.7,0.9639,939,231.8,0.8614,1457,319.3,3529
46.75,8.0,15,52,43.4,0.9653,940,231.8,0.8654,1455,318.8,3524
46.75,8.25,15,53,43.0,0.9662,940,231.8,0.8677,1455,317.7,3523
46.75,8.5,15,54,42.8,0.9668,939,231.9,0.8694,1455,316.1,3521
47.0,-2.0,16,12,67.3,0.9121,932,249.8,0.718,1446,358.4,3519
47.0,-1.75,16,13,67.0,0.9122,933,249.3,0.7164,1445,357.4,3522
47.0,-1.5,16,14,66.5,0.9122,933,248.8,0.7159,1446,359.4,3534
47.0,-1.25,16,15,66.0,0.9121,932,248.2,0.7157,1445,356.7,3531
47.0,-1.0,16,16,65.3,0.9118,932,247.5,0.7147,1446,354.3,3530
47.0,-0.75,16,17,64.6,0.9108,933,246.7,0.7158,1445,351.8,3528
47.0,-0.5,16,18,63.7,0.9096,930,246.1,0.7178,1446,346.5,3524
47.0,-0.25,16,19,62.7,0.9106,931,245.4,0.7196,1446,344.6,3524
47.0,0.0,16,20,61.8,0.9132,931,244.7,0.7217,1446,343.3,3521
47.0,0.25,16,21,60.9,0.9174,931,243.9,0.7243,1447,341.6,3520
47.0,0.5,16,22,59.9,0.9185,930,243.0,0.7259,1447,337.1,3530
47.0,0.75,16,23,59.0,0.9198,930,242.3,0.7291,1447,335.9,3535
47.0,1.0,16,24,58.2,0.9227,930,241.6,0.7312,1448,335.5,3536
47.0,1.25,16,25,57.4,0.9253,929,241.0,0.7341,1449,333.8,3537
47.0,1.5,16,26,56.6,0.9276,930,240.4,0.737,1450,332.0,3539
47.0,1.75,16,27,55.9,0.9309,929,240.0,0.7396,1451,330.7,3541
47.0,2.0,16,28,55.2,0.9319,928,239.6,0.7423,1451,329.5,3539
47.0,2.25,16,29,54.5,0.9346,929,239.2,0.7471,1452,329.7,3540
47.0,2.5,16,30,53.8,0.935,929,238.7,0.7509,1455,328.1,3542
47.0,2.75,16,31,53.1,0.935,929,238.2,0.7559,1453,327.1,3539
47.0,3.0,16,32,52.5,0.9348,928,237.8,0.7611,1454,324.8,3538
47.0,3.25,16,33,51.8,0.9343,929,237.3,0.7656,1454,323.0,3540
47.0,3.5,16,34,51.1,0.934,929,236.7,0.7709,1456,320.8,3542
47.0,3.75,16,35,50.6,0.9324,929,236.2,0.776,1455,318.4,3541
47.0,4.0,16,36,50.0,0.931,930,235.6,0.7808,1456,316.5,3543
47.0,4.25,16,37,49.5,0.9297,930,235.2,0.7834,1458,314.8,3546
47.0,4.5,16,38,49.0,0.9273,930,234.7,0.7887,1457,312.4,3544
47.0,4.75,16,39,48.5,0.9264,931,234.3,0.7926,1457,311.2,3546
47.0,5.0,16,40,48.0,0.9265,932,234.0,0.7984,1458,309.5,3548
47.0,5.25,16,41,47.5,0.9281,931,233.5,0.8045,1458,308.4,3546
47.0,5.5,16,42,47.1,0.9304,931,233.1,0.8106,1457,307.9,3546
47.0,5.75,16,43,46.7,0.9335,933,232.9,0.8179,1459,307.6,3550
47.0,6.0,16,44,46.5,0.9412,932,232.6,0.823,1458,309.5,3549
47.0,6.25,16,45,46.0,0.9457,933,232.5,0.8291,1460,308.5,3542
47.0,6.5,16,46,45.6,0.9489,933,232.4,0.8343,1458,307.3,3535
47.0,6.75,16,47,45.2,0.9517,935,232.1,0.8392,1458,307.3,3532
47.0,7.0,16,48,44.8,0.9542,933,231.9,0.8446,1457,307.4,3525
47.0,7.25,16,49,44.4,0.9561,935,231.8,0.8484,1457,310.3,3527
47.0,7.5,16,50,44.1,0.9578,936,231.8,0.8537,1456,310.8,3522
47.0,7.75,16,51,43.8,0.9571,937,231.8,0.8586,1456,310.4,3521
47.0,8.0,16,52,43.5,0.9581,937,231.7,0.8613,1455,311.5,3520
47.0,8.25,16,53,43.1,0.9587,938,231.7,0.8646,1456,309.3,3520
47.0,8.5,16,54,42.8,0.9593,936,231.8,0.866,1454,308.8,3514
47.0,8.75,16,55,42.6,0.9598,937,231.9,0.8682,1454,307.3,3515
47.25,-2.0,17,12,68.0,0.9029,932,250.0,0.703,1445,11.3,3511
47.25,-1.75,17,13,67.7,0.902,932,249.4,0.7016,1445,8.5,3513
47.25,-1.5,17,14,67.3,0.9018,931,248.9,0.7017,1444,6.3,3515
47.25,-1.25,17,15,66.7,0.9023,931,248.3,0.7023,1446,3.4,3521
47.25,-1.0,17,16,66.0,0.9028,931,247.8,0.7004,1445,5.4,3527
47.25,-0.75,17,17,65.3,0.9026,931,247.1,0.7017,1445,0.0,3525
47.25,-0.5,17,18,64.6,0.9011,930,246.4,0.7037,1444,355.0,3522
47.25,-0.25,17,19,63.7,0.9009,930,245.6,0.7063,1446,348.8,3522
47.25,0.0,17,20,62.8,0.9015,930,244.9,0.709,1447,343.1,3521
47.25,0.25,17,21,61.8,0.9031,928,244.2,0.7115,1445,336.5,3527
47.25,0.5,17,22,60.9,0.9034,929,243.4,0.7148,1448,332.8,3536
47.25,0.75,17,23,59.9,0.9058,928,242.6,0.7178,1446,331.5,3535
47.25,1.0,17,24,58.9,0.9107,928,242.0,0.7193,1448,331.5,3538
47.25,1.25,17,25,58.0,0.9136,928,241.3,0.7223,1448,329.7,3538
47.25,1.5,17,26,57.2,0.9182,928,240.7,0.7242,1451,329.0,3541
47.25,1.75,17,27,56.3,0.92,927,240.2,0.7264,1450,328.0,3540
47.25,2.0,17,28,55.5,0.9219,928,239.8,0.7291,1451,327.4,3542
47.25,2.25,17,29,54.7,0.9229,926,239.3,0.7358,1452,323.8,3540
47.25,2.5,17,30,53.9,0.9235,928,238.7,0.7405,1453,322.6,3543
47.25,2.75,17,31,53.3,0.9238,926,238.2,0.7438,1453,321.7,3538
47.25,3.0,17,32,52.7,0.9239,927,237.7,0.7505,1453,319.8,3537
47.25,3.25,17,33,52.1,0.9234,927,237.4,0.7543,1454,318.7,3538
47.25,3.5,17,34,51.4,0.9261,927,237.0,0.7594,1454,317.4,3538
47.25,3.75,17,35,50.8,0.9269,927,236.4,0.7662,1455,313.8,3539
47.25,4.0,17,36,50.3,0.9251,928,235.9,0.7715,1456,310.7,3541
47.25,4.25,17,37,49.8,0.9242,929,235.3,0.7753,1455,307.7,3542
47.25,4.5,17,38,49.4,0.9234,928,234.8,0.7816,1456,302.8,3542
47.25,4.75,17,39,48.9,0.9216,930,234.4,0.7873,1456,299.8,3544
47.25,5.0,17,40,48.4,0.9211,929,234.0,0.7931,1456,297.6,3543
47.25,5.25,17,41,47.9,0.9231,930,233.5,0.7999,1458,296.3,3546
47.25,5.5,17,42,47.4,0.9251,930,233.1,0.8065,1457,295.9,3545
47.25,5.75,17,43,47.0,0.9288,932,232.8,0.8122,1458,297.1,3548
47.25,6.0,17,44,46.6,0.9341,931,232.6,0.818,1457,295.5,3534
47.25,6.25,17,45,46.2,0.9391,932,232.4,0.8234,1459,296.0,3532
47.25,6.5,17,46,45.8,0.9425,932,232.2,0.8306,1458,295.2,3527
47.25,6.75,17,47,45.3,0.9452,932,232.0,0.8352,1458,294.8,3525
47.25,7.0,17,48,44.9,0.9476,933,231.8,0.8405,1457,295.8,3520
47.25,7.25,17,49,44.5,0.9495,933,231.7,0.8451,1458,297.0,3521
47.25,7.5,17,50,44.2,0.9513,934,231.7,0.8497,1456,299.0,3517
47.25,7.75,17,51,43.9,0.9526,933,231.6,0.8538,1457,299.4,3516
47.25,8.0,17,52,43.6,0.9537,934,231.6,0.8576,1455,300.5,3514
47.25,8.25,17,53,43.3,0.9543,933,231.6,0.8612,1455,299.3,3512
47.25,8.5,17,54,43.0,0.9546,934,231.7,0.862,1454,300.1,3512
47.25,8.75,17,55,42.8,0.9548,934,231.8,0.8649,1455,299.7,3511
47.25,9.0,17,56,42.6,0.9546,934,231.8,0.8681,1452,299.6,3507
47.25,9.25,17,57,42.4,0.9542,935,232.0,0.8719,1453,299.0,3509
47.25,9.5,17,58,42.2,0.9537,935,232.0,0.8721,1453,298.8,3509
47.25,9.75,17,59,42.1,0.953,935,232.1,0.8727,1451,298.1,3506
47.25,10.0,17,60,42.0,0.9522,936,232.2,0.8732,1451,297.6,3507
47.25,10.25,17,61,41.9,0.9513,936,232.4,0.8732,1451,297.2,3507
47.5,-2.5,18,10,68.7,0.8963,931,250.9,0.6957,1445,32.1,3503
47.5,-2.25,18,11,68.6,0.8955,931,250.5,0.6927,1444,30.1,3504
47.5,-2.0,18,12,68.4,0.8944,930,250.1,0.6905,1444,25.3,3504
47.5,-1.75,18,13,68.1,0.8929,930,249.6,0.689,1444,21.2,3505
47.5,-1.5,18,14,67.7,0.8922,930,249.1,0.6885,1444,16.2,3507
47.5,-1.25,18,15,67.2,0.892,929,248.7,0.688,1445,11.1,3510
47.5,-1.0,18,16,66.6,0.8925,930,248.1,0.6878,1445,9.3,3514
47.5,-0.75,18,17,65.9,0.8928,929,247.4,0.6899,1445,8.9,3524
47.5,-0.5,18,18,65.1,0.8926,928,246.7,0.6918,1446,0.4,3522
47.5,-0.25,18,19,64.3,0.8922,929,245.9,0.6938,1445,354.4,3520
47.5,0.0,18,20,63.4,0.8917,929,245.1,0.6976,1446,341.7,3529
47.5,0.25,18,21,62.4,0.8916,926,244.5,0.701,1446,334.1,3531
47.5,0.5,18,22,61.5,0.8927,928,243.7,0.7027,1445,333.1,3536
47.5,0.75,18,23,60.5,0.8928,927,243.1,0.7043,1447,328.6,3538
47.5,1.0,18,24,59.6,0.895,927,242.3,0.7076,1447,325.2,3538
47.5,1.25,18,25,58.6,0.8984,926,241.7,0.711,1449,321.8,3539
47.5,1.5,18,26,57.7,0.904,928,241.1,0.7119,1448,323.9,3541
47.5,1.75,18,27,56.8,0.9068,925,240.4,0.7156,1451,320.6,3541
47.5,2.0,18,28,55.9,0.9089,926,239.8,0.7183,1451,320.1,3543
47.5,2.25,18,29,55.1,0.9105,926,239.3,0.724,1451,317.2,3543
47.5,2.5,18,30,54.3,0.9116,925,238.7,0.7298,1451,314.7,3540
47.5,2.75,18,31,53.7,0.9124,925,238.1,0.7366,1452,312.3,3539
47.5,3.0,18,32,53.1,0.9128,926,237.6,0.7411,1453,310.7,3537
47.5,3.25,18,33,52.5,0.9126,925,237.2,0.7479,1452,308.3,3534
47.5,3.5,18,34,51.8,0.9137,926,236.8,0.7513,1454,307.3,3538
47.5,3.75,18,35,51.1,0.9149,926,236.3,0.7574,1455,304.9,3539
47.5,4.0,18,36,50.6,0.9137,927,235.7,0.7636,1454,301.2,3538
47.5,4.25,18,37,50.1,0.9136,926,235.2,0.7701,1456,296.1,3540
47.5,4.5,18,38,49.7,0.9148,928,234.7,0.7761,1456,293.7,3542
47.5,4.75,18,39,49.3,0.9146,927,234.3,0.7803,1457,290.5,3542
47.5,5.0,18,40,48.8,0.9147,928,233.9,0.7875,1455,288.9,3541
47.5,5.25,18,41,48.2,0.9154,928,233.4,0.7944,1456,286.9,3543
47.5,5.5,18,42,47.8,0.9183,929,233.0,0.8016,1457,285.5,3537
47.5,5.75,18,43,47.4,0.9215,928,232.7,0.8066,1458,283.3,3529
47.5,6.0,18,44,47.0,0.9287,930,232.5,0.8139,1456,283.9,3526
47.5,6.25,18,45,46.5,0.9332,930,232.3,0.818,1459,285.2,3524
47.5,6.5,18,46,46.0,0.9378,930,232.0,0.8231,1458,285.2,3520
47.5,6.75,18,47,45.6,0.9409,931,231.9,0.8309,1458,284.8,3518
47.5,7.0,18,48,45.2,0.9435,932,231.7,0.8362,1456,285.4,3516
47.5,7.25,18,49,44.8,0.9456,930,231.6,0.8404,1457,286.1,3513
47.5,7.5,18,50,44.5,0.9472,931,231.5,0.8447,1457,288.3,3513
47.5,7.75,18,51,44.2,0.9485,932,231.6,0.8472,1455,291.7,3511
47.5,8.0,18,52,43.9,0.949,931,231.6,0.8499,1455,291.7,3508
47.5,8.25,18,53,43.6,0.9492,931,231.5,0.8527,1455,291.4,3507
47.5,8.5,18,54,43.3,0.9492,931,231.6,0.8567,1454,290.6,3506
47.5,8.75,18,55,43.1,0.949,931,231.7,0.8589,1452,291.7,3502
47.5,9.0,18,56,42.9,0.9487,931,231.6,0.8616,1454,291.9,3504
47.5,9.25,18,57,42.7,0.9482,933,231.8,0.8652,1452,292.3,3503
47.5,9.5,18,58,42.6,0.9474,930,232.0,0.867,1452,290.9,3501
47.5,9.75,18,59,42.4,0.9467,933,232.1,0.8677,1451,290.9,3503
47.5,10.0,18,60,42.3,0.9456,933,232.2,0.868,1452,290.2,3503
47.5,10.25,18,61,42.2,0.9445,933,232.3,0.8678,1450,290.3,3501
47.5,10.5,18,62,42.0,0.9432,933,232.4,0.8683,1449,291.0,3500
47.5,10.75,18,63,41.9,0.9419,934,232.5,0.8696,1448,291.9,3501
47.5,11.0,18,64,41.9,0.9402,933,232.6,0.8705,1449,292.9,3502
47.5,11.25,18,65,41.8,0.9381,933,232.6,0.8725,1447,294.4,3502
47.5,11.5,18,66,41.7,0.9361,931,232.6,0.8717,1448,295.6,3502
47.5,11.75,18,67,41.5,0.9355,932,232.7,0.871,1446,297.6,3502
47.5,12.0,18,68,41.5,0.9346,931,232.8,0.8696,1446,299.2,3502
47.5,12.25,18,69,41.5,0.9342,931,232.8,0.8695,1445,300.3,3502
47.5,12.5,18,70,41.4,0.9346,931,232.8,0.8693,1445,302.0,3504
47.5,12.75,18,71,41.4,0.9353,931,232.7,0.8695,1444,303.4,3505
47.5,13.0,18,72,41.5,0.9372,930,232.7,0.8699,1444,304.5,3505
47.5,13.25,18,73,41.5,0.9392,930,232.7,0.8706,1444,305.8,3506
47.5,13.5,18,74,41.5,0.9413,930,232.7,0.8712,1445,307.0,3509
47.5,13.75,18,75,41.5,0.9432,929,232.6,0.8715,1444,308.6,3510
47.75,-3.5,19,6,68.7,0.892,930,252.5,0.6974,1447,44.1,3494
47.75,-3.25,19,7,68.8,0.8916,932,252.2,0.6941,1448,45.0,3498
47.75,-3.0,19,8,68.9,0.8908,929,251.8,0.6909,1447,45.2,3495
47.75,-2.75,19,9,68.9,0.8903,930,251.3,0.6882,1445,47.4,3497
47.75,-2.5,19,10,68.8,0.8892,930,251.0,0.6853,1445,46.6,3499
47.75,-2.25,19,11,68.7,0.8884,929,250.5,0.683,1444,44.7,3498
47.75,-2.0,19,12,68.4,0.8864,928,250.2,0.6814,1444,37.6,3497
47.75,-1.75,19,13,68.1,0.8843,930,249.8,0.6793,1443,32.4,3500
47.75,-1.5,19,14,67.8,0.8828,927,249.4,0.6795,1445,24.1,3501
47.75,-1.25,19,15,67.3,0.8828,929,248.9,0.6787,1444,20.1,3503
47.75,-1.0,19,16,66.7,0.883,928,248.4,0.6793,1444,14.1,3503
47.75,-0.75,19,17,66.1,0.8832,927,247.7,0.6792,1445,9.5,3507
47.75,-0.5,19,18,65.3,0.8831,927,247.1,0.6809,1445,5.3,3512
47.75,-0.25,19,19,64.5,0.8829,927,246.4,0.6835,1444,357.1,3525
47.75,0.0,19,20,63.7,0.8823,925,245.6,0.6859,1444,346.4,3530
47.75,0.25,19,21,62.8,0.8818,927,244.8,0.6891,1444,339.7,3535
47.75,0.5,19,22,61.8,0.8816,925,244.0,0.6903,1445,334.2,3535
47.75,0.75,19,23,60.8,0.8819,925,243.4,0.6926,1446,329.6,3537
47.75,1.0,19,24,59.9,0.8829,925,242.6,0.696,1448,324.4,3540
47.75,1.25,19,25,58.9,0.8846,925,241.9,0.6996,1448,322.0,3539
47.75,1.5,19,26,58.1,0.8858,926,241.2,0.7027,1449,319.4,3542
47.75,1.75,19,27,57.3,0.8893,924,240.5,0.706,1449,317.6,3542
47.75,2.0,19,28,56.4,0.8929,925,239.7,0.7098,1451,315.2,3544
47.75,2.25,19,29,55.5,0.8972,924,239.2,0.715,1451,313.2,3542
47.75,2.5,19,30,54.7,0.9,925,238.5,0.7212,1451,310.9,3543
47.75,2.75,19,31,54.0,0.9015,923,238.0,0.7277,1453,306.4,3540
47.75,3.0,19,32,53.4,0.9029,925,237.5,0.7338,1452,305.5,3539
47.75,3.25,19,33,52.8,0.9033,924,237.1,0.7396,1454,302.3,3536
47.75,3.5,19,34,52.3,0.9032,925,236.5,0.7468,1453,299.0,3536
47.75,3.75,19,35,51.7,0.9025,925,236.2,0.7518,1454,297.5,3537
47.75,4.0,19,36,51.1,0.905,925,235.6,0.7572,1454,295.7,3538
47.75,4.25,19,37,50.6,0.9048,925,235.0,0.764,1454,290.3,3537
47.75,4.5,19,38,50.1,0.9057,926,234.6,0.7703,1455,286.2,3539
47.75,4.75,19,39,49.6,0.9079,926,234.1,0.7762,1455,282.4,3540
47.75,5.0,19,40,49.2,0.9106,926,233.7,0.7844,1455,279.2,3539
47.75,5.25,19,41,48.8,0.9121,927,233.3,0.791,1455,275.3,3530
47.75,5.5,19,42,48.4,0.9139,927,232.9,0.7973,1456,272.2,3525
47.75,5.75,19,43,48.0,0.9177,927,232.5,0.8014,1456,272.1,3521
47.75,6.0,19,44,47.5,0.9211,928,232.2,0.8044,1456,272.9,3518
47.75,6.25,19,45,47.0,0.9259,928,232.1,0.8105,1456,273.7,3515
47.75,6.5,19,46,46.5,0.9324,928,231.8,0.8184,1457,273.2,3513
47.75,6.75,19,47,46.1,0.9361,929,231.7,0.825,1457,272.3,3512
47.75,7.0,19,48,45.7,0.9384,928,231.6,0.832,1458,272.1,3511
47.75,7.25,19,49,45.3,0.9405,928,231.5,0.8372,1456,273.6,3507
47.75,7.5,19,50,44.9,0.9415,928,231.5,0.8394,1456,276.5,3506
47.75,7.75,19,51,44.6,0.9422,928,231.5,0.8414,1456,279.9,3506
47.75,8.0,19,52,44.3,0.9427,928,231.5,0.8445,1455,282.2,3503
47.75,8.25,19,53,44.1,0.943,929,231.5,0.8466,1454,284.1,3503
47.75,8.5,19,54,43.8,0.943,928,231.7,0.848,1455,284.6,3502
47.75,8.75,19,55,43.6,0.9429,929,231.7,0.8508,1453,285.9,3500
47.75,9.0,19,56,43.4,0.9427,929,231.8,0.8536,1454,286.4,3500
47.75,9.25,19,57,43.2,0.9422,930,231.9,0.8575,1453,286.2,3499
47.75,9.5,19,58,43.0,0.9414,928,232.0,0.8593,1453,283.2,3497
47.75,9.75,19,59,42.9,0.9406,930,232.1,0.861,1451,282.8,3497
47.75,10.0,19,60,42.7,0.9395,930,232.2,0.8618,1451,282.4,3497
47.75,10.25,19,61,42.6,0.9382,931,232.3,0.862,1450,283.4,3497
47.75,10.5,19,62,42.5,0.9367,930,232.3,0.863,1451,284.6,3497
47.75,10.75,19,63,42.4,0.9353,933,232.3,0.8637,1448,286.9,3497
47.75,11.0,19,64,42.3,0.9332,931,232.3,0.8663,1450,287.5,3498
47.75,11.25,19,65,42.2,0.9308,931,232.3,0.8688,1447,289.7,3497
47.75,11.5,19,66,42.1,0.929,930,232.4,0.8675,1447,291.2,3495
47.75,11.75,19,67,42.0,0.9273,932,232.4,0.8672,1448,292.9,3499
47.75,12.0,19,68,41.9,0.9258,929,232.4,0.8656,1447,294.6,3496
47.75,12.25,19,69,41.8,0.9254,930,232.4,0.8653,1445,296.9,3498
47.75,12.5,19,70,42.0,0.9264,930,232.4,0.8651,1445,298.7,3500
47.75,12.75,19,71,41.9,0.9278,929,232.4,0.8654,1444,300.2,3499
47.75,13.0,19,72,41.9,0.9293,928,232.4,0.8653,1444,301.7,3498
47.75,13.25,19,73,41.9,0.9316,930,232.4,0.8659,1443,303.8,3501
47.75,13.5,19,74,41.9,0.934,927,232.3,0.8668,1445,305.2,3502
47.75,13.75,19,75,41.8,0.9363,929,232.2,0.8674,1444,307.2,3504
47.75,14.0,19,76,41.7,0.9389,928,232.1,0.8682,1444,308.9,3504
48.0,-4.5,20,2,68.2,0.8868,928,254.1,0.6968,1450,44.5,3491
48.0,-4.25,20,3,68.3,0.8866,929,253.7,0.6948,1449,45.5,3491
48.0,-4.0,20,4,68.4,0.886,928,253.4,0.6929,1449,46.8,3490
48.0,-3.75,20,5,68.5,0.8861,929,253.0,0.6909,1449,48.6,3491
48.0,-3.5,20,6,68.6,0.8857,930,252.6,0.6874,1447,51.0,3491
48.0,-3.25,20,7,68.7,0.885,929,252.2,0.6842,1447,53.1,3491
48.0,-3.0,20,8,68.8,0.8845,928,251.9,0.6814,1446,54.1,3490
48.0,-2.75,20,9,68.8,0.8838,930,251.6,0.6782,1446,54.4,3494
48.0,-2.5,20,10,68.7,0.8824,928,251.2,0.6753,1445,53.5,3492
48.0,-2.25,20,11,68.5,0.8811,928,250.8,0.6738,1444,50.0,3492
48.0,-2.0,20,12,68.2,0.8792,927,250.4,0.6724,1442,45.7,3491
48.0,-1.75,20,13,67.9,0.8766,928,250.0,0.6715,1444,38.4,3495
48.0,-1.5,20,14,67.6,0.8751,927,249.6,0.6704,1443,34.1,3494
48.0,-1.25,20,15,67.1,0.8746,927,249.1,0.6703,1444,26.2,3495
48.0,-1.0,20,16,66.6,0.8746,926,248.7,0.6701,1443,19.4,3497
48.0,-0.75,20,17,66.0,0.8747,927,248.1,0.6699,1444,13.2,3499
48.0,-0.5,20,18,65.2,0.8744,925,247.5,0.6716,1444,2.6,3504
48.0,-0.25,20,19,64.4,0.8744,927,246.9,0.6738,1444,354.2,3520
48.0,0.0,20,20,63.6,0.8741,925,246.0,0.6753,1443,354.5,3534
48.0,0.25,20,21,62.7,0.8739,925,245.3,0.6775,1444,347.4,3536
48.0,0.5,20,22,61.9,0.8731,925,244.4,0.6799,1445,340.0,3538
48.0,0.75,20,23,60.9,0.874,924,243.6,0.6833,1447,333.1,3539
48.0,1.0,20,24,59.9,0.874,924,242.8,0.6854,1446,329.8,3538
48.0,1.25,20,25,59.0,0.8725,924,242.0,0.6895,1449,323.1,3541
48.0,1.5,20,26,58.1,0.8739,923,241.4,0.692,1448,321.6,3540
48.0,1.75,20,27,57.2,0.8742,923,240.7,0.6974,1449,315.6,3543
48.0,2.0,20,28,56.5,0.8755,923,239.9,0.7024,1451,310.6,3543
48.0,2.25,20,29,55.7,0.8779,922,239.3,0.7076,1449,307.6,3540
48.0,2.5,20,30,55.1,0.8823,922,238.6,0.713,1451,304.3,3541
48.0,2.75,20,31,54.3,0.8845,923,238.0,0.72,1451,300.6,3540
48.0,3.0,20,32,53.6,0.89,921,237.6,0.7267,1452,298.4,3538
48.0,3.25,20,33,53.1,0.8922,923,237.0,0.7329,1452,297.6,3537
48.0,3.5,20,34,52.6,0.8936,924,236.5,0.7404,1453,293.2,3535
48.0,3.75,20,35,52.1,0.8943,923,236.1,0.7482,1453,289.4,3534
48.0,4.0,20,36,51.5,0.897,924,235.6,0.7549,1454,286.0,3537
48.0,4.25,20,37,51.0,0.8997,925,234.9,0.7597,1454,283.6,3537
48.0,4.5,20,38,50.6,0.9012,924,234.5,0.7643,1454,281.0,3537
48.0,4.75,20,39,50.2,0.9039,924,234.0,0.7697,1454,275.0,3529
48.0,5.0,20,40,49.8,0.9078,926,233.7,0.7767,1455,271.9,3524
48.0,5.25,20,41,49.4,0.9118,924,233.4,0.7843,1455,267.5,3519
48.0,5.5,20,42,48.9,0.914,926,232.9,0.7903,1455,264.9,3517
48.0,5.75,20,43,48.5,0.9157,926,232.4,0.7958,1456,261.6,3515
48.0,6.0,20,44,48.0,0.9191,926,232.0,0.8001,1456,259.6,3512
48.0,6.25,20,45,47.5,0.9215,926,231.8,0.8059,1455,258.2,3509
48.0,6.5,20,46,47.1,0.9242,928,231.5,0.812,1457,257.2,3510
48.0,6.75,20,47,46.6,0.9279,924,231.3,0.8183,1456,254.9,3504
48.0,7.0,20,48,46.2,0.9311,925,231.3,0.8244,1455,256.4,3504
48.0,7.25,20,49,45.8,0.9336,924,231.3,0.8298,1456,257.3,3502
48.0,7.5,20,50,45.5,0.9354,924,231.2,0.8338,1456,260.0,3501
48.0,7.75,20,51,45.2,0.9365,924,231.2,0.8358,1455,264.2,3499
48.0,8.0,20,52,44.9,0.9375,925,231.3,0.8371,1454,270.0,3498
48.0,8.25,20,53,44.6,0.938,925,231.4,0.8401,1455,274.1,3498
48.0,8.5,20,54,44.4,0.9381,926,231.5,0.8409,1454,277.3,3497
48.0,8.75,20,55,44.2,0.9378,924,231.7,0.844,1452,278.6,3493
48.0,9.0,20,56,44.0,0.9374,926,231.7,0.8465,1453,278.0,3494
48.0,9.25,20,57,43.7,0.9369,926,231.8,0.8482,1453,277.1,3493
48.0,9.5,20,58,43.6,0.9361,925,232.0,0.8505,1451,277.5,3490
48.0,9.75,20,59,43.4,0.9353,927,232.1,0.8535,1451,277.1,3492
48.0,10.0,20,60,43.2,0.9343,928,232.2,0.8547,1452,277.4,3494
48.0,10.25,20,61,43.1,0.9329,927,232.2,0.8555,1450,278.6,3491
48.0,10.5,20,62,43.0,0.9314,928,232.2,0.8576,1450,279.5,3492
48.0,10.75,20,63,42.9,0.9297,929,232.1,0.8595,1449,281.0,3492
48.0,11.0,20,64,42.8,0.9274,928,232.0,0.8613,1448,282.2,3490
48.0,11.25,20,65,42.7,0.9254,929,232.0,0.8631,1449,284.3,3492
48.0,11.5,20,66,42.6,0.9225,930,232.1,0.863,1447,287.4,3492
48.0,11.75,20,67,42.5,0.9196,928,232.1,0.863,1447,288.8,3491
48.0,12.0,20,68,42.5,0.9174,928,232.1,0.8615,1446,291.0,3491
48.0,12.25,20,69,42.4,0.9168,930,232.1,0.8607,1446,293.5,3495
48.0,12.5,20,70,42.4,0.9183,928,232.1,0.8614,1445,295.1,3493
48.0,12.75,20,71,42.4,0.92,928,232.1,0.862,1444,297.0,3493
48.0,13.0,20,72,42.3,0.922,927,232.0,0.8624,1442,299.4,3492
48.0,13.25,20,73,42.3,0.9242,928,232.0,0.8631,1444,301.5,3496
48.0,13.5,20,74,42.3,0.9265,927,232.0,0.864,1443,303.8,3495
48.0,13.75,20,75,42.2,0.9297,927,231.9,0.8644,1444,305.6,3496
48.0,14.0,20,76,42.1,0.933,926,231.8,0.8651,1443,308.0,3498
48.25,-4.5,21,2,68.0,0.8812,927,254.4,0.683,1450,47.2,3488
48.25,-4.25,21,3,68.0,0.8811,926,254.0,0.681,1450,48.5,3487
48.25,-4.0,21,4,68.1,0.8808,926,253.7,0.6802,1449,50.1,3486
48.25,-3.75,21,5,68.4,0.8802,928,253.2,0.6782,1447,52.7,3486
48.25,-3.5,21,6,68.4,0.8797,928,252.8,0.6761,1448,55.0,3487
48.25,-3.25,21,7,68.5,0.8792,927,252.5,0.6741,1447,56.7,3486
48.25,-3.0,21,8,68.6,0.8783,927,252.2,0.6709,1445,57.9,3486
48.25,-2.75,21,9,68.5,0.8772,927,251.8,0.6687,1445,57.9,3487
48.25,-2.5,21,10,68.4,0.876,926,251.5,0.6667,1444,56.3,3486
48.25,-2.25,21,11,68.2,0.8747,926,251.1,0.6644,1443,53.8,3486
48.25,-2.0,21,12,67.8,0.873,926,250.7,0.6631,1443,47.9,3488
48.25,-1.75,21,13,67.4,0.8697,925,250.3,0.6625,1443,41.8,3488
48.25,-1.5,21,14,67.2,0.8682,925,249.9,0.6623,1443,36.0,3488
48.25,-1.25,21,15,66.7,0.8676,925,249.5,0.6618,1442,29.2,3488
48.25,-1.0,21,16,66.2,0.8674,924,249.1,0.6621,1444,18.1,3489
48.25,-0.75,21,17,65.6,0.8671,924,248.6,0.6616,1443,13.6,3490
48.25,-0.5,21,18,64.9,0.8668,925,247.9,0.6633,1443,2.1,3505
48.25,-0.25,21,19,64.1,0.8667,924,247.3,0.6657,1443,354.1,3512
48.25,0.0,21,20,63.3,0.867,923,246.5,0.6673,1443,350.4,3521
48.25,0.25,21,21,62.5,0.8669,925,245.8,0.6675,1444,350.1,3530
48.25,0.5,21,22,61.7,0.8673,922,244.9,0.6696,1446,347.0,3538
48.25,0.75,21,23,60.8,0.8666,924,244.0,0.6734,1445,341.1,3539
48.25,1.0,21,24,59.9,0.8659,923,243.2,0.6753,1447,335.4,3540
48.25,1.25,21,25,59.0,0.8657,923,242.4,0.6794,1446,330.8,3540
48.25,1.5,21,26,58.1,0.8638,922,241.6,0.684,1449,322.5,3542
48.25,1.75,21,27,57.1,0.8648,921,241.0,0.6879,1450,318.0,3543
48.25,2.0,21,28,56.4,0.865,921,240.3,0.6938,1449,312.3,3541
48.25,2.25,21,29,55.6,0.8665,921,239.6,0.6993,1451,306.8,3542
48.25,2.5,21,30,54.9,0.8684,921,238.8,0.707,1451,300.5,3541
48.25,2.75,21,31,54.3,0.8724,920,238.1,0.7135,1451,296.4,3540
48.25,3.0,21,32,53.8,0.8744,921,237.6,0.7202,1452,291.5,3540
48.25,3.25,21,33,53.4,0.8767,921,237.1,0.7275,1453,288.1,3538
48.25,3.5,21,34,52.9,0.8799,921,236.7,0.7369,1452,284.3,3535
48.25,3.75,21,35,52.4,0.8837,922,236.3,0.7439,1453,281.7,3533
48.25,4.0,21,36,51.9,0.8875,922,235.6,0.7529,1453,276.4,3534
48.25,4.25,21,37,51.5,0.8935,922,235.0,0.7576,1453,273.6,3534
48.25,4.5,21,38,51.1,0.8967,922,234.5,0.7616,1453,269.5,3522
48.25,4.75,21,39,50.7,0.9001,923,234.0,0.7665,1455,264.1,3520
48.25,5.0,21,40,50.3,0.9045,924,233.6,0.7719,1453,262.2,3515
48.25,5.25,21,41,49.9,0.9091,923,233.3,0.7779,1453,258.6,3510
48.25,5.5,21,42,49.3,0.9123,925,232.9,0.7811,1454,256.2,3510
48.25,5.75,21,43,49.0,0.9135,924,232.4,0.7846,1455,250.6,3508
48.25,6.0,21,44,48.5,0.9166,925,232.1,0.7897,1453,247.4,3504
48.25,6.25,21,45,48.0,0.9181,924,231.7,0.7967,1455,242.9,3504
48.25,6.5,21,46,47.5,0.9206,924,231.4,0.8038,1455,241.3,3502
48.25,6.75,21,47,47.1,0.924,922,231.2,0.8103,1455,240.3,3500
48.25,7.0,21,48,46.7,0.9272,923,231.1,0.8162,1455,239.6,3500
48.25,7.25,21,49,46.3,0.9295,921,231.1,0.8225,1456,240.6,3497
48.25,7.5,21,50,46.0,0.9314,923,230.9,0.8287,1456,240.2,3498
48.25,7.75,21,51,45.8,0.9325,922,230.8,0.8327,1455,243.2,3494
48.25,8.0,21,52,45.5,0.9333,922,230.9,0.8337,1455,249.3,3494
48.25,8.25,21,53,45.2,0.9336,922,231.0,0.8351,1454,257.4,3492
48.25,8.5,21,54,45.0,0.9336,923,231.3,0.8349,1454,263.9,3491
48.25,8.75,21,55,44.8,0.9332,922,231.4,0.8376,1454,266.1,3491
48.25,9.0,21,56,44.6,0.9326,924,231.6,0.8384,1453,268.9,3491
48.25,9.25,21,57,44.4,0.9316,923,231.8,0.8404,1453,270.4,3489
48.25,9.5,21,58,44.2,0.9307,923,231.9,0.8433,1452,271.1,3487
48.25,9.75,21,59,44.0,0.9298,924,232.0,0.8457,1450,272.3,3486
48.25,10.0,21,60,43.8,0.9289,925,232.1,0.849,1452,273.6,3490
48.25,10.25,21,61,43.7,0.9277,924,232.0,0.8511,1449,274.5,3485
48.25,10.5,21,62,43.6,0.9264,926,232.0,0.8537,1450,275.5,3488
48.25,10.75,21,63,43.5,0.9247,926,231.8,0.8565,1450,276.7,3488
48.25,11.0,21,64,43.4,0.9231,926,231.8,0.8582,1449,278.6,3487
48.25,11.25,21,65,43.3,0.9207,928,231.6,0.8587,1447,280.4,3487
48.25,11.5,21,66,43.3,0.9178,928,231.7,0.859,1448,282.8,3488
48.25,11.75,21,67,43.2,0.9147,927,231.7,0.859,1447,284.9,3487
48.25,12.0,21,68,43.1,0.9122,927,231.7,0.858,1445,287.7,3487
48.25,12.25,21,69,43.0,0.9112,927,231.7,0.8571,1445,290.0,3488
48.25,12.5,21,70,43.0,0.9117,926,231.7,0.8575,1444,292.5,3487
48.25,12.75,21,71,42.9,0.913,926,231.7,0.8575,1444,294.9,3488
48.25,13.0,21,72,42.9,0.9151,926,231.6,0.8584,1443,296.8,3489
48.25,13.25,21,73,42.8,0.918,925,231.5,0.8594,1443,299.0,3489
48.25,13.5,21,74,42.7,0.9203,925,231.5,0.8605,1443,301.0,3489
48.25,13.75,21,75,42.6,0.9231,925,231.4,0.8613,1442,303.4,3489
48.25,14.0,21,76,42.5,0.9252,924,231.3,0.8623,1444,305.2,3492
48.5,-4.75,22,1,67.7,0.8772,922,255.4,0.6716,1451,47.7,3482
48.5,-4.5,22,2,67.6,0.8764,922,255.0,0.6698,1450,47.9,3481
48.5,-4.25,22,3,67.7,0.8764,923,254.5,0.6678,1449,49.5,3481
48.5,-4.0,22,4,67.9,0.876,922,254.2,0.6672,1449,51.4,3481
48.5,-3.75,22,5,68.0,0.8756,925,253.7,0.667,1448,53.8,3482
48.5,-3.5,22,6,68.2,0.8744,925,253.3,0.6645,1447,56.3,3481
48.5,-3.25,22,7,68.2,0.8737,926,253.0,0.6629,1447,57.5,3482
48.5,-3.0,22,8,68.2,0.8725,925,252.6,0.6607,1446,58.1,3481
48.5,-2.75,22,9,68.1,0.8714,926,252.3,0.6588,1446,57.5,3483
48.5,-2.5,22,10,68.0,0.87,925,251.9,0.6571,1446,56.2,3483
48.5,-2.25,22,11,67.7,0.8684,925,251.6,0.6547,1444,53.3,3482
48.5,-2.0,22,12,67.3,0.8671,924,251.2,0.6545,1443,47.8,3481
48.5,-1.75,22,13,66.9,0.863,924,250.8,0.654,1443,40.9,3482
48.5,-1.5,22,14,66.6,0.8617,924,250.3,0.6537,1442,35.9,3483
48.5,-1.25,22,15,66.2,0.8605,924,250.0,0.6536,1442,28.7,3484
48.5,-1.0,22,16,65.6,0.8603,923,249.6,0.6538,1442,20.8,3484
48.5,-0.75,22,17,65.1,0.8589,924,249.1,0.6536,1443,10.5,3498
48.5,-0.5,22,18,64.3,0.8579,923,248.5,0.6543,1441,3.5,3502
48.5,-0.25,22,19,63.7,0.8584,922,247.9,0.6554,1441,357.5,3508
48.5,0.0,22,20,62.9,0.8599,922,247.1,0.6561,1443,352.3,3513
48.5,0.25,22,21,62.1,0.8612,922,246.4,0.6573,1443,349.5,3518
48.5,0.5,22,22,61.4,0.8605,922,245.5,0.6602,1446,346.4,3527
48.5,0.75,22,23,60.5,0.8597,921,244.6,0.6637,1447,346.2,3540
48.5,1.0,22,24,59.7,0.86,922,243.7,0.6679,1447,341.1,3541
48.5,1.25,22,25,58.9,0.8597,921,242.8,0.671,1447,335.9,3541
48.5,1.5,22,26,58.0,0.8592,921,242.1,0.6759,1450,328.0,3545
48.5,1.75,22,27,57.1,0.8559,922,241.3,0.6801,1449,321.9,3544
48.5,2.0,22,28,56.2,0.8562,919,240.6,0.6856,1450,314.2,3542
48.5,2.25,22,29,55.4,0.8563,920,239.8,0.6924,1450,306.1,3541
48.5,2.5,22,30,54.8,0.8579,920,239.3,0.6995,1451,300.8,3542
48.5,2.75,22,31,54.2,0.8621,919,238.4,0.7052,1451,295.7,3540
48.5,3.0,22,32,53.7,0.8642,919,237.9,0.7116,1451,289.9,3538
48.5,3.25,22,33,53.3,0.8668,921,237.3,0.7198,1451,284.6,3538
48.5,3.5,22,34,53.0,0.8689,919,236.9,0.7307,1450,278.7,3534
48.5,3.75,22,35,52.7,0.8727,921,236.4,0.7394,1452,272.7,3533
48.5,4.0,22,36,52.3,0.8769,921,235.7,0.7463,1452,266.4,3524
48.5,4.25,22,37,51.9,0.883,921,235.1,0.7508,1452,263.6,3517
48.5,4.5,22,38,51.6,0.8881,921,234.6,0.7578,1452,260.1,3512
48.5,4.75,22,39,51.3,0.8941,921,234.2,0.7618,1453,254.7,3510
48.5,5.0,22,40,50.9,0.9,921,233.7,0.7666,1452,249.4,3507
48.5,5.25,22,41,50.4,0.9054,923,233.3,0.7705,1455,247.9,3508
48.5,5.5,22,42,50.0,0.9099,921,232.9,0.7754,1452,241.4,3501
48.5,5.75,22,43,49.5,0.9137,923,232.5,0.7779,1453,235.7,3502
48.5,6.0,22,44,49.0,0.9155,923,231.9,0.7824,1454,227.2,3501
48.5,6.25,22,45,48.5,0.9179,921,231.6,0.7867,1453,222.4,3498
48.5,6.5,22,46,48.1,0.9185,921,231.4,0.7919,1454,220.1,3498
48.5,6.75,22,47,47.6,0.9211,921,231.2,0.7961,1455,219.4,3498
48.5,7.0,22,48,47.2,0.924,919,231.1,0.8024,1454,221.0,3494
48.5,7.25,22,49,46.9,0.9263,920,231.0,0.8098,1453,223.4,3493
48.5,7.5,22,50,46.6,0.928,920,230.8,0.817,1456,222.8,3494
48.5,7.75,22,51,46.3,0.9291,919,230.6,0.8244,1454,222.9,3489
48.5,8.0,22,52,46.1,0.9297,920,230.6,0.8277,1455,228.6,3490
48.5,8.25,22,53,45.9,0.9296,919,230.7,0.8298,1454,237.0,3487
48.5,8.5,22,54,45.7,0.9293,920,230.9,0.8331,1454,246.0,3488
48.5,8.75,22,55,45.5,0.9287,920,231.0,0.8344,1453,251.3,3485
48.5,9.0,22,56,45.3,0.9277,920,231.2,0.8343,1454,256.3,3486
48.5,9.25,22,57,45.1,0.9264,921,231.4,0.8349,1452,260.8,3485
48.5,9.5,22,58,45.0,0.9249,921,231.7,0.8363,1453,263.8,3484
48.5,9.75,22,59,44.8,0.9235,921,231.7,0.8393,1450,266.2,3481
48.5,10.0,22,60,44.6,0.9228,922,231.8,0.8441,1451,268.7,3484
48.5,10.25,22,61,44.4,0.9221,923,231.8,0.847,1451,270.6,3484
48.5,10.5,22,62,44.3,0.9209,922,231.7,0.8503,1450,272.2,3482
48.5,10.75,22,63,44.1,0.9199,923,231.5,0.853,1449,274.0,3482
48.5,11.0,22,64,44.0,0.918,922,231.3,0.8549,1449,275.1,3482
48.5,11.25,22,65,43.9,0.9163,925,231.3,0.855,1448,277.3,3483
48.5,11.5,22,66,43.9,0.9139,925,231.2,0.8555,1447,279.0,3482
48.5,11.75,22,67,43.8,0.9117,926,231.3,0.8547,1447,282.4,3483
48.5,12.0,22,68,43.7,0.9098,925,231.3,0.8545,1446,284.8,3482
48.5,12.25,22,69,43.6,0.909,926,231.3,0.8533,1446,287.9,3484
48.5,12.5,22,70,43.6,0.9089,925,231.3,0.8529,1446,290.4,3484
48.5,12.75,22,71,43.5,0.9096,925,231.2,0.8535,1444,292.7,3483
48.5,13.0,22,72,43.4,0.9111,924,231.2,0.8542,1442,294.9,3481
48.5,13.25,22,73,43.3,0.9126,924,231.1,0.855,1442,296.9,3482
48.5,13.5,22,74,43.2,0.915,924,231.0,0.8562,1442,299.3,3484
48.5,13.75,22,75,43.1,0.917,924,230.9,0.8575,1442,301.1,3485
48.5,14.0,22,76,42.9,0.9194,923,230.8,0.8587,1442,303.2,3485
48.75,-3.5,23,6,67.7,0.8707,921,253.9,0.6533,1448,55.4,3476
48.75,-3.25,23,7,67.8,0.8692,923,253.7,0.6522,1447,56.8,3478
48.75,-3.0,23,8,67.8,0.8672,923,253.2,0.65,1446,57.5,3477
48.75,-1.5,23,14,66.0,0.8572,922,250.8,0.646,1442,35.2,3478
48.75,-1.25,23,15,65.5,0.8561,923,250.4,0.6461,1443,28.0,3480
48.75,-1.0,23,16,65.0,0.8538,921,250.0,0.6457,1441,18.9,3487
48.75,-0.75,23,17,64.4,0.8519,922,249.5,0.6448,1440,11.4,3496
48.75,-0.5,23,18,63.6,0.8513,922,249.0,0.6452,1441,3.6,3502
48.75,-0.25,23,19,63.0,0.8509,921,248.5,0.646,1442,358.3,3506
48.75,0.0,23,20,62.3,0.8526,921,247.9,0.6459,1443,354.9,3511
48.75,0.25,23,21,61.5,0.8543,922,247.1,0.6478,1445,352.1,3517
48.75,0.5,23,22,60.8,0.8548,920,246.2,0.652,1445,346.9,3518
48.75,0.75,23,23,60.0,0.8552,921,245.3,0.6552,1446,344.6,3525
48.75,1.0,23,24,59.3,0.8553,920,244.4,0.66,1446,341.5,3530
48.75,1.25,23,25,58.6,0.8559,920,243.4,0.6641,1448,339.8,3543
48.75,1.5,23,26,57.8,0.8561,920,242.5,0.6681,1447,335.5,3542
48.75,1.75,23,27,57.2,0.8559,919,241.7,0.6713,1448,329.8,3541
48.75,2.0,23,28,56.5,0.8541,919,241.0,0.6766,1448,322.5,3541
48.75,2.25,23,29,55.8,0.8532,918,240.2,0.6835,1449,311.7,3540
48.75,2.5,23,30,55.0,0.8505,918,239.4,0.6902,1448,300.8,3538
48.75,2.75,23,31,54.1,0.8521,918,238.9,0.6982,1451,294.3,3541
48.75,3.0,23,32,53.6,0.8576,918,238.3,0.7042,1449,293.0,3538
48.75,3.25,23,33,53.2,0.8606,918,237.9,0.7135,1451,285.1,3537
48.75,3.5,23,34,52.9,0.8632,919,237.2,0.7237,1451,274.3,3535
48.75,3.75,23,35,52.6,0.8652,919,236.7,0.7323,1451,268.2,3522
48.75,4.0,23,36,52.6,0.8677,919,236.0,0.7399,1449,258.1,3509
48.75,4.25,23,37,52.8,0.8792,919,235.3,0.7445,1453,250.5,3509
48.75,4.5,23,38,52.5,0.8893,920,234.8,0.7507,1451,248.1,3505
48.75,4.75,23,39,52.0,0.8948,920,234.4,0.7558,1452,244.3,3503
48.75,5.0,23,40,51.5,0.8992,920,233.9,0.7609,1453,235.8,3503
48.75,5.25,23,41,51.0,0.9033,921,233.4,0.7646,1452,229.3,3499
48.75,5.5,23,42,50.5,0.9081,920,233.0,0.7688,1453,221.6,3498
48.75,5.75,23,43,50.0,0.9121,919,232.5,0.7731,1452,215.7,3495
48.75,6.0,23,44,49.5,0.9152,918,232.0,0.7762,1453,209.0,3494
48.75,6.25,23,45,49.0,0.916,918,231.7,0.7798,1452,204.8,3492
48.75,6.5,23,46,48.5,0.9181,917,231.4,0.7829,1454,203.0,3492
48.75,6.75,23,47,48.2,0.9191,916,231.1,0.7874,1453,200.6,3489
48.75,7.0,23,48,47.8,0.9213,917,231.0,0.7924,1454,200.6,3490
48.75,7.25,23,49,47.5,0.9236,917,230.9,0.7964,1453,200.2,3488
48.75,7.5,23,50,47.2,0.925,917,230.8,0.799,1454,199.8,3488
48.75,7.75,23,51,47.0,0.926,917,230.5,0.8076,1454,202.6,3487
48.75,8.0,23,52,46.7,0.9263,918,230.4,0.8145,1455,209.3,3487
48.75,8.25,23,53,46.5,0.926,916,230.5,0.8213,1454,219.8,3482
48.75,8.5,23,54,46.4,0.9255,919,230.5,0.8245,1455,230.2,3486
48.75,8.75,23,55,46.2,0.9245,917,230.6,0.8265,1452,238.2,3479
48.75,9.0,23,56,46.0,0.9233,918,230.7,0.828,1453,243.3,3482
48.75,9.25,23,57,45.8,0.9217,918,230.9,0.8302,1452,250.0,3480
48.75,9.5,23,58,45.7,0.92,918,231.0,0.8326,1451,253.5,3477
48.75,9.75,23,59,45.6,0.9184,919,231.2,0.8348,1453,257.8,3480
48.75,10.0,23,60,45.4,0.9175,920,231.2,0.8386,1451,261.1,3480
48.75,10.25,23,61,45.2,0.9166,920,231.1,0.8422,1450,264.6,3478
48.75,10.5,23,62,45.0,0.9159,920,231.1,0.8443,1448,268.6,3476
48.75,10.75,23,63,44.8,0.9148,920,231.0,0.8471,1450,270.9,3478
48.75,11.0,23,64,44.7,0.9133,921,230.8,0.8495,1447,273.0,3477
48.75,11.25,23,65,44.7,0.9117,922,230.8,0.8499,1448,275.7,3478
48.75,11.5,23,66,44.6,0.9099,921,230.8,0.8508,1448,277.6,3477
48.75,11.75,23,67,44.5,0.9084,923,230.7,0.8505,1447,280.6,3479
48.75,12.0,23,68,44.4,0.9069,923,230.8,0.8493,1446,283.8,3478
48.75,12.25,23,69,44.3,0.9062,925,230.8,0.8474,1446,286.8,3480
48.75,12.5,23,70,44.3,0.9057,923,230.7,0.848,1444,288.8,3476
48.75,12.75,23,71,44.1,0.9065,923,230.8,0.8478,1445,291.6,3479
48.75,13.0,23,72,44.0,0.9071,923,230.6,0.8493,1444,293.3,3479
48.75,13.25,23,73,43.8,0.9088,923,230.6,0.8503,1443,295.6,3479
48.75,13.5,23,74,43.7,0.9101,922,230.5,0.8514,1442,297.6,3479
48.75,13.75,23,75,43.5,0.9122,923,230.3,0.8522,1442,299.5,3480
48.75,14.0,23,76,43.4,0.914,921,230.1,0.8528,1441,302.5,3488
49.0,-1.5,24,14,65.2,0.8516,921,251.4,0.6374,1442,32.1,3473
49.0,-1.25,24,15,64.8,0.8497,922,250.9,0.6377,1441,26.9,3482
49.0,-1.0,24,16,64.2,0.8482,920,250.5,0.6378,1441,18.1,3489
49.0,-0.75,24,17,63.6,0.8459,921,250.1,0.6381,1439,11.2,3495
49.0,-0.5,24,18,63.1,0.8457,919,249.7,0.6372,1441,4.4,3499
49.0,-0.25,24,19,62.3,0.8466,920,249.1,0.6368,1442,1.0,3503
49.0,0.0,24,20,61.7,0.847,919,248.6,0.637,1443,358.1,3507
49.0,0.25,24,21,61.0,0.8482,919,247.8,0.6395,1444,354.3,3510
49.0,0.5,24,22,60.3,0.8502,919,246.9,0.6433,1445,351.1,3515
49.0,0.75,24,23,59.5,0.851,919,245.9,0.6461,1445,348.2,3518
49.0,1.0,24,24,58.8,0.8518,919,245.1,0.6513,1447,343.3,3525
49.0,1.25,24,25,58.2,0.8526,918,244.2,0.6558,1447,341.0,3528
49.0,1.5,24,26,57.5,0.8538,919,243.2,0.6599,1446,341.8,3535
49.0,1.75,24,27,56.9,0.8552,918,242.4,0.6648,1448,338.8,3542
49.0,2.0,24,28,56.3,0.8572,918,241.6,0.6695,1448,334.1,3541
49.0,2.25,24,29,55.7,0.8596,918,240.7,0.6766,1448,327.4,3540
49.0,2.5,24,30,55.2,0.8615,917,240.0,0.6825,1449,318.5,3540
49.0,2.75,24,31,54.6,0.8649,917,239.4,0.6899,1450,308.8,3540
49.0,3.0,24,32,54.1,0.869,917,238.8,0.6979,1448,303.3,3537
49.0,3.25,24,33,53.7,0.871,916,238.3,0.7067,1450,287.2,3527
49.0,3.5,24,34,53.4,0.873,917,237.7,0.7138,1450,279.4,3520
49.0,3.75,24,35,53.1,0.8747,917,237.1,0.7228,1451,266.1,3515
49.0,4.0,24,36,53.0,0.8771,917,236.3,0.7302,1451,254.3,3508
49.0,4.25,24,37,52.9,0.8836,919,235.7,0.736,1450,243.3,3502
49.0,4.5,24,38,52.7,0.8889,917,235.1,0.7429,1451,237.4,3498
49.0,4.75,24,39,52.3,0.8932,919,234.6,0.7477,1452,228.9,3498
49.0,5.0,24,40,51.9,0.8965,919,234.1,0.7512,1452,221.0,3497
49.0,5.25,24,41,51.4,0.9008,918,233.6,0.7578,1452,213.9,3495
49.0,5.5,24,42,51.0,0.9045,917,233.1,0.761,1452,205.2,3493
49.0,5.75,24,43,50.6,0.9084,918,232.7,0.7651,1452,197.7,3493
49.0,6.0,24,44,50.1,0.9128,915,232.2,0.7696,1452,193.6,3489
49.0,6.25,24,45,49.6,0.9163,916,231.9,0.7728,1452,189.9,3489
49.0,6.5,24,46,49.2,0.9182,913,231.5,0.7747,1453,187.3,3487
49.0,6.75,24,47,48.8,0.9182,914,231.3,0.7791,1452,184.3,3485
49.0,7.0,24,48,48.5,0.9196,913,231.1,0.7823,1453,183.3,3484
49.0,7.25,24,49,48.2,0.9212,913,230.9,0.7856,1453,182.4,3483
49.0,7.5,24,50,47.9,0.9224,915,230.8,0.7875,1453,180.2,3483
49.0,7.75,24,51,47.6,0.9231,915,230.5,0.794,1453,183.9,3482
49.0,8.0,24,52,47.4,0.9232,915,230.2,0.7994,1454,188.9,3482
49.0,8.25,24,53,47.2,0.9228,914,230.2,0.8074,1454,200.0,3480
49.0,8.5,24,54,47.0,0.9221,916,230.2,0.8107,1454,210.1,3480
49.0,8.75,24,55,46.8,0.921,915,230.2,0.8149,1453,220.5,3477
49.0,9.0,24,56,46.7,0.9194,916,230.2,0.8174,1453,227.4,3478
49.0,9.25,24,57,46.5,0.9178,916,230.3,0.8203,1452,236.2,3476
49.0,9.5,24,58,46.4,0.9162,917,230.3,0.8232,1452,241.9,3477
49.0,9.75,24,59,46.3,0.9145,916,230.5,0.8259,1452,247.2,3474
49.0,10.0,24,60,46.2,0.9132,918,230.5,0.8286,1449,253.4,3474
49.0,10.25,24,61,46.0,0.9121,917,230.4,0.8332,1451,257.7,3475
49.0,10.5,24,62,45.8,0.9112,917,230.4,0.8366,1449,263.4,3472
49.0,10.75,24,63,45.6,0.9098,918,230.4,0.8399,1449,267.7,3473
49.0,11.0,24,64,45.5,0.9083,919,230.3,0.8424,1449,270.9,3475
49.0,11.25,24,65,45.4,0.9069,918,230.2,0.8441,1448,273.3,3472
49.0,11.5,24,66,45.3,0.9054,920,230.2,0.8455,1448,276.3,3474
49.0,11.75,24,67,45.2,0.9036,918,230.1,0.8458,1446,278.4,3471
49.0,12.0,24,68,45.1,0.9025,921,230.0,0.8459,1446,280.6,3474
49.0,12.25,24,69,45.0,0.9016,923,230.0,0.8446,1446,283.7,3475
49.0,12.5,24,70,44.9,0.9017,921,230.1,0.843,1445,286.7,3473
49.0,12.75,24,71,44.8,0.9019,923,230.1,0.8425,1443,290.0,3473
49.0,13.0,24,72,44.5,0.903,922,230.1,0.8437,1444,292.0,3474
49.0,13.25,24,73,44.4,0.9041,922,230.0,0.8438,1442,294.5,3474
49.0,13.5,24,74,44.2,0.9055,921,230.0,0.8448,1442,296.4,3474
49.0,13.75,24,75,44.0,0.9072,922,229.9,0.8453,1441,299.7,3483
49.0,14.0,24,76,43.8,0.9091,920,229.7,0.8459,1441,302.1,3490
49.0,14.25,24,77,43.5,0.9121,921,229.6,0.8482,1439,304.7,3495
49.25,-1.5,25,14,64.7,0.8465,920,252.0,0.6287,1441,32.6,3473
49.25,-1.25,25,15,64.1,0.8457,920,251.5,0.6315,1441,24.5,3484
49.25,-1.0,25,16,63.6,0.8457,918,251.1,0.6309,1439,18.5,3487
49.25,-0.75,25,17,63.0,0.8437,920,250.8,0.6303,1440,12.8,3494
49.25,-0.5,25,18,62.4,0.8442,918,250.3,0.6283,1441,8.3,3496
49.25,-0.25,25,19,61.7,0.8441,919,249.7,0.6291,1442,4.4,3501
49.25,0.0,25,20,61.1,0.8444,918,249.1,0.6303,1443,0.9,3503
49.25,0.25,25,21,60.4,0.8451,918,248.4,0.6323,1444,358.0,3507
49.25,0.5,25,22,59.8,0.8459,917,247.5,0.635,1443,355.5,3509
49.25,0.75,25,23,59.1,0.8472,919,246.7,0.6383,1446,352.4,3517
49.25,1.0,25,24,58.4,0.8487,916,245.8,0.6429,1444,347.6,3514
49.25,1.25,25,25,57.7,0.8502,918,245.0,0.6465,1447,345.9,3523
49.25,1.5,25,26,57.1,0.8512,915,244.2,0.652,1447,341.8,3523
49.25,1.75,25,27,56.5,0.8531,917,243.4,0.656,1447,343.5,3530
49.25,2.0,25,28,56.0,0.8552,917,242.4,0.6626,1446,344.1,3539
49.25,2.25,25,29,55.5,0.8575,916,241.5,0.6695,1449,336.9,3540
49.25,2.5,25,30,55.0,0.86,916,240.7,0.675,1447,333.9,3538
49.25,2.75,25,31,54.5,0.8613,917,240.1,0.6822,1449,315.9,3534
49.25,3.0,25,32,54.0,0.8655,915,239.5,0.6913,1449,299.2,3524
49.25,3.25,25,33,53.7,0.8666,916,238.8,0.6994,1449,288.5,3520
49.25,3.5,25,34,53.3,0.8686,916,238.2,0.7064,1449,278.1,3513
49.25,3.75,25,35,53.0,0.8712,916,237.6,0.7145,1450,267.0,3510
49.25,4.0,25,36,52.9,0.8751,917,236.8,0.7215,1449,251.6,3505
49.25,4.25,25,37,52.9,0.8799,916,236.1,0.7282,1451,237.3,3501
49.25,4.5,25,38,52.7,0.883,917,235.6,0.7353,1450,225.7,3493
49.25,4.75,25,39,52.4,0.8869,917,234.9,0.7406,1450,216.7,3491
49.25,5.0,25,40,52.2,0.8914,915,234.4,0.7445,1451,208.3,3490
49.25,5.25,25,41,51.8,0.8957,916,233.9,0.7483,1452,200.3,3491
49.25,5.5,25,42,51.5,0.9003,914,233.5,0.7529,1452,195.0,3488
49.25,5.75,25,43,51.1,0.9049,914,233.0,0.7564,1450,187.5,3485
49.25,6.0,25,44,50.8,0.9092,913,232.6,0.7602,1452,183.8,3486
49.25,6.25,25,45,50.3,0.9143,913,232.1,0.7649,1451,177.8,3483
49.25,6.5,25,46,49.9,0.9165,912,231.8,0.7666,1451,175.4,3482
49.25,6.75,25,47,49.5,0.9182,912,231.5,0.7701,1452,172.3,3483
49.25,7.0,25,48,49.3,0.9175,910,231.2,0.7743,1452,172.4,3480
49.25,7.25,25,49,49.0,0.9186,912,230.9,0.778,1452,170.0,3480
49.25,7.5,25,50,48.7,0.9199,911,230.6,0.7782,1453,167.6,3478
49.25,7.75,25,51,48.3,0.9201,912,230.4,0.7815,1453,168.6,3478
49.25,8.0,25,52,48.1,0.9202,913,230.2,0.7891,1452,174.7,3477
49.25,8.25,25,53,47.8,0.9196,912,230.0,0.7934,1454,181.7,3477
49.25,8.5,25,54,47.7,0.9187,913,229.9,0.7978,1453,189.8,3475
49.25,8.75,25,55,47.5,0.9175,914,229.8,0.8032,1452,199.6,3474
49.25,9.0,25,56,47.4,0.9159,912,229.7,0.8059,1454,209.5,3474
49.25,9.25,25,57,47.3,0.9142,914,229.7,0.8088,1452,219.0,3472
49.25,9.5,25,58,47.1,0.9126,915,229.8,0.8115,1450,228.3,3471
49.25,9.75,25,59,47.0,0.9108,913,229.9,0.8142,1452,237.6,3470
49.25,10.0,25,60,46.9,0.9094,915,229.9,0.8173,1450,246.3,3470
49.25,10.25,25,61,46.7,0.908,914,229.9,0.8203,1449,254.5,3468
49.25,10.5,25,62,46.6,0.9064,916,229.9,0.8252,1450,261.3,3470
49.25,10.75,25,63,46.4,0.9049,916,229.8,0.8291,1449,265.7,3470
49.25,11.0,25,64,46.3,0.9031,916,229.8,0.8316,1448,270.5,3469
49.25,11.25,25,65,46.2,0.9017,917,229.8,0.8346,1448,273.2,3470
49.25,11.5,25,66,46.1,0.9,917,229.7,0.8362,1448,275.1,3470
49.25,11.75,25,67,46.0,0.8985,917,229.7,0.8368,1447,277.6,3469
49.25,12.0,25,68,45.8,0.8972,919,229.6,0.8381,1447,279.6,3471
49.25,12.25,25,69,45.7,0.8965,918,229.6,0.8374,1445,281.8,3468
49.25,12.5,25,70,45.5,0.8962,919,229.6,0.8373,1445,284.6,3469
49.25,12.75,25,71,45.3,0.8969,919,229.6,0.8366,1445,287.1,3469
49.25,13.0,25,72,45.1,0.8977,921,229.5,0.8361,1443,290.6,3470
49.25,13.25,25,73,44.8,0.899,920,229.5,0.8368,1443,293.0,3470
49.25,13.5,25,74,44.7,0.9003,920,229.5,0.8369,1441,296.6,3474
49.25,13.75,25,75,44.4,0.9023,920,229.4,0.8374,1441,300.2,3485
49.25,14.0,25,76,44.2,0.9048,918,229.3,0.8384,1439,302.7,3488
49.25,14.25,25,77,43.9,0.9069,920,229.1,0.8415,1440,304.3,3495
49.5,-1.75,26,13,64.7,0.8461,918,253.1,0.6192,1442,36.5,3464
49.5,-1.5,26,14,64.2,0.8443,919,252.7,0.6196,1442,30.5,3478
49.5,-1.25,26,15,63.6,0.8434,917,252.2,0.6213,1440,25.5,3481
49.5,0.25,26,21,60.0,0.8439,917,249.0,0.6252,1443,2.5,3503
49.5,0.5,26,22,59.4,0.8448,917,248.4,0.6282,1443,358.9,3506
49.5,0.75,26,23,58.7,0.8455,916,247.6,0.6308,1445,355.9,3509
49.5,1.0,26,24,58.1,0.8464,916,246.7,0.635,1444,353.3,3511
49.5,1.25,26,25,57.4,0.8479,916,245.9,0.6382,1445,350.8,3515
49.5,1.5,26,26,56.8,0.8494,915,245.3,0.6425,1446,346.9,3517
49.5,1.75,26,27,56.2,0.8512,916,244.5,0.6468,1446,346.3,3521
49.5,2.0,26,28,55.7,0.8528,915,243.6,0.6528,1447,345.8,3524
49.5,2.25,26,29,55.2,0.8548,915,242.6,0.6585,1447,345.7,3530
49.5,2.5,26,30,54.7,0.8565,914,241.8,0.665,1448,335.7,3526
49.5,2.75,26,31,54.3,0.859,914,241.0,0.6732,1448,324.7,3522
49.5,3.0,26,32,53.9,0.8628,915,240.3,0.6803,1448,315.1,3518
49.5,3.25,26,33,53.6,0.8651,914,239.6,0.6896,1448,298.7,3512
49.5,3.5,26,34,53.3,0.8666,915,238.9,0.6958,1449,288.2,3509
49.5,3.75,26,35,53.2,0.8689,914,238.1,0.703,1449,265.8,3504
49.5,4.0,26,36,53.1,0.8719,916,237.4,0.7119,1449,244.6,3502
49.5,4.25,26,37,53.0,0.8745,915,236.6,0.7189,1449,225.0,3497
49.5,4.5,26,38,52.8,0.8778,915,236.0,0.7272,1450,213.0,3494
49.5,4.75,26,39,52.7,0.8808,913,235.4,0.7317,1450,202.2,3488
49.5,5.0,26,40,52.5,0.8841,913,234.9,0.7371,1449,196.2,3485
49.5,5.25,26,41,52.3,0.8884,912,234.4,0.7405,1452,191.7,3487
49.5,5.5,26,42,52.0,0.8947,912,233.9,0.7446,1450,184.6,3483
49.5,5.75,26,43,51.7,0.9006,911,233.5,0.7478,1450,180.0,3481
49.5,6.0,26,44,51.3,0.9054,911,233.0,0.7507,1451,173.2,3482
49.5,6.25,26,45,51.0,0.9115,910,232.5,0.7537,1451,167.6,3479
49.5,6.5,26,46,50.6,0.914,910,232.2,0.7558,1451,164.5,3479
49.5,6.75,26,47,50.3,0.9155,909,231.8,0.7597,1452,164.0,3478
49.5,7.0,26,48,50.0,0.9167,908,231.4,0.762,1451,161.3,3476
49.5,7.25,26,49,49.7,0.9159,909,231.1,0.7657,1451,159.1,3475
49.5,7.5,26,50,49.4,0.9174,910,230.7,0.7676,1452,157.2,3476
49.5,7.75,26,51,49.1,0.9174,909,230.4,0.7718,1450,159.5,3471
49.5,8.0,26,52,48.7,0.9169,909,230.2,0.7756,1453,163.7,3472
49.5,8.25,26,53,48.5,0.9161,909,229.9,0.7812,1452,168.2,3471
49.5,8.5,26,54,48.3,0.9152,910,229.8,0.7846,1453,174.2,3471
49.5,8.75,26,55,48.2,0.914,911,229.6,0.7898,1452,181.8,3470
49.5,9.0,26,56,48.0,0.9124,911,229.5,0.795,1452,191.1,3469
49.5,9.25,26,57,47.9,0.9107,912,229.4,0.7975,1452,200.6,3470
49.5,9.5,26,58,47.8,0.9088,912,229.5,0.8004,1452,213.5,3468
49.5,9.75,26,59,47.8,0.907,912,229.4,0.8036,1451,225.7,3466
49.5,10.0,26,60,47.6,0.9055,912,229.5,0.8065,1451,239.3,3466
49.5,10.25,26,61,47.5,0.9036,912,229.5,0.8091,1450,249.4,3465
49.5,10.5,26,62,47.3,0.9017,913,229.5,0.812,1449,258.0,3465
49.5,10.75,26,63,47.2,0.8996,913,229.5,0.8165,1449,264.9,3465
49.5,11.0,26,64,47.1,0.8978,914,229.5,0.8192,1447,269.7,3464
49.5,11.25,26,65,47.0,0.8962,914,229.4,0.8209,1448,272.8,3465
49.5,11.5,26,66,46.9,0.8944,914,229.3,0.8249,1447,274.0,3464
49.5,11.75,26,67,46.7,0.8929,915,229.4,0.826,1446,277.1,3464
49.5,12.0,26,68,46.5,0.8923,916,229.3,0.8271,1447,279.3,3466
49.5,12.25,26,69,46.3,0.8914,916,229.4,0.8285,1446,281.2,3465
49.5,12.5,26,70,46.1,0.8917,916,229.4,0.8282,1444,284.3,3463
49.5,12.75,26,71,45.9,0.8917,918,229.3,0.8281,1445,286.8,3466
49.5,13.0,26,72,45.7,0.8925,918,229.2,0.8284,1444,289.4,3466
49.5,13.25,26,73,45.3,0.8941,918,229.2,0.8282,1442,293.0,3464
49.5,13.5,26,74,45.1,0.8957,919,229.1,0.8301,1442,296.9,3479
49.5,13.75,26,75,44.8,0.898,917,229.1,0.8319,1440,299.8,3482
49.5,14.0,26,76,44.6,0.8999,918,228.9,0.8331,1438,302.7,3487
49.5,14.25,26,77,44.3,0.9025,918,228.7,0.8352,1440,304.7,3493
49.75,0.5,27,22,59.1,0.8428,915,249.3,0.6208,1443,2.0,3501
49.75,0.75,27,23,58.5,0.8436,915,248.7,0.6225,1445,359.1,3505
49.75,1.0,27,24,57.9,0.8443,914,247.9,0.6254,1444,357.3,3505
49.75,1.25,27,25,57.2,0.8458,916,247.2,0.6296,1445,355.1,3510
49.75,1.5,27,26,56.6,0.8468,913,246.3,0.635,1445,351.8,3510
49.75,1.75,27,27,56.0,0.849,915,245.5,0.639,1446,351.3,3515
49.75,2.0,27,28,55.5,0.8505,913,244.6,0.6445,1445,344.4,3505
49.75,2.25,27,29,55.0,0.8523,914,243.6,0.6498,1447,341.2,3506
49.75,2.5,27,30,54.6,0.8541,913,242.8,0.6571,1446,337.5,3503
49.75,2.75,27,31,54.2,0.8563,913,242.0,0.6647,1447,334.3,3509
49.75,3.0,27,32,53.9,0.8622,912,241.3,0.6705,1448,330.5,3510
49.75,3.25,27,33,53.6,0.8624,914,240.5,0.6768,1449,317.8,3511
49.75,3.5,27,34,53.5,0.8651,913,239.9,0.6836,1447,304.7,3503
49.75,3.75,27,35,53.4,0.8658,914,238.9,0.6912,1449,272.1,3502
49.75,4.0,27,36,53.2,0.8685,912,238.0,0.6991,1448,231.3,3496
49.75,4.25,27,37,53.0,0.871,912,237.3,0.7061,1450,215.0,3495
49.75,4.5,27,38,52.9,0.8732,911,236.6,0.715,1448,203.1,3489
49.75,4.75,27,39,52.8,0.8755,910,236.0,0.7207,1450,193.8,3486
49.75,5.0,27,40,52.7,0.8791,911,235.5,0.7266,1449,186.8,3481
49.75,5.25,27,41,52.6,0.8823,909,235.1,0.7305,1449,186.0,3479
49.75,5.5,27,42,52.6,0.8879,909,234.5,0.7343,1451,179.7,3480
49.75,5.75,27,43,52.3,0.8956,908,234.0,0.7376,1450,172.2,3477
49.75,6.0,27,44,52.0,0.9021,907,233.5,0.7401,1450,166.4,3476
49.75,6.25,27,45,51.6,0.908,908,233.1,0.7412,1450,159.0,3476
49.75,6.5,27,46,51.3,0.9104,907,232.8,0.7426,1451,154.9,3475
49.75,6.75,27,47,51.0,0.9124,907,232.3,0.7464,1449,152.1,3472
49.75,7.0,27,48,50.7,0.9138,906,231.9,0.7488,1452,151.5,3473
49.75,7.25,27,49,50.4,0.9147,906,231.5,0.7547,1449,150.7,3469
49.75,7.5,27,50,50.1,0.9144,908,231.0,0.7571,1452,150.5,3473
49.75,7.75,27,51,49.8,0.9144,907,230.6,0.7599,1451,149.8,3469
49.75,8.0,27,52,49.5,0.9137,907,230.3,0.7634,1451,151.0,3468
49.75,8.25,27,53,49.2,0.9127,908,229.9,0.769,1452,155.1,3469
49.75,8.5,27,54,49.0,0.9114,907,229.7,0.7723,1451,158.5,3466
49.75,8.75,27,55,48.8,0.91,908,229.5,0.7757,1451,162.3,3465
49.75,9.0,27,56,48.7,0.9086,909,229.2,0.7811,1451,168.2,3465
49.75,9.25,27,57,48.6,0.907,908,229.1,0.7843,1452,177.8,3464
49.75,9.5,27,58,48.5,0.9051,911,229.2,0.7881,1451,189.5,3464
49.75,9.75,27,59,48.4,0.9033,908,229.2,0.7915,1451,208.3,3462
49.75,10.0,27,60,48.4,0.9011,910,229.2,0.7944,1450,225.3,3462
49.75,10.25,27,61,48.3,0.8989,910,229.2,0.7971,1450,242.1,3461
49.75,10.5,27,62,48.2,0.8967,910,229.2,0.7999,1449,255.3,3461
49.75,10.75,27,63,48.0,0.8945,912,229.2,0.8034,1449,263.0,3463
49.75,11.0,27,64,47.9,0.8922,911,229.1,0.806,1448,267.5,3460
49.75,11.25,27,65,47.8,0.8907,912,229.2,0.8075,1449,272.5,3463
49.75,11.5,27,66,47.7,0.889,913,229.1,0.8099,1448,274.6,3462
49.75,11.75,27,67,47.4,0.8881,912,229.0,0.8122,1446,276.3,3459
49.75,12.0,27,68,47.2,0.8871,914,229.1,0.8137,1446,280.3,3462
49.75,12.25,27,69,46.9,0.887,912,229.1,0.8161,1445,281.6,3458
49.75,12.5,27,70,46.7,0.8871,914,229.1,0.8167,1445,284.3,3460
49.75,12.75,27,71,46.4,0.8878,916,229.0,0.8178,1444,287.4,3462
49.75,13.0,27,72,46.1,0.8884,914,229.0,0.8185,1443,290.1,3460
49.75,13.25,27,73,45.8,0.8898,916,228.9,0.8208,1441,295.4,3472
49.75,13.5,27,74,45.5,0.8917,916,228.8,0.822,1441,298.6,3479
49.75,13.75,27,75,45.3,0.8935,917,228.7,0.8253,1439,300.5,3483
49.75,14.0,27,76,45.0,0.8957,916,228.5,0.8263,1440,302.9,3487
49.75,14.25,27,77,44.7,0.8978,917,228.4,0.8291,1440,305.2,3491
50.0,1.5,28,26,56.5,0.8448,913,247.6,0.6273,1444,352.9,3498
50.0,1.75,28,27,55.9,0.847,912,246.7,0.6312,1445,349.2,3493
50.0,2.0,28,28,55.4,0.8484,912,245.6,0.6363,1446,347.7,3493
50.0,2.25,28,29,55.0,0.8504,913,244.6,0.6433,1445,344.7,3492
50.0,2.5,28,30,54.7,0.8518,911,243.6,0.6489,1447,340.4,3491
50.0,2.75,28,31,54.4,0.8537,912,242.7,0.6552,1446,341.1,3492
50.0,3.0,28,32,54.1,0.8574,911,241.9,0.6611,1445,343.1,3493
50.0,3.25,28,33,53.8,0.8612,911,241.1,0.6657,1448,346.8,3504
50.0,3.5,28,34,53.6,0.8632,911,240.3,0.6707,1447,344.6,3498
50.0,3.75,28,35,53.4,0.8638,911,239.3,0.6773,1446,339.0,3495
50.0,4.0,28,36,53.3,0.8651,910,238.7,0.6847,1448,206.2,3493
50.0,4.25,28,37,53.1,0.8673,909,237.9,0.6925,1448,189.5,3491
50.0,4.5,28,38,53.0,0.8695,909,237.3,0.7005,1450,187.7,3489
50.0,4.75,28,39,52.9,0.872,907,236.7,0.7073,1449,182.5,3484
50.0,5.0,28,40,52.9,0.8759,908,236.2,0.7121,1448,174.8,3478
50.0,5.25,28,41,52.9,0.8779,906,235.7,0.7174,1449,174.3,3475
50.0,5.5,28,42,52.9,0.8828,907,235.1,0.7213,1449,168.5,3475
50.0,5.75,28,43,52.8,0.8928,906,234.5,0.7247,1448,161.0,3472
50.0,6.0,28,44,52.4,0.9005,905,234.0,0.7272,1451,156.8,3473
50.0,6.25,28,45,52.2,0.9045,905,233.7,0.728,1449,150.4,3472
50.0,6.5,28,46,52.0,0.9065,905,233.3,0.7288,1450,145.0,3471
50.0,6.75,28,47,51.7,0.9083,905,232.8,0.7331,1450,144.3,3471
50.0,7.0,28,48,51.4,0.9098,903,232.4,0.7352,1450,142.8,3467
50.0,7.25,28,49,51.0,0.912,905,231.9,0.7413,1450,142.7,3468
50.0,7.5,28,50,50.7,0.9125,905,231.4,0.7448,1450,140.3,3467
50.0,7.75,28,51,50.5,0.9106,905,231.0,0.7477,1451,140.8,3466
50.0,8.0,28,52,50.2,0.9101,905,230.6,0.7499,1449,139.5,3463
50.0,8.25,28,53,50.0,0.909,905,230.2,0.7541,1451,140.4,3464
50.0,8.5,28,54,49.7,0.9075,904,229.8,0.7588,1450,144.0,3461
50.0,8.75,28,55,49.5,0.906,907,229.5,0.7622,1451,143.5,3463
50.0,9.0,28,56,49.4,0.9047,905,229.2,0.7665,1451,146.9,3461
50.0,9.25,28,57,49.2,0.9036,906,229.0,0.7703,1451,150.5,3460
50.0,9.5,28,58,49.2,0.9017,908,228.9,0.7746,1451,158.4,3460
50.0,9.75,28,59,49.2,0.899,907,228.8,0.7787,1451,174.0,3459
50.0,10.0,28,60,49.1,0.8968,909,228.9,0.7816,1450,195.2,3459
50.0,10.25,28,61,49.0,0.894,907,229.0,0.7836,1449,220.9,3456
50.0,10.5,28,62,48.9,0.8917,909,228.9,0.7858,1450,242.8,3459
50.0,10.75,28,63,48.8,0.8891,908,228.9,0.7886,1449,255.8,3457
50.0,11.0,28,64,48.6,0.8867,909,228.9,0.7905,1447,265.9,3455
50.0,11.25,28,65,48.6,0.8852,910,228.9,0.7924,1448,271.1,3458
50.0,11.5,28,66,48.3,0.8842,910,229.0,0.7938,1447,276.9,3457
50.0,11.75,28,67,48.1,0.883,910,228.8,0.7975,1447,276.8,3456
50.0,12.0,28,68,47.8,0.883,911,228.8,0.8001,1447,280.5,3458
50.0,12.25,28,69,47.6,0.8827,911,228.9,0.8034,1445,283.3,3456
50.0,12.5,28,70,47.2,0.8831,911,228.7,0.8056,1445,284.6,3456
50.0,12.75,28,71,46.9,0.8843,912,228.6,0.8073,1443,287.9,3456
50.0,13.0,28,72,46.5,0.8852,912,228.6,0.8091,1441,294.1,3466
50.0,13.25,28,73,46.1,0.887,913,228.5,0.8113,1442,297.6,3474
50.0,13.5,28,74,46.0,0.8877,914,228.5,0.8138,1438,301.2,3477
50.0,13.75,28,75,45.6,0.8896,914,228.3,0.8162,1439,302.4,3480
50.0,14.0,28,76,45.4,0.8914,915,228.1,0.8183,1440,304.4,3485
50.0,14.25,28,77,45.1,0.8933,915,228.0,0.8215,1441,306.4,3487
50.0,14.5,28,78,44.8,0.8953,915,228.0,0.8244,1440,308.6,3490
50.0,14.75,28,79,44.4,0.8974,915,227.8,0.8261,1442,310.9,3494
50.25,1.75,29,27,56.0,0.8449,911,247.7,0.622,1446,353.5,3484
50.25,2.0,29,28,55.6,0.8464,910,246.6,0.6284,1445,350.8,3480
50.25,2.25,29,29,55.2,0.8482,911,245.3,0.6346,1445,349.9,3481
50.25,2.5,29,30,54.9,0.8497,910,244.4,0.6391,1446,349.3,3481
50.25,2.75,29,31,54.6,0.8515,911,243.4,0.6451,1446,350.0,3481
50.25,3.0,29,32,54.4,0.8552,909,242.5,0.6497,1446,356.6,3481
50.25,3.25,29,33,53.9,0.8592,909,241.6,0.6547,1447,3.4,3484
50.25,3.5,29,34,53.7,0.8616,908,240.8,0.6582,1445,21.1,3485
50.25,3.75,29,35,53.4,0.8636,907,239.9,0.6649,1448,63.2,3494
50.25,4.0,29,36,53.3,0.8638,906,239.3,0.6711,1447,104.8,3489
50.25,4.25,29,37,53.2,0.8652,908,238.8,0.6766,1447,130.1,3489
50.25,4.5,29,38,53.1,0.8678,905,238.1,0.6861,1447,153.5,3483
50.25,4.75,29,39,53.1,0.8703,906,237.3,0.6925,1448,156.3,3483
50.25,5.0,29,40,53.0,0.873,905,236.8,0.6987,1448,158.8,3478
50.25,5.25,29,41,53.0,0.8752,904,236.3,0.7036,1447,159.8,3471
50.25,5.5,29,42,53.1,0.8802,906,235.7,0.7082,1449,155.2,3473
50.25,5.75,29,43,52.7,0.8948,903,235.2,0.71,1448,146.5,3468
50.25,6.0,29,44,52.6,0.8988,904,234.7,0.7128,1449,143.4,3469
50.25,6.25,29,45,52.5,0.9013,901,234.4,0.7143,1448,141.1,3465
50.25,6.5,29,46,52.4,0.904,903,233.9,0.7145,1449,134.7,3467
50.25,6.75,29,47,52.1,0.9055,901,233.3,0.7175,1450,135.1,3466
50.25,7.0,29,48,51.8,0.9065,901,232.9,0.7214,1449,133.5,3463
50.25,7.25,29,49,51.6,0.9076,903,232.4,0.7259,1449,132.0,3464
50.25,7.5,29,50,51.3,0.9082,902,232.0,0.7296,1450,131.0,3463
50.25,7.75,29,51,51.1,0.9082,902,231.4,0.7315,1450,129.2,3462
50.25,8.0,29,52,50.8,0.9077,902,231.0,0.7369,1450,129.4,3460
50.25,8.25,29,53,50.6,0.9053,904,230.6,0.7399,1450,128.2,3461
50.25,8.5,29,54,50.4,0.9043,903,230.1,0.7437,1450,126.6,3459
50.25,8.75,29,55,50.2,0.9028,904,229.7,0.7486,1449,126.7,3457
50.25,9.0,29,56,50.1,0.9013,903,229.5,0.7514,1450,124.9,3457
50.25,9.25,29,57,50.0,0.8996,905,229.1,0.7547,1450,125.0,3457
50.25,9.5,29,58,49.9,0.8974,904,229.0,0.7591,1450,130.8,3455
50.25,9.75,29,59,49.9,0.8952,906,228.9,0.7627,1451,138.5,3457
50.25,10.0,29,60,49.8,0.8927,905,228.9,0.7651,1451,149.2,3454
50.25,10.25,29,61,49.7,0.8895,905,228.8,0.7672,1451,169.7,3454
50.25,10.5,29,62,49.7,0.8866,906,228.8,0.7693,1449,196.8,3453
50.25,10.75,29,63,49.5,0.8839,906,228.9,0.7698,1449,241.1,3453
50.25,11.0,29,64,49.4,0.8815,908,228.9,0.7719,1448,265.9,3455
50.25,11.25,29,65,49.2,0.8803,907,228.9,0.7749,1447,273.8,3452
50.25,11.5,29,66,49.0,0.8791,909,228.9,0.7778,1447,280.1,3454
50.25,11.75,29,67,48.7,0.8787,907,228.8,0.7827,1447,280.3,3452
50.25,12.0,29,68,48.4,0.8789,909,228.6,0.7854,1446,283.9,3453
50.25,12.25,29,69,48.1,0.8786,907,228.6,0.7903,1444,285.7,3450
50.25,12.5,29,70,47.7,0.8799,909,228.6,0.7933,1444,288.4,3452
50.25,12.75,29,71,47.4,0.8805,910,228.3,0.7963,1443,293.3,3463
50.25,13.0,29,72,46.9,0.882,909,228.2,0.799,1440,298.0,3466
50.25,13.25,29,73,46.5,0.8834,912,228.2,0.8019,1441,300.6,3474
50.25,13.5,29,74,46.2,0.8849,910,228.1,0.8034,1440,303.5,3475
50.25,13.75,29,75,45.9,0.8859,913,227.9,0.806,1440,306.5,3481
50.25,14.0,29,76,45.6,0.8873,912,227.7,0.8103,1441,308.4,3483
50.25,14.25,29,77,45.3,0.889,913,227.6,0.8136,1442,310.3,3487
50.25,14.5,29,78,45.1,0.8909,913,227.5,0.8159,1442,312.7,3489
50.25,14.75,29,79,44.7,0.8931,914,227.5,0.8191,1441,315.1,3492
50.25,15.0,29,80,44.5,0.895,912,227.4,0.8215,1441,316.8,3492
50.25,15.25,29,81,44.2,0.8973,913,227.2,0.8233,1441,319.1,3492
50.5,1.75,30,27,56.2,0.8429,909,248.4,0.612,1444,358.9,3472
50.5,2.0,30,28,55.8,0.8445,910,247.3,0.6183,1443,357.2,3470
50.5,2.25,30,29,55.5,0.846,908,246.2,0.6243,1446,356.0,3473
50.5,2.5,30,30,55.1,0.8476,909,245.1,0.6292,1444,359.7,3472
50.5,2.75,30,31,54.9,0.8493,909,244.1,0.6338,1447,3.5,3474
50.5,3.0,30,32,54.5,0.8538,907,243.1,0.6384,1445,9.4,3471
50.5,3.25,30,33,54.2,0.856,907,242.3,0.6418,1447,19.8,3475
50.5,3.5,30,34,53.8,0.8599,905,241.4,0.6468,1447,32.1,3473
50.5,3.75,30,35,53.6,0.8623,906,240.5,0.6517,1445,55.1,3475
50.5,4.0,30,36,53.4,0.8647,904,240.0,0.6584,1447,72.6,3479
50.5,4.25,30,37,53.3,0.8652,904,239.2,0.6626,1447,99.0,3485
50.5,4.5,30,38,53.2,0.8668,903,238.8,0.6691,1446,112.4,3481
50.5,4.75,30,39,53.2,0.8689,903,238.1,0.6754,1448,127.0,3480
50.5,5.0,30,40,53.1,0.8708,902,237.6,0.6823,1448,139.6,3476
50.5,5.25,30,41,52.9,0.8746,902,237.1,0.6886,1446,141.9,3471
50.5,5.5,30,42,52.8,0.8848,901,236.4,0.6942,1448,139.8,3466
50.5,5.75,30,43,52.7,0.8936,901,235.9,0.6969,1446,133.7,3464
50.5,6.0,30,44,52.7,0.8964,900,235.3,0.6985,1447,131.5,3462
50.5,6.25,30,45,52.6,0.8987,900,234.8,0.7011,1448,130.6,3463
50.5,6.5,30,46,52.5,0.9001,900,234.6,0.7016,1448,124.8,3462
50.5,6.75,30,47,52.2,0.9022,899,234.0,0.7033,1448,123.8,3461
50.5,7.0,30,48,52.1,0.9037,900,233.4,0.7053,1449,121.5,3461
50.5,7.25,30,49,51.9,0.9039,899,233.0,0.7098,1447,122.0,3457
50.5,7.5,30,50,51.7,0.9043,901,232.6,0.7114,1450,118.5,3461
50.5,7.75,30,51,51.6,0.9043,901,232.1,0.7162,1449,117.5,3459
50.5,8.0,30,52,51.3,0.9037,901,231.5,0.7228,1448,117.5,3456
50.5,8.25,30,53,51.1,0.904,901,231.0,0.7258,1449,115.1,3457
50.5,8.5,30,54,51.0,0.9011,901,230.6,0.7289,1449,113.5,3455
50.5,8.75,30,55,50.9,0.8996,901,230.2,0.7338,1449,114.3,3454
50.5,9.0,30,56,50.8,0.8976,902,229.8,0.7368,1450,111.2,3455
50.5,9.25,30,57,50.7,0.8955,902,229.5,0.7385,1450,109.9,3453
50.5,9.5,30,58,50.6,0.8933,902,229.3,0.7404,1447,108.8,3450
50.5,9.75,30,59,50.6,0.891,903,229.2,0.7429,1451,113.1,3453
50.5,10.0,30,60,50.5,0.8882,903,229.0,0.7447,1448,114.4,3449
50.5,10.25,30,61,50.4,0.8854,903,229.0,0.7474,1450,116.7,3450
50.5,10.5,30,62,50.4,0.8821,904,228.9,0.7497,1449,122.7,3450
50.5,10.75,30,63,50.2,0.8795,905,229.0,0.7514,1448,123.1,3449
50.5,11.0,30,64,50.1,0.8771,904,229.0,0.7544,1448,267.4,3449
50.5,11.25,30,65,49.8,0.8762,905,228.8,0.7574,1448,283.6,3449
50.5,11.5,30,66,49.6,0.8748,905,228.7,0.7618,1448,286.8,3450
50.5,11.75,30,67,49.2,0.8749,905,228.5,0.767,1446,289.0,3448
50.5,12.0,30,68,48.9,0.8748,907,228.4,0.7706,1446,292.5,3450
50.5,12.25,30,69,48.5,0.8756,905,228.3,0.775,1444,293.7,3447
50.5,12.5,30,70,48.2,0.8762,908,228.3,0.7814,1443,297.1,3457
50.5,12.75,30,71,47.7,0.8776,907,228.2,0.7855,1441,302.7,3463
50.5,13.0,30,72,47.3,0.8785,908,228.0,0.7902,1442,303.9,3470
50.5,13.25,30,73,46.8,0.8801,908,227.9,0.7925,1440,306.5,3471
50.5,13.5,30,74,46.5,0.8814,909,227.8,0.7948,1441,308.6,3476
50.5,13.75,30,75,46.1,0.8823,908,227.5,0.7982,1442,311.5,3478
50.5,14.0,30,76,45.9,0.8836,910,227.5,0.8018,1441,313.8,3481
50.5,14.25,30,77,45.6,0.8851,911,227.4,0.8059,1441,315.6,3484
50.5,14.5,30,78,45.3,0.8868,911,227.2,0.8083,1441,317.1,3486
50.5,14.75,30,79,45.0,0.8888,911,227.2,0.8109,1441,319.3,3488
50.5,15.0,30,80,44.8,0.8908,911,227.0,0.8132,1441,320.9,3488
50.5,15.25,30,81,44.5,0.893,912,226.9,0.8162,1442,322.4,3491
50.5,15.5,30,82,44.2,0.8951,910,226.8,0.8201,1443,322.7,3492
50.75,1.75,31,27,56.4,0.8414,909,248.8,0.6011,1443,6.3,3465
50.75,2.0,31,28,56.1,0.8427,908,247.9,0.6061,1444,6.0,3465
50.75,2.25,31,29,55.7,0.8442,908,246.9,0.6116,1444,7.3,3464
50.75,2.5,31,30,55.4,0.8464,907,246.0,0.6174,1444,8.6,3464
50.75,2.75,31,31,55.0,0.8482,905,244.9,0.6217,1445,13.1,3463
50.75,3.0,31,32,54.7,0.8505,906,243.9,0.6259,1444,21.0,3464
50.75,3.25,31,33,54.4,0.8543,903,243.0,0.6304,1445,29.1,3463
50.75,3.5,31,34,54.1,0.857,903,242.2,0.6345,1446,42.2,3467
50.75,3.75,31,35,53.9,0.8611,902,241.3,0.639,1446,58.0,3466
50.75,4.0,31,36,53.7,0.8634,902,240.5,0.6455,1445,73.5,3466
50.75,4.25,31,37,53.4,0.8659,901,240.0,0.6483,1447,78.9,3469
50.75,4.5,31,38,53.3,0.8669,901,239.4,0.6523,1445,89.7,3472
50.75,4.75,31,39,53.2,0.8687,901,238.9,0.6573,1447,101.9,3478
50.75,5.0,31,40,53.0,0.8714,900,238.4,0.6637,1446,111.9,3474
50.75,5.25,31,41,52.8,0.876,899,237.8,0.6698,1447,119.5,3470
50.75,5.5,31,42,52.7,0.8875,898,237.2,0.6758,1447,119.2,3466
50.75,5.75,31,43,52.7,0.8913,899,236.7,0.6793,1447,117.5,3462
50.75,6.0,31,44,52.7,0.8937,898,236.0,0.6826,1446,118.8,3459
50.75,6.25,31,45,52.5,0.8965,898,235.5,0.6845,1448,116.9,3460
50.75,6.5,31,46,52.5,0.8977,898,235.0,0.6856,1447,114.2,3457
50.75,6.75,31,47,52.3,0.8989,897,234.5,0.688,1447,114.5,3457
50.75,7.0,31,48,52.3,0.9003,899,234.0,0.6912,1448,113.0,3458
50.75,7.25,31,49,52.2,0.9007,897,233.5,0.6939,1447,111.4,3454
50.75,7.5,31,50,52.0,0.9011,898,233.0,0.695,1449,108.4,3456
50.75,7.75,31,51,51.9,0.9007,897,232.7,0.7002,1448,106.6,3453
50.75,8.0,31,52,51.8,0.9012,898,232.3,0.7039,1448,104.6,3452
50.75,8.25,31,53,51.7,0.8998,900,231.7,0.7096,1449,105.1,3455
50.75,8.5,31,54,51.5,0.8991,899,231.2,0.7122,1447,103.0,3450
50.75,8.75,31,55,51.5,0.896,900,230.6,0.715,1449,101.4,3453
50.75,9.0,31,56,51.4,0.8941,899,230.2,0.7182,1448,100.8,3449
50.75,9.25,31,57,51.4,0.8917,900,229.9,0.7195,1449,99.9,3450
50.75,9.5,31,58,51.3,0.8893,901,229.5,0.7225,1449,100.2,3450
50.75,9.75,31,59,51.3,0.8866,900,229.3,0.7258,1449,101.5,3447
50.75,10.0,31,60,51.2,0.8838,901,229.1,0.7286,1448,103.2,3446
50.75,10.25,31,61,51.1,0.8808,900,229.0,0.7312,1449,103.4,3445
50.75,10.5,31,62,50.9,0.8784,902,229.0,0.7339,1450,102.5,3447
50.75,10.75,31,63,50.9,0.8752,903,229.0,0.7361,1447,96.4,3445
50.75,11.0,31,64,50.6,0.8737,902,228.9,0.7388,1449,93.2,3446
50.75,11.25,31,65,50.5,0.8727,903,228.8,0.7433,1447,32.2,3445
50.75,11.5,31,66,50.1,0.8718,902,228.6,0.7482,1447,310.1,3444
50.75,11.75,31,67,49.8,0.8712,903,228.4,0.7536,1446,303.7,3445
50.75,12.0,31,68,49.4,0.8719,904,228.3,0.7595,1445,303.3,3445
50.75,12.25,31,69,49.0,0.8721,904,228.1,0.7641,1443,307.7,3452
50.75,12.5,31,70,48.6,0.8734,904,228.0,0.7698,1442,311.2,3459
50.75,12.75,31,71,48.2,0.8742,906,228.0,0.7749,1441,314.6,3465
50.75,13.0,31,72,47.6,0.8755,905,227.8,0.7812,1441,312.8,3468
50.75,13.25,31,73,47.2,0.8767,907,227.6,0.7843,1442,314.6,3473
50.75,13.5,31,74,46.7,0.8778,906,227.4,0.7876,1441,316.1,3473
50.75,13.75,31,75,46.4,0.8788,907,227.3,0.7912,1442,318.5,3477
50.75,14.0,31,76,46.0,0.8802,908,227.3,0.7953,1441,319.6,3479
50.75,14.25,31,77,45.8,0.8814,908,227.2,0.7983,1441,321.0,3481
50.75,14.5,31,78,45.5,0.8832,908,227.0,0.8019,1442,322.2,3484
50.75,14.75,31,79,45.3,0.8849,908,226.9,0.8046,1441,324.0,3484
50.75,15.0,31,80,45.1,0.8868,909,226.8,0.8078,1442,324.6,3486
50.75,15.25,31,81,44.8,0.889,911,226.7,0.8106,1441,323.6,3478
50.75,15.5,31,82,44.5,0.891,909,226.6,0.815,1441,322.2,3473
50.75,15.75,31,83,44.2,0.8932,911,226.6,0.8171,1442,322.9,3473
51.0,2.5,32,30,55.6,0.8447,906,246.5,0.6056,1443,18.2,3458
51.0,2.75,32,31,55.3,0.8463,903,245.7,0.6098,1444,21.0,3457
51.0,3.0,32,32,55.0,0.8485,903,244.8,0.6136,1444,27.2,3457
51.0,3.25,32,33,54.7,0.8529,901,243.8,0.6185,1445,36.0,3457
51.0,3.5,32,34,54.4,0.8553,900,242.8,0.6215,1445,46.5,3456
51.0,3.75,32,35,54.1,0.8586,900,241.9,0.6264,1446,58.4,3458
51.0,4.0,32,36,53.8,0.8617,899,241.2,0.6297,1445,68.3,3458
51.0,4.25,32,37,53.6,0.8648,899,240.7,0.6332,1446,73.1,3458
51.0,4.5,32,38,53.4,0.8675,897,240.2,0.6368,1445,79.6,3458
51.0,4.75,32,39,53.2,0.8692,899,239.7,0.6402,1446,84.8,3461
51.0,5.0,32,40,53.0,0.8742,897,239.3,0.6454,1445,89.0,3466
51.0,5.25,32,41,52.8,0.8827,897,238.7,0.6512,1446,94.8,3469
51.0,5.5,32,42,52.8,0.8864,897,238.1,0.6569,1446,100.7,3466
51.0,5.75,32,43,52.7,0.8884,896,237.3,0.6621,1446,105.9,3461
51.0,6.0,32,44,52.6,0.8899,896,236.7,0.6662,1447,106.4,3457
51.0,6.25,32,45,52.6,0.8925,896,236.1,0.6686,1445,105.9,3454
51.0,6.5,32,46,52.5,0.8945,896,235.6,0.6688,1448,105.6,3457
51.0,6.75,32,47,52.4,0.8957,894,235.1,0.6725,1445,104.5,3451
51.0,7.0,32,48,52.4,0.8969,896,234.7,0.673,1449,102.5,3456
51.0,7.25,32,49,52.3,0.8979,895,234.2,0.6747,1447,100.3,3451
51.0,7.5,32,50,52.3,0.8979,896,233.7,0.6773,1446,98.3,3451
51.0,7.75,32,51,52.3,0.8984,896,233.1,0.6794,1448,97.9,3451
51.0,8.0,32,52,52.2,0.8979,896,232.7,0.6828,1446,95.8,3448
51.0,8.25,32,53,52.1,0.8965,897,232.3,0.6868,1448,94.8,3450
51.0,8.5,32,54,52.0,0.8951,896,231.8,0.6901,1447,93.7,3446
51.0,8.75,32,55,52.0,0.8928,898,231.1,0.6951,1447,93.6,3448
51.0,9.0,32,56,52.0,0.89,897,230.7,0.7003,1448,93.9,3446
51.0,9.25,32,57,52.0,0.8881,898,230.2,0.7026,1447,93.8,3445
51.0,9.5,32,58,52.0,0.8857,898,229.8,0.706,1449,95.7,3446
51.0,9.75,32,59,51.9,0.883,898,229.5,0.71,1448,95.9,3444
51.0,10.0,32,60,51.8,0.8801,899,229.3,0.7132,1448,96.4,3444
51.0,10.25,32,61,51.6,0.8773,898,229.1,0.7164,1448,98.3,3442
51.0,10.5,32,62,51.5,0.8745,899,228.9,0.7198,1449,97.0,3442
51.0,10.75,32,63,51.3,0.8724,900,229.0,0.7227,1448,94.1,3442
51.0,11.0,32,64,51.2,0.8704,900,228.8,0.7266,1449,92.5,3442
51.0,11.25,32,65,51.0,0.8697,900,228.6,0.7314,1447,85.2,3441
51.0,11.5,32,66,50.6,0.8687,901,228.5,0.7373,1447,33.5,3442
51.0,11.75,32,67,50.3,0.8687,901,228.3,0.7424,1444,343.1,3440
51.0,12.0,32,68,49.9,0.8686,903,228.1,0.7485,1444,323.6,3449
51.0,12.25,32,69,49.5,0.8697,901,228.0,0.7535,1443,325.0,3454
51.0,12.5,32,70,49.0,0.8703,903,227.8,0.76,1441,326.5,3460
51.0,12.75,32,71,48.5,0.8714,902,227.7,0.7651,1441,324.6,3463
51.0,13.0,32,72,48.1,0.8724,903,227.6,0.7706,1441,323.2,3466
51.0,13.25,32,73,47.6,0.8734,904,227.4,0.7768,1442,322.3,3471
51.0,13.5,32,74,47.1,0.8746,904,227.1,0.7803,1442,323.6,3472
51.0,13.75,32,75,46.6,0.8755,905,227.0,0.7846,1441,324.4,3475
51.0,14.0,32,76,46.3,0.8767,905,227.0,0.7883,1442,325.2,3478
51.0,14.25,32,77,46.1,0.8781,906,226.9,0.7924,1441,326.3,3479
51.0,14.5,32,78,45.8,0.8798,906,226.8,0.7949,1443,327.7,3482
51.0,14.75,32,79,45.6,0.8812,906,226.7,0.7983,1440,326.8,3471
51.0,15.0,32,80,45.3,0.8831,907,226.6,0.8017,1442,325.2,3468
51.0,15.25,32,81,45.1,0.8851,906,226.5,0.8056,1440,324.7,3463
51.0,15.5,32,82,44.9,0.8871,907,226.4,0.8094,1442,324.8,3464
51.0,15.75,32,83,44.6,0.8891,909,226.4,0.8125,1441,323.9,3462
51.25,3.0,33,32,55.3,0.8467,901,245.4,0.5997,1444,33.7,3450
51.25,3.25,33,33,55.0,0.851,898,244.4,0.6061,1444,40.8,3449
51.25,3.5,33,34,54.6,0.8539,899,243.4,0.6083,1443,50.1,3450
51.25,3.75,33,35,54.3,0.8567,896,242.8,0.6119,1445,56.1,3449
51.25,4.0,33,36,54.0,0.8602,898,242.1,0.6142,1444,62.4,3451
51.25,4.25,33,37,53.7,0.8632,896,241.5,0.6164,1447,66.8,3452
51.25,4.5,33,38,53.4,0.8664,896,241.1,0.6203,1445,67.6,3451
51.25,4.75,33,39,53.1,0.8719,896,240.6,0.6225,1445,70.7,3452
51.25,5.0,33,40,53.0,0.8795,895,240.1,0.627,1446,76.7,3453
51.25,5.25,33,41,52.9,0.8825,895,239.6,0.6313,1444,79.9,3455
51.25,5.5,33,42,52.9,0.8838,894,238.9,0.6379,1447,87.2,3462
51.25,5.75,33,43,52.8,0.8857,894,238.1,0.6417,1445,91.8,3460
51.25,6.0,33,44,52.8,0.8869,893,237.5,0.6457,1445,95.5,3456
51.25,6.25,33,45,52.7,0.8889,894,236.7,0.6479,1447,96.3,3453
51.25,6.5,33,46,52.6,0.8906,892,236.2,0.6502,1445,95.8,3449
51.25,6.75,33,47,52.5,0.893,892,235.7,0.651,1446,94.0,3449
51.25,7.0,33,48,52.5,0.8943,894,235.2,0.6534,1446,93.4,3450
51.25,7.25,33,49,52.5,0.8955,893,234.7,0.6554,1447,92.0,3449
51.25,7.5,33,50,52.6,0.8956,894,234.2,0.6593,1446,91.7,3448
51.25,7.75,33,51,52.6,0.8955,894,233.6,0.6608,1447,91.5,3447
51.25,8.0,33,52,52.6,0.8943,895,233.1,0.6652,1446,90.6,3447
51.25,8.25,33,53,52.5,0.893,894,232.7,0.6681,1448,89.8,3446
51.25,8.5,33,54,52.5,0.891,894,232.3,0.6716,1447,88.8,3444
51.25,8.75,33,55,52.5,0.8891,895,231.9,0.6754,1446,87.1,3443
51.25,9.0,33,56,52.5,0.8865,895,231.3,0.6795,1447,88.2,3443
51.25,9.25,33,57,52.5,0.8844,896,230.7,0.685,1447,89.8,3443
51.25,9.5,33,58,52.5,0.8825,896,230.1,0.689,1448,92.2,3442
51.25,9.75,33,59,52.4,0.8797,897,229.7,0.6944,1447,94.0,3441
51.25,10.0,33,60,52.3,0.8768,896,229.6,0.6977,1447,94.4,3439
51.25,10.25,33,61,52.2,0.8738,897,229.3,0.702,1448,96.4,3440
51.25,10.5,33,62,52.0,0.8713,896,229.1,0.7052,1447,95.1,3437
51.25,10.75,33,63,51.9,0.8689,898,228.9,0.7105,1446,92.1,3437
51.25,11.0,33,64,51.7,0.8677,898,228.7,0.7163,1448,91.5,3439
51.25,11.25,33,65,51.5,0.8666,899,228.5,0.7214,1446,87.4,3438
51.25,11.5,33,66,51.2,0.8662,899,228.3,0.7271,1445,77.1,3438
51.25,11.75,33,67,50.8,0.8653,899,228.1,0.7325,1445,35.2,3443
51.25,12.0,33,68,50.4,0.866,900,228.0,0.7381,1442,359.3,3450
51.25,12.25,33,69,50.0,0.8662,899,227.8,0.7443,1442,344.9,3455
51.25,12.5,33,70,49.5,0.8674,900,227.6,0.7503,1441,340.4,3460
51.25,12.75,33,71,49.1,0.8683,901,227.5,0.7554,1442,337.6,3464
51.25,13.0,33,72,48.6,0.8692,900,227.4,0.7618,1442,333.8,3465
51.25,13.25,33,73,48.1,0.8705,903,227.1,0.7678,1440,334.0,3468
51.25,13.5,33,74,47.6,0.8715,902,226.9,0.774,1444,329.2,3472
51.25,13.75,33,75,47.1,0.8724,903,226.8,0.7778,1441,330.8,3473
51.25,14.0,33,76,46.8,0.8734,902,226.8,0.7824,1443,330.0,3476
51.25,14.25,33,77,46.5,0.8749,904,226.7,0.786,1442,328.7,3468
51.25,14.5,33,78,46.2,0.8762,903,226.6,0.7883,1441,328.7,3462
51.25,14.75,33,79,46.0,0.8779,904,226.5,0.793,1442,327.5,3460
51.25,15.0,33,80,45.7,0.8794,905,226.3,0.7969,1441,328.4,3458
51.25,15.25,33,81,45.5,0.8813,904,226.2,0.8008,1441,327.1,3455
51.25,15.5,33,82,45.2,0.8833,905,226.2,0.8047,1441,327.3,3456
51.25,15.75,33,83,45.0,0.8854,906,226.3,0.8087,1441,326.4,3454
51.5,3.75,34,35,54.6,0.8552,895,243.4,0.5958,1445,55.1,3444
51.5,4.0,34,36,54.2,0.8591,896,242.8,0.598,1443,58.2,3444
51.5,4.25,34,37,53.8,0.8644,894,242.1,0.5995,1445,59.5,3442
51.5,4.5,34,38,53.5,0.8703,894,241.6,0.6022,1444,62.8,3443
51.5,4.75,34,39,53.4,0.8757,894,241.3,0.6046,1445,66.2,3445
51.5,5.0,34,40,53.3,0.878,893,240.9,0.6078,1445,70.0,3444
51.5,5.25,34,41,53.2,0.8793,893,240.3,0.6123,1443,73.5,3444
51.5,5.5,34,42,53.1,0.881,892,239.7,0.6169,1445,77.9,3446
51.5,5.75,34,43,53.1,0.8822,892,239.0,0.6215,1445,83.2,3448
51.5,6.0,34,44,53.0,0.8836,890,238.3,0.6252,1445,87.9,3455
51.5,6.25,34,45,53.0,0.8854,892,237.5,0.6297,1445,90.4,3453
51.5,6.5,34,46,52.9,0.8879,891,237.0,0.6317,1445,89.1,3447
51.5,6.75,34,47,52.9,0.8894,891,236.4,0.6337,1445,89.2,3446
51.5,7.0,34,48,52.9,0.8913,891,235.9,0.6353,1447,87.9,3447
51.5,7.25,34,49,52.9,0.8919,891,235.3,0.641,1446,88.7,3445
51.5,7.5,34,50,53.0,0.8926,892,234.8,0.6431,1447,88.1,3446
51.5,7.75,34,51,53.0,0.8924,891,234.2,0.6454,1445,87.3,3441
51.5,8.0,34,52,53.1,0.8915,892,233.6,0.6488,1446,87.7,3443
51.5,8.25,34,53,53.0,0.8899,891,233.2,0.6528,1446,87.8,3440
51.5,8.5,34,54,53.0,0.8881,893,232.8,0.6567,1446,87.1,3442
51.5,8.75,34,55,53.0,0.8862,892,232.3,0.66,1446,87.0,3439
51.5,9.0,34,56,53.0,0.8845,894,231.9,0.664,1447,86.8,3441
51.5,9.25,34,57,53.0,0.8817,894,231.3,0.6685,1446,88.0,3439
51.5,9.5,34,58,53.0,0.8802,894,230.6,0.6748,1447,91.3,3439
51.5,9.75,34,59,52.9,0.8771,894,230.1,0.6798,1445,93.3,3436
51.5,10.0,34,60,52.9,0.8739,894,229.8,0.6837,1447,94.1,3437
51.5,10.25,34,61,52.8,0.871,895,229.5,0.6876,1447,94.5,3436
51.5,10.5,34,62,52.7,0.868,895,229.2,0.6925,1447,95.1,3435
51.5,10.75,34,63,52.4,0.8662,896,228.8,0.6992,1447,95.9,3436
51.5,11.0,34,64,52.3,0.8641,897,228.6,0.7048,1445,93.2,3435
51.5,11.25,34,65,52.0,0.8637,896,228.3,0.7104,1445,91.1,3434
51.5,11.5,34,66,51.8,0.8627,897,228.1,0.7163,1445,85.7,3438
51.5,11.75,34,67,51.4,0.8631,896,228.1,0.7224,1444,55.0,3447
51.5,12.0,34,68,51.0,0.8626,899,227.9,0.7287,1442,28.3,3454
51.5,12.25,34,69,50.6,0.8632,897,227.7,0.7347,1442,6.7,3457
51.5,12.5,34,70,50.1,0.8641,899,227.4,0.7393,1441,1.0,3459
51.5,12.75,34,71,49.7,0.8649,897,227.2,0.747,1443,351.4,3462
51.5,13.0,34,72,49.2,0.8661,899,227.1,0.7531,1442,346.9,3464
51.5,13.25,34,73,48.7,0.8671,898,227.1,0.7593,1442,341.8,3465
51.5,13.5,34,74,48.3,0.8682,900,226.9,0.7657,1443,338.2,3470
51.5,13.75,34,75,47.9,0.869,901,226.8,0.7713,1442,334.7,3465
51.5,14.0,34,76,47.5,0.8699,900,226.6,0.7756,1443,332.0,3460
51.5,14.25,34,77,47.1,0.8712,901,226.6,0.7795,1442,330.6,3456
51.5,14.5,34,78,46.8,0.8725,900,226.5,0.7827,1442,330.0,3452
51.5,14.75,34,79,46.5,0.8742,902,226.4,0.7879,1441,330.3,3452
51.5,15.0,34,80,46.2,0.8758,901,226.2,0.7924,1441,328.2,3448
51.5,15.25,34,81,45.9,0.8777,902,226.2,0.7962,1441,328.4,3448
51.5,15.5,34,82,45.6,0.8794,903,226.2,0.7996,1441,327.7,3448
51.5,15.75,34,83,45.4,0.8815,903,226.3,0.8042,1440,326.8,3446
51.75,4.0,35,36,54.6,0.8618,892,243.3,0.5824,1444,56.2,3436
51.75,4.25,35,37,54.4,0.8657,892,242.8,0.5832,1443,59.2,3435
51.75,4.5,35,38,54.1,0.87,892,242.4,0.5857,1445,61.3,3438
51.75,4.75,35,39,53.9,0.872,891,241.8,0.5865,1444,64.3,3436
51.75,5.0,35,40,53.7,0.8737,891,241.4,0.5883,1444,66.3,3437
51.75,5.25,35,41,53.5,0.8755,889,240.9,0.5916,1444,71.5,3436
51.75,5.5,35,42,53.5,0.8772,891,240.3,0.5965,1443,76.1,3437
51.75,5.75,35,43,53.5,0.8789,890,239.7,0.6012,1445,79.7,3440
51.75,6.0,35,44,53.6,0.8799,890,239.1,0.6058,1444,83.0,3440
51.75,6.25,35,45,53.5,0.8827,889,238.4,0.61,1445,84.0,3442
51.75,6.5,35,46,53.5,0.8847,888,237.8,0.6121,1445,85.5,3447
51.75,6.75,35,47,53.5,0.886,888,237.1,0.6166,1444,85.9,3442
51.75,7.0,35,48,53.5,0.8877,888,236.6,0.621,1445,86.0,3441
51.75,7.25,35,49,53.6,0.8885,889,236.1,0.6249,1445,85.9,3441
51.75,7.5,35,50,53.6,0.8892,889,235.4,0.6285,1444,85.7,3439
51.75,7.75,35,51,53.7,0.8892,891,234.8,0.63,1446,85.5,3441
51.75,8.0,35,52,53.7,0.8884,890,234.3,0.6344,1445,86.2,3439
51.75,8.25,35,53,53.7,0.8873,891,233.8,0.6378,1445,85.9,3438
51.75,8.5,35,54,53.6,0.8856,890,233.3,0.6413,1445,86.2,3437
51.75,8.75,35,55,53.6,0.8841,891,232.9,0.6461,1446,86.6,3437
51.75,9.0,35,56,53.5,0.8826,891,232.4,0.65,1446,86.9,3437
51.75,9.25,35,57,53.5,0.8809,892,231.9,0.6549,1446,87.0,3436
51.75,9.5,35,58,53.4,0.8785,892,231.2,0.6602,1446,89.1,3435
51.75,9.75,35,59,53.4,0.8753,891,230.7,0.6653,1447,91.0,3434
51.75,10.0,35,60,53.4,0.8719,893,230.1,0.6706,1445,93.0,3433
51.75,10.25,35,61,53.3,0.8691,892,229.7,0.6758,1447,95.0,3433
51.75,10.5,35,62,53.2,0.8657,893,229.3,0.6813,1445,96.0,3432
51.75,10.75,35,63,53.0,0.8636,893,228.8,0.6883,1446,97.8,3432
51.75,11.0,35,64,52.9,0.8615,893,228.5,0.6942,1444,96.9,3430
51.75,11.25,35,65,52.6,0.8609,894,228.3,0.7002,1444,91.7,3432
51.75,11.5,35,66,52.3,0.8599,894,228.0,0.706,1443,82.5,3443
51.75,11.75,35,67,52.0,0.8596,895,227.8,0.7121,1443,68.4,3448
51.75,12.0,35,68,51.5,0.8598,895,227.6,0.7183,1442,51.3,3452
51.75,12.25,35,69,51.2,0.8602,896,227.5,0.7248,1442,31.6,3456
51.75,12.5,35,70,50.7,0.8609,896,227.3,0.7311,1442,16.9,3458
51.75,12.75,35,71,50.4,0.8618,896,227.1,0.7388,1443,7.4,3461
51.75,13.0,35,72,49.9,0.8627,897,227.0,0.7451,1441,359.5,3462
51.75,13.25,35,73,49.5,0.8634,896,227.0,0.7511,1444,346.6,3459
51.75,13.5,35,74,49.0,0.8642,898,226.9,0.7579,1442,341.5,3455
51.75,13.75,35,75,48.6,0.8648,898,226.7,0.7648,1442,336.9,3451
51.75,14.0,35,76,48.2,0.8658,898,226.5,0.7688,1442,334.9,3448
51.75,14.25,35,77,47.8,0.8671,899,226.5,0.7733,1441,333.6,3446
51.75,14.5,35,78,47.5,0.8683,898,226.4,0.7779,1442,330.5,3443
51.75,14.75,35,79,47.1,0.8701,900,226.4,0.7828,1442,330.0,3444
51.75,15.0,35,80,46.8,0.8717,898,226.4,0.787,1442,327.8,3441
51.75,15.25,35,81,46.4,0.8737,900,226.3,0.7915,1441,327.9,3441
51.75,15.5,35,82,46.1,0.8755,900,226.3,0.7952,1440,326.5,3439
51.75,15.75,35,83,45.7,0.8778,900,226.4,0.7992,1441,325.5,3441
52.0,4.25,36,37,55.1,0.8627,889,243.5,0.5655,1443,59.8,3430
52.0,4.5,36,38,54.9,0.8653,890,243.0,0.5675,1442,62.2,3428
52.0,4.75,36,39,54.7,0.867,888,242.5,0.5688,1444,66.0,3430
52.0,5.0,36,40,54.4,0.8691,889,242.0,0.5709,1442,68.1,3428
52.0,5.25,36,41,54.3,0.8707,888,241.5,0.5732,1443,72.5,3430
52.0,5.5,36,42,54.3,0.8728,888,240.9,0.5779,1443,76.0,3431
52.0,5.75,36,43,54.3,0.8757,887,240.4,0.582,1444,78.1,3430
52.0,6.0,36,44,54.3,0.8775,887,240.0,0.586,1444,79.3,3432
52.0,6.25,36,45,54.3,0.8791,887,239.3,0.5897,1443,81.3,3431
52.0,6.5,36,46,54.3,0.8806,886,238.7,0.5927,1445,82.7,3432
52.0,6.75,36,47,54.2,0.8827,887,238.0,0.5983,1442,83.1,3431
52.0,7.0,36,48,54.3,0.8838,887,237.4,0.6042,1445,83.3,3438
52.0,7.25,36,49,54.3,0.885,888,236.8,0.6096,1444,84.3,3439
52.0,7.5,36,50,54.3,0.8853,886,236.2,0.613,1444,84.4,3435
52.0,7.75,36,51,54.4,0.8856,888,235.5,0.616,1445,84.6,3438
52.0,8.0,36,52,54.4,0.8849,887,234.9,0.6193,1444,85.2,3434
52.0,8.25,36,53,54.4,0.8841,888,234.4,0.6236,1446,85.7,3436
52.0,8.5,36,54,54.3,0.8829,887,233.9,0.6271,1445,85.8,3433
52.0,8.75,36,55,54.2,0.882,889,233.5,0.631,1445,85.0,3434
52.0,9.0,36,56,54.1,0.8806,889,233.1,0.6369,1445,85.3,3433
52.0,9.25,36,57,54.0,0.8792,889,232.6,0.6409,1444,84.8,3431
52.0,9.5,36,58,53.9,0.8767,890,231.9,0.6452,1446,86.2,3433
52.0,9.75,36,59,53.9,0.874,890,231.3,0.6518,1445,88.4,3430
52.0,10.0,36,60,53.8,0.8712,891,230.6,0.6567,1444,90.1,3430
52.0,10.25,36,61,53.8,0.8679,890,230.1,0.6633,1445,93.2,3429
52.0,10.5,36,62,53.7,0.8647,891,229.4,0.6708,1442,95.7,3427
52.0,10.75,36,63,53.6,0.8614,891,228.9,0.678,1444,98.6,3428
52.0,11.0,36,64,53.5,0.8595,891,228.6,0.6844,1442,97.8,3426
52.0,11.25,36,65,53.3,0.8574,892,228.3,0.6907,1442,93.5,3439
52.0,11.5,36,66,52.9,0.8569,892,228.0,0.6967,1442,85.7,3444
52.0,11.75,36,67,52.6,0.857,893,227.8,0.7026,1442,77.5,3449
52.0,12.0,36,68,52.2,0.8571,892,227.6,0.7095,1442,63.6,3451
52.0,12.25,36,69,51.8,0.8576,894,227.3,0.7173,1441,46.8,3454
52.0,12.5,36,70,51.4,0.8585,894,227.1,0.7242,1442,29.8,3457
52.0,12.75,36,71,51.0,0.8591,894,226.9,0.7313,1443,16.4,3452
52.0,13.0,36,72,50.7,0.8592,895,227.0,0.736,1443,2.8,3449
52.0,13.25,36,73,50.2,0.8595,894,226.9,0.7421,1443,351.6,3446
52.0,13.5,36,74,49.7,0.8602,896,226.9,0.7498,1444,344.0,3446
52.0,13.75,36,75,49.2,0.8609,895,226.7,0.7551,1442,340.2,3441
52.0,14.0,36,76,48.9,0.8617,896,226.6,0.7617,1442,337.2,3440
52.0,14.25,36,77,48.4,0.8631,896,226.5,0.7672,1443,333.7,3439
52.0,14.5,36,78,48.1,0.8642,896,226.4,0.7723,1443,330.4,3437
52.0,14.75,36,79,47.7,0.8659,898,226.5,0.7762,1443,329.3,3438
52.0,15.0,36,80,47.3,0.8674,896,226.6,0.7812,1440,327.1,3432
52.0,15.25,36,81,46.9,0.8696,897,226.6,0.7854,1441,325.8,3435
52.0,15.5,36,82,46.6,0.8716,897,226.5,0.7897,1440,325.1,3434
52.0,15.75,36,83,46.1,0.8741,897,226.6,0.7939,1440,323.3,3434
52.25,4.5,37,38,55.9,0.8595,886,243.8,0.5508,1443,65.5,3423
52.25,4.75,37,39,55.7,0.8616,887,243.4,0.5522,1442,68.7,3424
52.25,5.0,37,40,55.6,0.8634,886,242.9,0.5542,1443,71.1,3424
52.25,5.25,37,41,55.4,0.8656,886,242.2,0.5563,1442,74.0,3423
52.25,5.5,37,42,55.3,0.8693,886,241.6,0.5601,1443,75.7,3424
52.25,5.75,37,43,55.3,0.8711,885,241.3,0.5652,1442,77.4,3422
52.25,6.0,37,44,55.3,0.8734,886,240.9,0.5676,1444,78.1,3426
52.25,6.25,37,45,55.2,0.8761,884,240.3,0.5694,1443,79.0,3424
52.25,6.5,37,46,55.2,0.8771,885,239.8,0.5734,1444,79.7,3426
52.25,6.75,37,47,55.2,0.8792,885,239.1,0.5788,1444,80.5,3425
52.25,7.0,37,48,55.3,0.8801,885,238.4,0.5845,1442,81.8,3421
52.25,7.25,37,49,55.2,0.8811,885,237.8,0.5909,1445,82.2,3424
52.25,7.5,37,50,55.3,0.8815,885,237.1,0.5957,1442,82.5,3428
52.25,7.75,37,51,55.2,0.8818,885,236.4,0.5993,1445,83.3,3434
52.25,8.0,37,52,55.2,0.8818,887,235.7,0.6038,1443,83.7,3432
52.25,8.25,37,53,55.1,0.8813,886,235.2,0.6082,1445,83.9,3433
52.25,8.5,37,54,55.1,0.8803,887,234.6,0.6122,1444,83.7,3431
52.25,8.75,37,55,54.8,0.8795,886,234.2,0.6175,1443,82.3,3428
52.25,9.0,37,56,54.7,0.8786,888,233.8,0.6213,1444,82.0,3430
52.25,9.25,37,57,54.5,0.8776,887,233.3,0.6264,1443,82.4,3427
52.25,9.5,37,58,54.4,0.8757,888,232.6,0.6317,1445,83.4,3429
52.25,9.75,37,59,54.3,0.8732,888,231.8,0.6371,1443,85.2,3427
52.25,10.0,37,60,54.3,0.8703,888,231.1,0.6434,1443,87.6,3426
52.25,10.25,37,61,54.3,0.868,889,230.4,0.6508,1442,90.2,3426
52.25,10.5,37,62,54.2,0.8648,888,229.7,0.6586,1442,93.1,3424
52.25,10.75,37,63,54.2,0.8618,890,229.2,0.6668,1442,94.2,3426
52.25,11.0,37,64,54.1,0.8589,889,228.8,0.6745,1440,95.8,3434
52.25,11.25,37,65,53.9,0.8567,890,228.3,0.6821,1441,95.4,3441
52.25,11.5,37,66,53.5,0.8561,891,228.0,0.6884,1439,90.5,3444
52.25,11.75,37,67,53.2,0.8555,890,227.7,0.6946,1440,84.4,3447
52.25,12.0,37,68,52.8,0.8558,891,227.5,0.7018,1441,75.2,3451
52.25,12.25,37,69,52.5,0.8562,890,227.3,0.7121,1441,66.6,3443
52.25,12.5,37,70,52.0,0.8569,892,227.1,0.7176,1444,42.7,3444
52.25,12.75,37,71,51.7,0.8568,892,227.0,0.7237,1443,27.3,3440
52.25,13.0,37,72,51.3,0.8565,893,227.1,0.729,1442,7.8,3439
52.25,13.25,37,73,50.8,0.8564,892,227.1,0.7358,1444,354.0,3439
52.25,13.5,37,74,50.4,0.8567,893,227.0,0.7416,1442,347.1,3435
52.25,13.75,37,75,49.8,0.857,893,227.0,0.7475,1444,340.5,3436
52.25,14.0,37,76,49.5,0.8578,894,226.7,0.7552,1443,335.2,3433
52.25,14.25,37,77,49.0,0.859,894,226.7,0.7605,1443,331.4,3432
52.25,14.5,37,78,48.6,0.8605,894,226.8,0.7663,1442,327.0,3429
52.25,14.75,37,79,48.2,0.8618,895,226.7,0.7704,1441,326.3,3430
52.25,15.0,37,80,47.8,0.8636,893,226.8,0.7753,1442,323.3,3428
52.25,15.25,37,81,47.3,0.8661,893,226.8,0.7804,1441,321.0,3428
52.25,15.5,37,82,46.9,0.8682,893,226.8,0.7843,1442,320.4,3430
52.25,15.75,37,83,46.4,0.8701,893,226.8,0.789,1440,319.5,3428
52.5,4.75,38,39,57.1,0.855,885,244.6,0.536,1443,70.3,3420
52.5,5.0,38,40,56.9,0.8586,883,243.9,0.5374,1441,73.1,3416
52.5,5.25,38,41,56.8,0.861,884,243.4,0.5402,1443,75.4,3420
52.5,5.5,38,42,56.6,0.8642,884,242.8,0.5441,1442,76.0,3418
52.5,5.75,38,43,56.5,0.8666,883,242.3,0.5463,1442,76.6,3416
52.5,6.0,38,44,56.5,0.8696,883,241.8,0.5495,1443,77.2,3418
52.5,6.25,38,45,56.4,0.8715,882,241.2,0.5513,1442,77.8,3415
52.5,6.5,38,46,56.4,0.8735,882,240.6,0.5558,1443,78.3,3418
52.5,6.75,38,47,56.3,0.8754,883,240.0,0.5595,1443,78.3,3419
52.5,7.0,38,48,56.3,0.8763,883,239.4,0.5658,1442,79.5,3416
52.5,7.25,38,49,56.3,0.8776,884,238.8,0.5722,1444,79.9,3417
52.5,7.5,38,50,56.3,0.878,883,238.1,0.5764,1442,80.1,3412
52.5,7.75,38,51,56.3,0.8785,885,237.3,0.5812,1443,80.9,3419
52.5,8.0,38,52,56.2,0.8785,883,236.7,0.5864,1444,81.4,3424
52.5,8.25,38,53,56.1,0.8785,885,235.9,0.592,1444,81.4,3430
52.5,8.5,38,54,55.9,0.8781,885,235.5,0.597,1444,80.7,3428
52.5,8.75,38,55,55.7,0.8776,885,235.0,0.6018,1442,80.3,3426
52.5,9.0,38,56,55.5,0.877,886,234.5,0.6069,1444,80.4,3427
52.5,9.25,38,57,55.3,0.876,885,233.8,0.6125,1443,81.2,3425
52.5,9.5,38,58,55.0,0.875,886,233.2,0.6176,1444,81.8,3426
52.5,9.75,38,59,54.9,0.8729,885,232.4,0.6257,1442,84.2,3423
52.5,10.0,38,60,54.9,0.871,886,231.6,0.6336,1441,86.0,3422
52.5,10.25,38,61,55.0,0.8686,888,231.1,0.6414,1442,87.9,3425
52.5,10.5,38,62,54.8,0.8666,886,230.4,0.6481,1440,90.2,3420
52.5,10.75,38,63,54.8,0.8636,889,229.7,0.6563,1441,93.0,3436
52.5,11.0,38,64,54.6,0.8613,886,229.3,0.6638,1440,92.4,3436
52.5,11.25,38,65,54.4,0.8591,889,228.9,0.6723,1440,92.0,3443
52.5,11.5,38,66,54.2,0.8574,886,228.4,0.6788,1440,92.1,3443
52.5,11.75,38,67,53.8,0.8565,889,228.0,0.6866,1439,89.8,3438
52.5,12.0,38,68,53.5,0.856,889,227.8,0.6951,1441,85.7,3436
52.5,12.25,38,69,53.1,0.8561,889,227.5,0.7026,1441,76.2,3433
52.5,12.5,38,70,52.7,0.8559,889,227.4,0.7087,1443,57.8,3433
52.5,12.75,38,71,52.3,0.8553,889,227.3,0.7151,1444,34.3,3433
52.5,13.0,38,72,51.9,0.8548,891,227.2,0.7209,1442,21.1,3431
52.5,13.25,38,73,51.3,0.8546,890,227.3,0.7275,1444,359.9,3431
52.5,13.5,38,74,50.9,0.8539,891,227.0,0.7348,1442,351.1,3428
52.5,13.75,38,75,50.4,0.8539,891,227.1,0.7408,1444,340.3,3429
52.5,14.0,38,76,50.0,0.8541,891,227.1,0.7473,1442,333.2,3425
52.5,14.25,38,77,49.6,0.8552,892,227.0,0.7537,1444,328.3,3427
52.5,14.5,38,78,49.1,0.8569,891,227.1,0.7586,1442,323.7,3423
52.5,14.75,38,79,48.6,0.8596,891,227.1,0.7644,1442,320.0,3424
52.5,15.0,38,80,48.1,0.8613,890,227.1,0.7696,1442,318.2,3425
52.5,15.25,38,81,47.7,0.8627,890,227.1,0.774,1442,317.6,3424
52.5,15.5,38,82,47.3,0.8647,889,227.2,0.7795,1441,316.1,3423
52.5,15.75,38,83,46.9,0.8662,889,227.2,0.7839,1441,314.6,3422
52.5,16.0,38,84,46.4,0.8685,889,227.2,0.7889,1440,314.4,3423
52.75,4.75,39,39,58.5,0.849,882,246.2,0.5203,1442,70.5,3412
52.75,5.0,39,40,58.5,0.8514,882,245.5,0.5219,1441,73.3,3411
52.75,5.25,39,41,58.3,0.855,882,244.8,0.5245,1441,75.2,3412
52.75,5.5,39,42,58.1,0.8589,881,244.3,0.5268,1441,75.4,3411
52.75,5.75,39,43,58.0,0.8621,882,243.7,0.5284,1441,76.1,3413
52.75,6.0,39,44,57.8,0.865,880,243.1,0.5313,1441,75.5,3409
52.75,6.25,39,45,57.8,0.8672,881,242.4,0.5344,1442,76.2,3412
52.75,6.5,39,46,57.7,0.8693,880,241.9,0.5377,1443,75.9,3411
52.75,6.75,39,47,57.7,0.8712,881,241.3,0.5407,1442,75.7,3411
52.75,7.0,39,48,57.6,0.8727,880,240.6,0.5469,1443,76.7,3411
52.75,7.25,39,49,57.6,0.8737,882,240.0,0.553,1442,77.7,3411
52.75,7.5,39,50,57.5,0.8748,880,239.3,0.5584,1443,78.4,3409
52.75,7.75,39,51,57.4,0.8753,882,238.6,0.5618,1443,77.6,3407
52.75,8.0,39,52,57.3,0.8758,880,237.9,0.5681,1442,77.9,3408
52.75,8.25,39,53,57.2,0.8762,883,237.1,0.5735,1442,78.5,3413
52.75,8.5,39,54,57.0,0.8764,882,236.7,0.5787,1442,77.8,3417
52.75,8.75,39,55,56.8,0.8767,883,236.1,0.584,1442,77.9,3423
52.75,9.0,39,56,56.5,0.8772,883,235.5,0.5893,1442,77.8,3423
52.75,9.25,39,57,56.4,0.8759,883,234.7,0.598,1442,80.0,3422
52.75,9.5,39,58,56.2,0.8748,885,234.1,0.6029,1442,80.6,3424
52.75,9.75,39,59,56.0,0.8741,883,233.3,0.6136,1440,83.0,3419
52.75,10.0,39,60,56.0,0.872,886,232.6,0.6221,1441,85.4,3423
52.75,10.25,39,61,55.8,0.8709,884,231.8,0.6293,1440,88.2,3419
52.75,10.5,39,62,55.7,0.8687,886,231.3,0.6366,1440,89.5,3432
52.75,10.75,39,63,55.5,0.8665,885,230.6,0.6454,1439,89.9,3434
52.75,11.0,39,64,55.4,0.8641,886,230.1,0.6534,1438,90.8,3437
52.75,11.25,39,65,55.1,0.8622,886,229.4,0.6614,1438,93.8,3431
52.75,11.5,39,66,54.8,0.8599,886,228.9,0.6695,1440,95.3,3431
52.75,11.75,39,67,54.4,0.8586,886,228.5,0.6783,1439,93.7,3427
52.75,12.0,39,68,54.1,0.8576,887,228.3,0.6872,1442,90.8,3429
52.75,12.25,39,69,53.6,0.8568,886,228.1,0.6944,1440,80.8,3424
52.75,12.5,39,70,53.2,0.856,888,228.0,0.7007,1443,64.2,3429
52.75,12.75,39,71,52.8,0.855,887,227.8,0.7065,1442,49.9,3425
52.75,13.0,39,72,52.3,0.8545,889,227.6,0.7158,1444,28.7,3427
52.75,13.25,39,73,51.9,0.8535,887,227.5,0.7224,1443,9.1,3422
52.75,13.5,39,74,51.3,0.8527,889,227.5,0.7274,1442,353.5,3422
52.75,13.75,39,75,50.8,0.852,890,227.5,0.7342,1443,340.0,3422
52.75,14.0,39,76,50.4,0.8521,888,227.5,0.7393,1442,332.2,3419
52.75,14.25,39,77,49.9,0.8542,889,227.5,0.746,1442,325.3,3419
52.75,14.5,39,78,49.4,0.8553,886,227.5,0.7523,1443,315.8,3419
52.75,14.75,39,79,48.9,0.8567,888,227.5,0.7576,1443,314.6,3420
52.75,15.0,39,80,48.5,0.8582,887,227.6,0.7632,1442,313.1,3419
52.75,15.25,39,81,48.0,0.8599,887,227.6,0.7685,1441,311.9,3417
52.75,15.5,39,82,47.5,0.8619,886,227.6,0.7734,1442,311.1,3419
52.75,15.75,39,83,47.1,0.8634,886,227.6,0.7783,1441,309.7,3417
52.75,16.0,39,84,46.7,0.8653,886,227.6,0.7829,1440,309.4,3417
53.0,5.5,40,42,59.7,0.8536,880,246.4,0.5067,1441,73.5,3406
53.0,5.75,40,43,59.5,0.8568,878,245.8,0.5097,1440,73.8,3405
53.0,6.0,40,44,59.4,0.8601,880,244.9,0.5133,1441,74.4,3408
53.0,6.25,40,45,59.3,0.8628,878,244.4,0.5157,1441,74.4,3407
53.0,6.5,40,46,59.3,0.8654,879,243.7,0.5185,1442,74.3,3408
53.0,6.75,40,47,59.1,0.8674,878,242.8,0.5224,1441,74.5,3403
53.0,7.0,40,48,59.0,0.8691,879,242.4,0.5268,1442,74.4,3406
53.0,7.25,40,49,58.9,0.8707,880,241.7,0.5329,1442,74.0,3405
53.0,7.5,40,50,58.9,0.8717,880,241.0,0.5378,1442,74.4,3404
53.0,7.75,40,51,58.7,0.8727,880,240.1,0.5414,1442,74.4,3401
53.0,8.0,40,52,58.6,0.8735,880,239.3,0.5474,1441,75.3,3400
53.0,8.25,40,53,58.5,0.8751,880,238.5,0.5554,1442,76.5,3401
53.0,8.5,40,54,58.3,0.877,881,237.8,0.563,1442,77.3,3405
53.0,8.75,40,55,58.1,0.8771,881,237.3,0.5686,1440,77.5,3405
53.0,9.0,40,56,57.9,0.8766,882,236.7,0.576,1441,77.4,3413
53.0,9.25,40,57,57.7,0.8766,881,236.0,0.5814,1439,78.0,3417
53.0,9.5,40,58,57.5,0.8755,882,235.3,0.5905,1440,80.0,3419
53.0,9.75,40,59,57.2,0.8753,881,234.5,0.5971,1439,81.8,3416
53.0,10.0,40,60,57.0,0.8745,882,233.8,0.6054,1439,83.8,3417
53.0,10.25,40,61,56.9,0.8726,883,233.0,0.6134,1439,85.9,3429
53.0,10.5,40,62,56.6,0.8711,883,232.3,0.6226,1437,87.0,3429
53.0,10.75,40,63,56.3,0.8692,884,231.7,0.631,1437,88.7,3424
53.0,11.0,40,64,56.1,0.8675,883,231.1,0.6403,1437,90.3,3423
53.0,11.25,40,65,55.8,0.8652,884,230.4,0.6487,1437,92.1,3422
53.0,11.5,40,66,55.4,0.863,883,229.9,0.658,1439,94.6,3420
53.0,11.75,40,67,54.9,0.8616,885,229.5,0.6668,1439,93.1,3421
53.0,12.0,40,68,54.5,0.8596,884,229.2,0.6767,1440,91.5,3420
53.0,12.25,40,69,54.0,0.8583,885,228.9,0.6844,1440,82.2,3421
53.0,12.5,40,70,53.6,0.8571,884,228.6,0.6917,1441,74.0,3419
53.0,12.75,40,71,53.1,0.8563,885,228.4,0.6978,1441,58.6,3418
53.0,13.0,40,72,52.6,0.855,887,228.2,0.7085,1442,47.8,3419
53.0,13.25,40,73,52.2,0.8537,886,228.2,0.7143,1443,20.8,3417
53.0,13.5,40,74,51.6,0.8531,887,228.0,0.722,1444,357.0,3418
53.0,13.75,40,75,51.1,0.8532,885,228.0,0.7271,1443,340.3,3414
53.0,14.0,40,76,50.6,0.853,885,228.1,0.7326,1442,330.7,3414
53.0,14.25,40,77,50.2,0.8529,885,228.0,0.7381,1444,319.6,3415
53.0,14.5,40,78,49.7,0.8541,884,228.1,0.7458,1442,311.4,3413
53.0,14.75,40,79,49.2,0.8549,884,228.0,0.752,1442,307.3,3412
53.0,15.0,40,80,48.8,0.856,883,228.0,0.7571,1442,305.7,3413
53.0,15.25,40,81,48.3,0.8575,883,228.1,0.7623,1443,304.0,3414
53.0,15.5,40,82,47.7,0.8596,883,228.1,0.7675,1440,305.4,3411
53.0,15.75,40,83,47.3,0.8613,883,228.1,0.7718,1442,304.5,3414
53.0,16.0,40,84,46.9,0.8631,883,228.2,0.7772,1440,303.4,3412
53.25,5.5,41,42,61.2,0.8501,878,248.7,0.4855,1441,71.0,3403
53.25,5.75,41,43,61.1,0.8531,877,248.0,0.4876,1440,71.5,3401
53.25,6.0,41,44,61.0,0.8562,877,247.3,0.4916,1441,72.5,3401
53.25,6.25,41,45,60.9,0.8593,876,246.7,0.4936,1440,72.3,3400
53.25,6.5,41,46,60.8,0.8621,877,245.7,0.4979,1441,72.9,3402
53.25,6.75,41,47,60.7,0.8641,876,244.9,0.5017,1441,73.1,3400
53.25,7.0,41,48,60.5,0.8661,877,244.0,0.5075,1440,73.1,3399
53.25,7.25,41,49,60.5,0.8678,878,243.3,0.5135,1442,73.0,3401
53.25,7.5,41,50,60.3,0.8691,877,242.6,0.5183,1440,73.2,3397
53.25,7.75,41,51,60.3,0.8706,879,241.8,0.5229,1442,74.3,3399
53.25,8.0,41,52,60.1,0.8724,878,240.7,0.5302,1441,75.8,3395
53.25,8.25,41,53,60.0,0.8749,879,240.0,0.5369,1441,76.2,3393
53.25,8.5,41,54,59.7,0.8764,879,239.4,0.5451,1441,76.4,3396
53.25,8.75,41,55,59.5,0.8763,879,238.6,0.553,1438,77.3,3395
53.25,9.0,41,56,59.3,0.8768,880,238.0,0.5607,1441,78.9,3401
53.25,9.25,41,57,59.1,0.8762,879,237.2,0.5684,1438,80.6,3400
53.25,9.5,41,58,58.8,0.8767,880,236.2,0.5764,1439,81.4,3406
53.25,9.75,41,59,58.6,0.8759,880,235.5,0.5849,1438,83.4,3414
53.25,10.0,41,60,58.3,0.8752,880,234.6,0.5926,1437,85.5,3419
53.25,10.25,41,61,58.0,0.8745,880,234.0,0.5999,1438,86.5,3417
53.25,10.5,41,62,57.7,0.8729,881,233.5,0.6086,1436,87.3,3417
53.25,10.75,41,63,57.4,0.8717,883,232.8,0.6168,1437,88.4,3418
53.25,11.0,41,64,56.9,0.8703,882,232.2,0.6238,1436,88.8,3416
53.25,11.25,41,65,56.5,0.8678,883,231.5,0.6316,1438,90.4,3417
53.25,11.5,41,66,55.9,0.8659,882,231.1,0.6415,1439,91.0,3416
53.25,11.75,41,67,55.5,0.864,883,230.7,0.654,1439,91.8,3416
53.25,12.0,41,68,54.9,0.8623,883,230.3,0.664,1441,90.1,3418
53.25,12.25,41,69,54.3,0.8604,884,229.9,0.6719,1440,81.3,3416
53.25,12.5,41,70,53.8,0.8589,883,229.6,0.6816,1441,77.2,3414
53.25,12.75,41,71,53.4,0.8576,885,229.3,0.6905,1441,71.4,3414
53.25,13.0,41,72,52.8,0.8566,882,229.1,0.6979,1442,59.6,3411
53.25,13.25,41,73,52.3,0.8556,883,229.0,0.7065,1443,31.8,3412
53.25,13.5,41,74,51.8,0.8545,881,228.9,0.7135,1444,355.5,3411
53.25,13.75,41,75,51.3,0.8537,883,228.8,0.72,1442,337.6,3410
53.25,14.0,41,76,50.9,0.8527,881,228.8,0.7249,1445,318.9,3410
53.25,14.25,41,77,50.4,0.8529,881,228.8,0.7307,1442,309.8,3408
53.25,14.5,41,78,49.9,0.8534,881,228.7,0.7377,1443,303.6,3409
53.25,14.75,41,79,49.4,0.8543,881,228.5,0.7436,1443,300.3,3410
53.25,15.0,41,80,48.9,0.8555,879,228.6,0.7507,1439,298.4,3403
53.25,15.25,41,81,48.5,0.8564,880,228.7,0.7562,1443,296.5,3410
53.25,15.5,41,82,48.0,0.858,880,228.8,0.7607,1440,297.1,3406
53.25,15.75,41,83,47.5,0.8594,878,228.8,0.7659,1442,294.1,3407
53.5,7.25,42,49,62.1,0.8667,875,245.1,0.4937,1441,73.4,3394
53.5,7.5,42,50,62.0,0.8685,875,244.1,0.4992,1440,74.1,3392
53.5,7.75,42,51,61.8,0.871,877,243.3,0.5045,1441,74.8,3394
53.5,8.0,42,52,61.6,0.8732,875,242.3,0.5108,1438,76.1,3389
53.5,8.25,42,53,61.5,0.8743,877,241.5,0.5186,1440,77.3,3392
53.5,8.5,42,54,61.2,0.8755,877,240.6,0.5254,1438,77.9,3386
53.5,8.75,42,55,61.0,0.876,877,239.9,0.5347,1439,79.3,3389
53.5,9.0,42,56,60.8,0.8762,878,239.2,0.5439,1437,80.8,3389
53.5,9.25,42,57,60.6,0.8765,877,238.2,0.5539,1439,83.1,3393
53.5,9.5,42,58,60.3,0.8766,879,237.3,0.5628,1436,85.6,3386
53.5,9.75,42,59,60.0,0.8763,877,236.5,0.5715,1437,86.7,3393
53.5,10.0,42,60,59.7,0.8762,879,235.8,0.5791,1436,86.8,3401
53.5,10.25,42,61,59.3,0.8757,878,235.3,0.5862,1436,86.6,3407
53.5,10.5,42,62,58.9,0.8747,879,234.8,0.5935,1436,86.9,3412
53.5,10.75,42,63,58.3,0.8739,881,234.2,0.6009,1435,87.3,3413
53.5,11.0,42,64,57.7,0.8724,879,233.5,0.6089,1438,89.6,3410
53.5,11.25,42,65,57.1,0.871,881,232.9,0.6181,1438,89.2,3411
53.5,11.5,42,66,56.4,0.8682,880,232.4,0.6272,1438,90.6,3408
53.5,11.75,42,67,55.8,0.8664,881,232.0,0.6382,1440,92.7,3413
53.5,12.0,42,68,55.1,0.865,881,231.5,0.6492,1439,92.9,3410
53.5,12.25,42,69,54.5,0.8626,881,231.1,0.6591,1441,90.2,3410
53.5,12.5,42,70,53.8,0.8616,880,230.7,0.669,1440,82.7,3407
53.5,12.75,42,71,53.3,0.8593,880,230.5,0.6793,1439,74.3,3405
53.5,13.0,42,72,52.8,0.8582,880,230.2,0.6883,1442,70.0,3407
53.5,13.25,42,73,52.4,0.8568,879,229.9,0.6973,1440,60.6,3404
53.5,13.5,42,74,51.9,0.8556,878,229.8,0.7043,1442,339.5,3404
53.5,13.75,42,75,51.4,0.8544,878,229.8,0.7108,1441,319.8,3402
53.5,14.0,42,76,50.9,0.8536,878,229.7,0.7167,1442,308.6,3403
53.5,14.25,42,77,50.5,0.853,877,229.6,0.723,1443,294.4,3403
53.5,14.5,42,78,50.0,0.8537,877,229.5,0.7301,1441,292.5,3400
53.5,14.75,42,79,49.6,0.8544,877,229.3,0.7365,1442,287.5,3403
53.5,15.0,42,80,49.1,0.8552,877,229.3,0.7423,1441,286.3,3401
53.5,15.25,42,81,48.6,0.8561,877,229.4,0.748,1442,287.7,3403
53.5,15.5,42,82,48.1,0.8568,877,229.4,0.7532,1441,286.5,3402
53.75,8.75,43,55,62.4,0.8751,876,241.2,0.5163,1437,81.9,3380
53.75,9.0,43,56,62.2,0.8757,875,240.3,0.5259,1436,84.2,3371
53.75,9.25,43,57,62.0,0.8762,876,239.5,0.5356,1436,86.0,3370
53.75,9.5,43,58,61.8,0.8762,876,238.6,0.5454,1434,87.4,3376
53.75,9.75,43,59,61.5,0.8763,876,238.0,0.5532,1435,87.6,3383
53.75,10.0,43,60,61.1,0.8767,877,237.4,0.5628,1434,88.1,3385
53.75,10.25,43,61,60.6,0.8766,876,236.9,0.5701,1435,87.7,3389
53.75,10.5,43,62,60.0,0.8764,877,236.1,0.5776,1435,88.7,3392
53.75,10.75,43,63,59.3,0.8756,878,235.4,0.5841,1436,88.9,3398
53.75,11.0,43,64,58.5,0.8744,878,234.9,0.5939,1436,90.0,3404
53.75,11.25,43,65,57.6,0.8728,879,234.3,0.6042,1438,92.1,3406
53.75,11.5,43,66,56.8,0.8707,878,233.8,0.6132,1438,92.2,3405
53.75,11.75,43,67,56.0,0.8685,879,233.3,0.6224,1439,92.7,3406
53.75,12.0,43,68,55.1,0.8666,878,232.7,0.6341,1438,95.3,3403
53.75,12.25,43,69,54.4,0.8643,877,232.4,0.6447,1440,95.8,3403
53.75,12.5,43,70,53.8,0.8622,878,232.1,0.6565,1439,93.9,3402
53.75,12.75,43,71,53.2,0.8612,877,231.8,0.6658,1441,83.9,3403
53.75,13.0,43,72,52.7,0.859,876,231.5,0.6765,1440,88.0,3400
53.75,13.25,43,73,52.3,0.8584,876,231.2,0.6855,1440,92.3,3399
53.75,13.5,43,74,51.9,0.8567,875,231.1,0.6929,1441,295.2,3399
53.75,13.75,43,75,51.4,0.856,876,230.9,0.7004,1441,278.7,3399
53.75,14.0,43,76,51.0,0.8548,873,230.6,0.7075,1441,270.6,3395
53.75,14.25,43,77,50.5,0.8541,875,230.6,0.7138,1442,278.0,3399
53.75,14.5,43,78,50.1,0.8543,874,230.3,0.7209,1443,272.2,3399
53.75,14.75,43,79,49.6,0.8543,874,230.2,0.7288,1442,269.4,3397
53.75,15.0,43,80,49.1,0.855,874,230.2,0.7351,1441,271.6,3398
54.0,9.0,44,56,63.4,0.8753,873,241.9,0.5054,1436,84.9,3355
54.0,9.25,44,57,63.3,0.8756,874,240.9,0.5158,1433,87.1,3363
54.0,9.5,44,58,63.0,0.876,875,240.2,0.527,1435,88.3,3371
54.0,9.75,44,59,62.8,0.8763,874,239.5,0.5355,1433,89.6,3372
54.0,10.0,44,60,62.4,0.8767,875,238.9,0.5453,1435,90.9,3377
54.0,10.25,44,61,61.7,0.8771,873,238.2,0.5535,1433,91.1,3375
54.0,10.5,44,62,60.9,0.8776,876,237.5,0.5608,1435,91.5,3381
54.0,10.75,44,63,60.0,0.8769,874,237.0,0.5706,1435,92.8,3381
54.0,11.0,44,64,59.2,0.8757,876,236.4,0.5813,1436,94.2,3386
54.0,11.25,44,65,58.2,0.8741,876,236.0,0.5894,1437,94.1,3391
54.0,11.5,44,66,57.0,0.8729,875,235.4,0.5979,1436,93.7,3398
54.0,11.75,44,67,56.0,0.8702,875,234.9,0.6083,1439,92.9,3400
54.0,12.0,44,68,55.1,0.8668,873,234.5,0.6183,1438,93.4,3396
54.0,12.25,44,69,54.3,0.8647,874,234.1,0.6284,1439,90.8,3397
54.0,12.5,44,70,53.6,0.8632,875,233.7,0.6403,1438,94.2,3397
54.0,12.75,44,71,53.1,0.862,872,233.3,0.6525,1440,106.6,3395
54.0,13.0,44,72,52.6,0.8607,874,232.9,0.6624,1440,112.5,3396
54.0,13.25,44,73,52.1,0.86,871,232.7,0.6711,1440,162.7,3393
54.0,13.5,44,74,51.8,0.8584,873,232.5,0.68,1442,218.2,3396
54.0,13.75,44,75,51.3,0.8582,872,232.2,0.6881,1438,250.4,3391
54.25,9.0,45,56,64.5,0.8756,872,243.6,0.4872,1434,86.6,3362
54.25,9.25,45,57,64.3,0.8759,871,242.7,0.4957,1433,88.0,3357
54.25,9.5,45,58,64.0,0.8764,872,241.9,0.5061,1432,89.1,3361
54.25,9.75,45,59,63.6,0.8769,873,241.0,0.516,1433,90.4,3365
54.25,10.0,45,60,63.1,0.8774,873,240.4,0.5268,1433,91.7,3367
54.25,10.25,45,61,62.5,0.8779,873,239.8,0.5364,1434,92.9,3368
54.25,10.5,45,62,61.6,0.8782,873,239.2,0.5477,1435,94.0,3370
54.25,10.75,45,63,60.7,0.8777,873,238.6,0.5567,1435,94.8,3373
54.25,12.25,45,69,54.3,0.8652,871,235.9,0.6153,1439,90.4,3393
54.25,12.5,45,70,53.7,0.8636,871,235.4,0.6259,1438,95.3,3391
54.25,12.75,45,71,53.1,0.8626,871,234.9,0.6374,1440,118.3,3393
54.25,13.0,45,72,52.6,0.8616,871,234.5,0.6464,1439,134.9,3391
54.25,13.25,45,73,52.1,0.8614,869,234.3,0.6569,1440,177.7,3389
54.25,13.5,45,74,51.6,0.8608,868,233.9,0.666,1439,201.7,3387
54.5,9.0,46,56,65.5,0.876,869,245.6,0.4713,1432,87.5,3356
54.5,9.25,46,57,65.1,0.8767,870,244.6,0.4816,1431,88.8,3357
54.5,9.5,46,58,64.7,0.8772,871,243.7,0.4897,1431,89.4,3354
54.5,9.75,46,59,64.3,0.8777,870,243.0,0.4996,1431,90.7,3354
54.5,10.0,46,60,63.7,0.8783,872,242.2,0.5116,1433,92.7,3360
54.5,13.25,46,73,52.2,0.8625,867,235.8,0.6436,1439,161.8,3385
54.5,13.5,46,74,51.6,0.8619,866,235.5,0.6527,1438,177.5,3383
54.75,8.75,47,55,66.6,0.8762,869,249.3,0.4459,1432,85.2,3354
54.75,9.0,47,56,66.2,0.8769,868,248.2,0.4547,1430,86.7,3352
54.75,9.25,47,57,65.8,0.8777,869,247.1,0.4639,1431,88.0,3355
54.75,9.5,47,58,65.3,0.8781,868,246.1,0.4743,1431,89.9,3352
54.75,9.75,47,59,64.7,0.8792,868,245.4,0.4842,1430,90.8,3347
54.75,10.0,47,60,64.1,0.8797,869,244.6,0.4931,1433,92.2,3353
55.0,8.75,48,55,67.3,0.8773,865,251.5,0.4326,1432,86.5,3349
55.0,9.0,48,56,66.9,0.8779,867,250.5,0.4405,1429,87.7,3350
55.0,9.25,48,57,66.3,0.8791,866,249.3,0.4501,1430,88.7,3349
