species,order,iucn,migratory,weight
Struthio camelus,Struthioniformes,LC,False,0.5
Struthio molybdophanes,Struthioniformes,VU,False,1.5
Rhea americana,Rheiformes,NT,False,1.0
Rhea pennata,Rheiformes,LC,False,0.5
Apteryx australis,Apterygiformes,VU,False,1.5
Apteryx mantelli,Apterygiformes,VU,False,1.5
Apteryx rowi,Apterygiformes,VU,False,1.5
Apteryx owenii,Apterygiformes,NT,False,1.0
Apteryx haastii,Apterygiformes,VU,False,1.5
Casuarius casuarius,Casuariiformes,LC,False,0.5
Casuarius bennetti,Casuariiformes,LC,False,0.5
Casuarius unappendiculatus,Casuariiformes,LC,False,0.5
Dromaius novaehollandiae,Casuariiformes,LC,False,0.5
Dromaius minor,Casuariiformes,EX,False,0.25
Dromaius baudinianus,Casuariiformes,EX,False,0.25
Tinamus tao,Tinamiformes,VU,False,1.5
Tinamus solitarius,Tinamiformes,NT,False,1.0
Tinamus osgoodi,Tinamiformes,VU,False,1.5
Tinamus major,Tinamiformes,LC,False,0.5
Tinamus guttatus,Tinamiformes,NT,False,1.0
Nothocercus bonapartei,Tinamiformes,LC,False,0.5
Nothocercus julius,Tinamiformes,LC,False,0.5
Nothocercus nigrocapillus,Tinamiformes,LC,False,0.5
Crypturellus berlepschi,Tinamiformes,LC,False,0.5
Crypturellus cinereus,Tinamiformes,LC,False,0.5
Crypturellus soui,Tinamiformes,LC,False,0.5
Crypturellus ptaritepui,Tinamiformes,LC,False,0.5
Crypturellus obsoletus,Tinamiformes,LC,False,0.5
Crypturellus undulatus,Tinamiformes,LC,False,0.5
Crypturellus transfasciatus,Tinamiformes,NT,False,1.0
Crypturellus strigulosus,Tinamiformes,LC,False,0.5
Crypturellus duidae,Tinamiformes,LC,False,0.5
Crypturellus erythropus,Tinamiformes,LC,False,0.5
Crypturellus noctivagus,Tinamiformes,NT,False,1.0
Crypturellus atrocapillus,Tinamiformes,LC,False,0.5
Crypturellus cinnamomeus,Tinamiformes,LC,False,0.5
Crypturellus boucardi,Tinamiformes,VU,False,1.5
Crypturellus kerriae,Tinamiformes,NT,False,1.0
Crypturellus variegatus,Tinamiformes,LC,False,0.5
Crypturellus brevirostris,Tinamiformes,LC,False,0.5
Crypturellus bartletti,Tinamiformes,LC,False,0.5
Crypturellus parvirostris,Tinamiformes,LC,False,0.5
Crypturellus casiquiare,Tinamiformes,LC,False,0.5
Crypturellus tataupa,Tinamiformes,LC,False,0.5
Rhynchotus rufescens,Tinamiformes,LC,False,0.5
Rhynchotus maculicollis,Tinamiformes,LC,False,0.5
Nothoprocta taczanowskii,Tinamiformes,VU,False,1.5
Nothoprocta ornata,Tinamiformes,LC,False,0.5
Nothoprocta perdicaria,Tinamiformes,LC,False,0.5
Nothoprocta cinerascens,Tinamiformes,LC,False,0.5
Nothoprocta pentlandii,Tinamiformes,LC,False,0.5
Nothoprocta curvirostris,Tinamiformes,LC,False,0.5
Nothura boraquira,Tinamiformes,LC,False,0.5
Nothura minor,Tinamiformes,VU,False,1.5
Nothura darwinii,Tinamiformes,LC,False,0.5
Nothura maculosa,Tinamiformes,LC,False,0.5
Taoniscus nanus,Tinamiformes,EN,False,2.0
Eudromia elegans,Tinamiformes,LC,False,0.5
Eudromia formosa,Tinamiformes,LC,False,0.5
Tinamotis pentlandii,Tinamiformes,LC,False,0.5
Tinamotis ingoufi,Tinamiformes,LC,False,0.5
Anhima cornuta,Anseriformes,LC,False,0.5
Chauna chavaria,Anseriformes,LC,False,0.5
Chauna torquata,Anseriformes,LC,False,0.5
Anseranas semipalmata,Anseriformes,LC,False,0.5
Dendrocygna viduata,Anseriformes,LC,True,2.0
Dendrocygna autumnalis,Anseriformes,LC,False,0.5
Dendrocygna guttata,Anseriformes,LC,False,0.5
Dendrocygna arborea,Anseriformes,NT,False,1.0
Dendrocygna bicolor,Anseriformes,LC,False,0.5
Dendrocygna eytoni,Anseriformes,LC,False,0.5
Dendrocygna arcuata,Anseriformes,LC,False,0.5
Dendrocygna javanica,Anseriformes,LC,False,0.5
Thalassornis leuconotus,Anseriformes,LC,False,0.5
Cereopsis novaehollandiae,Anseriformes,LC,False,0.5
Branta bernicla,Anseriformes,LC,True,2.0
Branta ruficollis,Anseriformes,VU,True,6.0
Branta sandvicensis,Anseriformes,NT,False,1.0
Branta canadensis,Anseriformes,LC,True,2.0
Branta leucopsis,Anseriformes,LC,False,0.5
Branta hutchinsii,Anseriformes,LC,True,2.0
Anser indicus,Anseriformes,LC,True,2.0
Anser canagicus,Anseriformes,LC,True,2.0
Anser rossii,Anseriformes,LC,True,2.0
Anser caerulescens,Anseriformes,LC,True,2.0
Anser anser,Anseriformes,LC,True,2.0
Anser cygnoid,Anseriformes,EN,True,8.0
Anser fabalis,Anseriformes,LC,True,2.0
Anser brachyrhynchus,Anseriformes,LC,True,2.0
Anser serrirostris,Anseriformes,,True,1.0
Anser albifrons,Anseriformes,LC,True,2.0
Anser erythropus,Anseriformes,VU,True,6.0
Coscoroba coscoroba,Anseriformes,LC,True,2.0
Cygnus atratus,Anseriformes,LC,False,0.5
Cygnus melancoryphus,Anseriformes,LC,True,2.0
Cygnus olor,Anseriformes,LC,True,2.0
Cygnus buccinator,Anseriformes,LC,True,2.0
Cygnus columbianus,Anseriformes,LC,True,2.0
Cygnus cygnus,Anseriformes,LC,True,2.0
Stictonetta naevosa,Anseriformes,LC,False,0.5
Hymenolaimus malacorhynchos,Anseriformes,EN,False,2.0
Tachyeres patachonicus,Anseriformes,LC,False,0.5
Tachyeres pteneres,Anseriformes,LC,False,0.5
Tachyeres brachypterus,Anseriformes,LC,False,0.5
Tachyeres leucocephalus,Anseriformes,VU,False,1.5
Merganetta armata,Anseriformes,LC,False,0.5
Plectropterus gambensis,Anseriformes,LC,True,2.0
Sarkidiornis sylvicola,Anseriformes,LC,True,2.0
Sarkidiornis melanotos,Anseriformes,LC,True,2.0
Cyanochen cyanoptera,Anseriformes,NT,False,1.0
Alopochen aegyptiaca,Anseriformes,LC,True,2.0
Alopochen mauritiana,Anseriformes,EX,False,0.25
Alopochen kervazoi,Anseriformes,EX,False,0.25
Neochen jubata,Anseriformes,NT,False,1.0
Chloephaga melanoptera,Anseriformes,LC,False,0.5
Chloephaga picta,Anseriformes,LC,True,2.0
Chloephaga hybrida,Anseriformes,LC,True,2.0
Chloephaga poliocephala,Anseriformes,LC,False,0.5
Chloephaga rubidiceps,Anseriformes,LC,True,2.0
Radjah radjah,Anseriformes,LC,False,0.5
Tadorna tadorna,Anseriformes,LC,True,2.0
Tadorna ferruginea,Anseriformes,LC,True,2.0
Tadorna cana,Anseriformes,LC,True,2.0
Tadorna tadornoides,Anseriformes,LC,False,0.5
Tadorna variegata,Anseriformes,LC,False,0.5
Tadorna cristata,Anseriformes,CR,False,2.5
Malacorhynchus membranaceus,Anseriformes,LC,False,0.5
Salvadorina waigiuensis,Anseriformes,LC,False,0.5
Cairina moschata,Anseriformes,LC,False,0.5
Asarcornis scutulata,Anseriformes,CR,False,2.5
Pteronetta hartlaubii,Anseriformes,LC,False,0.5
Aix sponsa,Anseriformes,LC,True,2.0
Aix galericulata,Anseriformes,LC,True,2.0
Chenonetta jubata,Anseriformes,LC,False,0.5
Chenonetta finschi,Anseriformes,EX,False,0.25
Nettapus auritus,Anseriformes,LC,False,0.5
Nettapus coromandelianus,Anseriformes,LC,True,2.0
Nettapus pulchellus,Anseriformes,LC,False,0.5
Amazonetta brasiliensis,Anseriformes,LC,True,2.0
Callonetta leucophrys,Anseriformes,LC,True,2.0
Lophonetta specularioides,Anseriformes,LC,False,0.5
Speculanas specularis,Anseriformes,NT,True,4.0
Sibirionetta formosa,Anseriformes,LC,True,2.0
Spatula querquedula,Anseriformes,LC,True,2.0
Spatula hottentota,Anseriformes,LC,True,2.0
Spatula puna,Anseriformes,LC,False,0.5
Spatula versicolor,Anseriformes,LC,False,0.5
Spatula platalea,Anseriformes,LC,False,0.5
Spatula cyanoptera,Anseriformes,LC,True,2.0
Spatula discors,Anseriformes,LC,True,2.0
Spatula smithii,Anseriformes,LC,True,2.0
Spatula rhynchotis,Anseriformes,LC,False,0.5
Spatula clypeata,Anseriformes,LC,True,2.0
Mareca strepera,Anseriformes,LC,True,2.0
Mareca falcata,Anseriformes,LC,True,2.0
Mareca penelope,Anseriformes,LC,True,2.0
Mareca sibilatrix,Anseriformes,LC,True,2.0
Mareca americana,Anseriformes,LC,True,2.0
Anas marecula,Anseriformes,EX,False,0.25
Anas sparsa,Anseriformes,LC,False,0.5
Anas undulata,Anseriformes,LC,False,0.5
Anas melleri,Anseriformes,EN,False,2.0
Anas superciliosa,Anseriformes,LC,False,0.5
Anas laysanensis,Anseriformes,CR,False,2.5
Anas wyvilliana,Anseriformes,VU,False,1.5
Anas luzonica,Anseriformes,VU,False,1.5
Anas poecilorhyncha,Anseriformes,LC,False,0.5
Anas zonorhyncha,Anseriformes,LC,False,0.5
Anas platyrhynchos,Anseriformes,LC,False,0.5
Anas fulvigula,Anseriformes,LC,False,0.5
Anas rubripes,Anseriformes,LC,False,0.5
Anas diazi,Anseriformes,,False,0.25
Anas capensis,Anseriformes,LC,False,0.5
Anas bahamensis,Anseriformes,LC,False,0.5
Anas erythrorhyncha,Anseriformes,LC,False,0.5
Anas georgica,Anseriformes,LC,False,0.5
Anas eatoni,Anseriformes,VU,False,1.5
Anas acuta,Anseriformes,LC,True,2.0
Anas crecca,Anseriformes,LC,True,2.0
Anas carolinensis,Anseriformes,LC,True,2.0
Anas flavirostris,Anseriformes,LC,False,0.5
Anas andium,Anseriformes,LC,False,0.5
Anas gibberifrons,Anseriformes,NT,False,1.0
Anas albogularis,Anseriformes,NT,False,1.0
Anas theodori,Anseriformes,EX,False,0.25
Anas gracilis,Anseriformes,LC,False,0.5
Anas castanea,Anseriformes,LC,False,0.5
Anas bernieri,Anseriformes,EN,True,8.0
Anas chlorotis,Anseriformes,NT,False,1.0
Anas aucklandica,Anseriformes,NT,False,1.0
Anas nesiotis,Anseriformes,VU,False,1.5
Marmaronetta angustirostris,Anseriformes,NT,False,1.0
Rhodonessa caryophyllacea,Anseriformes,CR,False,2.5
Netta rufina,Anseriformes,LC,True,2.0
Netta peposaca,Anseriformes,LC,False,0.5
Netta erythrophthalma,Anseriformes,LC,False,0.5
Aythya valisineria,Anseriformes,LC,True,2.0
Aythya americana,Anseriformes,LC,True,2.0
Aythya ferina,Anseriformes,VU,False,1.5
Aythya australis,Anseriformes,LC,False,0.5
Aythya innotata,Anseriformes,CR,False,2.5
Aythya baeri,Anseriformes,CR,True,10.0
Aythya nyroca,Anseriformes,NT,True,4.0
Aythya novaeseelandiae,Anseriformes,LC,False,0.5
Aythya collaris,Anseriformes,LC,True,2.0
Aythya fuligula,Anseriformes,LC,True,2.0
Aythya marila,Anseriformes,LC,True,2.0
Aythya affinis,Anseriformes,LC,True,2.0
Polysticta stelleri,Anseriformes,VU,True,6.0
Camptorhynchus labradorius,Anseriformes,EX,True,1.0
Somateria fischeri,Anseriformes,NT,True,4.0
Somateria spectabilis,Anseriformes,LC,True,2.0
Somateria mollissima,Anseriformes,NT,False,1.0
Histrionicus histrionicus,Anseriformes,LC,True,2.0
Melanitta perspicillata,Anseriformes,LC,True,2.0
Melanitta fusca,Anseriformes,VU,True,6.0
Melanitta deglandi,Anseriformes,LC,True,2.0
Melanitta stejnegeri,Anseriformes,LC,True,2.0
Melanitta nigra,Anseriformes,LC,True,2.0
Melanitta americana,Anseriformes,NT,True,4.0
Clangula hyemalis,Anseriformes,VU,True,6.0
Bucephala albeola,Anseriformes,LC,True,2.0
Bucephala clangula,Anseriformes,LC,True,2.0
Bucephala islandica,Anseriformes,LC,True,2.0
Mergellus albellus,Anseriformes,LC,True,2.0
Lophodytes cucullatus,Anseriformes,LC,True,2.0
Mergus australis,Anseriformes,EX,False,0.25
Mergus octosetaceus,Anseriformes,CR,False,2.5
Mergus merganser,Anseriformes,LC,True,2.0
Mergus serrator,Anseriformes,LC,True,2.0
Mergus squamatus,Anseriformes,EN,True,8.0
Heteronetta atricapilla,Anseriformes,LC,False,0.5
Nomonyx dominicus,Anseriformes,LC,False,0.5
Oxyura jamaicensis,Anseriformes,LC,True,2.0
Oxyura ferruginea,Anseriformes,LC,False,0.5
Oxyura vittata,Anseriformes,LC,False,0.5
Oxyura australis,Anseriformes,LC,False,0.5
Oxyura maccoa,Anseriformes,EN,False,2.0
Oxyura leucocephala,Anseriformes,EN,True,8.0
Biziura lobata,Anseriformes,LC,False,0.5
Alectura lathami,Galliformes,LC,False,0.5
Aepypodius arfakianus,Galliformes,LC,False,0.5
Aepypodius bruijnii,Galliformes,EN,False,2.0
Talegalla cuvieri,Galliformes,LC,False,0.5
Talegalla fuscirostris,Galliformes,LC,False,0.5
Talegalla jobiensis,Galliformes,LC,False,0.5
Leipoa ocellata,Galliformes,VU,False,1.5
Macrocephalon maleo,Galliformes,CR,False,2.5
Eulipoa wallacei,Galliformes,VU,False,1.5
Megapodius pritchardii,Galliformes,VU,False,1.5
Megapodius laperouse,Galliformes,NT,False,1.0
Megapodius nicobariensis,Galliformes,VU,False,1.5
Megapodius cumingii,Galliformes,LC,False,0.5
Megapodius bernsteinii,Galliformes,VU,False,1.5
Megapodius tenimberensis,Galliformes,VU,False,1.5
Megapodius freycinet,Galliformes,LC,False,0.5
Megapodius geelvinkianus,Galliformes,NT,False,1.0
Megapodius eremita,Galliformes,LC,True,2.0
Megapodius layardi,Galliformes,LC,False,0.5
Megapodius decollatus,Galliformes,LC,False,0.5
Megapodius reinwardt,Galliformes,LC,False,0.5
Ortalis vetula,Galliformes,LC,False,0.5
Ortalis cinereiceps,Galliformes,LC,False,0.5
Ortalis garrula,Galliformes,LC,False,0.5
Ortalis ruficauda,Galliformes,LC,False,0.5
Ortalis erythroptera,Galliformes,VU,False,1.5
Ortalis wagleri,Galliformes,LC,False,0.5
Ortalis poliocephala,Galliformes,LC,False,0.5
Ortalis canicollis,Galliformes,LC,False,0.5
Ortalis leucogastra,Galliformes,LC,False,0.5
Ortalis guttata,Galliformes,LC,False,0.5
Ortalis araucuan,Galliformes,LC,False,0.5
Ortalis squamata,Galliformes,LC,False,0.5
Ortalis columbiana,Galliformes,LC,False,0.5
Ortalis motmot,Galliformes,LC,False,0.5
Ortalis ruficeps,Galliformes,,False,0.25
Ortalis superciliaris,Galliformes,LC,False,0.5
Penelope argyrotis,Galliformes,LC,False,0.5
Penelope barbata,Galliformes,NT,False,1.0
Penelope ortoni,Galliformes,EN,False,2.0
Penelope montagnii,Galliformes,LC,False,0.5
Penelope marail,Galliformes,LC,False,0.5
Penelope superciliaris,Galliformes,NT,False,1.0
Penelope dabbenei,Galliformes,LC,False,0.5
Penelope purpurascens,Galliformes,NT,False,1.0
Penelope perspicax,Galliformes,VU,False,1.5
Penelope albipennis,Galliformes,EN,False,2.0
Penelope jacquacu,Galliformes,LC,False,0.5
Penelope obscura,Galliformes,LC,False,0.5
Penelope bridgesi,Galliformes,,False,0.25
Penelope pileata,Galliformes,VU,False,1.5
Penelope ochrogaster,Galliformes,VU,False,1.5
Penelope jacucaca,Galliformes,VU,False,1.5
Pipile pipile,Galliformes,CR,False,2.5
Pipile cumanensis,Galliformes,LC,False,0.5
Pipile grayi,Galliformes,NT,False,1.0
Pipile cujubi,Galliformes,VU,False,1.5
Pipile jacutinga,Galliformes,EN,False,2.0
Aburria aburri,Galliformes,LC,False,0.5
Chamaepetes unicolor,Galliformes,LC,False,0.5
Chamaepetes goudotii,Galliformes,LC,False,0.5
Penelopina nigra,Galliformes,VU,False,1.5
Oreophasis derbianus,Galliformes,EN,False,2.0
Nothocrax urumutum,Galliformes,LC,False,0.5
Mitu tomentosum,Galliformes,LC,False,0.5
Mitu salvini,Galliformes,LC,False,0.5
Mitu tuberosum,Galliformes,NT,False,1.0
Mitu mitu,Galliformes,EW,False,0.25
Pauxi pauxi,Galliformes,VU,False,1.5
Pauxi unicornis,Galliformes,CR,False,2.5
Pauxi koepckeae,Galliformes,CR,False,2.5
Crax rubra,Galliformes,VU,False,1.5
Crax alberti,Galliformes,CR,False,2.5
Crax daubentoni,Galliformes,NT,False,1.0
Crax alector,Galliformes,LC,False,0.5
Crax globulosa,Galliformes,EN,False,2.0
Crax fasciolata,Galliformes,VU,False,1.5
Crax pinima,Galliformes,CR,False,2.5
Crax blumenbachii,Galliformes,EN,False,2.0
Agelastes meleagrides,Galliformes,VU,False,1.5
Agelastes niger,Galliformes,LC,False,0.5
Numida meleagris,Galliformes,LC,False,0.5
Guttera plumifera,Galliformes,LC,False,0.5
Guttera verreauxi,Galliformes,LC,False,0.5
Guttera pucherani,Galliformes,LC,False,0.5
Guttera edouardi,Galliformes,LC,False,0.5
Acryllium vulturinum,Galliformes,LC,False,0.5
Ptilopachus petrosus,Galliformes,LC,False,0.5
Ptilopachus nahani,Galliformes,VU,False,1.5
Dendrortyx leucophrys,Galliformes,LC,False,0.5
Dendrortyx macroura,Galliformes,LC,False,0.5
Dendrortyx barbatus,Galliformes,VU,False,1.5
Oreortyx pictus,Galliformes,LC,False,0.5
Callipepla squamata,Galliformes,LC,False,0.5
Callipepla douglasii,Galliformes,LC,False,0.5
Callipepla californica,Galliformes,LC,False,0.5
Callipepla gambelii,Galliformes,LC,False,0.5
Philortyx fasciatus,Galliformes,LC,False,0.5
Colinus virginianus,Galliformes,NT,False,1.0
Colinus nigrogularis,Galliformes,LC,False,0.5
Colinus leucopogon,Galliformes,LC,False,0.5
Colinus cristatus,Galliformes,LC,False,0.5
Odontophorus gujanensis,Galliformes,LC,False,0.5
Odontophorus capueira,Galliformes,LC,False,0.5
Odontophorus melanotis,Galliformes,NT,False,1.0
Odontophorus erythrops,Galliformes,LC,False,0.5
Odontophorus atrifrons,Galliformes,LC,False,0.5
Odontophorus hyperythrus,Galliformes,LC,False,0.5
Odontophorus melanonotus,Galliformes,LC,False,0.5
Odontophorus speciosus,Galliformes,LC,False,0.5
Odontophorus dialeucos,Galliformes,LC,False,0.5
Odontophorus strophium,Galliformes,VU,False,1.5
Odontophorus columbianus,Galliformes,NT,False,1.0
Odontophorus leucolaemus,Galliformes,LC,False,0.5
Odontophorus balliviani,Galliformes,LC,False,0.5
Odontophorus stellatus,Galliformes,LC,False,0.5
Odontophorus guttatus,Galliformes,LC,False,0.5
Dactylortyx thoracicus,Galliformes,LC,False,0.5
Cyrtonyx montezumae,Galliformes,LC,True,2.0
Cyrtonyx sallei,Galliformes,NT,False,1.0
Cyrtonyx ocellatus,Galliformes,VU,False,1.5
Rhynchortyx cinctus,Galliformes,NT,False,1.0
Xenoperdix udzungwensis,Galliformes,EN,False,2.0
Caloperdix oculeus,Galliformes,NT,False,1.0
Rollulus rouloul,Galliformes,VU,False,1.5
Melanoperdix niger,Galliformes,VU,False,1.5
Arborophila torqueola,Galliformes,LC,False,0.5
Arborophila rufipectus,Galliformes,VU,False,1.5
Arborophila mandellii,Galliformes,NT,False,1.0
Arborophila gingica,Galliformes,NT,False,1.0
Arborophila rufogularis,Galliformes,LC,False,0.5
Arborophila rubrirostris,Galliformes,LC,False,0.5
Arborophila cambodiana,Galliformes,LC,False,0.5
Arborophila ardens,Galliformes,VU,False,1.5
Arborophila crudigularis,Galliformes,LC,False,0.5
Arborophila atrogularis,Galliformes,LC,False,0.5
Arborophila brunneopectus,Galliformes,LC,False,0.5
Arborophila davidi,Galliformes,NT,False,1.0
Arborophila hyperythra,Galliformes,LC,False,0.5
Arborophila campbelli,Galliformes,LC,False,0.5
Arborophila rolli,Galliformes,LC,False,0.5
Arborophila sumatrana,Galliformes,LC,False,0.5
Arborophila javanica,Galliformes,LC,False,0.5
Arborophila orientalis,Galliformes,VU,False,1.5
Lerwa lerwa,Galliformes,LC,False,0.5
Ithaginis cruentus,Galliformes,LC,False,0.5
Tragopan melanocephalus,Galliformes,VU,False,1.5
Tragopan satyra,Galliformes,LC,False,0.5
Tragopan blythii,Galliformes,VU,False,1.5
Tragopan temminckii,Galliformes,LC,False,0.5
Tragopan caboti,Galliformes,VU,False,1.5
Tetraophasis obscurus,Galliformes,LC,False,0.5
Tetraophasis szechenyii,Galliformes,LC,False,0.5
Lophophorus impejanus,Galliformes,LC,False,0.5
Lophophorus sclateri,Galliformes,LC,False,0.5
Lophophorus lhuysii,Galliformes,VU,False,1.5
Pucrasia macrolopha,Galliformes,LC,False,0.5
Meleagris gallopavo,Galliformes,LC,False,0.5
Meleagris ocellata,Galliformes,NT,False,1.0
Bonasa umbellus,Galliformes,LC,False,0.5
Tetrastes bonasia,Galliformes,LC,False,0.5
Tetrastes sewerzowi,Galliformes,NT,False,1.0
Centrocercus urophasianus,Galliformes,NT,True,4.0
Centrocercus minimus,Galliformes,EN,True,8.0
Dendragapus obscurus,Galliformes,LC,False,0.5
Dendragapus fuliginosus,Galliformes,LC,False,0.5
Tympanuchus phasianellus,Galliformes,LC,True,2.0
Tympanuchus cupido,Galliformes,NT,True,4.0
Tympanuchus pallidicinctus,Galliformes,VU,False,1.5
Lagopus leucura,Galliformes,LC,False,0.5
Lagopus scotica,Galliformes,,False,0.25
Lagopus lagopus,Galliformes,LC,True,2.0
Lagopus muta,Galliformes,LC,True,2.0
Falcipennis falcipennis,Galliformes,NT,False,1.0
Canachites canadensis,Galliformes,LC,False,0.5
Canachites franklinii,Galliformes,LC,False,0.5
Tetrao urogallus,Galliformes,LC,False,0.5
Tetrao urogalloides,Galliformes,LC,False,0.5
Lyrurus tetrix,Galliformes,LC,False,0.5
Lyrurus mlokosiewiczi,Galliformes,NT,False,1.0
Rhizothera longirostris,Galliformes,NT,False,1.0
Rhizothera dulitensis,Galliformes,DD,False,0.25
Perdix hodgsoniae,Galliformes,LC,False,0.5
Perdix perdix,Galliformes,LC,False,0.5
Perdix dauurica,Galliformes,LC,False,0.5
Syrmaticus soemmerringii,Galliformes,NT,False,1.0
Syrmaticus reevesii,Galliformes,VU,False,1.5
Syrmaticus mikado,Galliformes,LC,False,0.5
Syrmaticus ellioti,Galliformes,LC,False,0.5
Syrmaticus humiae,Galliformes,VU,False,1.5
Chrysolophus pictus,Galliformes,LC,False,0.5
Chrysolophus amherstiae,Galliformes,LC,False,0.5
Phasianus colchicus,Galliformes,LC,False,0.5
Phasianus versicolor,Galliformes,LC,False,0.5
Catreus wallichii,Galliformes,VU,False,1.5
Crossoptilon harmani,Galliformes,LC,False,0.5
Crossoptilon crossoptilon,Galliformes,LC,False,0.5
Crossoptilon mantchuricum,Galliformes,LC,False,0.5
Crossoptilon auritum,Galliformes,LC,False,0.5
Lophura edwardsi,Galliformes,CR (PEW),False,0.25
Lophura swinhoii,Galliformes,NT,False,1.0
Lophura bulweri,Galliformes,VU,False,1.5
Lophura leucomelanos,Galliformes,LC,False,0.5
Lophura nycthemera,Galliformes,LC,False,0.5
Lophura erythrophthalma,Galliformes,CR,False,2.5
Lophura pyronota,Galliformes,EN,False,2.0
Lophura diardi,Galliformes,LC,False,0.5
Lophura inornata,Galliformes,NT,False,1.0
Lophura rufa,Galliformes,VU,False,1.5
Lophura ignita,Galliformes,VU,False,1.5
Rheinardia ocellata,Galliformes,CR,False,2.5
Rheinardia nigrescens,Galliformes,NT,False,1.0
Argusianus argus,Galliformes,VU,False,1.5
Afropavo congensis,Galliformes,NT,False,1.0
Pavo cristatus,Galliformes,LC,False,0.5
Pavo muticus,Galliformes,EN,False,2.0
Tropicoperdix chloropus,Galliformes,LC,False,0.5
Tropicoperdix tonkinensis,Galliformes,LC,False,0.5
Tropicoperdix charltonii,Galliformes,VU,False,1.5
Tropicoperdix graydoni,Galliformes,NT,False,1.0
Haematortyx sanguiniceps,Galliformes,LC,False,0.5
Galloperdix spadicea,Galliformes,LC,False,0.5
Galloperdix lunulata,Galliformes,LC,False,0.5
Galloperdix bicalcarata,Galliformes,LC,False,0.5
Polyplectron napoleonis,Galliformes,VU,False,1.5
Polyplectron schleiermacheri,Galliformes,EN,False,2.0
Polyplectron malacense,Galliformes,EN,False,2.0
Polyplectron germaini,Galliformes,VU,False,1.5
Polyplectron katsumatae,Galliformes,EN,False,2.0
Polyplectron bicalcaratum,Galliformes,LC,False,0.5
Polyplectron inopinatum,Galliformes,NT,False,1.0
Polyplectron chalcurum,Galliformes,LC,False,0.5
Bambusicola fytchii,Galliformes,LC,False,0.5
Bambusicola thoracicus,Galliformes,LC,False,0.5
Bambusicola sonorivox,Galliformes,LC,False,0.5
Gallus varius,Galliformes,LC,False,0.5
Gallus gallus,Galliformes,LC,False,0.5
Gallus sonneratii,Galliformes,LC,False,0.5
Gallus lafayettii,Galliformes,LC,False,0.5
Peliperdix lathami,Galliformes,LC,False,0.5
Ortygornis sephaena,Galliformes,LC,False,0.5
Ortygornis pondicerianus,Galliformes,LC,False,0.5
Ortygornis gularis,Galliformes,NT,False,1.0
Francolinus pintadeanus,Galliformes,LC,False,0.5
Francolinus francolinus,Galliformes,LC,False,0.5
Francolinus pictus,Galliformes,LC,False,0.5
Campocolinus coqui,Galliformes,LC,False,0.5
Campocolinus albogularis,Galliformes,LC,False,0.5
Campocolinus schlegelii,Galliformes,LC,False,0.5
Scleroptila streptophora,Galliformes,LC,False,0.5
Scleroptila levaillantii,Galliformes,LC,False,0.5
Scleroptila finschi,Galliformes,LC,False,0.5
Scleroptila psilolaema,Galliformes,NT,False,1.0
Scleroptila elgonensis,Galliformes,LC,False,0.5
Scleroptila afra,Galliformes,LC,False,0.5
Scleroptila gutturalis,Galliformes,LC,False,0.5
Scleroptila shelleyi,Galliformes,LC,False,0.5
Scleroptila whytei,Galliformes,LC,False,0.5
Tetraogallus tibetanus,Galliformes,LC,False,0.5
Tetraogallus altaicus,Galliformes,LC,False,0.5
Tetraogallus caucasicus,Galliformes,LC,False,0.5
Tetraogallus caspius,Galliformes,LC,False,0.5
Tetraogallus himalayensis,Galliformes,LC,False,0.5
Ammoperdix griseogularis,Galliformes,LC,False,0.5
Ammoperdix heyi,Galliformes,LC,False,0.5
Synoicus ypsilophorus,Galliformes,LC,False,0.5
Anurophasis monorthonyx,Galliformes,LC,False,0.5
Synoicus chinensis,Galliformes,LC,True,2.0
Synoicus adansonii,Galliformes,LC,True,2.0
Margaroperdix madagarensis,Galliformes,LC,False,0.5
Coturnix coturnix,Galliformes,LC,True,2.0
Coturnix japonica,Galliformes,NT,True,4.0
Coturnix delegorguei,Galliformes,LC,True,2.0
Coturnix coromandelica,Galliformes,LC,True,2.0
Coturnix pectoralis,Galliformes,LC,False,0.5
Coturnix novaezelandiae,Galliformes,EX,False,0.25
Alectoris barbara,Galliformes,LC,False,0.5
Alectoris melanocephala,Galliformes,LC,False,0.5
Alectoris rufa,Galliformes,NT,False,1.0
Alectoris chukar,Galliformes,LC,False,0.5
Alectoris graeca,Galliformes,NT,True,4.0
Alectoris philbyi,Galliformes,LC,False,0.5
Alectoris magna,Galliformes,LC,False,0.5
Perdicula asiatica,Galliformes,LC,True,2.0
Perdicula argoondah,Galliformes,LC,False,0.5
Perdicula erythrorhyncha,Galliformes,LC,False,0.5
Perdicula manipurensis,Galliformes,CR,False,2.5
Ophrysia superciliosa,Galliformes,CR,False,2.5
Pternistis hartlaubi,Galliformes,LC,False,0.5
Pternistis camerunensis,Galliformes,EN,False,2.0
Pternistis nobilis,Galliformes,LC,False,0.5
Pternistis castaneicollis,Galliformes,LC,False,0.5
Pternistis atrifrons,Galliformes,EN,False,2.0
Pternistis erckelii,Galliformes,LC,False,0.5
Pternistis ochropectus,Galliformes,CR,False,2.5
Pternistis swierstrai,Galliformes,VU,False,1.5
Pternistis ahantensis,Galliformes,LC,False,0.5
Pternistis griseostriatus,Galliformes,LC,False,0.5
Pternistis jacksoni,Galliformes,LC,False,0.5
Pternistis adspersus,Galliformes,LC,False,0.5
Pternistis capensis,Galliformes,LC,False,0.5
Pternistis natalensis,Galliformes,LC,False,0.5
Pternistis hildebrandti,Galliformes,LC,False,0.5
Pternistis bicalcaratus,Galliformes,LC,False,0.5
Pternistis squamatus,Galliformes,LC,False,0.5
Pternistis icterorhynchus,Galliformes,LC,False,0.5
Pternistis clappertoni,Galliformes,LC,False,0.5
Pternistis harwoodi,Galliformes,NT,False,1.0
Pternistis swainsonii,Galliformes,LC,False,0.5
Pternistis leucoscepus,Galliformes,LC,False,0.5
Pternistis rufopictus,Galliformes,LC,False,0.5
Pternistis afer,Galliformes,LC,False,0.5
Eurostopodus argus,Caprimulgiformes,LC,True,2.0
Eurostopodus mystacalis,Caprimulgiformes,LC,True,2.0
Eurostopodus nigripennis,Caprimulgiformes,VU,False,1.5
Eurostopodus exul,Caprimulgiformes,CR (PE),False,0.25
Eurostopodus diabolicus,Caprimulgiformes,LC,False,0.5
Eurostopodus papuensis,Caprimulgiformes,LC,False,0.5
Eurostopodus archboldi,Caprimulgiformes,LC,False,0.5
Lyncornis temminckii,Caprimulgiformes,LC,False,0.5
Lyncornis macrotis,Caprimulgiformes,LC,False,0.5
Gactornis enarratus,Caprimulgiformes,LC,False,0.5
Chordeiles nacunda,Caprimulgiformes,LC,False,0.5
Chordeiles pusillus,Caprimulgiformes,LC,False,0.5
Chordeiles rupestris,Caprimulgiformes,LC,False,0.5
Chordeiles acutipennis,Caprimulgiformes,LC,True,2.0
Chordeiles minor,Caprimulgiformes,LC,True,2.0
Chordeiles gundlachii,Caprimulgiformes,LC,True,2.0
Lurocalis semitorquatus,Caprimulgiformes,LC,True,2.0
Lurocalis rufiventris,Caprimulgiformes,LC,False,0.5
Nyctiprogne leucopyga,Caprimulgiformes,LC,False,0.5
Nyctiprogne vielliardi,Caprimulgiformes,LC,False,0.5
Nyctipolus nigrescens,Caprimulgiformes,LC,False,0.5
Nyctipolus hirundinaceus,Caprimulgiformes,LC,False,0.5
Nyctidromus albicollis,Caprimulgiformes,LC,False,0.5
Nyctidromus anthonyi,Caprimulgiformes,LC,False,0.5
Setopagis heterura,Caprimulgiformes,LC,False,0.5
Setopagis parvula,Caprimulgiformes,LC,True,2.0
Setopagis whitelyi,Caprimulgiformes,LC,False,0.5
Setopagis maculosa,Caprimulgiformes,DD,False,0.25
Eleothreptus anomalus,Caprimulgiformes,VU,True,6.0
Eleothreptus candicans,Caprimulgiformes,VU,False,1.5
Systellura longirostris,Caprimulgiformes,LC,True,2.0
Systellura roraimae,Caprimulgiformes,LC,False,0.5
Systellura decussata,Caprimulgiformes,LC,False,0.5
Uropsalis segmentata,Caprimulgiformes,LC,False,0.5
Uropsalis lyra,Caprimulgiformes,LC,False,0.5
Hydropsalis cayennensis,Caprimulgiformes,LC,False,0.5
Hydropsalis maculicaudus,Caprimulgiformes,LC,False,0.5
Hydropsalis climacocerca,Caprimulgiformes,LC,False,0.5
Hydropsalis torquata,Caprimulgiformes,LC,True,2.0
Macropsalis forcipata,Caprimulgiformes,LC,False,0.5
Siphonorhis brewsteri,Caprimulgiformes,NT,False,1.0
Siphonorhis americana,Caprimulgiformes,CR (PE),False,0.25
Nyctiphrynus rosenbergi,Caprimulgiformes,LC,False,0.5
Nyctiphrynus mcleodii,Caprimulgiformes,LC,False,0.5
Nyctiphrynus yucatanicus,Caprimulgiformes,LC,False,0.5
Nyctiphrynus ocellatus,Caprimulgiformes,LC,False,0.5
Phalaenoptilus nuttallii,Caprimulgiformes,LC,True,2.0
Antrostomus carolinensis,Caprimulgiformes,NT,True,4.0
Antrostomus rufus,Caprimulgiformes,LC,True,2.0
Antrostomus cubanensis,Caprimulgiformes,LC,False,0.5
Antrostomus ekmani,Caprimulgiformes,LC,False,0.5
Antrostomus salvini,Caprimulgiformes,LC,False,0.5
Antrostomus badius,Caprimulgiformes,LC,False,0.5
Antrostomus sericocaudatus,Caprimulgiformes,LC,False,0.5
Antrostomus ridgwayi,Caprimulgiformes,LC,False,0.5
Antrostomus vociferus,Caprimulgiformes,NT,True,4.0
Antrostomus arizonae,Caprimulgiformes,LC,False,0.5
Antrostomus noctitherus,Caprimulgiformes,VU,False,1.5
Antrostomus saturatus,Caprimulgiformes,LC,False,0.5
Veles binotatus,Caprimulgiformes,LC,False,0.5
Caprimulgus ruficollis,Caprimulgiformes,NT,True,4.0
Caprimulgus indicus,Caprimulgiformes,LC,False,0.5
Caprimulgus jotaka,Caprimulgiformes,LC,True,2.0
Caprimulgus phalaena,Caprimulgiformes,LC,False,0.5
Caprimulgus europaeus,Caprimulgiformes,LC,True,2.0
Caprimulgus fraenatus,Caprimulgiformes,LC,False,0.5
Caprimulgus rufigena,Caprimulgiformes,LC,True,2.0
Caprimulgus aegyptius,Caprimulgiformes,LC,True,2.0
Caprimulgus mahrattensis,Caprimulgiformes,LC,False,0.5
Caprimulgus nubicus,Caprimulgiformes,LC,False,0.5
Caprimulgus eximius,Caprimulgiformes,LC,False,0.5
Caprimulgus atripennis,Caprimulgiformes,LC,False,0.5
Caprimulgus macrurus,Caprimulgiformes,LC,False,0.5
Caprimulgus meesi,Caprimulgiformes,LC,False,0.5
Caprimulgus ritae,Caprimulgiformes,,False,0.25
Caprimulgus andamanicus,Caprimulgiformes,LC,False,0.5
Caprimulgus manillensis,Caprimulgiformes,LC,False,0.5
Caprimulgus celebensis,Caprimulgiformes,LC,False,0.5
Caprimulgus donaldsoni,Caprimulgiformes,LC,False,0.5
Caprimulgus pectoralis,Caprimulgiformes,LC,False,0.5
Caprimulgus poliocephalus,Caprimulgiformes,LC,False,0.5
Caprimulgus asiaticus,Caprimulgiformes,LC,False,0.5
Caprimulgus madagascariensis,Caprimulgiformes,LC,False,0.5
Caprimulgus natalensis,Caprimulgiformes,LC,False,0.5
Caprimulgus solala,Caprimulgiformes,VU,False,1.5
Caprimulgus inornatus,Caprimulgiformes,LC,True,2.0
Caprimulgus stellatus,Caprimulgiformes,LC,False,0.5
Caprimulgus affinis,Caprimulgiformes,LC,False,0.5
Caprimulgus griseatus,Caprimulgiformes,,False,0.25
Caprimulgus tristigma,Caprimulgiformes,LC,False,0.5
Caprimulgus concretus,Caprimulgiformes,VU,False,1.5
Caprimulgus pulchellus,Caprimulgiformes,LC,False,0.5
Caprimulgus prigoginei,Caprimulgiformes,DD,False,0.25
Caprimulgus batesi,Caprimulgiformes,LC,False,0.5
Caprimulgus climacurus,Caprimulgiformes,LC,True,2.0
Caprimulgus clarus,Caprimulgiformes,LC,False,0.5
Caprimulgus fossii,Caprimulgiformes,LC,False,0.5
Caprimulgus longipennis,Caprimulgiformes,LC,True,2.0
Caprimulgus vexillarius,Caprimulgiformes,LC,True,2.0
Steatornis caripensis,Caprimulgiformes,LC,False,0.5
Phyllaemulor bracteatus,Caprimulgiformes,LC,False,0.5
Nyctibius grandis,Caprimulgiformes,LC,False,0.5
Nyctibius aethereus,Caprimulgiformes,LC,False,0.5
Nyctibius jamaicensis,Caprimulgiformes,LC,False,0.5
Nyctibius griseus,Caprimulgiformes,LC,False,0.5
Nyctibius maculosus,Caprimulgiformes,LC,False,0.5
Nyctibius leucopterus,Caprimulgiformes,LC,False,0.5
Podargus ocellatus,Caprimulgiformes,LC,False,0.5
Podargus papuensis,Caprimulgiformes,LC,False,0.5
Podargus strigoides,Caprimulgiformes,LC,False,0.5
Rigidipenna inexpectata,Caprimulgiformes,NT,False,1.0
Batrachostomus auritus,Caprimulgiformes,VU,False,1.5
Batrachostomus harterti,Caprimulgiformes,LC,False,0.5
Batrachostomus septimus,Caprimulgiformes,LC,False,0.5
Batrachostomus stellatus,Caprimulgiformes,NT,False,1.0
Batrachostomus moniliger,Caprimulgiformes,LC,False,0.5
Batrachostomus hodgsoni,Caprimulgiformes,LC,False,0.5
Batrachostomus poliolophus,Caprimulgiformes,LC,False,0.5
Batrachostomus mixtus,Caprimulgiformes,LC,False,0.5
Batrachostomus javensis,Caprimulgiformes,LC,False,0.5
Batrachostomus affinis,Caprimulgiformes,,False,0.25
Batrachostomus chaseni,Caprimulgiformes,,False,0.25
Batrachostomus cornutus,Caprimulgiformes,LC,False,0.5
Aegotheles insignis,Caprimulgiformes,LC,False,0.5
Aegotheles tatei,Caprimulgiformes,LC,False,0.5
Aegotheles crinifrons,Caprimulgiformes,LC,False,0.5
Aegotheles wallacii,Caprimulgiformes,LC,False,0.5
Aegotheles archboldi,Caprimulgiformes,LC,False,0.5
Aegotheles albertisi,Caprimulgiformes,LC,False,0.5
Aegotheles savesi,Caprimulgiformes,CR,False,2.5
Aegotheles bennettii,Caprimulgiformes,LC,False,0.5
Aegotheles affinis,Caprimulgiformes,NT,False,1.0
Aegotheles terborghi,Caprimulgiformes,,False,0.25
Aegotheles cristatus,Caprimulgiformes,LC,False,0.5
Hemiprocne coronata,Caprimulgiformes,LC,False,0.5
Hemiprocne longipennis,Caprimulgiformes,LC,False,0.5
Hemiprocne comata,Caprimulgiformes,LC,False,0.5
Hemiprocne mystacea,Caprimulgiformes,LC,False,0.5
Cypseloides cherriei,Caprimulgiformes,LC,False,0.5
Cypseloides cryptus,Caprimulgiformes,LC,False,0.5
Cypseloides storeri,Caprimulgiformes,DD,False,0.25
Cypseloides fumigatus,Caprimulgiformes,LC,False,0.5
Cypseloides rothschildi,Caprimulgiformes,LC,False,0.5
Cypseloides niger,Caprimulgiformes,VU,True,6.0
Cypseloides lemosi,Caprimulgiformes,LC,False,0.5
Cypseloides senex,Caprimulgiformes,LC,False,0.5
Streptoprocne phelpsi,Caprimulgiformes,LC,False,0.5
Streptoprocne rutila,Caprimulgiformes,LC,False,0.5
Streptoprocne zonaris,Caprimulgiformes,LC,False,0.5
Streptoprocne biscutata,Caprimulgiformes,LC,False,0.5
Streptoprocne semicollaris,Caprimulgiformes,LC,False,0.5
Hydrochous gigas,Caprimulgiformes,NT,False,1.0
Collocalia affinis,Caprimulgiformes,,False,0.25
Collocalia marginata,Caprimulgiformes,,False,0.25
Collocalia isonota,Caprimulgiformes,,False,0.25
Collocalia sumbawae,Caprimulgiformes,,False,0.25
Collocalia neglecta,Caprimulgiformes,,False,0.25
Collocalia esculenta,Caprimulgiformes,LC,False,0.5
Collocalia uropygialis,Caprimulgiformes,,False,0.25
Collocalia dodgei,Caprimulgiformes,,False,0.25
Collocalia linchi,Caprimulgiformes,LC,False,0.5
Collocalia natalis,Caprimulgiformes,,False,0.25
Collocalia troglodytes,Caprimulgiformes,LC,False,0.5
Aerodramus elaphrus,Caprimulgiformes,VU,False,1.5
Aerodramus francicus,Caprimulgiformes,NT,False,1.0
Aerodramus unicolor,Caprimulgiformes,LC,False,0.5
Aerodramus mearnsi,Caprimulgiformes,LC,False,0.5
Aerodramus infuscatus,Caprimulgiformes,LC,False,0.5
Aerodramus hirundinaceus,Caprimulgiformes,LC,False,0.5
Aerodramus spodiopygius,Caprimulgiformes,LC,False,0.5
Aerodramus terraereginae,Caprimulgiformes,LC,False,0.5
Aerodramus brevirostris,Caprimulgiformes,LC,False,0.5
Aerodramus vulcanorum,Caprimulgiformes,LC,False,0.5
Aerodramus whiteheadi,Caprimulgiformes,DD,False,0.25
Aerodramus nuditarsus,Caprimulgiformes,LC,False,0.5
Aerodramus orientalis,Caprimulgiformes,DD,False,0.25
Aerodramus salangana,Caprimulgiformes,LC,False,0.5
Aerodramus vanikorensis,Caprimulgiformes,LC,False,0.5
Aerodramus amelis,Caprimulgiformes,,False,0.25
Aerodramus pelewensis,Caprimulgiformes,LC,False,0.5
Aerodramus bartschi,Caprimulgiformes,VU,False,1.5
Aerodramus inquietus,Caprimulgiformes,LC,False,0.5
Aerodramus leucophaeus,Caprimulgiformes,LC,False,0.5
Aerodramus sawtelli,Caprimulgiformes,VU,False,1.5
Aerodramus ocistus,Caprimulgiformes,,False,0.25
Aerodramus maximus,Caprimulgiformes,LC,False,0.5
Aerodramus fuciphagus,Caprimulgiformes,LC,False,0.5
Aerodramus papuensis,Caprimulgiformes,DD,False,0.25
Schoutedenapus myoptilus,Caprimulgiformes,LC,False,0.5
Mearnsia picina,Caprimulgiformes,NT,False,1.0
Mearnsia novaeguineae,Caprimulgiformes,LC,False,0.5
Zoonavena grandidieri,Caprimulgiformes,LC,False,0.5
Zoonavena thomensis,Caprimulgiformes,LC,False,0.5
Zoonavena sylvatica,Caprimulgiformes,LC,False,0.5
Telacanthura ussheri,Caprimulgiformes,LC,False,0.5
Telacanthura melanopygia,Caprimulgiformes,LC,False,0.5
Rhaphidura leucopygialis,Caprimulgiformes,LC,False,0.5
Rhaphidura sabini,Caprimulgiformes,LC,False,0.5
Neafrapus cassini,Caprimulgiformes,LC,False,0.5
Neafrapus boehmi,Caprimulgiformes,LC,False,0.5
Hirundapus caudacutus,Caprimulgiformes,LC,True,2.0
Hirundapus cochinchinensis,Caprimulgiformes,LC,True,2.0
Hirundapus giganteus,Caprimulgiformes,LC,False,0.5
Hirundapus celebensis,Caprimulgiformes,LC,False,0.5
Chaetura cinereiventris,Caprimulgiformes,LC,False,0.5
Chaetura spinicaudus,Caprimulgiformes,LC,False,0.5
Chaetura martinica,Caprimulgiformes,LC,False,0.5
Chaetura fumosa,Caprimulgiformes,LC,False,0.5
Chaetura egregia,Caprimulgiformes,LC,False,0.5
Chaetura pelagica,Caprimulgiformes,VU,True,6.0
Chaetura vauxi,Caprimulgiformes,LC,True,2.0
Chaetura chapmani,Caprimulgiformes,LC,True,2.0
Chaetura andrei,Caprimulgiformes,VU,False,1.5
Chaetura meridionalis,Caprimulgiformes,LC,True,2.0
Chaetura brachyura,Caprimulgiformes,LC,False,0.5
Aeronautes saxatalis,Caprimulgiformes,LC,True,2.0
Aeronautes montivagus,Caprimulgiformes,LC,False,0.5
Aeronautes andecolus,Caprimulgiformes,LC,False,0.5
Tachornis phoenicobia,Caprimulgiformes,LC,False,0.5
Tachornis furcata,Caprimulgiformes,LC,False,0.5
Tachornis squamata,Caprimulgiformes,LC,False,0.5
Panyptila sanctihieronymi,Caprimulgiformes,LC,False,0.5
Panyptila cayennensis,Caprimulgiformes,LC,False,0.5
Cypsiurus parvus,Caprimulgiformes,LC,False,0.5
Cypsiurus gracilis,Caprimulgiformes,LC,False,0.5
Cypsiurus balasiensis,Caprimulgiformes,LC,False,0.5
Tachymarptis melba,Caprimulgiformes,LC,True,2.0
Tachymarptis aequatorialis,Caprimulgiformes,LC,True,2.0
Apus alexandri,Caprimulgiformes,LC,False,0.5
Apus apus,Caprimulgiformes,LC,True,2.0
Apus unicolor,Caprimulgiformes,LC,False,0.5
Apus niansae,Caprimulgiformes,LC,False,0.5
Apus pallidus,Caprimulgiformes,LC,True,2.0
Apus barbatus,Caprimulgiformes,LC,True,2.0
Apus balstoni,Caprimulgiformes,LC,False,0.5
Apus sladeniae,Caprimulgiformes,DD,True,1.0
Apus berliozi,Caprimulgiformes,LC,False,0.5
Apus bradfieldi,Caprimulgiformes,LC,False,0.5
Apus pacificus,Caprimulgiformes,LC,True,2.0
Apus salimalii,Caprimulgiformes,,False,0.25
Apus leuconyx,Caprimulgiformes,,True,1.0
Apus cooki,Caprimulgiformes,,False,0.25
Apus acuticauda,Caprimulgiformes,NT,False,1.0
Apus affinis,Caprimulgiformes,LC,True,2.0
Apus nipalensis,Caprimulgiformes,LC,False,0.5
Apus horus,Caprimulgiformes,LC,False,0.5
Apus caffer,Caprimulgiformes,LC,True,2.0
Apus batesi,Caprimulgiformes,LC,False,0.5
Topaza pella,Caprimulgiformes,LC,False,0.5
Topaza pyra,Caprimulgiformes,LC,False,0.5
Florisuga mellivora,Caprimulgiformes,LC,False,0.5
Florisuga fusca,Caprimulgiformes,LC,True,2.0
Eutoxeres aquila,Caprimulgiformes,LC,False,0.5
Eutoxeres condamini,Caprimulgiformes,LC,False,0.5
Ramphodon naevius,Caprimulgiformes,LC,False,0.5
Glaucis dohrnii,Caprimulgiformes,VU,False,1.5
Glaucis aeneus,Caprimulgiformes,LC,False,0.5
Glaucis hirsutus,Caprimulgiformes,LC,False,0.5
Threnetes ruckeri,Caprimulgiformes,LC,False,0.5
Threnetes leucurus,Caprimulgiformes,LC,False,0.5
Threnetes niger,Caprimulgiformes,LC,False,0.5
Anopetia gounellei,Caprimulgiformes,LC,False,0.5
Phaethornis squalidus,Caprimulgiformes,LC,False,0.5
Phaethornis rupurumii,Caprimulgiformes,LC,False,0.5
Phaethornis longuemareus,Caprimulgiformes,LC,False,0.5
Phaethornis aethopygus,Caprimulgiformes,VU,False,1.5
Phaethornis idaliae,Caprimulgiformes,LC,False,0.5
Phaethornis nattereri,Caprimulgiformes,LC,False,0.5
Phaethornis atrimentalis,Caprimulgiformes,LC,False,0.5
Phaethornis striigularis,Caprimulgiformes,LC,False,0.5
Phaethornis griseogularis,Caprimulgiformes,LC,False,0.5
Phaethornis porcullae,Caprimulgiformes,LC,False,0.5
Phaethornis ruber,Caprimulgiformes,LC,False,0.5
Phaethornis stuarti,Caprimulgiformes,LC,False,0.5
Phaethornis subochraceus,Caprimulgiformes,LC,False,0.5
Phaethornis augusti,Caprimulgiformes,LC,False,0.5
Phaethornis pretrei,Caprimulgiformes,LC,False,0.5
Phaethornis eurynome,Caprimulgiformes,LC,False,0.5
Phaethornis anthophilus,Caprimulgiformes,LC,False,0.5
Phaethornis hispidus,Caprimulgiformes,LC,False,0.5
Phaethornis yaruqui,Caprimulgiformes,LC,False,0.5
Phaethornis guy,Caprimulgiformes,LC,False,0.5
Phaethornis syrmatophorus,Caprimulgiformes,LC,False,0.5
Phaethornis koepckeae,Caprimulgiformes,LC,False,0.5
Phaethornis philippii,Caprimulgiformes,LC,False,0.5
Phaethornis bourcieri,Caprimulgiformes,LC,False,0.5
Phaethornis major,Caprimulgiformes,LC,False,0.5
Phaethornis mexicanus,Caprimulgiformes,LC,False,0.5
Phaethornis longirostris,Caprimulgiformes,LC,False,0.5
Phaethornis baroni,Caprimulgiformes,LC,False,0.5
Phaethornis superciliosus,Caprimulgiformes,LC,False,0.5
Phaethornis malaris,Caprimulgiformes,LC,False,0.5
Doryfera ludovicae,Caprimulgiformes,LC,False,0.5
Doryfera johannae,Caprimulgiformes,LC,False,0.5
Schistes albogularis,Caprimulgiformes,LC,False,0.5
Schistes geoffroyi,Caprimulgiformes,LC,False,0.5
Augastes scutatus,Caprimulgiformes,LC,False,0.5
Augastes lumachella,Caprimulgiformes,NT,False,1.0
Colibri delphinae,Caprimulgiformes,LC,False,0.5
Colibri thalassinus,Caprimulgiformes,LC,False,0.5
Colibri cyanotus,Caprimulgiformes,,False,0.25
Colibri coruscans,Caprimulgiformes,LC,False,0.5
Colibri serrirostris,Caprimulgiformes,LC,True,2.0
Androdon aequatorialis,Caprimulgiformes,LC,False,0.5
Heliactin bilophus,Caprimulgiformes,LC,True,2.0
Heliothryx barroti,Caprimulgiformes,LC,False,0.5
Heliothryx auritus,Caprimulgiformes,LC,False,0.5
Polytmus guainumbi,Caprimulgiformes,LC,False,0.5
Polytmus milleri,Caprimulgiformes,LC,False,0.5
Polytmus theresiae,Caprimulgiformes,LC,False,0.5
Avocettula recurvirostris,Caprimulgiformes,LC,False,0.5
Chrysolampis mosquitus,Caprimulgiformes,LC,True,2.0
Anthracothorax mango,Caprimulgiformes,LC,False,0.5
Anthracothorax viridigula,Caprimulgiformes,LC,False,0.5
Anthracothorax prevostii,Caprimulgiformes,LC,True,2.0
Anthracothorax veraguensis,Caprimulgiformes,LC,False,0.5
Anthracothorax nigricollis,Caprimulgiformes,LC,True,2.0
Anthracothorax dominicus,Caprimulgiformes,LC,False,0.5
Anthracothorax aurulentus,Caprimulgiformes,LC,False,0.5
Anthracothorax viridis,Caprimulgiformes,LC,False,0.5
Eulampis holosericeus,Caprimulgiformes,LC,False,0.5
Eulampis jugularis,Caprimulgiformes,LC,False,0.5
Heliangelus mavors,Caprimulgiformes,LC,False,0.5
Heliangelus amethysticollis,Caprimulgiformes,LC,False,0.5
Heliangelus clarisse,Caprimulgiformes,LC,False,0.5
Heliangelus spencei,Caprimulgiformes,LC,False,0.5
Heliangelus strophianus,Caprimulgiformes,LC,False,0.5
Heliangelus exortis,Caprimulgiformes,LC,False,0.5
Heliangelus micraster,Caprimulgiformes,LC,False,0.5
Heliangelus viola,Caprimulgiformes,LC,False,0.5
Heliangelus regalis,Caprimulgiformes,NT,False,1.0
Sephanoides sephaniodes,Caprimulgiformes,LC,True,2.0
Sephanoides fernandensis,Caprimulgiformes,CR,False,2.5
Discosura conversii,Caprimulgiformes,LC,False,0.5
Discosura popelairii,Caprimulgiformes,LC,False,0.5
Discosura langsdorffi,Caprimulgiformes,LC,False,0.5
Discosura letitiae,Caprimulgiformes,DD,False,0.25
Discosura longicaudus,Caprimulgiformes,LC,False,0.5
Lophornis ornatus,Caprimulgiformes,LC,False,0.5
Lophornis gouldii,Caprimulgiformes,NT,False,1.0
Lophornis magnificus,Caprimulgiformes,LC,False,0.5
Lophornis brachylophus,Caprimulgiformes,CR,False,2.5
Lophornis delattrei,Caprimulgiformes,LC,False,0.5
Lophornis stictolophus,Caprimulgiformes,LC,False,0.5
Lophornis chalybeus,Caprimulgiformes,LC,False,0.5
Lophornis verreauxii,Caprimulgiformes,LC,False,0.5
Lophornis pavoninus,Caprimulgiformes,LC,True,2.0
Lophornis helenae,Caprimulgiformes,LC,False,0.5
Lophornis adorabilis,Caprimulgiformes,LC,False,0.5
Phlogophilus hemileucurus,Caprimulgiformes,LC,False,0.5
Phlogophilus harterti,Caprimulgiformes,LC,False,0.5
Adelomyia melanogenys,Caprimulgiformes,LC,False,0.5
Aglaiocercus kingii,Caprimulgiformes,LC,False,0.5
Aglaiocercus coelestis,Caprimulgiformes,LC,False,0.5
Aglaiocercus berlepschi,Caprimulgiformes,VU,False,1.5
Sappho sparganurus,Caprimulgiformes,LC,False,0.5
Polyonymus caroli,Caprimulgiformes,LC,False,0.5
Taphrolesbia griseiventris,Caprimulgiformes,EN,False,2.0
Oreotrochilus estella,Caprimulgiformes,LC,False,0.5
Oreotrochilus leucopleurus,Caprimulgiformes,LC,False,0.5
Oreotrochilus chimborazo,Caprimulgiformes,LC,False,0.5
Oreotrochilus cyanolaemus,Caprimulgiformes,CR,False,2.5
Oreotrochilus stolzmanni,Caprimulgiformes,LC,False,0.5
Oreotrochilus melanogaster,Caprimulgiformes,LC,False,0.5
Oreotrochilus adela,Caprimulgiformes,LC,False,0.5
Opisthoprora euryptera,Caprimulgiformes,LC,False,0.5
Lesbia victoriae,Caprimulgiformes,LC,False,0.5
Lesbia nuna,Caprimulgiformes,LC,False,0.5
Ramphomicron dorsale,Caprimulgiformes,NT,False,1.0
Ramphomicron microrhynchum,Caprimulgiformes,LC,False,0.5
Oreonympha nobilis,Caprimulgiformes,LC,False,0.5
Oreonympha albolimbata,Caprimulgiformes,LC,False,0.5
Oxypogon stuebelii,Caprimulgiformes,VU,False,1.5
Oxypogon cyanolaemus,Caprimulgiformes,EN,False,2.0
Oxypogon lindenii,Caprimulgiformes,LC,False,0.5
Oxypogon guerinii,Caprimulgiformes,LC,False,0.5
Chalcostigma heteropogon,Caprimulgiformes,LC,False,0.5
Chalcostigma herrani,Caprimulgiformes,LC,False,0.5
Chalcostigma ruficeps,Caprimulgiformes,LC,False,0.5
Chalcostigma olivaceum,Caprimulgiformes,LC,False,0.5
Chalcostigma stanleyi,Caprimulgiformes,LC,False,0.5
Metallura tyrianthina,Caprimulgiformes,LC,False,0.5
Metallura iracunda,Caprimulgiformes,NT,False,1.0
Metallura williami,Caprimulgiformes,LC,False,0.5
Metallura baroni,Caprimulgiformes,VU,False,1.5
Metallura odomae,Caprimulgiformes,LC,False,0.5
Metallura theresiae,Caprimulgiformes,LC,False,0.5
Metallura eupogon,Caprimulgiformes,LC,False,0.5
Metallura aeneocauda,Caprimulgiformes,LC,False,0.5
Metallura phoebe,Caprimulgiformes,LC,False,0.5
Haplophaedia aureliae,Caprimulgiformes,LC,False,0.5
Haplophaedia assimilis,Caprimulgiformes,LC,False,0.5
Haplophaedia lugens,Caprimulgiformes,NT,False,1.0
Eriocnemis nigrivestis,Caprimulgiformes,EN,False,2.0
Eriocnemis isabellae,Caprimulgiformes,CR,False,2.5
Eriocnemis vestita,Caprimulgiformes,LC,False,0.5
Eriocnemis derbyi,Caprimulgiformes,LC,False,0.5
Eriocnemis godini,Caprimulgiformes,CR (PE),False,0.25
Eriocnemis cupreoventris,Caprimulgiformes,LC,False,0.5
Eriocnemis luciani,Caprimulgiformes,LC,False,0.5
Eriocnemis sapphiropygia,Caprimulgiformes,LC,False,0.5
Eriocnemis mosquera,Caprimulgiformes,LC,False,0.5
Eriocnemis glaucopoides,Caprimulgiformes,LC,False,0.5
Eriocnemis mirabilis,Caprimulgiformes,EN,False,2.0
Eriocnemis aline,Caprimulgiformes,LC,False,0.5
Loddigesia mirabilis,Caprimulgiformes,NT,False,1.0
Aglaeactis cupripennis,Caprimulgiformes,LC,False,0.5
Aglaeactis castelnaudii,Caprimulgiformes,NT,False,1.0
Aglaeactis aliciae,Caprimulgiformes,VU,False,1.5
Aglaeactis pamela,Caprimulgiformes,LC,False,0.5
Coeligena coeligena,Caprimulgiformes,LC,False,0.5
Coeligena wilsoni,Caprimulgiformes,LC,False,0.5
Coeligena prunellei,Caprimulgiformes,VU,False,1.5
Coeligena conradii,Caprimulgiformes,LC,False,0.5
Coeligena torquata,Caprimulgiformes,LC,False,0.5
Coeligena eisenmanni,Caprimulgiformes,LC,False,0.5
Coeligena inca,Caprimulgiformes,LC,False,0.5
Coeligena violifer,Caprimulgiformes,LC,False,0.5
Coeligena dichroura,Caprimulgiformes,LC,False,0.5
Coeligena albicaudata,Caprimulgiformes,LC,False,0.5
Coeligena osculans,Caprimulgiformes,LC,False,0.5
Coeligena iris,Caprimulgiformes,LC,False,0.5
Coeligena phalerata,Caprimulgiformes,NT,False,1.0
Coeligena orina,Caprimulgiformes,EN,False,2.0
Coeligena lutetiae,Caprimulgiformes,LC,False,0.5
Coeligena consita,Caprimulgiformes,EN,False,2.0
Coeligena bonapartei,Caprimulgiformes,LC,False,0.5
Coeligena eos,Caprimulgiformes,LC,False,0.5
Coeligena helianthea,Caprimulgiformes,LC,False,0.5
Lafresnaya lafresnayi,Caprimulgiformes,LC,False,0.5
Ensifera ensifera,Caprimulgiformes,LC,False,0.5
Pterophanes cyanopterus,Caprimulgiformes,LC,False,0.5
Boissonneaua flavescens,Caprimulgiformes,LC,False,0.5
Boissonneaua matthewsii,Caprimulgiformes,LC,False,0.5
Boissonneaua jardini,Caprimulgiformes,LC,False,0.5
Ocreatus underwoodii,Caprimulgiformes,LC,False,0.5
Ocreatus peruanus,Caprimulgiformes,,False,0.25
Ocreatus addae,Caprimulgiformes,,False,0.25
Urochroa bougueri,Caprimulgiformes,LC,False,0.5
Urochroa leucura,Caprimulgiformes,LC,False,0.5
Urosticte benjamini,Caprimulgiformes,LC,False,0.5
Urosticte ruficrissa,Caprimulgiformes,LC,False,0.5
Heliodoxa xanthogonys,Caprimulgiformes,LC,False,0.5
Heliodoxa gularis,Caprimulgiformes,LC,False,0.5
Heliodoxa branickii,Caprimulgiformes,LC,False,0.5
Heliodoxa schreibersii,Caprimulgiformes,LC,False,0.5
Heliodoxa whitelyana,Caprimulgiformes,LC,False,0.5
Heliodoxa aurescens,Caprimulgiformes,LC,False,0.5
Heliodoxa rubinoides,Caprimulgiformes,LC,False,0.5
Heliodoxa jacula,Caprimulgiformes,LC,False,0.5
Heliodoxa imperatrix,Caprimulgiformes,LC,False,0.5
Heliodoxa leadbeateri,Caprimulgiformes,LC,False,0.5
Clytolaema rubricauda,Caprimulgiformes,LC,False,0.5
Patagona gigas,Caprimulgiformes,LC,True,2.0
Sternoclyta cyanopectus,Caprimulgiformes,LC,False,0.5
Hylonympha macrocerca,Caprimulgiformes,EN,False,2.0
Eugenes fulgens,Caprimulgiformes,LC,True,2.0
Eugenes spectabilis,Caprimulgiformes,LC,False,0.5
Panterpe insignis,Caprimulgiformes,LC,False,0.5
Heliomaster longirostris,Caprimulgiformes,LC,False,0.5
Heliomaster constantii,Caprimulgiformes,LC,False,0.5
Heliomaster squamosus,Caprimulgiformes,LC,False,0.5
Heliomaster furcifer,Caprimulgiformes,LC,True,2.0
Lampornis hemileucus,Caprimulgiformes,LC,False,0.5
Lampornis clemenciae,Caprimulgiformes,LC,False,0.5
Lampornis amethystinus,Caprimulgiformes,LC,False,0.5
Lampornis viridipallens,Caprimulgiformes,LC,False,0.5
Lampornis sybillae,Caprimulgiformes,LC,False,0.5
Lampornis calolaemus,Caprimulgiformes,LC,False,0.5
Lampornis cinereicauda,Caprimulgiformes,LC,False,0.5
Lampornis castaneoventris,Caprimulgiformes,LC,False,0.5
Lamprolaima rhami,Caprimulgiformes,LC,False,0.5
Calliphlox amethystina,Caprimulgiformes,LC,False,0.5
Myrtis fanny,Caprimulgiformes,LC,False,0.5
Rhodopis vesper,Caprimulgiformes,LC,False,0.5
Myrmia micrura,Caprimulgiformes,LC,False,0.5
Thaumastura cora,Caprimulgiformes,LC,False,0.5
Philodice bryantae,Caprimulgiformes,LC,False,0.5
Philodice mitchellii,Caprimulgiformes,LC,False,0.5
Eulidia yarrellii,Caprimulgiformes,CR,False,2.5
Microstilbon burmeisteri,Caprimulgiformes,LC,False,0.5
Chaetocercus mulsant,Caprimulgiformes,LC,False,0.5
Chaetocercus bombus,Caprimulgiformes,NT,False,1.0
Chaetocercus heliodor,Caprimulgiformes,LC,False,0.5
Chaetocercus astreans,Caprimulgiformes,LC,False,0.5
Chaetocercus berlepschi,Caprimulgiformes,VU,False,1.5
Chaetocercus jourdanii,Caprimulgiformes,LC,False,0.5
Tilmatura dupontii,Caprimulgiformes,LC,False,0.5
Doricha enicura,Caprimulgiformes,LC,False,0.5
Doricha eliza,Caprimulgiformes,NT,False,1.0
Calothorax lucifer,Caprimulgiformes,LC,True,2.0
Calothorax pulcher,Caprimulgiformes,LC,False,0.5
Archilochus alexandri,Caprimulgiformes,LC,True,2.0
Archilochus colubris,Caprimulgiformes,LC,True,2.0
Mellisuga minima,Caprimulgiformes,LC,False,0.5
Mellisuga helenae,Caprimulgiformes,NT,False,1.0
Nesophlox evelynae,Caprimulgiformes,LC,False,0.5
Nesophlox lyrura,Caprimulgiformes,LC,False,0.5
Calypte anna,Caprimulgiformes,LC,True,2.0
Calypte costae,Caprimulgiformes,LC,True,2.0
Selasphorus calliope,Caprimulgiformes,LC,True,2.0
Selasphorus rufus,Caprimulgiformes,NT,True,4.0
Selasphorus sasin,Caprimulgiformes,LC,True,2.0
Selasphorus platycercus,Caprimulgiformes,LC,True,2.0
Selasphorus heloisa,Caprimulgiformes,LC,False,0.5
Selasphorus ellioti,Caprimulgiformes,LC,False,0.5
Selasphorus flammula,Caprimulgiformes,LC,False,0.5
Selasphorus scintilla,Caprimulgiformes,LC,False,0.5
Selasphorus ardens,Caprimulgiformes,EN,False,2.0
Phaeoptila sordida,Caprimulgiformes,LC,False,0.5
Riccordia ricordii,Caprimulgiformes,LC,False,0.5
Riccordia bracei,Caprimulgiformes,EX,False,0.25
Riccordia swainsonii,Caprimulgiformes,LC,False,0.5
Riccordia maugaeus,Caprimulgiformes,LC,False,0.5
Riccordia bicolor,Caprimulgiformes,NT,False,1.0
Riccordia elegans,Caprimulgiformes,EX,False,0.25
Cynanthus latirostris,Caprimulgiformes,LC,True,2.0
Cynanthus lawrencei,Caprimulgiformes,NT,False,1.0
Cynanthus doubledayi,Caprimulgiformes,LC,True,2.0
Cynanthus auriceps,Caprimulgiformes,LC,False,0.5
Cynanthus forficatus,Caprimulgiformes,LC,False,0.5
Cynanthus canivetii,Caprimulgiformes,LC,False,0.5
Chlorostilbon assimilis,Caprimulgiformes,LC,False,0.5
Chlorostilbon melanorhynchus,Caprimulgiformes,,False,0.25
Chlorostilbon gibsoni,Caprimulgiformes,LC,False,0.5
Chlorostilbon mellisugus,Caprimulgiformes,LC,False,0.5
Chlorostilbon olivaresi,Caprimulgiformes,LC,False,0.5
Chlorostilbon lucidus,Caprimulgiformes,LC,False,0.5
Chlorostilbon russatus,Caprimulgiformes,LC,False,0.5
Chlorostilbon stenurus,Caprimulgiformes,LC,False,0.5
Chlorostilbon alice,Caprimulgiformes,LC,False,0.5
Chlorostilbon poortmani,Caprimulgiformes,LC,False,0.5
Basilinna leucotis,Caprimulgiformes,LC,False,0.5
Basilinna xantusii,Caprimulgiformes,LC,False,0.5
Pampa curvipennis,Caprimulgiformes,LC,False,0.5
Pampa pampa,Caprimulgiformes,,False,0.25
Pampa rufa,Caprimulgiformes,LC,False,0.5
Abeillia abeillei,Caprimulgiformes,LC,False,0.5
Klais guimeti,Caprimulgiformes,LC,False,0.5
Orthorhyncus cristatus,Caprimulgiformes,LC,False,0.5
Anthocephala floriceps,Caprimulgiformes,VU,False,1.5
Anthocephala berlepschi,Caprimulgiformes,VU,False,1.5
Stephanoxis lalandi,Caprimulgiformes,LC,False,0.5
Stephanoxis loddigesii,Caprimulgiformes,LC,False,0.5
Campylopterus largipennis,Caprimulgiformes,LC,False,0.5
Campylopterus calcirupicola,Caprimulgiformes,VU,False,1.5
Campylopterus diamantinensis,Caprimulgiformes,NT,False,1.0
Campylopterus hyperythrus,Caprimulgiformes,LC,False,0.5
Campylopterus ensipennis,Caprimulgiformes,NT,False,1.0
Campylopterus falcatus,Caprimulgiformes,LC,False,0.5
Campylopterus phainopeplus,Caprimulgiformes,CR,False,2.5
Campylopterus hemileucurus,Caprimulgiformes,LC,False,0.5
Campylopterus duidae,Caprimulgiformes,LC,False,0.5
Campylopterus villaviscensio,Caprimulgiformes,LC,False,0.5
Chalybura urochrysia,Caprimulgiformes,LC,False,0.5
Chalybura buffonii,Caprimulgiformes,LC,False,0.5
Thalurania colombica,Caprimulgiformes,LC,False,0.5
Thalurania furcata,Caprimulgiformes,LC,False,0.5
Thalurania watertonii,Caprimulgiformes,EN,False,2.0
Thalurania glaucopis,Caprimulgiformes,LC,True,2.0
Microchera albocoronata,Caprimulgiformes,LC,False,0.5
Microchera cupreiceps,Caprimulgiformes,LC,False,0.5
Microchera chionura,Caprimulgiformes,LC,False,0.5
Goldmania violiceps,Caprimulgiformes,NT,False,1.0
Goldmania bella,Caprimulgiformes,NT,False,1.0
Eupherusa ridgwayi,Caprimulgiformes,VU,False,1.5
Eupherusa poliocerca,Caprimulgiformes,NT,False,1.0
Eupherusa cyanophrys,Caprimulgiformes,EN,False,2.0
Eupherusa eximia,Caprimulgiformes,LC,False,0.5
Eupherusa nigriventris,Caprimulgiformes,LC,False,0.5
Phaeochroa cuvierii,Caprimulgiformes,LC,False,0.5
Leucippus fallax,Caprimulgiformes,LC,False,0.5
Thaumasius baeri,Caprimulgiformes,LC,False,0.5
Thaumasius taczanowskii,Caprimulgiformes,LC,False,0.5
Taphrospilus hypostictus,Caprimulgiformes,LC,False,0.5
Eupetomena macroura,Caprimulgiformes,LC,False,0.5
Eupetomena cirrochloris,Caprimulgiformes,LC,False,0.5
Talaphorus chlorocercus,Caprimulgiformes,LC,False,0.5
Trochilus polytmus,Caprimulgiformes,LC,False,0.5
Trochilus scitulus,Caprimulgiformes,LC,False,0.5
Leucolia violiceps,Caprimulgiformes,LC,True,2.0
Leucolia viridifrons,Caprimulgiformes,LC,False,0.5
Leucolia wagneri,Caprimulgiformes,LC,False,0.5
Saucerottia cyanocephala,Caprimulgiformes,LC,False,0.5
Saucerottia hoffmanni,Caprimulgiformes,,False,0.25
Saucerottia beryllina,Caprimulgiformes,LC,False,0.5
Saucerottia cyanura,Caprimulgiformes,LC,False,0.5
Saucerottia edward,Caprimulgiformes,LC,False,0.5
Saucerottia saucerottei,Caprimulgiformes,LC,False,0.5
Amazilia cyanifrons,Caprimulgiformes,LC,False,0.5
Amazilia alfaroana,Caprimulgiformes,CR,False,2.5
Saucerottia castaneiventris,Caprimulgiformes,NT,False,1.0
Saucerottia viridigaster,Caprimulgiformes,LC,False,0.5
Saucerottia cupreicauda,Caprimulgiformes,LC,False,0.5
Saucerottia tobaci,Caprimulgiformes,LC,False,0.5
Amazilia rutila,Caprimulgiformes,LC,False,0.5
Amazilia yucatanensis,Caprimulgiformes,LC,True,2.0
Amazilia tzacatl,Caprimulgiformes,LC,False,0.5
Amazilia luciae,Caprimulgiformes,VU,False,1.5
Amazilis amazilia,Caprimulgiformes,LC,False,0.5
Amazilia franciae,Caprimulgiformes,LC,False,0.5
Chrysuronia goudoti,Caprimulgiformes,LC,False,0.5
Chrysuronia oenone,Caprimulgiformes,LC,False,0.5
Chrysuronia versicolor,Caprimulgiformes,LC,False,0.5
Amazilia boucardi,Caprimulgiformes,EN,False,2.0
Chrysuronia coeruleogularis,Caprimulgiformes,LC,False,0.5
Chrysuronia lilliae,Caprimulgiformes,EN,False,2.0
Chrysuronia humboldtii,Caprimulgiformes,LC,False,0.5
Chrysuronia grayi,Caprimulgiformes,LC,False,0.5
Chrysuronia brevirostris,Caprimulgiformes,LC,False,0.5
Chrysuronia leucogaster,Caprimulgiformes,LC,False,0.5
Leucochloris albicollis,Caprimulgiformes,LC,False,0.5
Chionomesa fimbriata,Caprimulgiformes,LC,True,2.0
Chionomesa lactea,Caprimulgiformes,LC,True,2.0
Chionomesa bartletti,Caprimulgiformes,LC,False,0.5
Hylocharis sapphirina,Caprimulgiformes,LC,True,2.0
Hylocharis chrysura,Caprimulgiformes,LC,True,2.0
Elliotomyia chionogaster,Caprimulgiformes,LC,False,0.5
Elliotomyia viridicauda,Caprimulgiformes,LC,False,0.5
Polyerata amabilis,Caprimulgiformes,LC,True,2.0
Polyerata decora,Caprimulgiformes,LC,False,0.5
Polyerata rosenbergi,Caprimulgiformes,LC,False,0.5
Chlorestes candida,Caprimulgiformes,LC,False,0.5
Chlorestes eliciae,Caprimulgiformes,LC,False,0.5
Chlorestes cyanus,Caprimulgiformes,LC,False,0.5
Chlorestes julie,Caprimulgiformes,LC,False,0.5
Chlorestes notata,Caprimulgiformes,LC,False,0.5
Corythaeola cristata,Musophagiformes,LC,False,0.5
Corythaixoides personatus,Musophagiformes,LC,False,0.5
Corythaixoides leopoldi,Musophagiformes,LC,False,0.5
Corythaixoides concolor,Musophagiformes,LC,False,0.5
Criniferoides leucogaster,Musophagiformes,LC,False,0.5
Crinifer piscator,Musophagiformes,LC,False,0.5
Crinifer zonurus,Musophagiformes,LC,False,0.5
Gallirex porphyreolophus,Musophagiformes,LC,False,0.5
Gallirex johnstoni,Musophagiformes,LC,False,0.5
Tauraco leucotis,Musophagiformes,LC,False,0.5
Tauraco ruspolii,Musophagiformes,NT,False,1.0
Musophaga violacea,Musophagiformes,LC,False,0.5
Musophaga rossae,Musophagiformes,LC,False,0.5
Tauraco macrorhynchus,Musophagiformes,LC,False,0.5
Tauraco bannermani,Musophagiformes,EN,False,2.0
Tauraco leucolophus,Musophagiformes,LC,False,0.5
Tauraco erythrolophus,Musophagiformes,LC,False,0.5
Tauraco persa,Musophagiformes,LC,False,0.5
Tauraco livingstonii,Musophagiformes,LC,False,0.5
Tauraco schalowi,Musophagiformes,LC,False,0.5
Tauraco corythaix,Musophagiformes,LC,False,0.5
Tauraco schuettii,Musophagiformes,LC,False,0.5
Tauraco fischeri,Musophagiformes,NT,False,1.0
Tauraco hartlaubi,Musophagiformes,LC,False,0.5
Otis tarda,Otidiformes,EN,True,8.0
Ardeotis arabs,Otidiformes,NT,True,4.0
Ardeotis kori,Otidiformes,NT,False,1.0
Ardeotis nigriceps,Otidiformes,CR,False,2.5
Ardeotis australis,Otidiformes,LC,False,0.5
Chlamydotis undulata,Otidiformes,VU,False,1.5
Chlamydotis macqueenii,Otidiformes,VU,True,6.0
Neotis ludwigii,Otidiformes,EN,False,2.0
Neotis denhami,Otidiformes,NT,True,4.0
Neotis heuglinii,Otidiformes,LC,False,0.5
Neotis nuba,Otidiformes,NT,False,1.0
Eupodotis senegalensis,Otidiformes,LC,False,0.5
Eupodotis caerulescens,Otidiformes,NT,False,1.0
Heterotetrax vigorsii,Otidiformes,LC,False,0.5
Heterotetrax rueppelii,Otidiformes,LC,False,0.5
Heterotetrax humilis,Otidiformes,NT,False,1.0
Lophotis savilei,Otidiformes,LC,False,0.5
Lophotis gindiana,Otidiformes,LC,False,0.5
Lophotis ruficrista,Otidiformes,LC,False,0.5
Afrotis afra,Otidiformes,VU,False,1.5
Afrotis afraoides,Otidiformes,LC,False,0.5
Lissotis melanogaster,Otidiformes,LC,False,0.5
Lissotis hartlaubii,Otidiformes,LC,False,0.5
Houbaropsis bengalensis,Otidiformes,CR,True,10.0
Sypheotides indicus,Otidiformes,CR,True,10.0
Tetrax tetrax,Otidiformes,NT,True,4.0
Guira guira,Cuculiformes,LC,False,0.5
Crotophaga major,Cuculiformes,LC,False,0.5
Crotophaga ani,Cuculiformes,LC,False,0.5
Crotophaga sulcirostris,Cuculiformes,LC,False,0.5
Tapera naevia,Cuculiformes,LC,False,0.5
Dromococcyx phasianellus,Cuculiformes,LC,False,0.5
Dromococcyx pavoninus,Cuculiformes,LC,False,0.5
Morococcyx erythropygus,Cuculiformes,LC,False,0.5
Geococcyx californianus,Cuculiformes,LC,False,0.5
Geococcyx velox,Cuculiformes,LC,False,0.5
Neomorphus geoffroyi,Cuculiformes,VU,False,1.5
Neomorphus squamiger,Cuculiformes,,False,0.25
Neomorphus radiolosus,Cuculiformes,VU,False,1.5
Neomorphus rufipennis,Cuculiformes,LC,False,0.5
Neomorphus pucheranii,Cuculiformes,LC,False,0.5
Centropus milo,Cuculiformes,LC,False,0.5
Centropus ateralbus,Cuculiformes,LC,False,0.5
Centropus menbeki,Cuculiformes,LC,False,0.5
Centropus chalybeus,Cuculiformes,NT,False,1.0
Centropus unirufus,Cuculiformes,NT,False,1.0
Centropus chlororhynchos,Cuculiformes,VU,False,1.5
Centropus melanops,Cuculiformes,LC,False,0.5
Centropus steerii,Cuculiformes,CR,False,2.5
Centropus rectunguis,Cuculiformes,VU,False,1.5
Centropus celebensis,Cuculiformes,LC,False,0.5
Centropus anselli,Cuculiformes,LC,False,0.5
Centropus leucogaster,Cuculiformes,LC,False,0.5
Centropus senegalensis,Cuculiformes,LC,False,0.5
Centropus monachus,Cuculiformes,LC,False,0.5
Centropus cupreicaudus,Cuculiformes,LC,False,0.5
Centropus superciliosus,Cuculiformes,LC,False,0.5
Centropus burchellii,Cuculiformes,,False,0.25
Centropus nigrorufus,Cuculiformes,VU,False,1.5
Centropus sinensis,Cuculiformes,LC,False,0.5
Centropus toulou,Cuculiformes,LC,False,0.5
Centropus goliath,Cuculiformes,LC,False,0.5
Centropus grillii,Cuculiformes,LC,False,0.5
Centropus viridis,Cuculiformes,LC,False,0.5
Centropus bengalensis,Cuculiformes,LC,False,0.5
Centropus violaceus,Cuculiformes,LC,False,0.5
Centropus bernsteini,Cuculiformes,LC,False,0.5
Centropus spilopterus,Cuculiformes,LC,False,0.5
Centropus phasianinus,Cuculiformes,LC,False,0.5
Centropus andamanensis,Cuculiformes,LC,False,0.5
Carpococcyx radiceus,Cuculiformes,VU,False,1.5
Carpococcyx viridis,Cuculiformes,CR,False,2.5
Carpococcyx renauldi,Cuculiformes,EN,False,2.0
Coua delalandei,Cuculiformes,EX,False,0.25
Coua cristata,Cuculiformes,LC,False,0.5
Coua pyropyga,Cuculiformes,NT,False,1.0
Coua verreauxi,Cuculiformes,LC,False,0.5
Coua caerulea,Cuculiformes,LC,False,0.5
Coua ruficeps,Cuculiformes,LC,False,0.5
Coua olivaceiceps,Cuculiformes,LC,False,0.5
Coua reynaudii,Cuculiformes,LC,False,0.5
Coua coquereli,Cuculiformes,LC,False,0.5
Coua cursor,Cuculiformes,LC,False,0.5
Coua gigas,Cuculiformes,LC,False,0.5
Coua serriana,Cuculiformes,LC,False,0.5
Rhinortha chlorophaea,Cuculiformes,LC,False,0.5
Ceuthmochares aereus,Cuculiformes,LC,False,0.5
Ceuthmochares australis,Cuculiformes,LC,False,0.5
Taccocua leschenaultii,Cuculiformes,LC,False,0.5
Zanclostomus javanicus,Cuculiformes,LC,False,0.5
Rhamphococcyx calyorhynchus,Cuculiformes,LC,False,0.5
Phaenicophaeus curvirostris,Cuculiformes,LC,False,0.5
Phaenicophaeus oeneicaudus,Cuculiformes,LC,False,0.5
Phaenicophaeus pyrrhocephalus,Cuculiformes,VU,False,1.5
Phaenicophaeus sumatranus,Cuculiformes,NT,False,1.0
Phaenicophaeus viridirostris,Cuculiformes,LC,False,0.5
Phaenicophaeus diardi,Cuculiformes,NT,False,1.0
Phaenicophaeus tristis,Cuculiformes,LC,False,0.5
Dasylophus superciliosus,Cuculiformes,LC,False,0.5
Lepidogrammus cumingi,Cuculiformes,LC,False,0.5
Clamator coromandus,Cuculiformes,LC,True,2.0
Clamator glandarius,Cuculiformes,LC,True,2.0
Clamator levaillantii,Cuculiformes,LC,True,2.0
Clamator jacobinus,Cuculiformes,LC,True,2.0
Coccycua minuta,Cuculiformes,LC,False,0.5
Coccycua pumila,Cuculiformes,LC,False,0.5
Coccycua cinerea,Cuculiformes,LC,True,2.0
Piaya cayana,Cuculiformes,LC,False,0.5
Piaya mexicana,Cuculiformes,LC,False,0.5
Piaya melanogaster,Cuculiformes,LC,False,0.5
Coccyzus melacoryphus,Cuculiformes,LC,False,0.5
Coccyzus americanus,Cuculiformes,LC,True,2.0
Coccyzus euleri,Cuculiformes,LC,False,0.5
Coccyzus minor,Cuculiformes,LC,False,0.5
Coccyzus ferrugineus,Cuculiformes,VU,False,1.5
Coccyzus erythropthalmus,Cuculiformes,LC,True,2.0
Coccyzus lansbergi,Cuculiformes,LC,True,2.0
Coccyzus pluvialis,Cuculiformes,LC,False,0.5
Coccyzus rufigularis,Cuculiformes,EN,False,2.0
Coccyzus vetula,Cuculiformes,LC,False,0.5
Coccyzus merlini,Cuculiformes,LC,False,0.5
Coccyzus bahamensis,Cuculiformes,NT,False,1.0
Coccyzus vieilloti,Cuculiformes,LC,False,0.5
Coccyzus longirostris,Cuculiformes,LC,False,0.5
Pachycoccyx audeberti,Cuculiformes,LC,False,0.5
Microdynamis parva,Cuculiformes,LC,False,0.5
Eudynamys scolopaceus,Cuculiformes,LC,True,2.0
Eudynamys melanorhynchus,Cuculiformes,,False,0.25
Eudynamys orientalis,Cuculiformes,LC,True,2.0
Urodynamis taitensis,Cuculiformes,LC,True,2.0
Scythrops novaehollandiae,Cuculiformes,LC,True,2.0
Chrysococcyx maculatus,Cuculiformes,LC,False,0.5
Chrysococcyx xanthorhynchus,Cuculiformes,LC,True,2.0
Chrysococcyx caprius,Cuculiformes,LC,True,2.0
Chrysococcyx klaas,Cuculiformes,LC,True,2.0
Chrysococcyx flavigularis,Cuculiformes,LC,False,0.5
Chrysococcyx cupreus,Cuculiformes,LC,True,2.0
Chalcites megarhynchus,Cuculiformes,LC,False,0.5
Chalcites basalis,Cuculiformes,LC,False,0.5
Chalcites osculans,Cuculiformes,LC,True,2.0
Chalcites ruficollis,Cuculiformes,LC,False,0.5
Chalcites lucidus,Cuculiformes,LC,True,2.0
Chalcites meyerii,Cuculiformes,LC,False,0.5
Chalcites minutillus,Cuculiformes,LC,False,0.5
Chalcites crassirostris,Cuculiformes,LC,False,0.5
Heteroscenes pallidus,Cuculiformes,LC,True,2.0
Caliechthrus leucolophus,Cuculiformes,LC,False,0.5
Cacomantis castaneiventris,Cuculiformes,LC,False,0.5
Cacomantis flabelliformis,Cuculiformes,LC,False,0.5
Cacomantis sonneratii,Cuculiformes,LC,False,0.5
Cacomantis merulinus,Cuculiformes,LC,True,2.0
Cacomantis passerinus,Cuculiformes,LC,True,2.0
Cacomantis sepulcralis,Cuculiformes,,False,0.25
Cacomantis virescens,Cuculiformes,,False,0.25
Cacomantis variolosus,Cuculiformes,LC,False,0.5
Cacomantis blandus,Cuculiformes,,False,0.25
Cacomantis addendus,Cuculiformes,,False,0.25
Cacomantis aeruginosus,Cuculiformes,LC,False,0.5
Cercococcyx mechowi,Cuculiformes,LC,False,0.5
Cercococcyx lemaireae,Cuculiformes,NT,False,1.0
Cercococcyx olivinus,Cuculiformes,LC,False,0.5
Cercococcyx montanus,Cuculiformes,LC,False,0.5
Surniculus velutinus,Cuculiformes,LC,False,0.5
Surniculus lugubris,Cuculiformes,LC,True,2.0
Surniculus dicruroides,Cuculiformes,LC,True,2.0
Surniculus musschenbroeki,Cuculiformes,LC,False,0.5
Hierococcyx vagans,Cuculiformes,NT,False,1.0
Hierococcyx sparverioides,Cuculiformes,LC,True,2.0
Hierococcyx bocki,Cuculiformes,LC,False,0.5
Hierococcyx varius,Cuculiformes,LC,False,0.5
Hierococcyx hyperythrus,Cuculiformes,LC,True,2.0
Hierococcyx pectoralis,Cuculiformes,LC,False,0.5
Hierococcyx fugax,Cuculiformes,LC,False,0.5
Hierococcyx nisicolor,Cuculiformes,LC,False,0.5
Cuculus clamosus,Cuculiformes,LC,True,2.0
Cuculus solitarius,Cuculiformes,LC,True,2.0
Cuculus poliocephalus,Cuculiformes,LC,True,2.0
Cuculus crassirostris,Cuculiformes,LC,False,0.5
Cuculus micropterus,Cuculiformes,LC,True,2.0
Cuculus rochii,Cuculiformes,LC,True,2.0
Cuculus gularis,Cuculiformes,LC,True,2.0
Cuculus saturatus,Cuculiformes,LC,True,2.0
Cuculus optatus,Cuculiformes,LC,True,2.0
Cuculus lepidus,Cuculiformes,LC,False,0.5
Cuculus canorus,Cuculiformes,LC,True,2.0
Nannococcyx psix,Cuculiformes,EX,False,0.25
Mesitornis variegatus,Mesitornithiformes,VU,False,1.5
Mesitornis unicolor,Mesitornithiformes,VU,False,1.5
Monias benschi,Mesitornithiformes,VU,False,1.5
Syrrhaptes tibetanus,Pterocliformes,LC,False,0.5
Syrrhaptes paradoxus,Pterocliformes,LC,False,0.5
Pterocles alchata,Pterocliformes,LC,True,2.0
Pterocles namaqua,Pterocliformes,LC,True,2.0
Pterocles exustus,Pterocliformes,LC,False,0.5
Pterocles senegallus,Pterocliformes,LC,False,0.5
Pterocles orientalis,Pterocliformes,LC,True,2.0
Pterocles gutturalis,Pterocliformes,LC,False,0.5
Pterocles coronatus,Pterocliformes,LC,False,0.5
Pterocles decoratus,Pterocliformes,LC,False,0.5
Pterocles personatus,Pterocliformes,LC,False,0.5
Pterocles lichtensteinii,Pterocliformes,LC,False,0.5
Pterocles indicus,Pterocliformes,LC,False,0.5
Pterocles quadricinctus,Pterocliformes,LC,False,0.5
Pterocles bicinctus,Pterocliformes,LC,True,2.0
Pterocles burchelli,Pterocliformes,LC,False,0.5
Columba livia,Columbiformes,LC,False,0.5
Columba rupestris,Columbiformes,LC,False,0.5
Columba leuconota,Columbiformes,LC,False,0.5
Columba guinea,Columbiformes,LC,False,0.5
Columba albitorques,Columbiformes,LC,False,0.5
Columba oenas,Columbiformes,LC,True,2.0
Columba eversmanni,Columbiformes,VU,True,6.0
Columba oliviae,Columbiformes,LC,True,2.0
Columba palumbus,Columbiformes,LC,True,2.0
Columba trocaz,Columbiformes,LC,False,0.5
Columba bollii,Columbiformes,LC,False,0.5
Columba junoniae,Columbiformes,NT,False,1.0
Columba unicincta,Columbiformes,LC,False,0.5
Columba arquatrix,Columbiformes,LC,False,0.5
Columba sjostedti,Columbiformes,LC,False,0.5
Columba thomensis,Columbiformes,EN,False,2.0
Columba pollenii,Columbiformes,NT,False,1.0
Columba hodgsonii,Columbiformes,LC,False,0.5
Columba albinucha,Columbiformes,LC,False,0.5
Columba pulchricollis,Columbiformes,LC,False,0.5
Columba elphinstonii,Columbiformes,VU,False,1.5
Columba torringtoniae,Columbiformes,VU,False,1.5
Columba punicea,Columbiformes,VU,False,1.5
Columba argentina,Columbiformes,CR,False,2.5
Columba palumboides,Columbiformes,NT,False,1.0
Columba janthina,Columbiformes,LC,True,2.0
Columba versicolor,Columbiformes,EX,False,0.25
Columba jouyi,Columbiformes,EX,False,0.25
Columba vitiensis,Columbiformes,LC,False,0.5
Columba leucomela,Columbiformes,LC,False,0.5
Columba pallidiceps,Columbiformes,VU,False,1.5
Columba delegorguei,Columbiformes,LC,False,0.5
Columba iriditorques,Columbiformes,LC,False,0.5
Columba malherbii,Columbiformes,NT,False,1.0
Columba thiriouxi,Columbiformes,EX,False,0.25
Aplopelia larvata,Columbiformes,LC,False,0.5
Ectopistes migratorius,Columbiformes,EX,False,0.25
Patagioenas leucocephala,Columbiformes,NT,False,1.0
Patagioenas squamosa,Columbiformes,LC,False,0.5
Patagioenas speciosa,Columbiformes,LC,False,0.5
Patagioenas picazuro,Columbiformes,LC,True,2.0
Patagioenas corensis,Columbiformes,LC,False,0.5
Patagioenas maculosa,Columbiformes,LC,False,0.5
Patagioenas albipennis,Columbiformes,LC,False,0.5
Patagioenas fasciata,Columbiformes,LC,False,0.5
Patagioenas albilinea,Columbiformes,LC,False,0.5
Patagioenas araucana,Columbiformes,LC,False,0.5
Patagioenas caribaea,Columbiformes,VU,False,1.5
Patagioenas cayennensis,Columbiformes,LC,False,0.5
Patagioenas flavirostris,Columbiformes,LC,False,0.5
Patagioenas oenops,Columbiformes,NT,False,1.0
Patagioenas inornata,Columbiformes,NT,False,1.0
Patagioenas plumbea,Columbiformes,LC,False,0.5
Patagioenas subvinacea,Columbiformes,LC,False,0.5
Patagioenas nigrirostris,Columbiformes,LC,False,0.5
Patagioenas goodsoni,Columbiformes,LC,False,0.5
Nesoenas picturatus,Columbiformes,LC,False,0.5
Nesoenas cicur,Columbiformes,EX,False,0.25
Nesoenas rodericanus,Columbiformes,EX,False,0.25
Nesoenas mayeri,Columbiformes,VU,False,1.5
Nesoenas duboisi,Columbiformes,EX,False,0.25
Streptopelia turtur,Columbiformes,VU,True,6.0
Streptopelia lugens,Columbiformes,LC,False,0.5
Streptopelia hypopyrrha,Columbiformes,LC,False,0.5
Streptopelia orientalis,Columbiformes,LC,True,2.0
Streptopelia bitorquata,Columbiformes,LC,False,0.5
Streptopelia dusumieri,Columbiformes,VU,False,1.5
Streptopelia decaocto,Columbiformes,LC,False,0.5
Streptopelia xanthocycla,Columbiformes,LC,False,0.5
Streptopelia roseogrisea,Columbiformes,LC,True,2.0
Streptopelia reichenowi,Columbiformes,LC,False,0.5
Streptopelia decipiens,Columbiformes,LC,False,0.5
Streptopelia semitorquata,Columbiformes,LC,False,0.5
Streptopelia capicola,Columbiformes,LC,False,0.5
Streptopelia vinacea,Columbiformes,LC,True,2.0
Streptopelia tranquebarica,Columbiformes,LC,True,2.0
Spilopelia chinensis,Columbiformes,LC,False,0.5
Spilopelia suratensis,Columbiformes,LC,False,0.5
Spilopelia senegalensis,Columbiformes,LC,False,0.5
Macropygia unchall,Columbiformes,LC,False,0.5
Macropygia amboinensis,Columbiformes,LC,False,0.5
Macropygia doreya,Columbiformes,,False,0.25
Macropygia emiliana,Columbiformes,LC,False,0.5
Macropygia cinnamomea,Columbiformes,NT,False,1.0
Macropygia modiglianii,Columbiformes,,False,0.25
Macropygia magna,Columbiformes,LC,False,0.5
Macropygia timorlaoensis,Columbiformes,LC,False,0.5
Macropygia macassariensis,Columbiformes,LC,False,0.5
Macropygia tenuirostris,Columbiformes,LC,False,0.5
Macropygia phasianella,Columbiformes,LC,False,0.5
Macropygia rufipennis,Columbiformes,LC,False,0.5
Macropygia nigrirostris,Columbiformes,LC,False,0.5
Macropygia mackinlayi,Columbiformes,LC,False,0.5
Macropygia ruficeps,Columbiformes,LC,False,0.5
Reinwardtoena reinwardti,Columbiformes,LC,False,0.5
Reinwardtoena browni,Columbiformes,NT,False,1.0
Reinwardtoena crassirostris,Columbiformes,LC,False,0.5
Turacoena manadensis,Columbiformes,LC,False,0.5
Turacoena sulaensis,Columbiformes,LC,False,0.5
Turacoena modesta,Columbiformes,NT,False,1.0
Turtur chalcospilos,Columbiformes,LC,False,0.5
Turtur abyssinicus,Columbiformes,LC,False,0.5
Turtur afer,Columbiformes,LC,False,0.5
Turtur tympanistria,Columbiformes,LC,False,0.5
Turtur brehmeri,Columbiformes,LC,False,0.5
Oena capensis,Columbiformes,LC,True,2.0
Chalcophaps indica,Columbiformes,LC,False,0.5
Chalcophaps longirostris,Columbiformes,LC,False,0.5
Chalcophaps stephani,Columbiformes,LC,False,0.5
Henicophaps albifrons,Columbiformes,LC,False,0.5
Henicophaps foersteri,Columbiformes,VU,False,1.5
Phaps chalcoptera,Columbiformes,LC,False,0.5
Phaps elegans,Columbiformes,LC,False,0.5
Phaps histrionica,Columbiformes,LC,False,0.5
Ocyphaps lophotes,Columbiformes,LC,False,0.5
Geophaps plumifera,Columbiformes,LC,False,0.5
Geophaps scripta,Columbiformes,LC,False,0.5
Geophaps smithii,Columbiformes,LC,False,0.5
Trugon terrestris,Columbiformes,LC,False,0.5
Leucosarcia melanoleuca,Columbiformes,LC,False,0.5
Petrophassa rufipennis,Columbiformes,LC,False,0.5
Petrophassa albipennis,Columbiformes,LC,False,0.5
Geopelia cuneata,Columbiformes,LC,False,0.5
Geopelia striata,Columbiformes,LC,False,0.5
Geopelia placida,Columbiformes,LC,False,0.5
Geopelia maugeus,Columbiformes,LC,False,0.5
Geopelia humeralis,Columbiformes,LC,False,0.5
Columbina inca,Columbiformes,LC,False,0.5
Columbina squammata,Columbiformes,LC,False,0.5
Columbina passerina,Columbiformes,LC,False,0.5
Columbina minuta,Columbiformes,LC,False,0.5
Columbina buckleyi,Columbiformes,LC,False,0.5
Columbina talpacoti,Columbiformes,LC,False,0.5
Columbina picui,Columbiformes,LC,True,2.0
Columbina cruziana,Columbiformes,LC,False,0.5
Columbina cyanopis,Columbiformes,CR,False,2.5
Claravis pretiosa,Columbiformes,LC,False,0.5
Paraclaravis geoffroyi,Columbiformes,CR,False,2.5
Paraclaravis mondetoura,Columbiformes,LC,False,0.5
Metriopelia ceciliae,Columbiformes,LC,False,0.5
Metriopelia morenoi,Columbiformes,LC,False,0.5
Metriopelia melanoptera,Columbiformes,LC,False,0.5
Metriopelia aymara,Columbiformes,LC,False,0.5
Uropelia campestris,Columbiformes,LC,False,0.5
Starnoenas cyanocephala,Columbiformes,EN,False,2.0
Geotrygon purpurata,Columbiformes,EN,False,2.0
Geotrygon saphirina,Columbiformes,LC,False,0.5
Geotrygon versicolor,Columbiformes,NT,False,1.0
Geotrygon montana,Columbiformes,LC,False,0.5
Geotrygon violacea,Columbiformes,LC,False,0.5
Geotrygon caniceps,Columbiformes,VU,False,1.5
Geotrygon leucometopia,Columbiformes,EN,False,2.0
Geotrygon chrysia,Columbiformes,LC,False,0.5
Geotrygon mystacea,Columbiformes,LC,False,0.5
Leptotrygon veraguensis,Columbiformes,LC,False,0.5
Leptotila verreauxi,Columbiformes,LC,False,0.5
Leptotila megalura,Columbiformes,LC,False,0.5
Leptotila rufaxilla,Columbiformes,LC,False,0.5
Leptotila plumbeiceps,Columbiformes,LC,False,0.5
Leptotila pallida,Columbiformes,LC,False,0.5
Leptotila battyi,Columbiformes,VU,False,1.5
Leptotila wellsi,Columbiformes,CR,False,2.5
Leptotila jamaicensis,Columbiformes,LC,False,0.5
Leptotila cassinii,Columbiformes,LC,False,0.5
Leptotila ochraceiventris,Columbiformes,VU,False,1.5
Leptotila conoveri,Columbiformes,NT,False,1.0
Zentrygon carrikeri,Columbiformes,EN,False,2.0
Zentrygon costaricensis,Columbiformes,LC,False,0.5
Zentrygon lawrencii,Columbiformes,LC,False,0.5
Zentrygon albifacies,Columbiformes,LC,False,0.5
Zentrygon frenata,Columbiformes,LC,False,0.5
Zentrygon linearis,Columbiformes,LC,False,0.5
Zentrygon chiriquensis,Columbiformes,LC,False,0.5
Zentrygon goldmani,Columbiformes,NT,False,1.0
Zenaida macroura,Columbiformes,LC,True,2.0
Zenaida graysoni,Columbiformes,EW,False,0.25
Zenaida auriculata,Columbiformes,LC,False,0.5
Zenaida aurita,Columbiformes,LC,False,0.5
Zenaida galapagoensis,Columbiformes,NT,False,1.0
Zenaida asiatica,Columbiformes,LC,True,2.0
Zenaida meloda,Columbiformes,LC,False,0.5
Caloenas nicobarica,Columbiformes,NT,False,1.0
Caloenas maculata,Columbiformes,EX,False,0.25
Gallicolumba tristigmata,Columbiformes,LC,False,0.5
Gallicolumba rufigula,Columbiformes,LC,False,0.5
Gallicolumba luzonica,Columbiformes,NT,False,1.0
Gallicolumba crinigera,Columbiformes,VU,False,1.5
Gallicolumba platenae,Columbiformes,CR,False,2.5
Gallicolumba keayi,Columbiformes,CR,False,2.5
Gallicolumba menagei,Columbiformes,CR,False,2.5
Pampusana hoedtii,Columbiformes,EN,False,2.0
Pampusana jobiensis,Columbiformes,LC,False,0.5
Pampusana kubaryi,Columbiformes,EN,False,2.0
Pampusana erythroptera,Columbiformes,CR,False,2.5
Pampusana xanthonura,Columbiformes,NT,False,1.0
Pampusana norfolkensis,Columbiformes,,False,0.25
Pampusana stairi,Columbiformes,LC,False,0.5
Pampusana sanctaecrucis,Columbiformes,EN,False,2.0
Pampusana ferruginea,Columbiformes,EX,False,0.25
Pampusana salamonis,Columbiformes,EX,False,0.25
Pampusana rubescens,Columbiformes,EN,False,2.0
Pampusana beccarii,Columbiformes,LC,False,0.5
Pampusana johannae,Columbiformes,LC,False,0.5
Pampusana canifrons,Columbiformes,EN,False,2.0
Microgoura meeki,Columbiformes,EX,False,0.25
Otidiphaps nobilis,Columbiformes,LC,False,0.5
Otidiphaps aruensis,Columbiformes,VU,False,1.5
Otidiphaps cervicalis,Columbiformes,LC,False,0.5
Otidiphaps insularis,Columbiformes,CR,False,2.5
Goura cristata,Columbiformes,VU,False,1.5
Goura scheepmakeri,Columbiformes,VU,False,1.5
Goura sclaterii,Columbiformes,NT,False,1.0
Goura victoria,Columbiformes,NT,False,1.0
Raphus cucullatus,Columbiformes,EX,False,0.25
Pezophaps solitaria,Columbiformes,EX,False,0.25
Didunculus strigirostris,Columbiformes,CR,False,2.5
Phapitreron leucotis,Columbiformes,LC,False,0.5
Phapitreron nigrorum,Columbiformes,LC,False,0.5
Phapitreron brevirostris,Columbiformes,LC,False,0.5
Phapitreron amethystinus,Columbiformes,LC,False,0.5
Phapitreron maculipectus,Columbiformes,NT,False,1.0
Phapitreron frontalis,Columbiformes,CR,False,2.5
Phapitreron cinereiceps,Columbiformes,EN,False,2.0
Phapitreron brunneiceps,Columbiformes,VU,False,1.5
Treron fulvicollis,Columbiformes,VU,False,1.5
Treron olax,Columbiformes,LC,True,2.0
Treron vernans,Columbiformes,LC,False,0.5
Treron bicinctus,Columbiformes,LC,False,0.5
Treron pompadora,Columbiformes,LC,False,0.5
Treron affinis,Columbiformes,LC,False,0.5
Treron phayrei,Columbiformes,NT,False,1.0
Treron chloropterus,Columbiformes,NT,False,1.0
Treron axillaris,Columbiformes,LC,False,0.5
Treron aromaticus,Columbiformes,NT,False,1.0
Treron curvirostra,Columbiformes,LC,False,0.5
Treron griseicauda,Columbiformes,LC,False,0.5
Treron teysmannii,Columbiformes,NT,False,1.0
Treron floris,Columbiformes,VU,False,1.5
Treron psittaceus,Columbiformes,EN,False,2.0
Treron capellei,Columbiformes,VU,False,1.5
Treron phoenicopterus,Columbiformes,LC,False,0.5
Treron waalia,Columbiformes,LC,False,0.5
Treron australis,Columbiformes,LC,False,0.5
Treron griveaudi,Columbiformes,EN,False,2.0
Treron calvus,Columbiformes,LC,False,0.5
Treron delalandii,Columbiformes,LC,False,0.5
Treron pembaensis,Columbiformes,VU,False,1.5
Treron sanctithomae,Columbiformes,EN,False,2.0
Treron apicauda,Columbiformes,LC,False,0.5
Treron oxyurus,Columbiformes,NT,False,1.0
Treron seimundi,Columbiformes,LC,False,0.5
Treron sphenurus,Columbiformes,LC,False,0.5
Treron sieboldii,Columbiformes,LC,False,0.5
Treron permagnus,Columbiformes,LC,False,0.5
Treron formosae,Columbiformes,NT,False,1.0
Ptilinopus cinctus,Columbiformes,LC,False,0.5
Ptilinopus alligator,Columbiformes,LC,False,0.5
Ptilinopus dohertyi,Columbiformes,VU,False,1.5
Ptilinopus porphyreus,Columbiformes,LC,False,0.5
Ramphiculus marchei,Columbiformes,VU,False,1.5
Ramphiculus merrilli,Columbiformes,NT,False,1.0
Ramphiculus occipitalis,Columbiformes,LC,False,0.5
Ramphiculus fischeri,Columbiformes,LC,False,0.5
Ramphiculus jambu,Columbiformes,NT,False,1.0
Ramphiculus subgularis,Columbiformes,NT,False,1.0
Ramphiculus epius,Columbiformes,LC,False,0.5
Ramphiculus mangoliensis,Columbiformes,NT,False,1.0
Ramphiculus leclancheri,Columbiformes,LC,False,0.5
Megaloprepia formosa,Columbiformes,LC,False,0.5
Megaloprepia magnifica,Columbiformes,LC,False,0.5
Ptilinopus perlatus,Columbiformes,LC,False,0.5
Ptilinopus ornatus,Columbiformes,LC,False,0.5
Ptilinopus gestroi,Columbiformes,LC,False,0.5
Ptilinopus tannensis,Columbiformes,LC,False,0.5
Ptilinopus aurantiifrons,Columbiformes,LC,False,0.5
Ptilinopus wallacii,Columbiformes,LC,False,0.5
Ptilinopus superbus,Columbiformes,LC,False,0.5
Ptilinopus temminckii,Columbiformes,LC,False,0.5
Ptilinopus perousii,Columbiformes,LC,False,0.5
Ptilinopus porphyraceus,Columbiformes,LC,False,0.5
Ptilinopus fasciatus,Columbiformes,LC,False,0.5
Ptilinopus ponapensis,Columbiformes,LC,False,0.5
Ptilinopus hernsheimi,Columbiformes,LC,False,0.5
Ptilinopus pelewensis,Columbiformes,LC,False,0.5
Ptilinopus rarotongensis,Columbiformes,NT,False,1.0
Ptilinopus roseicapilla,Columbiformes,NT,False,1.0
Ptilinopus regina,Columbiformes,LC,False,0.5
Ptilinopus richardsii,Columbiformes,LC,False,0.5
Ptilinopus chrysogaster,Columbiformes,EN,False,2.0
Ptilinopus purpuratus,Columbiformes,LC,False,0.5
Ptilinopus chalcurus,Columbiformes,VU,False,1.5
Ptilinopus coralensis,Columbiformes,NT,False,1.0
Ptilinopus greyi,Columbiformes,LC,False,0.5
Ptilinopus huttoni,Columbiformes,CR,False,2.5
Ptilinopus dupetithouarsii,Columbiformes,LC,False,0.5
Ptilinopus mercierii,Columbiformes,EX,False,0.25
Ptilinopus insularis,Columbiformes,VU,False,1.5
Ptilinopus coronulatus,Columbiformes,LC,False,0.5
Ptilinopus pulchellus,Columbiformes,LC,False,0.5
Ptilinopus monacha,Columbiformes,LC,False,0.5
Ptilinopus rivoli,Columbiformes,LC,False,0.5
Ptilinopus speciosus,Columbiformes,LC,False,0.5
Ptilinopus solomonensis,Columbiformes,LC,False,0.5
Ptilinopus viridis,Columbiformes,LC,False,0.5
Ptilinopus eugeniae,Columbiformes,LC,False,0.5
Ptilinopus iozonus,Columbiformes,LC,False,0.5
Ptilinopus insolitus,Columbiformes,LC,False,0.5
Ptilinopus hyogastrus,Columbiformes,LC,False,0.5
Ptilinopus granulifrons,Columbiformes,VU,False,1.5
Ptilinopus melanospilus,Columbiformes,LC,False,0.5
Ptilinopus nainus,Columbiformes,LC,False,0.5
Ptilinopus arcanus,Columbiformes,CR,False,2.5
Chrysoena victor,Columbiformes,LC,False,0.5
Chrysoena luteovirens,Columbiformes,LC,False,0.5
Chrysoena viridis,Columbiformes,NT,False,1.0
Drepanoptila holosericea,Columbiformes,LC,False,0.5
Alectroenas nitidissimus,Columbiformes,EX,False,0.25
Alectroenas payandeei,Columbiformes,EX,False,0.25
Alectroenas madagascariensis,Columbiformes,LC,False,0.5
Alectroenas sganzini,Columbiformes,NT,False,1.0
Alectroenas pulcherrimus,Columbiformes,LC,False,0.5
Ducula poliocephala,Columbiformes,NT,False,1.0
Ducula forsteni,Columbiformes,LC,False,0.5
Ducula mindorensis,Columbiformes,NT,False,1.0
Ducula radiata,Columbiformes,LC,False,0.5
Ducula carola,Columbiformes,VU,False,1.5
Ducula aenea,Columbiformes,NT,False,1.0
Ducula oenothorax,Columbiformes,NT,False,1.0
Ducula nicobarica,Columbiformes,NT,False,1.0
Ducula perspicillata,Columbiformes,LC,False,0.5
Ducula neglecta,Columbiformes,LC,False,0.5
Ducula concinna,Columbiformes,LC,False,0.5
Ducula pacifica,Columbiformes,LC,False,0.5
Ducula oceanica,Columbiformes,VU,False,1.5
Ducula aurorae,Columbiformes,EN,False,2.0
Ducula galeata,Columbiformes,EN,False,2.0
Ducula rubricera,Columbiformes,LC,False,0.5
Ducula myristicivora,Columbiformes,LC,False,0.5
Ducula geelvinkiana,Columbiformes,LC,False,0.5
Ducula rufigaster,Columbiformes,LC,False,0.5
Ducula basilica,Columbiformes,LC,False,0.5
Ducula obiensis,Columbiformes,LC,False,0.5
Ducula finschii,Columbiformes,NT,False,1.0
Ducula chalconota,Columbiformes,LC,False,0.5
Ducula pistrinaria,Columbiformes,LC,False,0.5
Ducula rosacea,Columbiformes,NT,False,1.0
Ducula whartoni,Columbiformes,LC,False,0.5
Ducula pickeringii,Columbiformes,VU,False,1.5
Ducula latrans,Columbiformes,LC,False,0.5
Ducula brenchleyi,Columbiformes,NT,False,1.0
Ducula bakeri,Columbiformes,LC,False,0.5
Ducula goliath,Columbiformes,NT,False,1.0
Ducula pinon,Columbiformes,LC,False,0.5
Ducula melanochroa,Columbiformes,LC,False,0.5
Ducula mullerii,Columbiformes,LC,False,0.5
Ducula zoeae,Columbiformes,LC,False,0.5
Ducula cuprea,Columbiformes,LC,False,0.5
Ducula badia,Columbiformes,LC,False,0.5
Ducula lacernulata,Columbiformes,LC,False,0.5
Ducula cineracea,Columbiformes,NT,False,1.0
Ducula bicolor,Columbiformes,LC,False,0.5
Ducula luctuosa,Columbiformes,LC,False,0.5
Ducula spilorrhoa,Columbiformes,LC,True,2.0
Ducula subflavescens,Columbiformes,NT,False,1.0
Lopholaimus antarcticus,Columbiformes,LC,False,0.5
Hemiphaga novaeseelandiae,Columbiformes,LC,False,0.5
Hemiphaga chathamensis,Columbiformes,VU,False,1.5
Cryptophaps poecilorrhoa,Columbiformes,LC,False,0.5
Gymnophaps albertisii,Columbiformes,LC,False,0.5
Gymnophaps mada,Columbiformes,LC,False,0.5
Gymnophaps stalkeri,Columbiformes,LC,False,0.5
Gymnophaps solomonensis,Columbiformes,LC,False,0.5
Podica senegalensis,Gruiformes,LC,False,0.5
Heliopais personatus,Gruiformes,CR,False,2.5
Heliornis fulica,Gruiformes,LC,False,0.5
Mentocrex kioloides,Gruiformes,LC,False,0.5
Mentocrex beankaensis,Gruiformes,VU,False,1.5
Sarothrura pulchra,Gruiformes,LC,False,0.5
Sarothrura elegans,Gruiformes,LC,False,0.5
Sarothrura rufa,Gruiformes,LC,False,0.5
Sarothrura lugens,Gruiformes,LC,False,0.5
Sarothrura boehmi,Gruiformes,LC,True,2.0
Sarothrura ayresi,Gruiformes,CR,False,2.5
Sarothrura affinis,Gruiformes,LC,False,0.5
Sarothrura insularis,Gruiformes,LC,False,0.5
Sarothrura watersi,Gruiformes,NT,False,1.0
Rallicula rubra,Gruiformes,LC,False,0.5
Rallicula leucospila,Gruiformes,LC,False,0.5
Rallicula forbesi,Gruiformes,LC,False,0.5
Rallicula mayri,Gruiformes,LC,False,0.5
Canirallus oculeus,Gruiformes,LC,False,0.5
Rufirallus castaneiceps,Gruiformes,LC,False,0.5
Pardirallus maculatus,Gruiformes,LC,False,0.5
Pardirallus nigricans,Gruiformes,LC,False,0.5
Pardirallus sanguinolentus,Gruiformes,LC,True,2.0
Porzana albicollis,Gruiformes,LC,False,0.5
Cyanolimnas cerverai,Gruiformes,CR,False,2.5
Neocrex colombiana,Gruiformes,DD,False,0.25
Neocrex erythrops,Gruiformes,LC,False,0.5
Amaurolimnas concolor,Gruiformes,LC,False,0.5
Aramides axillaris,Gruiformes,LC,False,0.5
Aramides mangle,Gruiformes,LC,False,0.5
Aramides albiventris,Gruiformes,LC,False,0.5
Aramides cajaneus,Gruiformes,LC,False,0.5
Aramides wolfi,Gruiformes,VU,False,1.5
Aramides ypecaha,Gruiformes,LC,False,0.5
Aramides calopterus,Gruiformes,LC,False,0.5
Aramides saracura,Gruiformes,LC,False,0.5
Rallus obsoletus,Gruiformes,NT,False,1.0
Rallus crepitans,Gruiformes,LC,True,2.0
Rallus tenuirostris,Gruiformes,NT,False,1.0
Rallus longirostris,Gruiformes,LC,False,0.5
Rallus elegans,Gruiformes,NT,True,4.0
Rallus wetmorei,Gruiformes,EN,False,2.0
Rallus limicola,Gruiformes,LC,True,2.0
Rallus semiplumbeus,Gruiformes,VU,False,1.5
Rallus aequatorialis,Gruiformes,,False,0.25
Rallus antarcticus,Gruiformes,VU,True,6.0
Rallus aquaticus,Gruiformes,LC,True,2.0
Rallus indicus,Gruiformes,LC,True,2.0
Rallus caerulescens,Gruiformes,LC,False,0.5
Rallus madagascariensis,Gruiformes,VU,False,1.5
Crex egregia,Gruiformes,LC,True,2.0
Rougetius rougetii,Gruiformes,NT,False,1.0
Dryolimnas cuvieri,Gruiformes,LC,False,0.5
Dryolimnas augusti,Gruiformes,EX,False,0.25
Crex crex,Gruiformes,LC,True,2.0
Aramidopsis plateni,Gruiformes,VU,False,1.5
Lewinia striata,Gruiformes,LC,False,0.5
Lewinia mirifica,Gruiformes,DD,False,0.25
Lewinia pectoralis,Gruiformes,LC,False,0.5
Lewinia muelleri,Gruiformes,VU,False,1.5
Diaphorapteryx hawkinsi,Gruiformes,EX,False,0.25
Aptenorallus calayanensis,Gruiformes,VU,False,1.5
Habroptila wallacii,Gruiformes,VU,False,1.5
Gallirallus australis,Gruiformes,VU,False,1.5
Eulabeornis castaneoventris,Gruiformes,LC,False,0.5
Gallirallus lafresnayanus,Gruiformes,CR,False,2.5
Cabalus modestus,Gruiformes,EX,False,0.25
Hypotaenidia okinawae,Gruiformes,EN,False,2.0
Hypotaenidia torquata,Gruiformes,LC,False,0.5
Hypotaenidia philippensis,Gruiformes,LC,False,0.5
Hypotaenidia owstoni,Gruiformes,CR,False,2.5
Hypotaenidia insignis,Gruiformes,NT,False,1.0
Hypotaenidia rovianae,Gruiformes,LC,False,0.5
Hypotaenidia woodfordi,Gruiformes,LC,False,0.5
Hypotaenidia tertia,Gruiformes,LC,False,0.5
Hypotaenidia immaculata,Gruiformes,LC,False,0.5
Hypotaenidia poeciloptera,Gruiformes,EX,False,0.25
Hypotaenidia sylvestris,Gruiformes,EN,False,2.0
Hypotaenidia dieffenbachii,Gruiformes,EX,False,0.25
Hypotaenidia pacifica,Gruiformes,EX,False,0.25
Hypotaenidia wakensis,Gruiformes,EX,False,0.25
Porphyriops melanops,Gruiformes,LC,False,0.5
Porzana carolina,Gruiformes,LC,True,2.0
Porzana porzana,Gruiformes,LC,True,2.0
Porzana fluminea,Gruiformes,LC,False,0.5
Tribonyx ventralis,Gruiformes,LC,False,0.5
Tribonyx hodgenorum,Gruiformes,EX,False,0.25
Tribonyx mortierii,Gruiformes,LC,False,0.5
Paragallinula angulata,Gruiformes,LC,True,2.0
Gallinula tenebrosa,Gruiformes,LC,False,0.5
Gallinula galeata,Gruiformes,LC,False,0.5
Gallinula chloropus,Gruiformes,LC,True,2.0
Gallinula nesiotis,Gruiformes,EX,False,0.25
Gallinula comeri,Gruiformes,VU,False,1.5
Pareudiastes silvestris,Gruiformes,CR,False,2.5
Pareudiastes pacificus,Gruiformes,CR,False,2.5
Fulica rufifrons,Gruiformes,LC,False,0.5
Fulica cornuta,Gruiformes,NT,False,1.0
Fulica gigantea,Gruiformes,LC,False,0.5
Fulica armillata,Gruiformes,LC,False,0.5
Fulica atra,Gruiformes,LC,True,2.0
Fulica cristata,Gruiformes,LC,False,0.5
Fulica newtonii,Gruiformes,EX,False,0.25
Fulica alai,Gruiformes,NT,False,1.0
Fulica americana,Gruiformes,LC,True,2.0
Fulica ardesiaca,Gruiformes,LC,False,0.5
Fulica leucoptera,Gruiformes,LC,False,0.5
Porphyrio alleni,Gruiformes,LC,True,2.0
Porphyrio martinicus,Gruiformes,LC,False,0.5
Porphyrio flavirostris,Gruiformes,LC,True,2.0
Porphyrio porphyrio,Gruiformes,LC,False,0.5
Porphyrio madagascariensis,Gruiformes,,False,0.25
Porphyrio poliocephalus,Gruiformes,,False,0.25
Porphyrio indicus,Gruiformes,,False,0.25
Porphyrio pulverulentus,Gruiformes,,False,0.25
Porphyrio melanotus,Gruiformes,,False,0.25
Porphyrio albus,Gruiformes,EX,False,0.25
Porphyrio paepae,Gruiformes,EX,False,0.25
Porphyrio mantelli,Gruiformes,EX,False,0.25
Porphyrio hochstetteri,Gruiformes,EN,False,2.0
Porphyrio kukwiedei,Gruiformes,EX,False,0.25
Porphyrio caerulescens,Gruiformes,EX,False,0.25
Laterallus xenopterus,Gruiformes,VU,False,1.5
Laterallus leucopyrrhus,Gruiformes,LC,False,0.5
Porzana fasciata,Gruiformes,LC,False,0.5
Micropygia schomburgkii,Gruiformes,LC,False,0.5
Rufirallus viridis,Gruiformes,LC,False,0.5
Coturnicops exquisitus,Gruiformes,LC,True,2.0
Coturnicops noveboracensis,Gruiformes,LC,True,2.0
Coturnicops notatus,Gruiformes,LC,False,0.5
Laterallus spilopterus,Gruiformes,VU,False,1.5
Laterallus rogersi,Gruiformes,VU,False,1.5
Laterallus jamaicensis,Gruiformes,EN,True,8.0
Laterallus tuerosi,Gruiformes,EN,False,2.0
Laterallus spilonota,Gruiformes,VU,False,1.5
Laterallus flaviventer,Gruiformes,LC,False,0.5
Laterallus exilis,Gruiformes,LC,False,0.5
Laterallus albigularis,Gruiformes,LC,False,0.5
Laterallus ruber,Gruiformes,LC,False,0.5
Laterallus levraudi,Gruiformes,VU,False,1.5
Laterallus melanophaius,Gruiformes,LC,False,0.5
Mundia elpenor,Gruiformes,EX,False,0.25
Laterallus podarces,Gruiformes,EX,False,0.25
Zapornia flavirostra,Gruiformes,LC,False,0.5
Zapornia olivieri,Gruiformes,EN,False,2.0
Zapornia fusca,Gruiformes,LC,True,2.0
Zapornia paykullii,Gruiformes,NT,True,4.0
Zapornia bicolor,Gruiformes,LC,False,0.5
Zapornia akool,Gruiformes,LC,False,0.5
Zapornia pusilla,Gruiformes,LC,True,2.0
Zapornia astrictocarpus,Gruiformes,EX,False,0.25
Zapornia parva,Gruiformes,LC,True,2.0
Zapornia tabuensis,Gruiformes,LC,False,0.5
Zapornia monasa,Gruiformes,EX,False,0.25
Zapornia nigra,Gruiformes,EX,False,0.25
Zapornia atra,Gruiformes,VU,False,1.5
Zapornia sandwichensis,Gruiformes,EX,False,0.25
Zapornia palmeri,Gruiformes,EX,False,0.25
Rallina eurizonoides,Gruiformes,LC,True,2.0
Rallina canningi,Gruiformes,LC,False,0.5
Rallina fasciata,Gruiformes,LC,True,2.0
Rallina tricolor,Gruiformes,LC,False,0.5
Gymnocrex rosenbergii,Gruiformes,VU,False,1.5
Gymnocrex talaudensis,Gruiformes,EN,False,2.0
Gymnocrex plumbeiventris,Gruiformes,LC,False,0.5
Himantornis haematopus,Gruiformes,LC,False,0.5
Megacrex inepta,Gruiformes,LC,False,0.5
Amaurornis cinerea,Gruiformes,LC,False,0.5
Amaurornis marginalis,Gruiformes,LC,True,2.0
Gallicrex cinerea,Gruiformes,LC,True,2.0
Amaurornis phoenicurus,Gruiformes,LC,False,0.5
Amaurornis olivacea,Gruiformes,LC,False,0.5
Amaurornis magnirostris,Gruiformes,VU,False,1.5
Amaurornis isabellina,Gruiformes,LC,False,0.5
Amaurornis moluccana,Gruiformes,LC,False,0.5
Aphanapteryx bonasia,Gruiformes,EX,False,0.25
Erythromachus leguati,Gruiformes,EX,False,0.25
Psophia crepitans,Gruiformes,LC,False,0.5
Psophia ochroptera,Gruiformes,LC,False,0.5
Psophia leucoptera,Gruiformes,LC,False,0.5
Psophia viridis,Gruiformes,VU,False,1.5
Psophia dextralis,Gruiformes,EN,False,2.0
Psophia obscura,Gruiformes,CR,False,2.5
Balearica regulorum,Gruiformes,EN,False,2.0
Balearica pavonina,Gruiformes,VU,False,1.5
Leucogeranus leucogeranus,Gruiformes,CR,True,10.0
Grus canadensis,Gruiformes,LC,True,2.0
Grus vipio,Gruiformes,VU,True,6.0
Grus antigone,Gruiformes,VU,False,1.5
Grus rubicunda,Gruiformes,LC,False,0.5
Bugeranus carunculatus,Gruiformes,VU,False,1.5
Anthropoides paradiseus,Gruiformes,VU,False,1.5
Anthropoides virgo,Gruiformes,LC,True,2.0
Grus japonensis,Gruiformes,VU,True,6.0
Grus americana,Gruiformes,EN,True,8.0
Grus grus,Gruiformes,LC,True,2.0
Grus monacha,Gruiformes,VU,True,6.0
Grus nigricollis,Gruiformes,NT,False,1.0
Aramus guarauna,Gruiformes,LC,False,0.5
Tachybaptus rufolavatus,Podicipediformes,EX,False,0.25
Tachybaptus ruficollis,Podicipediformes,LC,True,2.0
Tachybaptus tricolor,Podicipediformes,,False,0.25
Tachybaptus novaehollandiae,Podicipediformes,LC,True,2.0
Tachybaptus pelzelnii,Podicipediformes,EN,False,2.0
Tachybaptus dominicus,Podicipediformes,LC,True,2.0
Podilymbus podiceps,Podicipediformes,LC,True,2.0
Podilymbus gigas,Podicipediformes,EX,False,0.25
Rollandia rolland,Podicipediformes,LC,True,2.0
Rollandia microptera,Podicipediformes,EN,False,2.0
Poliocephalus poliocephalus,Podicipediformes,LC,False,0.5
Poliocephalus rufopectus,Podicipediformes,LC,False,0.5
Podiceps major,Podicipediformes,LC,True,2.0
Podiceps grisegena,Podicipediformes,LC,True,2.0
Podiceps cristatus,Podicipediformes,LC,True,2.0
Podiceps auritus,Podicipediformes,VU,True,6.0
Podiceps nigricollis,Podicipediformes,LC,True,2.0
Podiceps andinus,Podicipediformes,EX,False,0.25
Podiceps occipitalis,Podicipediformes,LC,False,0.5
Podiceps juninensis,Podicipediformes,NT,False,1.0
Podiceps taczanowskii,Podicipediformes,EN,False,2.0
Podiceps gallardoi,Podicipediformes,CR,True,10.0
Aechmophorus occidentalis,Podicipediformes,LC,True,2.0
Aechmophorus clarkii,Podicipediformes,LC,True,2.0
Phoenicopterus roseus,Phoenicopteriformes,LC,True,2.0
Phoenicopterus ruber,Phoenicopteriformes,LC,False,0.5
Phoenicopterus chilensis,Phoenicopteriformes,NT,True,4.0
Phoeniconaias minor,Phoenicopteriformes,NT,True,4.0
Phoenicoparrus andinus,Phoenicopteriformes,VU,False,1.5
Phoenicoparrus jamesi,Phoenicopteriformes,NT,False,1.0
Turnix tanki,Charadriiformes,LC,False,0.5
Turnix maculosus,Charadriiformes,LC,False,0.5
Turnix suscitator,Charadriiformes,LC,False,0.5
Turnix ocellatus,Charadriiformes,LC,False,0.5
Turnix sylvaticus,Charadriiformes,LC,False,0.5
Turnix velox,Charadriiformes,LC,False,0.5
Turnix pyrrhothorax,Charadriiformes,LC,False,0.5
Turnix worcesteri,Charadriiformes,DD,False,0.25
Turnix everetti,Charadriiformes,LC,False,0.5
Turnix nanus,Charadriiformes,LC,True,2.0
Turnix hottentottus,Charadriiformes,LC,False,0.5
Turnix castanotus,Charadriiformes,LC,False,0.5
Turnix olivii,Charadriiformes,CR,False,2.5
Turnix varius,Charadriiformes,LC,False,0.5
Turnix novaecaledoniae,Charadriiformes,CR (PE),False,0.25
Turnix melanogaster,Charadriiformes,VU,False,1.5
Turnix nigricollis,Charadriiformes,LC,False,0.5
Ortyxelos meiffrenii,Charadriiformes,LC,True,2.0
Burhinus bistriatus,Charadriiformes,LC,False,0.5
Burhinus superciliaris,Charadriiformes,VU,False,1.5
Esacus recurvirostris,Charadriiformes,NT,False,1.0
Esacus magnirostris,Charadriiformes,NT,False,1.0
Burhinus capensis,Charadriiformes,LC,False,0.5
Burhinus vermiculatus,Charadriiformes,LC,False,0.5
Burhinus grallarius,Charadriiformes,LC,False,0.5
Burhinus oedicnemus,Charadriiformes,LC,True,2.0
Burhinus indicus,Charadriiformes,LC,False,0.5
Burhinus senegalensis,Charadriiformes,LC,False,0.5
Pluvianellus socialis,Charadriiformes,VU,True,6.0
Chionis albus,Charadriiformes,LC,True,2.0
Chionis minor,Charadriiformes,LC,False,0.5
Haematopus leucopodus,Charadriiformes,LC,True,2.0
Haematopus ater,Charadriiformes,LC,False,0.5
Haematopus bachmani,Charadriiformes,,True,1.0
Haematopus palliatus,Charadriiformes,LC,True,2.0
Haematopus meadewaldoi,Charadriiformes,EX,False,0.25
Haematopus moquini,Charadriiformes,LC,False,0.5
Haematopus ostralegus,Charadriiformes,NT,True,4.0
Haematopus finschi,Charadriiformes,LC,False,0.5
Haematopus longirostris,Charadriiformes,LC,False,0.5
Haematopus unicolor,Charadriiformes,LC,False,0.5
Haematopus chathamensis,Charadriiformes,EN,False,2.0
Haematopus fuliginosus,Charadriiformes,LC,False,0.5
Ibidorhyncha struthersii,Charadriiformes,LC,False,0.5
Himantopus himantopus,Charadriiformes,LC,True,2.0
Himantopus leucocephalus,Charadriiformes,,True,1.0
Himantopus mexicanus,Charadriiformes,,True,1.0
Himantopus melanurus,Charadriiformes,,False,0.25
Himantopus novaezelandiae,Charadriiformes,CR,False,2.5
Cladorhynchus leucocephalus,Charadriiformes,LC,False,0.5
Recurvirostra avosetta,Charadriiformes,LC,True,2.0
Recurvirostra americana,Charadriiformes,LC,True,2.0
Recurvirostra novaehollandiae,Charadriiformes,LC,False,0.5
Recurvirostra andina,Charadriiformes,LC,False,0.5
Pluvialis squatarola,Charadriiformes,VU,True,6.0
Pluvialis apricaria,Charadriiformes,LC,True,2.0
Pluvialis fulva,Charadriiformes,LC,True,2.0
Pluvialis dominica,Charadriiformes,LC,True,2.0
Oreopholus ruficollis,Charadriiformes,LC,True,2.0
Charadrius modestus,Charadriiformes,LC,True,2.0
Phegornis mitchellii,Charadriiformes,NT,False,1.0
Eudromias morinellus,Charadriiformes,LC,True,2.0
Charadrius vociferus,Charadriiformes,NT,False,1.0
Charadrius hiaticula,Charadriiformes,LC,True,2.0
Charadrius semipalmatus,Charadriiformes,LC,True,2.0
Charadrius melodus,Charadriiformes,NT,True,4.0
Thinornis cucullatus,Charadriiformes,VU,False,1.5
Charadrius forbesi,Charadriiformes,LC,True,2.0
Charadrius tricollaris,Charadriiformes,LC,False,0.5
Charadrius bifrontatus,Charadriiformes,LC,False,0.5
Elseyornis melanops,Charadriiformes,LC,False,0.5
Thinornis novaeseelandiae,Charadriiformes,EN,False,2.0
Charadrius dubius,Charadriiformes,LC,True,2.0
Charadrius placidus,Charadriiformes,LC,True,2.0
Hoploxypterus cayanus,Charadriiformes,LC,False,0.5
Vanellus vanellus,Charadriiformes,NT,True,4.0
Vanellus crassirostris,Charadriiformes,LC,False,0.5
Vanellus armatus,Charadriiformes,LC,False,0.5
Vanellus spinosus,Charadriiformes,LC,True,2.0
Vanellus duvaucelii,Charadriiformes,NT,False,1.0
Vanellus malabaricus,Charadriiformes,LC,False,0.5
Vanellus tectus,Charadriiformes,LC,False,0.5
Vanellus albiceps,Charadriiformes,LC,False,0.5
Vanellus lugubris,Charadriiformes,LC,True,2.0
Vanellus melanopterus,Charadriiformes,LC,True,2.0
Vanellus coronatus,Charadriiformes,LC,False,0.5
Vanellus senegallus,Charadriiformes,LC,False,0.5
Vanellus melanocephalus,Charadriiformes,LC,False,0.5
Vanellus superciliosus,Charadriiformes,LC,True,2.0
Vanellus cinereus,Charadriiformes,LC,True,2.0
Vanellus indicus,Charadriiformes,LC,True,2.0
Vanellus macropterus,Charadriiformes,CR (PE),False,0.25
Vanellus tricolor,Charadriiformes,LC,False,0.5
Vanellus miles,Charadriiformes,LC,False,0.5
Vanellus novaehollandiae,Charadriiformes,LC,False,0.5
Vanellus gregarius,Charadriiformes,CR,True,10.0
Vanellus leucurus,Charadriiformes,LC,False,0.5
Vanellus chilensis,Charadriiformes,LC,False,0.5
Vanellus resplendens,Charadriiformes,LC,False,0.5
Erythrogonys cinctus,Charadriiformes,LC,False,0.5
Peltohyas australis,Charadriiformes,LC,False,0.5
Charadrius asiaticus,Charadriiformes,LC,True,2.0
Charadrius veredus,Charadriiformes,LC,True,2.0
Charadrius atrifrons,Charadriiformes,LC,True,2.0
Charadrius mongolus,Charadriiformes,EN,True,8.0
Charadrius leschenaultii,Charadriiformes,LC,True,2.0
Charadrius bicinctus,Charadriiformes,NT,True,4.0
Anarhynchus frontalis,Charadriiformes,VU,True,6.0
Charadrius obscurus,Charadriiformes,CR,True,10.0
Charadrius aquilonius,Charadriiformes,LC,False,0.5
Charadrius wilsonia,Charadriiformes,LC,True,2.0
Charadrius collaris,Charadriiformes,LC,False,0.5
Charadrius montanus,Charadriiformes,NT,True,4.0
Charadrius alticola,Charadriiformes,LC,False,0.5
Charadrius falklandicus,Charadriiformes,LC,True,2.0
Charadrius thoracicus,Charadriiformes,VU,False,1.5
Charadrius pecuarius,Charadriiformes,LC,False,0.5
Charadrius sanctaehelenae,Charadriiformes,VU,False,1.5
Charadrius ruficapillus,Charadriiformes,LC,False,0.5
Charadrius nivosus,Charadriiformes,NT,True,4.0
Charadrius pallidus,Charadriiformes,LC,False,0.5
Charadrius peronii,Charadriiformes,NT,False,1.0
Charadrius marginatus,Charadriiformes,LC,False,0.5
Charadrius javanicus,Charadriiformes,LC,False,0.5
Charadrius alexandrinus,Charadriiformes,LC,True,2.0
Charadrius dealbatus,Charadriiformes,LC,True,2.0
Pluvianus aegyptius,Charadriiformes,LC,False,0.5
Rostratula benghalensis,Charadriiformes,LC,False,0.5
Rostratula australis,Charadriiformes,EN,False,2.0
Nycticryphes semicollaris,Charadriiformes,NT,False,1.0
Hydrophasianus chirurgus,Charadriiformes,LC,True,2.0
Jacana spinosa,Charadriiformes,LC,False,0.5
Jacana jacana,Charadriiformes,LC,False,0.5
Microparra capensis,Charadriiformes,LC,False,0.5
Irediparra gallinacea,Charadriiformes,LC,False,0.5
Metopidius indicus,Charadriiformes,LC,False,0.5
Actophilornis africanus,Charadriiformes,LC,False,0.5
Actophilornis albinucha,Charadriiformes,EN,False,2.0
Pedionomus torquatus,Charadriiformes,EN,False,2.0
Attagis gayi,Charadriiformes,LC,False,0.5
Attagis malouinus,Charadriiformes,LC,False,0.5
Thinocorus orbignyianus,Charadriiformes,LC,False,0.5
Thinocorus rumicivorus,Charadriiformes,LC,True,2.0
Bartramia longicauda,Charadriiformes,LC,True,2.0
Numenius tahitiensis,Charadriiformes,NT,True,4.0
Numenius phaeopus,Charadriiformes,LC,True,2.0
Numenius hudsonicus,Charadriiformes,,True,1.0
Numenius minutus,Charadriiformes,LC,True,2.0
Numenius borealis,Charadriiformes,CR (PE),True,1.0
Numenius americanus,Charadriiformes,LC,True,2.0
Numenius madagascariensis,Charadriiformes,EN,True,8.0
Numenius tenuirostris,Charadriiformes,CR,True,10.0
Numenius arquata,Charadriiformes,NT,True,4.0
Limosa lapponica,Charadriiformes,NT,True,4.0
Limosa limosa,Charadriiformes,NT,True,4.0
Limosa haemastica,Charadriiformes,VU,True,6.0
Limosa fedoa,Charadriiformes,VU,True,6.0
Limnodromus semipalmatus,Charadriiformes,NT,True,4.0
Limnodromus scolopaceus,Charadriiformes,NT,True,4.0
Limnodromus griseus,Charadriiformes,VU,True,6.0
Lymnocryptes minimus,Charadriiformes,LC,True,2.0
Scolopax minor,Charadriiformes,LC,True,2.0
Scolopax rusticola,Charadriiformes,LC,True,2.0
Scolopax mira,Charadriiformes,VU,False,1.5
Scolopax bukidnonensis,Charadriiformes,LC,False,0.5
Scolopax saturata,Charadriiformes,NT,False,1.0
Scolopax rosenbergii,Charadriiformes,LC,False,0.5
Scolopax celebensis,Charadriiformes,LC,False,0.5
Scolopax rochussenii,Charadriiformes,VU,False,1.5
Coenocorypha barrierensis,Charadriiformes,EX,False,0.25
Coenocorypha iredalei,Charadriiformes,EX,False,0.25
Coenocorypha pusilla,Charadriiformes,VU,False,1.5
Coenocorypha huegeli,Charadriiformes,NT,False,1.0
Coenocorypha aucklandica,Charadriiformes,NT,False,1.0
Gallinago imperialis,Charadriiformes,NT,False,1.0
Gallinago jamesoni,Charadriiformes,LC,False,0.5
Gallinago stricklandii,Charadriiformes,NT,False,1.0
Gallinago solitaria,Charadriiformes,LC,False,0.5
Gallinago nemoricola,Charadriiformes,VU,False,1.5
Gallinago media,Charadriiformes,NT,True,4.0
Gallinago megala,Charadriiformes,LC,True,2.0
Gallinago stenura,Charadriiformes,LC,True,2.0
Gallinago hardwickii,Charadriiformes,NT,True,4.0
Gallinago nigripennis,Charadriiformes,LC,False,0.5
Gallinago gallinago,Charadriiformes,LC,True,2.0
Gallinago delicata,Charadriiformes,LC,True,2.0
Gallinago undulata,Charadriiformes,LC,False,0.5
Gallinago nobilis,Charadriiformes,NT,False,1.0
Gallinago andina,Charadriiformes,LC,False,0.5
Gallinago macrodactyla,Charadriiformes,VU,False,1.5
Gallinago paraguaiae,Charadriiformes,LC,False,0.5
Gallinago magellanica,Charadriiformes,LC,False,0.5
Steganopus tricolor,Charadriiformes,LC,True,2.0
Phalaropus fulicarius,Charadriiformes,LC,True,2.0
Phalaropus lobatus,Charadriiformes,LC,True,2.0
Xenus cinereus,Charadriiformes,LC,True,2.0
Actitis hypoleucos,Charadriiformes,LC,True,2.0
Actitis macularius,Charadriiformes,LC,True,2.0
Tringa ochropus,Charadriiformes,LC,True,2.0
Tringa solitaria,Charadriiformes,LC,True,2.0
Tringa brevipes,Charadriiformes,LC,True,2.0
Tringa incana,Charadriiformes,LC,True,2.0
Tringa stagnatilis,Charadriiformes,LC,True,2.0
Tringa glareola,Charadriiformes,LC,True,2.0
Tringa totanus,Charadriiformes,LC,True,2.0
Tringa flavipes,Charadriiformes,VU,True,6.0
Tringa guttifer,Charadriiformes,EN,True,8.0
Tringa semipalmata,Charadriiformes,LC,True,2.0
Tringa erythropus,Charadriiformes,LC,True,2.0
Tringa nebularia,Charadriiformes,LC,True,2.0
Tringa melanoleuca,Charadriiformes,NT,True,4.0
Prosobonia cancellata,Charadriiformes,EX,False,0.25
Prosobonia leucoptera,Charadriiformes,EX,False,0.25
Prosobonia ellisi,Charadriiformes,EX,False,0.25
Prosobonia parvirostris,Charadriiformes,EN,False,2.0
Arenaria interpres,Charadriiformes,NT,True,4.0
Arenaria melanocephala,Charadriiformes,LC,True,2.0
Calidris tenuirostris,Charadriiformes,EN,True,8.0
Calidris canutus,Charadriiformes,NT,True,4.0
Calidris virgata,Charadriiformes,LC,True,2.0
Calidris pugnax,Charadriiformes,LC,True,2.0
Calidris falcinellus,Charadriiformes,VU,True,6.0
Calidris acuminata,Charadriiformes,VU,True,6.0
Calidris himantopus,Charadriiformes,NT,True,4.0
Calidris ferruginea,Charadriiformes,VU,True,6.0
Calidris temminckii,Charadriiformes,LC,True,2.0
Calidris subminuta,Charadriiformes,LC,True,2.0
Calidris ruficollis,Charadriiformes,NT,True,4.0
Calidris pygmaea,Charadriiformes,CR,True,10.0
Calidris subruficollis,Charadriiformes,VU,True,6.0
Calidris alba,Charadriiformes,LC,True,2.0
Calidris alpina,Charadriiformes,NT,True,4.0
Calidris maritima,Charadriiformes,LC,True,2.0
Calidris ptilocnemis,Charadriiformes,LC,True,2.0
Calidris bairdii,Charadriiformes,LC,True,2.0
Calidris minuta,Charadriiformes,LC,True,2.0
Calidris minutilla,Charadriiformes,NT,True,4.0
Calidris fuscicollis,Charadriiformes,VU,True,6.0
Calidris melanotos,Charadriiformes,LC,True,2.0
Calidris mauri,Charadriiformes,LC,True,2.0
Calidris pusilla,Charadriiformes,NT,True,4.0
Dromas ardeola,Charadriiformes,LC,False,0.5
Smutsornis africanus,Charadriiformes,LC,False,0.5
Rhinoptilus chalcopterus,Charadriiformes,LC,True,2.0
Rhinoptilus cinctus,Charadriiformes,LC,False,0.5
Rhinoptilus bitorquatus,Charadriiformes,CR,False,2.5
Cursorius coromandelicus,Charadriiformes,LC,False,0.5
Cursorius temminckii,Charadriiformes,LC,False,0.5
Cursorius rufus,Charadriiformes,LC,False,0.5
Cursorius cursor,Charadriiformes,LC,True,2.0
Cursorius somalensis,Charadriiformes,LC,True,2.0
Stiltia isabella,Charadriiformes,LC,True,2.0
Glareola nuchalis,Charadriiformes,LC,True,2.0
Glareola cinerea,Charadriiformes,LC,False,0.5
Glareola lactea,Charadriiformes,LC,True,2.0
Glareola maldivarum,Charadriiformes,LC,True,2.0
Glareola nordmanni,Charadriiformes,NT,True,4.0
Glareola pratincola,Charadriiformes,LC,True,2.0
Glareola ocularis,Charadriiformes,NT,True,4.0
Rynchops flavirostris,Charadriiformes,LC,True,2.0
Rynchops albicollis,Charadriiformes,EN,False,2.0
Rynchops niger,Charadriiformes,LC,True,2.0
Gygis alba,Charadriiformes,LC,False,0.5
Gygis candida,Charadriiformes,LC,False,0.5
Gygis microrhyncha,Charadriiformes,LC,False,0.5
Anous stolidus,Charadriiformes,LC,False,0.5
Anous tenuirostris,Charadriiformes,LC,False,0.5
Anous minutus,Charadriiformes,LC,False,0.5
Anous albivittus,Charadriiformes,LC,False,0.5
Anous ceruleus,Charadriiformes,LC,False,0.5
Onychoprion aleuticus,Charadriiformes,VU,True,6.0
Onychoprion fuscatus,Charadriiformes,LC,True,2.0
Onychoprion anaethetus,Charadriiformes,LC,True,2.0
Onychoprion lunatus,Charadriiformes,LC,True,2.0
Sternula albifrons,Charadriiformes,LC,True,2.0
Sternula saundersi,Charadriiformes,LC,True,2.0
Sternula antillarum,Charadriiformes,LC,True,2.0
Sternula superciliaris,Charadriiformes,LC,False,0.5
Sternula lorata,Charadriiformes,EN,False,2.0
Sternula nereis,Charadriiformes,VU,True,6.0
Sternula balaenarum,Charadriiformes,LC,True,2.0
Phaetusa simplex,Charadriiformes,LC,False,0.5
Gelochelidon nilotica,Charadriiformes,LC,True,2.0
Gelochelidon macrotarsa,Charadriiformes,LC,False,0.5
Hydroprogne caspia,Charadriiformes,LC,False,0.5
Larosterna inca,Charadriiformes,NT,False,1.0
Chlidonias hybrida,Charadriiformes,LC,True,2.0
Chlidonias albostriatus,Charadriiformes,EN,True,8.0
Chlidonias niger,Charadriiformes,LC,True,2.0
Chlidonias leucopterus,Charadriiformes,LC,True,2.0
Sterna aurantia,Charadriiformes,VU,False,1.5
Sterna forsteri,Charadriiformes,LC,True,2.0
Sterna trudeaui,Charadriiformes,LC,False,0.5
Sterna paradisaea,Charadriiformes,LC,True,2.0
Sterna hirundinacea,Charadriiformes,LC,True,2.0
Sterna vittata,Charadriiformes,LC,True,2.0
Sterna virgata,Charadriiformes,NT,False,1.0
Sterna hirundo,Charadriiformes,LC,True,2.0
Sterna repressa,Charadriiformes,LC,True,2.0
Sterna sumatrana,Charadriiformes,LC,False,0.5
Sterna dougallii,Charadriiformes,LC,True,2.0
Sterna striata,Charadriiformes,NT,False,1.0
Sterna acuticauda,Charadriiformes,EN,False,2.0
Thalasseus sandvicensis,Charadriiformes,LC,True,2.0
Thalasseus acuflavidus,Charadriiformes,,True,1.0
Thalasseus elegans,Charadriiformes,NT,True,4.0
Thalasseus bengalensis,Charadriiformes,LC,False,0.5
Thalasseus albididorsalis,Charadriiformes,,True,1.0
Thalasseus maximus,Charadriiformes,LC,False,0.5
Thalasseus bergii,Charadriiformes,LC,False,0.5
Thalasseus bernsteini,Charadriiformes,CR,True,10.0
Creagrus furcatus,Charadriiformes,LC,True,2.0
Hydrocoloeus minutus,Charadriiformes,LC,True,2.0
Rhodostethia rosea,Charadriiformes,LC,True,2.0
Rissa tridactyla,Charadriiformes,VU,True,6.0
Rissa brevirostris,Charadriiformes,VU,True,6.0
Pagophila eburnea,Charadriiformes,NT,True,4.0
Xema sabini,Charadriiformes,LC,True,2.0
Saundersilarus saundersi,Charadriiformes,VU,True,6.0
Larus genei,Charadriiformes,LC,True,2.0
Larus philadelphia,Charadriiformes,LC,True,2.0
Larus novaehollandiae,Charadriiformes,LC,True,2.0
Larus bulleri,Charadriiformes,NT,True,4.0
Larus serranus,Charadriiformes,LC,False,0.5
Larus maculipennis,Charadriiformes,LC,True,2.0
Larus ridibundus,Charadriiformes,LC,True,2.0
Larus brunnicephalus,Charadriiformes,LC,True,2.0
Larus cirrocephalus,Charadriiformes,LC,True,2.0
Larus hartlaubii,Charadriiformes,LC,False,0.5
Larus modestus,Charadriiformes,LC,True,2.0
Larus scoresbii,Charadriiformes,LC,False,0.5
Larus atricilla,Charadriiformes,LC,True,2.0
Larus pipixcan,Charadriiformes,LC,True,2.0
Larus fuliginosus,Charadriiformes,VU,False,1.5
Larus ichthyaetus,Charadriiformes,LC,True,2.0
Larus relictus,Charadriiformes,VU,True,6.0
Larus audouinii,Charadriiformes,VU,False,1.5
Larus melanocephalus,Charadriiformes,LC,True,2.0
Larus hemprichii,Charadriiformes,LC,True,2.0
Larus leucophthalmus,Charadriiformes,LC,False,0.5
Larus pacificus,Charadriiformes,LC,False,0.5
Larus belcheri,Charadriiformes,LC,False,0.5
Larus crassirostris,Charadriiformes,LC,True,2.0
Larus atlanticus,Charadriiformes,NT,False,1.0
Larus heermanni,Charadriiformes,NT,False,1.0
Larus canus,Charadriiformes,LC,True,2.0
Larus brachyrhynchus,Charadriiformes,,True,1.0
Larus delawarensis,Charadriiformes,LC,True,2.0
Larus livens,Charadriiformes,LC,False,0.5
Larus occidentalis,Charadriiformes,LC,True,2.0
Larus cachinnans,Charadriiformes,LC,True,2.0
Larus dominicanus,Charadriiformes,LC,True,2.0
Larus argentatus,Charadriiformes,LC,True,2.0
Larus vegae,Charadriiformes,,False,0.25
Larus mongolicus,Charadriiformes,,True,1.0
Larus michahellis,Charadriiformes,LC,False,0.5
Larus armenicus,Charadriiformes,LC,True,2.0
Larus marinus,Charadriiformes,LC,False,0.5
Larus hyperboreus,Charadriiformes,LC,True,2.0
Larus fuscus,Charadriiformes,LC,True,2.0
Larus californicus,Charadriiformes,LC,True,2.0
Larus smithsonianus,Charadriiformes,LC,False,0.5
Larus glaucescens,Charadriiformes,LC,True,2.0
Larus schistisagus,Charadriiformes,LC,False,0.5
Larus glaucoides,Charadriiformes,LC,False,0.5
Stercorarius longicaudus,Charadriiformes,LC,True,2.0
Stercorarius parasiticus,Charadriiformes,LC,True,2.0
Stercorarius pomarinus,Charadriiformes,LC,True,2.0
Catharacta skua,Charadriiformes,LC,True,2.0
Catharacta chilensis,Charadriiformes,LC,True,2.0
Catharacta antarctica,Charadriiformes,LC,True,2.0
Catharacta maccormicki,Charadriiformes,LC,True,2.0
Cerorhinca monocerata,Charadriiformes,LC,False,0.5
Fratercula cirrhata,Charadriiformes,LC,True,2.0
Fratercula arctica,Charadriiformes,VU,True,6.0
Fratercula corniculata,Charadriiformes,LC,True,2.0
Ptychoramphus aleuticus,Charadriiformes,NT,True,4.0
Aethia pusilla,Charadriiformes,LC,True,2.0
Aethia pygmaea,Charadriiformes,LC,False,0.5
Aethia cristatella,Charadriiformes,LC,False,0.5
Aethia psittacula,Charadriiformes,LC,True,2.0
Brachyramphus perdix,Charadriiformes,NT,True,4.0
Brachyramphus brevirostris,Charadriiformes,NT,True,4.0
Brachyramphus marmoratus,Charadriiformes,EN,True,8.0
Cepphus grylle,Charadriiformes,LC,True,2.0
Cepphus carbo,Charadriiformes,LC,False,0.5
Cepphus columba,Charadriiformes,LC,False,0.5
Alca torda,Charadriiformes,LC,True,2.0
Pinguinus impennis,Charadriiformes,EX,True,1.0
Alle alle,Charadriiformes,LC,True,2.0
Uria lomvia,Charadriiformes,LC,True,2.0
Uria aalge,Charadriiformes,LC,True,2.0
Synthliboramphus antiquus,Charadriiformes,LC,False,0.5
Synthliboramphus wumizusume,Charadriiformes,VU,True,6.0
Synthliboramphus scrippsi,Charadriiformes,VU,False,1.5
Synthliboramphus hypoleucus,Charadriiformes,EN,True,8.0
Synthliboramphus craveri,Charadriiformes,VU,False,1.5
Rhynochetos jubatus,Eurypygiformes,EN,False,2.0
Eurypyga helias,Eurypygiformes,LC,False,0.5
Phaethon aethereus,Phaethontiformes,LC,False,0.5
Phaethon rubricauda,Phaethontiformes,LC,True,2.0
Phaethon lepturus,Phaethontiformes,LC,False,0.5
Gavia stellata,Gaviiformes,LC,True,2.0
Gavia arctica,Gaviiformes,LC,True,2.0
Gavia pacifica,Gaviiformes,LC,True,2.0
Gavia immer,Gaviiformes,LC,True,2.0
Gavia adamsii,Gaviiformes,NT,True,4.0
Aptenodytes patagonicus,Sphenisciformes,LC,False,0.5
Aptenodytes forsteri,Sphenisciformes,NT,False,1.0
Pygoscelis adeliae,Sphenisciformes,LC,False,0.5
Pygoscelis antarcticus,Sphenisciformes,LC,True,2.0
Pygoscelis papua,Sphenisciformes,LC,False,0.5
Eudyptula minor,Sphenisciformes,LC,False,0.5
Spheniscus mendiculus,Sphenisciformes,EN,False,2.0
Spheniscus humboldti,Sphenisciformes,VU,True,6.0
Spheniscus magellanicus,Sphenisciformes,LC,True,2.0
Spheniscus demersus,Sphenisciformes,CR,False,2.5
Megadyptes antipodes,Sphenisciformes,EN,False,2.0
Eudyptes chrysolophus,Sphenisciformes,VU,False,1.5
Eudyptes schlegeli,Sphenisciformes,LC,False,0.5
Eudyptes moseleyi,Sphenisciformes,EN,False,2.0
Eudyptes filholi,Sphenisciformes,,True,1.0
Eudyptes chrysocome,Sphenisciformes,VU,True,6.0
Eudyptes pachyrhynchus,Sphenisciformes,NT,False,1.0
Eudyptes robustus,Sphenisciformes,VU,False,1.5
Eudyptes sclateri,Sphenisciformes,EN,False,2.0
Oceanites oceanicus,Procellariiformes,LC,True,2.0
Oceanites gracilis,Procellariiformes,DD,False,0.25
Oceanites pincoyae,Procellariiformes,DD,False,0.25
Garrodia nereis,Procellariiformes,LC,False,0.5
Pelagodroma marina,Procellariiformes,LC,True,2.0
Fregetta grallaria,Procellariiformes,LC,True,2.0
Fregetta tropica,Procellariiformes,LC,True,2.0
Fregetta lineata,Procellariiformes,DD,True,1.0
Fregetta maoriana,Procellariiformes,CR,True,10.0
Nesofregetta fuliginosa,Procellariiformes,EN,True,8.0
Diomedea sanfordi,Procellariiformes,EN,True,8.0
Diomedea epomophora,Procellariiformes,VU,True,6.0
Diomedea exulans,Procellariiformes,VU,True,6.0
Diomedea dabbenena,Procellariiformes,CR,True,10.0
Diomedea antipodensis,Procellariiformes,EN,True,8.0
Diomedea amsterdamensis,Procellariiformes,EN,True,8.0
Phoebastria irrorata,Procellariiformes,CR,True,10.0
Phoebastria immutabilis,Procellariiformes,NT,True,4.0
Phoebastria nigripes,Procellariiformes,NT,True,4.0
Phoebastria albatrus,Procellariiformes,VU,True,6.0
Phoebetria fusca,Procellariiformes,EN,True,8.0
Phoebetria palpebrata,Procellariiformes,NT,True,4.0
Thalassarche chlororhynchos,Procellariiformes,EN,True,8.0
Thalassarche carteri,Procellariiformes,EN,True,8.0
Thalassarche chrysostoma,Procellariiformes,EN,True,8.0
Thalassarche bulleri,Procellariiformes,NT,True,4.0
Thalassarche cauta,Procellariiformes,NT,True,4.0
Thalassarche steadi,Procellariiformes,NT,True,4.0
Thalassarche salvini,Procellariiformes,VU,True,6.0
Thalassarche eremita,Procellariiformes,VU,True,6.0
Thalassarche melanophris,Procellariiformes,LC,True,2.0
Thalassarche impavida,Procellariiformes,VU,True,6.0
Hydrobates pelagicus,Procellariiformes,LC,True,2.0
Hydrobates furcatus,Procellariiformes,LC,True,2.0
Hydrobates hornbyi,Procellariiformes,NT,True,4.0
Hydrobates monorhis,Procellariiformes,NT,True,4.0
Hydrobates matsudairae,Procellariiformes,VU,True,6.0
Hydrobates leucorhous,Procellariiformes,VU,True,6.0
Hydrobates socorroensis,Procellariiformes,EN,True,8.0
Hydrobates cheimomnestes,Procellariiformes,VU,True,6.0
Hydrobates homochroa,Procellariiformes,EN,False,2.0
Hydrobates castro,Procellariiformes,LC,True,2.0
Hydrobates monteiroi,Procellariiformes,VU,False,1.5
Hydrobates jabejabe,Procellariiformes,LC,True,2.0
Hydrobates tethys,Procellariiformes,LC,True,2.0
Hydrobates melania,Procellariiformes,LC,True,2.0
Hydrobates macrodactylus,Procellariiformes,CR (PE),False,0.25
Hydrobates markhami,Procellariiformes,NT,True,4.0
Hydrobates tristrami,Procellariiformes,LC,True,2.0
Hydrobates microsoma,Procellariiformes,LC,True,2.0
Macronectes giganteus,Procellariiformes,LC,True,2.0
Macronectes halli,Procellariiformes,LC,True,2.0
Fulmarus glacialis,Procellariiformes,LC,True,2.0
Fulmarus glacialoides,Procellariiformes,LC,True,2.0
Thalassoica antarctica,Procellariiformes,LC,False,0.5
Daption capense,Procellariiformes,LC,False,0.5
Pagodroma nivea,Procellariiformes,LC,False,0.5
Halobaena caerulea,Procellariiformes,LC,True,2.0
Pachyptila vittata,Procellariiformes,LC,False,0.5
Pachyptila salvini,Procellariiformes,LC,True,2.0
Pachyptila macgillivrayi,Procellariiformes,CR,True,10.0
Pachyptila desolata,Procellariiformes,LC,True,2.0
Pachyptila belcheri,Procellariiformes,LC,True,2.0
Pachyptila turtur,Procellariiformes,LC,True,2.0
Pachyptila crassirostris,Procellariiformes,LC,False,0.5
Aphrodroma brevirostris,Procellariiformes,LC,True,2.0
Pterodroma macroptera,Procellariiformes,LC,True,2.0
Pterodroma lessonii,Procellariiformes,LC,True,2.0
Pterodroma gouldi,Procellariiformes,LC,True,2.0
Pterodroma incerta,Procellariiformes,EN,True,8.0
Pterodroma solandri,Procellariiformes,LC,True,2.0
Pterodroma magentae,Procellariiformes,CR,True,10.0
Pterodroma ultima,Procellariiformes,LC,True,2.0
Pterodroma mollis,Procellariiformes,LC,True,2.0
Pterodroma madeira,Procellariiformes,EN,True,8.0
Pterodroma feae,Procellariiformes,NT,True,4.0
Pterodroma deserta,Procellariiformes,VU,True,6.0
Pterodroma cahow,Procellariiformes,EN,True,8.0
Pterodroma hasitata,Procellariiformes,EN,True,8.0
Pterodroma caribbaea,Procellariiformes,CR (PE),False,0.25
Pterodroma externa,Procellariiformes,VU,True,6.0
Pterodroma occulta,Procellariiformes,,True,1.0
Pterodroma neglecta,Procellariiformes,LC,True,2.0
Pterodroma heraldica,Procellariiformes,LC,True,2.0
Pterodroma arminjoniana,Procellariiformes,VU,True,6.0
Pterodroma atrata,Procellariiformes,EN,True,8.0
Pterodroma alba,Procellariiformes,VU,True,6.0
Pterodroma baraui,Procellariiformes,EN,True,8.0
Pterodroma sandwichensis,Procellariiformes,EN,True,8.0
Pterodroma phaeopygia,Procellariiformes,CR,True,10.0
Pterodroma inexpectata,Procellariiformes,NT,True,4.0
Pterodroma cervicalis,Procellariiformes,VU,True,6.0
Pterodroma nigripennis,Procellariiformes,LC,True,2.0
Pterodroma axillaris,Procellariiformes,VU,True,6.0
Pterodroma hypoleuca,Procellariiformes,LC,True,2.0
Pterodroma leucoptera,Procellariiformes,VU,True,6.0
Pterodroma brevipes,Procellariiformes,VU,False,1.5
Pterodroma cookii,Procellariiformes,VU,True,6.0
Pterodroma defilippiana,Procellariiformes,VU,False,1.5
Pterodroma longirostris,Procellariiformes,VU,True,6.0
Pterodroma pycrofti,Procellariiformes,VU,True,6.0
Pseudobulweria aterrima,Procellariiformes,CR,True,10.0
Pterodroma rupinarum,Procellariiformes,EX,False,0.25
Pseudobulweria rostrata,Procellariiformes,NT,True,4.0
Pseudobulweria becki,Procellariiformes,CR,True,10.0
Pseudobulweria macgillivrayi,Procellariiformes,CR,False,2.5
Procellaria cinerea,Procellariiformes,NT,True,4.0
Procellaria aequinoctialis,Procellariiformes,VU,True,6.0
Procellaria conspicillata,Procellariiformes,VU,True,6.0
Procellaria parkinsoni,Procellariiformes,VU,True,6.0
Procellaria westlandica,Procellariiformes,EN,True,8.0
Calonectris leucomelas,Procellariiformes,NT,True,4.0
Calonectris borealis,Procellariiformes,LC,True,2.0
Calonectris diomedea,Procellariiformes,LC,True,2.0
Calonectris edwardsii,Procellariiformes,NT,True,4.0
Ardenna pacifica,Procellariiformes,LC,True,2.0
Ardenna bulleri,Procellariiformes,VU,True,6.0
Ardenna grisea,Procellariiformes,NT,True,4.0
Ardenna tenuirostris,Procellariiformes,LC,True,2.0
Ardenna creatopus,Procellariiformes,VU,True,6.0
Ardenna carneipes,Procellariiformes,NT,True,4.0
Ardenna gravis,Procellariiformes,LC,True,2.0
Puffinus nativitatis,Procellariiformes,LC,False,0.5
Puffinus puffinus,Procellariiformes,LC,True,2.0
Puffinus yelkouan,Procellariiformes,VU,True,6.0
Puffinus mauretanicus,Procellariiformes,CR,True,10.0
Puffinus bryani,Procellariiformes,CR,True,10.0
Puffinus opisthomelas,Procellariiformes,NT,False,1.0
Puffinus auricularis,Procellariiformes,CR,True,10.0
Puffinus newelli,Procellariiformes,CR,True,10.0
Puffinus myrtae,Procellariiformes,CR,False,2.5
Puffinus gavia,Procellariiformes,LC,False,0.5
Puffinus huttoni,Procellariiformes,EN,True,8.0
Puffinus lherminieri,Procellariiformes,LC,True,2.0
Puffinus persicus,Procellariiformes,LC,True,2.0
Puffinus bailloni,Procellariiformes,LC,True,2.0
Puffinus subalaris,Procellariiformes,LC,True,2.0
Puffinus bannermani,Procellariiformes,EN,False,2.0
Puffinus heinrothi,Procellariiformes,VU,True,6.0
Puffinus assimilis,Procellariiformes,LC,False,0.5
Puffinus elegans,Procellariiformes,LC,False,0.5
Puffinus baroli,Procellariiformes,,False,0.25
Puffinus boydi,Procellariiformes,,True,1.0
Pelecanoides garnotii,Procellariiformes,NT,True,4.0
Pelecanoides magellani,Procellariiformes,LC,False,0.5
Pelecanoides georgicus,Procellariiformes,LC,True,2.0
Pelecanoides whenuahouensis,Procellariiformes,CR,False,2.5
Pelecanoides urinatrix,Procellariiformes,LC,False,0.5
Bulweria bulwerii,Procellariiformes,LC,True,2.0
Bulweria bifax,Procellariiformes,EX,False,0.25
Bulweria fallax,Procellariiformes,NT,True,4.0
Anastomus lamelligerus,Ciconiiformes,LC,True,2.0
Anastomus oscitans,Ciconiiformes,LC,False,0.5
Leptoptilos crumenifer,Ciconiiformes,LC,False,0.5
Leptoptilos javanicus,Ciconiiformes,NT,False,1.0
Leptoptilos dubius,Ciconiiformes,NT,True,4.0
Mycteria americana,Ciconiiformes,LC,False,0.5
Mycteria ibis,Ciconiiformes,LC,True,2.0
Mycteria leucocephala,Ciconiiformes,LC,False,0.5
Mycteria cinerea,Ciconiiformes,EN,False,2.0
Jabiru mycteria,Ciconiiformes,LC,False,0.5
Ephippiorhynchus senegalensis,Ciconiiformes,LC,False,0.5
Ephippiorhynchus asiaticus,Ciconiiformes,NT,False,1.0
Ciconia abdimii,Ciconiiformes,LC,True,2.0
Ciconia microscelis,Ciconiiformes,LC,False,0.5
Ciconia episcopus,Ciconiiformes,NT,False,1.0
Ciconia stormi,Ciconiiformes,EN,False,2.0
Ciconia nigra,Ciconiiformes,LC,True,2.0
Ciconia maguari,Ciconiiformes,LC,True,2.0
Ciconia ciconia,Ciconiiformes,LC,True,2.0
Ciconia boyciana,Ciconiiformes,EN,True,8.0
Fregata aquila,Pelecaniformes,VU,False,1.5
Fregata magnificens,Pelecaniformes,LC,True,2.0
Fregata ariel,Pelecaniformes,LC,False,0.5
Fregata minor,Pelecaniformes,LC,False,0.5
Fregata andrewsi,Pelecaniformes,VU,True,6.0
Papasula abbotti,Pelecaniformes,EN,False,2.0
Morus bassanus,Pelecaniformes,LC,True,2.0
Morus capensis,Pelecaniformes,EN,True,8.0
Morus serrator,Pelecaniformes,LC,True,2.0
Sula sula,Pelecaniformes,LC,True,2.0
Sula leucogaster,Pelecaniformes,LC,True,2.0
Sula brewsteri,Pelecaniformes,,False,0.25
Sula dactylatra,Pelecaniformes,LC,True,2.0
Sula granti,Pelecaniformes,LC,False,0.5
Sula nebouxii,Pelecaniformes,LC,False,0.5
Sula variegata,Pelecaniformes,LC,False,0.5
Anhinga anhinga,Pelecaniformes,LC,False,0.5
Anhinga novaehollandiae,Pelecaniformes,LC,False,0.5
Anhinga melanogaster,Pelecaniformes,LC,False,0.5
Anhinga rufa,Pelecaniformes,LC,False,0.5
Microcarbo pygmaeus,Suliformes,LC,False,0.5
Microcarbo africanus,Pelecaniformes,LC,False,0.5
Microcarbo coronatus,Pelecaniformes,LC,False,0.5
Microcarbo niger,Pelecaniformes,LC,False,0.5
Microcarbo melanoleucos,Pelecaniformes,LC,False,0.5
Poikilocarbo gaimardi,Pelecaniformes,NT,False,1.0
Urile penicillatus,Pelecaniformes,LC,True,2.0
Urile urile,Pelecaniformes,LC,False,0.5
Urile pelagicus,Pelecaniformes,LC,False,0.5
Urile perspicillatus,Pelecaniformes,EX,False,0.25
Phalacrocorax neglectus,Pelecaniformes,EN,False,2.0
Phalacrocorax nigrogularis,Pelecaniformes,VU,True,6.0
Phalacrocorax featherstoni,Pelecaniformes,EN,False,2.0
Phalacrocorax punctatus,Pelecaniformes,LC,True,2.0
Phalacrocorax fuscescens,Pelecaniformes,LC,False,0.5
Phalacrocorax varius,Pelecaniformes,LC,False,0.5
Phalacrocorax sulcirostris,Pelecaniformes,LC,False,0.5
Phalacrocorax fuscicollis,Pelecaniformes,LC,False,0.5
Phalacrocorax capensis,Pelecaniformes,EN,False,2.0
Phalacrocorax capillatus,Pelecaniformes,LC,True,2.0
Phalacrocorax carbo,Suliformes,LC,True,2.0
Gulosus aristotelis,Suliformes,LC,False,0.5
Nannopterum harrisi,Pelecaniformes,VU,False,1.5
Nannopterum brasilianum,Pelecaniformes,LC,False,0.5
Nannopterum auritum,Pelecaniformes,LC,True,2.0
Leucocarbo magellanicus,Pelecaniformes,LC,True,2.0
Leucocarbo bougainvilliorum,Pelecaniformes,NT,False,1.0
Leucocarbo ranfurlyi,Pelecaniformes,VU,False,1.5
Leucocarbo carunculatus,Pelecaniformes,VU,False,1.5
Leucocarbo onslowi,Pelecaniformes,CR,False,2.5
Leucocarbo chalconotus,Pelecaniformes,VU,False,1.5
Leucocarbo colensoi,Pelecaniformes,VU,False,1.5
Leucocarbo campbelli,Pelecaniformes,VU,False,1.5
Leucocarbo atriceps,Pelecaniformes,LC,False,0.5
Leucocarbo georgianus,Pelecaniformes,,False,0.25
Leucocarbo melanogenis,Pelecaniformes,,False,0.25
Leucocarbo bransfieldensis,Pelecaniformes,,False,0.25
Leucocarbo verrucosus,Pelecaniformes,LC,False,0.5
Leucocarbo nivalis,Pelecaniformes,,False,0.25
Leucocarbo purpurascens,Pelecaniformes,,False,0.25
Threskiornis aethiopicus,Pelecaniformes,LC,True,2.0
Threskiornis bernieri,Pelecaniformes,EN,False,2.0
Threskiornis solitarius,Pelecaniformes,EX,False,0.25
Threskiornis melanocephalus,Pelecaniformes,LC,False,0.5
Threskiornis moluccus,Pelecaniformes,LC,False,0.5
Threskiornis spinicollis,Pelecaniformes,LC,False,0.5
Pseudibis papillosa,Pelecaniformes,LC,False,0.5
Pseudibis davisoni,Pelecaniformes,CR,False,2.5
Thaumatibis gigantea,Pelecaniformes,CR,False,2.5
Geronticus eremita,Pelecaniformes,EN,True,8.0
Geronticus calvus,Pelecaniformes,NT,False,1.0
Nipponia nippon,Pelecaniformes,EN,False,2.0
Bostrychia olivacea,Pelecaniformes,LC,False,0.5
Bostrychia bocagei,Pelecaniformes,CR,False,2.5
Bostrychia rara,Pelecaniformes,LC,False,0.5
Bostrychia hagedash,Pelecaniformes,LC,False,0.5
Bostrychia carunculata,Pelecaniformes,LC,False,0.5
Theristicus caerulescens,Pelecaniformes,LC,False,0.5
Theristicus caudatus,Pelecaniformes,LC,False,0.5
Theristicus melanopis,Pelecaniformes,LC,True,2.0
Theristicus branickii,Pelecaniformes,NT,False,1.0
Cercibis oxycerca,Pelecaniformes,LC,False,0.5
Mesembrinibis cayennensis,Pelecaniformes,LC,False,0.5
Phimosus infuscatus,Pelecaniformes,LC,False,0.5
Eudocimus albus,Pelecaniformes,LC,True,2.0
Eudocimus ruber,Pelecaniformes,LC,False,0.5
Plegadis falcinellus,Pelecaniformes,LC,True,2.0
Plegadis chihi,Pelecaniformes,LC,True,2.0
Plegadis ridgwayi,Pelecaniformes,LC,False,0.5
Lophotibis cristata,Pelecaniformes,VU,False,1.5
Platalea leucorodia,Pelecaniformes,LC,True,2.0
Platalea minor,Pelecaniformes,EN,True,8.0
Platalea alba,Pelecaniformes,LC,False,0.5
Platalea regia,Pelecaniformes,LC,False,0.5
Platalea flavipes,Pelecaniformes,LC,True,2.0
Platalea ajaja,Pelecaniformes,LC,True,2.0
Tigriornis leucolopha,Pelecaniformes,LC,False,0.5
Tigrisoma lineatum,Pelecaniformes,LC,False,0.5
Tigrisoma mexicanum,Pelecaniformes,LC,False,0.5
Tigrisoma fasciatum,Pelecaniformes,LC,False,0.5
Cochlearius cochlearius,Pelecaniformes,LC,False,0.5
Agamia agami,Pelecaniformes,NT,False,1.0
Zebrilus undulatus,Pelecaniformes,LC,False,0.5
Botaurus stellaris,Pelecaniformes,LC,False,0.5
Botaurus poiciloptilus,Pelecaniformes,VU,False,1.5
Botaurus lentiginosus,Pelecaniformes,LC,True,2.0
Botaurus pinnatus,Pelecaniformes,LC,True,2.0
Ixobrychus involucris,Pelecaniformes,LC,True,2.0
Ixobrychus exilis,Pelecaniformes,LC,True,2.0
Ixobrychus flavicollis,Pelecaniformes,LC,True,2.0
Ixobrychus cinnamomeus,Pelecaniformes,LC,True,2.0
Ixobrychus eurhythmus,Pelecaniformes,LC,True,2.0
Ixobrychus sturmii,Pelecaniformes,LC,True,2.0
Ixobrychus minutus,Pelecaniformes,LC,True,2.0
Ixobrychus sinensis,Pelecaniformes,LC,True,2.0
Ixobrychus dubius,Pelecaniformes,LC,True,2.0
Ixobrychus novaezelandiae,Pelecaniformes,EX,False,0.25
Nyctanassa violacea,Pelecaniformes,LC,True,2.0
Nyctanassa carcinocatactes,Pelecaniformes,EX,False,0.25
Nycticorax nycticorax,Pelecaniformes,LC,True,2.0
Nycticorax olsoni,Pelecaniformes,,False,0.25
Nycticorax duboisi,Pelecaniformes,EX,False,0.25
Nycticorax mauritianus,Pelecaniformes,EX,False,0.25
Nycticorax megacephalus,Pelecaniformes,EX,False,0.25
Nycticorax caledonicus,Pelecaniformes,LC,False,0.5
Gorsachius melanolophus,Pelecaniformes,LC,False,0.5
Gorsachius goisagi,Pelecaniformes,VU,True,6.0
Pilherodius pileatus,Pelecaniformes,LC,False,0.5
Syrigma sibilatrix,Pelecaniformes,LC,False,0.5
Egretta caerulea,Pelecaniformes,LC,False,0.5
Egretta tricolor,Pelecaniformes,LC,True,2.0
Egretta rufescens,Pelecaniformes,NT,False,1.0
Egretta vinaceigula,Pelecaniformes,VU,False,1.5
Egretta ardesiaca,Pelecaniformes,LC,False,0.5
Egretta sacra,Pelecaniformes,LC,False,0.5
Egretta eulophotes,Pelecaniformes,VU,True,6.0
Egretta thula,Pelecaniformes,LC,False,0.5
Egretta garzetta,Pelecaniformes,LC,True,2.0
Egretta dimorpha,Pelecaniformes,,False,0.25
Egretta gularis,Pelecaniformes,LC,False,0.5
Egretta picata,Pelecaniformes,LC,False,0.5
Egretta novaehollandiae,Pelecaniformes,LC,False,0.5
Calherodius leuconotus,Pelecaniformes,LC,False,0.5
Oroanassa magnifica,Pelecaniformes,EN,True,8.0
Butorides atricapilla,Pelecaniformes,,True,1.0
Butorides striata,Pelecaniformes,LC,False,0.5
Butorides sundevalli,Pelecaniformes,,False,0.25
Butorides virescens,Pelecaniformes,,True,1.0
Zonerodius heliosylus,Pelecaniformes,NT,False,1.0
Ardeola rufiventris,Pelecaniformes,LC,False,0.5
Ardeola ralloides,Pelecaniformes,LC,True,2.0
Ardeola idae,Pelecaniformes,EN,True,8.0
Ardeola grayii,Pelecaniformes,LC,False,0.5
Ardeola bacchus,Pelecaniformes,LC,True,2.0
Ardeola speciosa,Pelecaniformes,LC,False,0.5
Ardea pacifica,Pelecaniformes,LC,False,0.5
Ardea alba,Pelecaniformes,LC,True,2.0
Ardea brachyrhyncha,Pelecaniformes,LC,False,0.5
Ardea intermedia,Pelecaniformes,LC,True,2.0
Ardea plumifera,Pelecaniformes,LC,False,0.5
Bubulcus ibis,Pelecaniformes,LC,True,2.0
Ardea coromanda,Pelecaniformes,,True,1.0
Ardea cinerea,Pelecaniformes,LC,True,2.0
Ardea herodias,Pelecaniformes,LC,True,2.0
Ardea occidentalis,Pelecaniformes,EN,False,2.0
Ardea cocoi,Pelecaniformes,LC,True,2.0
Ardea purpurea,Pelecaniformes,LC,True,2.0
Ardea humbloti,Pelecaniformes,EN,False,2.0
Ardea insignis,Pelecaniformes,CR,False,2.5
Ardea sumatrana,Pelecaniformes,LC,False,0.5
Ardea melanocephala,Pelecaniformes,LC,True,2.0
Ardea goliath,Pelecaniformes,LC,False,0.5
Scopus umbretta,Pelecaniformes,LC,False,0.5
Balaeniceps rex,Pelecaniformes,VU,False,1.5
Pelecanus onocrotalus,Pelecaniformes,LC,True,2.0
Pelecanus rufescens,Pelecaniformes,LC,False,0.5
Pelecanus philippensis,Pelecaniformes,NT,False,1.0
Pelecanus crispus,Pelecaniformes,NT,True,4.0
Pelecanus conspicillatus,Pelecaniformes,LC,False,0.5
Pelecanus erythrorhynchos,Pelecaniformes,LC,True,2.0
Pelecanus occidentalis,Pelecaniformes,LC,False,0.5
Pelecanus thagus,Pelecaniformes,NT,False,1.0
Opisthocomus hoazin,Opisthocomiformes,LC,False,0.5
Gymnogyps californianus,Cathartiformes,CR,False,2.5
Sarcoramphus papa,Cathartiformes,LC,False,0.5
Vultur gryphus,Cathartiformes,VU,False,1.5
Coragyps atratus,Cathartiformes,LC,False,0.5
Cathartes aura,Cathartiformes,LC,False,0.5
Cathartes burrovianus,Cathartiformes,LC,False,0.5
Cathartes melambrotus,Cathartiformes,LC,False,0.5
Sagittarius serpentarius,Accipitriformes,EN,False,2.0
Pandion haliaetus,Accipitriformes,LC,True,2.0
Gampsonyx swainsonii,Accipitriformes,LC,False,0.5
Chelictinia riocourii,Accipitriformes,VU,True,6.0
Elanus leucurus,Accipitriformes,LC,False,0.5
Elanus caeruleus,Accipitriformes,LC,False,0.5
Elanus axillaris,Accipitriformes,LC,False,0.5
Elanus scriptus,Accipitriformes,NT,False,1.0
Polyboroides typus,Accipitriformes,LC,False,0.5
Polyboroides radiatus,Accipitriformes,LC,False,0.5
Gypohierax angolensis,Accipitriformes,LC,False,0.5
Gypaetus barbatus,Accipitriformes,NT,False,1.0
Neophron percnopterus,Accipitriformes,EN,True,8.0
Eutriorchis astur,Accipitriformes,EN,False,2.0
Chondrohierax uncinatus,Accipitriformes,LC,True,2.0
Chondrohierax wilsonii,Accipitriformes,CR,False,2.5
Leptodon cayanensis,Accipitriformes,LC,False,0.5
Leptodon forbesi,Accipitriformes,EN,False,2.0
Aviceda cuculoides,Accipitriformes,LC,True,2.0
Aviceda madagascariensis,Accipitriformes,LC,False,0.5
Aviceda jerdoni,Accipitriformes,LC,False,0.5
Aviceda subcristata,Accipitriformes,LC,False,0.5
Aviceda leuphotes,Accipitriformes,LC,True,2.0
Pernis apivorus,Accipitriformes,LC,True,2.0
Pernis ptilorhynchus,Accipitriformes,LC,True,2.0
Pernis celebensis,Accipitriformes,LC,False,0.5
Pernis steerei,Accipitriformes,LC,False,0.5
Elanoides forficatus,Accipitriformes,LC,True,2.0
Hamirostra melanosternon,Accipitriformes,LC,False,0.5
Lophoictinia isura,Accipitriformes,LC,True,2.0
Henicopernis longicauda,Accipitriformes,LC,False,0.5
Henicopernis infuscatus,Accipitriformes,VU,False,1.5
Sarcogyps calvus,Accipitriformes,CR,False,2.5
Trigonoceps occipitalis,Accipitriformes,CR,False,2.5
Aegypius monachus,Accipitriformes,NT,True,4.0
Torgos tracheliotos,Accipitriformes,EN,False,2.0
Necrosyrtes monachus,Accipitriformes,CR,False,2.5
Gyps himalayensis,Accipitriformes,NT,False,1.0
Gyps bengalensis,Accipitriformes,CR,False,2.5
Gyps africanus,Accipitriformes,CR,False,2.5
Gyps indicus,Accipitriformes,CR,False,2.5
Gyps tenuirostris,Accipitriformes,CR,False,2.5
Gyps coprotheres,Accipitriformes,VU,True,6.0
Gyps rueppelli,Accipitriformes,CR,False,2.5
Gyps fulvus,Accipitriformes,LC,True,2.0
Spilornis klossi,Accipitriformes,EN,False,2.0
Spilornis rufipectus,Accipitriformes,LC,False,0.5
Spilornis kinabaluensis,Accipitriformes,NT,False,1.0
Spilornis cheela,Accipitriformes,LC,False,0.5
Spilornis holospilus,Accipitriformes,LC,False,0.5
Spilornis elgini,Accipitriformes,VU,False,1.5
Pithecophaga jefferyi,Accipitriformes,CR,False,2.5
Terathopius ecaudatus,Accipitriformes,EN,False,2.0
Circaetus cinerascens,Accipitriformes,LC,False,0.5
Circaetus fasciolatus,Accipitriformes,NT,False,1.0
Dryotriorchis spectabilis,Accipitriformes,LC,False,0.5
Circaetus beaudouini,Accipitriformes,VU,True,6.0
Circaetus pectoralis,Accipitriformes,LC,True,2.0
Circaetus gallicus,Accipitriformes,LC,True,2.0
Circaetus cinereus,Accipitriformes,LC,True,2.0
Macheiramphus alcinus,Accipitriformes,LC,False,0.5
Harpyopsis novaeguineae,Accipitriformes,VU,False,1.5
Morphnus guianensis,Accipitriformes,NT,False,1.0
Harpia harpyja,Accipitriformes,VU,False,1.5
Stephanoaetus coronatus,Accipitriformes,NT,False,1.0
Nisaetus nanus,Accipitriformes,VU,False,1.5
Nisaetus kelaarti,Accipitriformes,,False,0.25
Nisaetus nipalensis,Accipitriformes,NT,False,1.0
Nisaetus alboniger,Accipitriformes,LC,False,0.5
Nisaetus bartelsi,Accipitriformes,EN,False,2.0
Nisaetus lanceolatus,Accipitriformes,LC,False,0.5
Nisaetus pinskeri,Accipitriformes,EN,False,2.0
Nisaetus philippensis,Accipitriformes,EN,False,2.0
Nisaetus cirrhatus,Accipitriformes,LC,False,0.5
Nisaetus floris,Accipitriformes,EN,False,2.0
Spizaetus tyrannus,Accipitriformes,LC,False,0.5
Spizaetus melanoleucus,Accipitriformes,LC,False,0.5
Spizaetus ornatus,Accipitriformes,NT,False,1.0
Spizaetus isidori,Accipitriformes,EN,False,2.0
Lophotriorchis kienerii,Accipitriformes,NT,False,1.0
Polemaetus bellicosus,Accipitriformes,EN,False,2.0
Lophaetus occipitalis,Accipitriformes,LC,False,0.5
Ictinaetus malaiensis,Accipitriformes,LC,False,0.5
Clanga hastata,Accipitriformes,VU,False,1.5
Clanga pomarina,Accipitriformes,LC,True,2.0
Clanga clanga,Accipitriformes,VU,True,6.0
Hieraaetus wahlbergi,Accipitriformes,LC,True,2.0
Hieraaetus ayresii,Accipitriformes,LC,True,2.0
Hieraaetus weiskei,Accipitriformes,LC,False,0.5
Hieraaetus pennatus,Accipitriformes,LC,True,2.0
Hieraaetus morphnoides,Accipitriformes,LC,False,0.5
Aquila nipalensis,Accipitriformes,EN,True,8.0
Aquila rapax,Accipitriformes,VU,False,1.5
Aquila adalberti,Accipitriformes,VU,False,1.5
Aquila heliaca,Accipitriformes,VU,True,6.0
Aquila africana,Accipitriformes,LC,False,0.5
Aquila chrysaetos,Accipitriformes,LC,True,2.0
Aquila fasciata,Accipitriformes,LC,False,0.5
Aquila spilogaster,Accipitriformes,LC,False,0.5
Aquila verreauxii,Accipitriformes,LC,False,0.5
Aquila gurneyi,Accipitriformes,NT,False,1.0
Aquila audax,Accipitriformes,LC,False,0.5
Accipiter trivirgatus,Accipitriformes,LC,False,0.5
Accipiter griseiceps,Accipitriformes,LC,False,0.5
Micronisus gabar,Accipitriformes,LC,False,0.5
Urotriorchis macrourus,Accipitriformes,LC,False,0.5
Melierax metabates,Accipitriformes,LC,False,0.5
Melierax poliopterus,Accipitriformes,LC,False,0.5
Melierax canorus,Accipitriformes,LC,False,0.5
Kaupifalco monogrammicus,Accipitriformes,LC,False,0.5
Accipiter castanilius,Accipitriformes,LC,False,0.5
Accipiter tachiro,Accipitriformes,LC,False,0.5
Accipiter toussenelii,Accipitriformes,LC,False,0.5
Accipiter erythropus,Accipitriformes,LC,False,0.5
Accipiter minullus,Accipitriformes,LC,False,0.5
Accipiter virgatus,Accipitriformes,LC,False,0.5
Accipiter nanus,Accipitriformes,LC,False,0.5
Accipiter erythrauchen,Accipitriformes,NT,False,1.0
Accipiter cirrocephalus,Accipitriformes,LC,False,0.5
Accipiter brachyurus,Accipitriformes,VU,False,1.5
Accipiter rhodogaster,Accipitriformes,LC,False,0.5
Accipiter gularis,Accipitriformes,LC,True,2.0
Accipiter brevipes,Accipitriformes,LC,True,2.0
Accipiter badius,Accipitriformes,LC,True,2.0
Accipiter butleri,Accipitriformes,VU,False,1.5
Accipiter soloensis,Accipitriformes,LC,True,2.0
Accipiter francesiae,Accipitriformes,LC,False,0.5
Accipiter trinotatus,Accipitriformes,LC,False,0.5
Accipiter poliocephalus,Accipitriformes,LC,False,0.5
Accipiter princeps,Accipitriformes,VU,False,1.5
Accipiter novaehollandiae,Accipitriformes,LC,False,0.5
Accipiter hiogaster,Accipitriformes,LC,False,0.5
Accipiter sylvestris,Accipitriformes,LC,False,0.5
Accipiter imitator,Accipitriformes,NT,False,1.0
Accipiter melanochlamys,Accipitriformes,LC,False,0.5
Accipiter albogularis,Accipitriformes,LC,False,0.5
Accipiter rufitorques,Accipitriformes,LC,False,0.5
Accipiter henicogrammus,Accipitriformes,NT,False,1.0
Accipiter luteoschistaceus,Accipitriformes,VU,False,1.5
Accipiter haplochrous,Accipitriformes,NT,False,1.0
Accipiter fasciatus,Accipitriformes,LC,False,0.5
Erythrotriorchis buergersi,Accipitriformes,NT,False,1.0
Erythrotriorchis radiatus,Accipitriformes,EN,False,2.0
Accipiter poliogaster,Accipitriformes,NT,True,4.0
Accipiter ovampensis,Accipitriformes,LC,False,0.5
Accipiter madagascariensis,Accipitriformes,NT,False,1.0
Accipiter striatus,Accipitriformes,LC,False,0.5
Accipiter chionogaster,Accipitriformes,,False,0.25
Accipiter ventralis,Accipitriformes,,False,0.25
Accipiter erythronemius,Accipitriformes,,False,0.25
Accipiter nisus,Accipitriformes,LC,True,2.0
Accipiter rufiventris,Accipitriformes,LC,False,0.5
Accipiter bicolor,Accipitriformes,LC,False,0.5
Astur chilensis,Accipitriformes,,False,0.25
Accipiter cooperii,Accipitriformes,LC,True,2.0
Accipiter gundlachi,Accipitriformes,EN,False,2.0
Accipiter gentilis,Accipitriformes,LC,False,0.5
Astur atricapillus,Accipitriformes,,False,0.25
Accipiter meyerianus,Accipitriformes,LC,False,0.5
Accipiter melanoleucus,Accipitriformes,LC,False,0.5
Accipiter henstii,Accipitriformes,VU,False,1.5
Megatriorchis doriae,Accipitriformes,LC,False,0.5
Circus assimilis,Accipitriformes,LC,False,0.5
Circus macrourus,Accipitriformes,NT,True,4.0
Circus maurus,Accipitriformes,EN,True,8.0
Circus cyaneus,Accipitriformes,LC,True,2.0
Circus hudsonius,Accipitriformes,LC,False,0.5
Circus cinereus,Accipitriformes,LC,True,2.0
Circus buffoni,Accipitriformes,LC,True,2.0
Circus pygargus,Accipitriformes,LC,True,2.0
Circus melanoleucos,Accipitriformes,LC,True,2.0
Circus aeruginosus,Accipitriformes,LC,True,2.0
Circus ranivorus,Accipitriformes,LC,False,0.5
Circus spilonotus,Accipitriformes,LC,True,2.0
Circus spilothorax,Accipitriformes,LC,False,0.5
Circus approximans,Accipitriformes,LC,True,2.0
Circus macrosceles,Accipitriformes,EN,False,2.0
Circus maillardi,Accipitriformes,EN,False,2.0
Accipiter superciliosus,Accipitriformes,LC,False,0.5
Accipiter collaris,Accipitriformes,LC,False,0.5
Harpagus bidentatus,Accipitriformes,LC,False,0.5
Harpagus diodon,Accipitriformes,LC,True,2.0
Milvus milvus,Accipitriformes,LC,True,2.0
Milvus migrans,Accipitriformes,LC,True,2.0
Milvus aegyptius,Accipitriformes,LC,False,0.5
Haliastur indus,Accipitriformes,LC,False,0.5
Haliastur sphenurus,Accipitriformes,LC,False,0.5
Haliaeetus pelagicus,Accipitriformes,VU,True,6.0
Haliaeetus leucoryphus,Accipitriformes,EN,True,8.0
Haliaeetus albicilla,Accipitriformes,LC,True,2.0
Haliaeetus leucocephalus,Accipitriformes,LC,True,2.0
Haliaeetus vocifer,Accipitriformes,LC,False,0.5
Haliaeetus vociferoides,Accipitriformes,CR,False,2.5
Haliaeetus leucogaster,Accipitriformes,LC,False,0.5
Haliaeetus sanfordi,Accipitriformes,VU,False,1.5
Icthyophaga humilis,Accipitriformes,NT,False,1.0
Icthyophaga ichthyaetus,Accipitriformes,NT,False,1.0
Butastur liventer,Accipitriformes,LC,False,0.5
Butastur rufipennis,Accipitriformes,LC,True,2.0
Butastur teesa,Accipitriformes,LC,False,0.5
Butastur indicus,Accipitriformes,LC,True,2.0
Ictinia mississippiensis,Accipitriformes,LC,True,2.0
Ictinia plumbea,Accipitriformes,LC,True,2.0
Geranospiza caerulescens,Accipitriformes,LC,False,0.5
Busarellus nigricollis,Accipitriformes,LC,False,0.5
Rostrhamus sociabilis,Accipitriformes,LC,False,0.5
Helicolestes hamatus,Accipitriformes,LC,False,0.5
Morphnarchus princeps,Accipitriformes,LC,False,0.5
Cryptoleucopteryx plumbea,Accipitriformes,NT,False,1.0
Buteogallus schistaceus,Accipitriformes,LC,False,0.5
Buteogallus anthracinus,Accipitriformes,LC,True,2.0
Buteogallus gundlachii,Accipitriformes,NT,False,1.0
Buteogallus aequinoctialis,Accipitriformes,NT,False,1.0
Buteogallus meridionalis,Accipitriformes,LC,True,2.0
Buteogallus lacernulatus,Accipitriformes,VU,False,1.5
Buteogallus urubitinga,Accipitriformes,LC,False,0.5
Buteogallus solitarius,Accipitriformes,NT,False,1.0
Buteogallus coronatus,Accipitriformes,EN,False,2.0
Rupornis magnirostris,Accipitriformes,LC,False,0.5
Parabuteo unicinctus,Accipitriformes,LC,False,0.5
Parabuteo leucorrhous,Accipitriformes,LC,False,0.5
Pseudastur occidentalis,Accipitriformes,VU,False,1.5
Pseudastur albicollis,Accipitriformes,LC,False,0.5
Pseudastur polionotus,Accipitriformes,NT,False,1.0
Geranoaetus albicaudatus,Accipitriformes,LC,False,0.5
Geranoaetus polyosoma,Accipitriformes,LC,False,0.5
Geranoaetus melanoleucus,Accipitriformes,LC,False,0.5
Leucopternis semiplumbeus,Accipitriformes,LC,False,0.5
Leucopternis melanops,Accipitriformes,LC,False,0.5
Leucopternis kuhli,Accipitriformes,LC,False,0.5
Bermuteo avivorus,Accipitriformes,EX,False,0.25
Buteo plagiatus,Accipitriformes,LC,True,2.0
Buteo nitidus,Accipitriformes,LC,False,0.5
Buteo platypterus,Accipitriformes,LC,True,2.0
Buteo lineatus,Accipitriformes,LC,False,0.5
Buteo ridgwayi,Accipitriformes,CR,False,2.5
Buteo albonotatus,Accipitriformes,LC,True,2.0
Buteo solitarius,Accipitriformes,NT,False,1.0
Buteo albigula,Accipitriformes,LC,True,2.0
Buteo brachyurus,Accipitriformes,LC,False,0.5
Buteo swainsoni,Accipitriformes,LC,True,2.0
Buteo galapagoensis,Accipitriformes,VU,False,1.5
Buteo jamaicensis,Accipitriformes,LC,False,0.5
Buteo ventralis,Accipitriformes,VU,False,1.5
Buteo lagopus,Accipitriformes,LC,True,2.0
Buteo regalis,Accipitriformes,LC,True,2.0
Buteo auguralis,Accipitriformes,LC,True,2.0
Buteo augur,Accipitriformes,LC,False,0.5
Buteo rufofuscus,Accipitriformes,LC,False,0.5
Buteo oreophilus,Accipitriformes,NT,False,1.0
Buteo buteo,Accipitriformes,LC,True,2.0
Buteo trizonatus,Accipitriformes,NT,True,4.0
Buteo brachypterus,Accipitriformes,LC,False,0.5
Buteo socotraensis,Accipitriformes,VU,False,1.5
Buteo bannermani,Accipitriformes,,False,0.25
Buteo rufinus,Accipitriformes,LC,True,2.0
Buteo hemilasius,Accipitriformes,LC,True,2.0
Buteo refectus,Accipitriformes,LC,False,0.5
Buteo japonicus,Accipitriformes,LC,True,2.0
Tyto tenebricosa,Strigiformes,LC,False,0.5
Tyto multipunctata,Strigiformes,LC,False,0.5
Tyto inexspectata,Strigiformes,LC,False,0.5
Tyto nigrobrunnea,Strigiformes,NT,False,1.0
Tyto sororcula,Strigiformes,,False,0.25
Tyto almae,Strigiformes,,False,0.25
Tyto manusi,Strigiformes,,False,0.25
Tyto aurantia,Strigiformes,VU,False,1.5
Tyto novaehollandiae,Strigiformes,LC,False,0.5
Tyto rosenbergii,Strigiformes,LC,False,0.5
Tyto soumagnei,Strigiformes,VU,False,1.5
Tyto alba,Strigiformes,LC,False,0.5
Tyto furcata,Strigiformes,,False,0.25
Tyto javanica,Strigiformes,,False,0.25
Tyto deroepstorffi,Strigiformes,,False,0.25
Tyto glaucops,Strigiformes,LC,False,0.5
Tyto capensis,Strigiformes,LC,False,0.5
Tyto longimembris,Strigiformes,LC,False,0.5
Tyto prigoginei,Strigiformes,EN,False,2.0
Phodilus badius,Strigiformes,LC,False,0.5
Phodilus assimilis,Strigiformes,LC,False,0.5
Uroglaux dimorpha,Strigiformes,LC,False,0.5
Ninox albifacies,Strigiformes,EX,False,0.25
Ninox rufa,Strigiformes,LC,False,0.5
Ninox strenua,Strigiformes,LC,False,0.5
Ninox connivens,Strigiformes,LC,False,0.5
Ninox rudolfi,Strigiformes,NT,False,1.0
Ninox boobook,Strigiformes,LC,False,0.5
Ninox rotiensis,Strigiformes,NT,False,1.0
Ninox fusca,Strigiformes,LC,False,0.5
Ninox plesseni,Strigiformes,LC,False,0.5
Ninox leucopsis,Strigiformes,LC,True,2.0
Ninox novaeseelandiae,Strigiformes,LC,False,0.5
Ninox japonica,Strigiformes,LC,True,2.0
Ninox scutulata,Strigiformes,LC,False,0.5
Ninox obscura,Strigiformes,LC,False,0.5
Ninox randi,Strigiformes,NT,False,1.0
Ninox affinis,Strigiformes,LC,False,0.5
Ninox philippensis,Strigiformes,LC,False,0.5
Ninox spilocephala,Strigiformes,NT,False,1.0
Ninox leventisi,Strigiformes,VU,False,1.5
Ninox reyi,Strigiformes,VU,False,1.5
Ninox rumseyi,Strigiformes,VU,False,1.5
Ninox spilonotus,Strigiformes,EN,False,2.0
Ninox mindorensis,Strigiformes,VU,False,1.5
Ninox sumbaensis,Strigiformes,EN,False,2.0
Ninox burhani,Strigiformes,NT,False,1.0
Ninox ochracea,Strigiformes,NT,False,1.0
Ninox ios,Strigiformes,LC,False,0.5
Ninox hypogramma,Strigiformes,LC,False,0.5
Ninox hantu,Strigiformes,LC,False,0.5
Ninox squamipila,Strigiformes,LC,False,0.5
Ninox forbesi,Strigiformes,LC,False,0.5
Ninox natalis,Strigiformes,VU,False,1.5
Ninox meeki,Strigiformes,LC,False,0.5
Ninox theomacha,Strigiformes,LC,False,0.5
Ninox punctulata,Strigiformes,LC,False,0.5
Ninox odiosa,Strigiformes,VU,False,1.5
Ninox variegata,Strigiformes,LC,False,0.5
Margarobyas lawrencii,Strigiformes,LC,False,0.5
Glaucidium brodiei,Strigiformes,LC,False,0.5
Glaucidium sylvaticum,Strigiformes,LC,False,0.5
Micrathene whitneyi,Strigiformes,LC,True,2.0
Xenoglaux loweryi,Strigiformes,VU,False,1.5
Aegolius funereus,Strigiformes,LC,False,0.5
Aegolius acadicus,Strigiformes,LC,True,2.0
Aegolius gradyi,Strigiformes,EX,False,0.25
Aegolius ridgwayi,Strigiformes,LC,False,0.5
Aegolius harrisii,Strigiformes,LC,False,0.5
Athene blewitti,Strigiformes,EN,False,2.0
Athene superciliaris,Strigiformes,LC,False,0.5
Athene cunicularia,Strigiformes,LC,True,2.0
Athene noctua,Strigiformes,LC,False,0.5
Athene brama,Strigiformes,LC,False,0.5
Athene jacquinoti,Strigiformes,LC,False,0.5
Athene granti,Strigiformes,NT,False,1.0
Athene malaitae,Strigiformes,VU,False,1.5
Athene roseoaxillaris,Strigiformes,VU,False,1.5
Surnia ulula,Strigiformes,LC,False,0.5
Glaucidium passerinum,Strigiformes,LC,False,0.5
Glaucidium perlatum,Strigiformes,LC,False,0.5
Glaucidium tephronotum,Strigiformes,LC,False,0.5
Glaucidium sjostedti,Strigiformes,LC,False,0.5
Glaucidium cuculoides,Strigiformes,LC,False,0.5
Glaucidium castanopterum,Strigiformes,LC,False,0.5
Glaucidium radiatum,Strigiformes,LC,False,0.5
Glaucidium castanotum,Strigiformes,NT,False,1.0
Glaucidium capense,Strigiformes,LC,False,0.5
Glaucidium castaneum,Strigiformes,LC,False,0.5
Glaucidium albertinum,Strigiformes,NT,False,1.0
Glaucidium californicum,Strigiformes,,False,0.25
Glaucidium gnoma,Strigiformes,LC,False,0.5
Glaucidium hoskinsii,Strigiformes,,False,0.25
Glaucidium cobanense,Strigiformes,,False,0.25
Glaucidium costaricanum,Strigiformes,LC,False,0.5
Glaucidium nubicola,Strigiformes,VU,False,1.5
Glaucidium jardinii,Strigiformes,LC,False,0.5
Glaucidium bolivianum,Strigiformes,LC,False,0.5
Glaucidium palmarum,Strigiformes,LC,False,0.5
Glaucidium sanchezi,Strigiformes,NT,False,1.0
Glaucidium griseiceps,Strigiformes,LC,False,0.5
Glaucidium parkeri,Strigiformes,LC,False,0.5
Glaucidium hardyi,Strigiformes,LC,False,0.5
Glaucidium minutissimum,Strigiformes,LC,False,0.5
Glaucidium mooreorum,Strigiformes,CR (PE),False,0.25
Glaucidium brasilianum,Strigiformes,LC,False,0.5
Glaucidium peruanum,Strigiformes,LC,False,0.5
Glaucidium nana,Strigiformes,LC,False,0.5
Glaucidium siju,Strigiformes,LC,False,0.5
Otus gurneyi,Strigiformes,VU,False,1.5
Otus sagittatus,Strigiformes,VU,False,1.5
Otus rufescens,Strigiformes,NT,False,1.0
Otus thilohoffmanni,Strigiformes,EN,False,2.0
Otus icterorhynchus,Strigiformes,LC,False,0.5
Otus ireneae,Strigiformes,EN,False,2.0
Otus balli,Strigiformes,LC,False,0.5
Otus alfredi,Strigiformes,EN,False,2.0
Otus spilocephalus,Strigiformes,LC,False,0.5
Otus angelinae,Strigiformes,VU,False,1.5
Otus mirus,Strigiformes,LC,False,0.5
Otus longicornis,Strigiformes,LC,False,0.5
Otus mindorensis,Strigiformes,NT,False,1.0
Otus madagascariensis,Strigiformes,,False,0.25
Otus rutilus,Strigiformes,LC,False,0.5
Otus mayottensis,Strigiformes,LC,False,0.5
Otus pauliani,Strigiformes,EN,False,2.0
Otus capnodes,Strigiformes,EN,False,2.0
Otus moheliensis,Strigiformes,EN,False,2.0
Mascarenotus grucheti,Strigiformes,EX,False,0.25
Mascarenotus sauzieri,Strigiformes,EX,False,0.25
Mascarenotus murivorus,Strigiformes,EX,False,0.25
Otus brucei,Strigiformes,LC,True,2.0
Otus pamelae,Strigiformes,LC,False,0.5
Otus scops,Strigiformes,LC,True,2.0
Otus cyprius,Strigiformes,LC,False,0.5
Otus bikegila,Strigiformes,CR,False,2.5
Otus pembaensis,Strigiformes,VU,False,1.5
Otus hartlaubi,Strigiformes,VU,False,1.5
Otus senegalensis,Strigiformes,LC,False,0.5
Otus feae,Strigiformes,CR,False,2.5
Otus socotranus,Strigiformes,LC,False,0.5
Otus sunia,Strigiformes,LC,True,2.0
Otus elegans,Strigiformes,NT,False,1.0
Otus magicus,Strigiformes,LC,False,0.5
Otus tempestatis,Strigiformes,LC,False,0.5
Otus sulaensis,Strigiformes,NT,False,1.0
Otus beccarii,Strigiformes,NT,False,1.0
Otus manadensis,Strigiformes,LC,False,0.5
Otus mendeni,Strigiformes,NT,False,1.0
Otus siaoensis,Strigiformes,CR,False,2.5
Otus collari,Strigiformes,LC,False,0.5
Otus mantananensis,Strigiformes,LC,False,0.5
Otus insularis,Strigiformes,CR,False,2.5
Otus alius,Strigiformes,NT,False,1.0
Otus umbra,Strigiformes,LC,False,0.5
Otus enganensis,Strigiformes,LC,False,0.5
Otus mentawi,Strigiformes,LC,False,0.5
Otus brookii,Strigiformes,LC,False,0.5
Otus bakkamoena,Strigiformes,LC,False,0.5
Otus lettia,Strigiformes,LC,False,0.5
Otus semitorques,Strigiformes,LC,True,2.0
Otus lempiji,Strigiformes,LC,False,0.5
Otus megalotis,Strigiformes,LC,False,0.5
Otus nigrorum,Strigiformes,VU,False,1.5
Otus everetti,Strigiformes,LC,False,0.5
Otus fuliginosus,Strigiformes,LC,False,0.5
Otus silvicola,Strigiformes,LC,False,0.5
Otus jolandae,Strigiformes,NT,False,1.0
Pyrroglaux podargina,Strigiformes,LC,False,0.5
Ptilopsis leucotis,Strigiformes,LC,False,0.5
Ptilopsis granti,Strigiformes,LC,False,0.5
Pseudoscops grammicus,Strigiformes,LC,False,0.5
Asio clamator,Strigiformes,LC,False,0.5
Asio otus,Strigiformes,LC,True,2.0
Asio abyssinicus,Strigiformes,LC,False,0.5
Asio madagascariensis,Strigiformes,LC,False,0.5
Asio stygius,Strigiformes,LC,False,0.5
Asio flammeus,Strigiformes,LC,False,0.5
Asio capensis,Strigiformes,LC,False,0.5
Nesasio solomonensis,Strigiformes,NT,False,1.0
Jubula lettii,Strigiformes,DD,False,0.25
Bubo scandiacus,Strigiformes,VU,True,6.0
Bubo virginianus,Strigiformes,LC,False,0.5
Bubo magellanicus,Strigiformes,LC,False,0.5
Bubo bubo,Strigiformes,LC,False,0.5
Bubo bengalensis,Strigiformes,LC,False,0.5
Bubo ascalaphus,Strigiformes,LC,False,0.5
Bubo capensis,Strigiformes,LC,False,0.5
Bubo milesi,Strigiformes,LC,False,0.5
Bubo cinerascens,Strigiformes,LC,False,0.5
Bubo africanus,Strigiformes,LC,False,0.5
Bubo poensis,Strigiformes,LC,False,0.5
Bubo leucostictus,Strigiformes,LC,False,0.5
Bubo lacteus,Strigiformes,LC,False,0.5
Bubo shelleyi,Strigiformes,VU,False,1.5
Bubo blakistoni,Strigiformes,EN,False,2.0
Ketupa zeylonensis,Strigiformes,LC,False,0.5
Ketupa flavipes,Strigiformes,LC,False,0.5
Ketupa ketupu,Strigiformes,LC,False,0.5
Bubo sumatranus,Strigiformes,NT,False,1.0
Bubo nipalensis,Strigiformes,LC,False,0.5
Bubo coromandus,Strigiformes,LC,False,0.5
Bubo philippensis,Strigiformes,VU,False,1.5
Scotopelia peli,Strigiformes,LC,False,0.5
Scotopelia ussheri,Strigiformes,VU,False,1.5
Scotopelia bouvieri,Strigiformes,LC,False,0.5
Psiloscops flammeolus,Strigiformes,LC,True,2.0
Gymnasio nudipes,Strigiformes,LC,False,0.5
Megascops trichopsis,Strigiformes,LC,False,0.5
Megascops clarkii,Strigiformes,LC,False,0.5
Megascops albogularis,Strigiformes,LC,False,0.5
Megascops choliba,Strigiformes,LC,False,0.5
Megascops barbarus,Strigiformes,LC,False,0.5
Megascops cooperi,Strigiformes,LC,False,0.5
Megascops kennicottii,Strigiformes,LC,False,0.5
Megascops asio,Strigiformes,LC,False,0.5
Megascops seductus,Strigiformes,LC,False,0.5
Megascops guatemalae,Strigiformes,LC,False,0.5
Megascops vermiculatus,Strigiformes,LC,False,0.5
Megascops koepckeae,Strigiformes,LC,False,0.5
Megascops ingens,Strigiformes,LC,False,0.5
Megascops petersoni,Strigiformes,LC,False,0.5
Megascops marshalli,Strigiformes,NT,False,1.0
Megascops hoyi,Strigiformes,LC,False,0.5
Megascops centralis,Strigiformes,,False,0.25
Megascops roraimae,Strigiformes,,False,0.25
Megascops sanctaecatarinae,Strigiformes,LC,False,0.5
Megascops gilesi,Strigiformes,VU,False,1.5
Megascops roboratus,Strigiformes,LC,False,0.5
Megascops watsonii,Strigiformes,LC,False,0.5
Megascops atricapilla,Strigiformes,LC,False,0.5
Pulsatrix perspicillata,Strigiformes,LC,False,0.5
Pulsatrix koeniswaldiana,Strigiformes,LC,False,0.5
Pulsatrix melanota,Strigiformes,LC,False,0.5
Lophostrix cristata,Strigiformes,LC,False,0.5
Strix seloputo,Strigiformes,LC,False,0.5
Strix ocellata,Strigiformes,LC,False,0.5
Strix leptogrammica,Strigiformes,LC,False,0.5
Strix aluco,Strigiformes,LC,False,0.5
Strix mauritanica,Strigiformes,,False,0.25
Strix nivicolum,Strigiformes,LC,False,0.5
Strix hadorami,Strigiformes,LC,False,0.5
Strix butleri,Strigiformes,LC,False,0.5
Strix occidentalis,Strigiformes,NT,False,1.0
Strix varia,Strigiformes,LC,False,0.5
Strix sartorii,Strigiformes,,False,0.25
Strix fulvescens,Strigiformes,LC,False,0.5
Strix hylophila,Strigiformes,LC,False,0.5
Strix chacoensis,Strigiformes,NT,False,1.0
Strix rufipes,Strigiformes,LC,False,0.5
Strix uralensis,Strigiformes,LC,False,0.5
Strix nebulosa,Strigiformes,LC,False,0.5
Strix woodfordii,Strigiformes,LC,False,0.5
Ciccaba virgata,Strigiformes,LC,False,0.5
Ciccaba nigrolineata,Strigiformes,LC,False,0.5
Ciccaba huhula,Strigiformes,LC,False,0.5
Ciccaba albitarsis,Strigiformes,LC,False,0.5
Colius striatus,Coliiformes,LC,False,0.5
Colius leucocephalus,Coliiformes,LC,False,0.5
Colius castanotus,Coliiformes,LC,False,0.5
Colius colius,Coliiformes,LC,False,0.5
Urocolius macrourus,Coliiformes,LC,False,0.5
Urocolius indicus,Coliiformes,LC,False,0.5
Leptosomus discolor,Leptosomiformes,LC,False,0.5
Apaloderma narina,Trogoniformes,LC,True,2.0
Apaloderma aequatoriale,Trogoniformes,LC,False,0.5
Apaloderma vittatum,Trogoniformes,LC,False,0.5
Apalharpactes reinwardtii,Trogoniformes,VU,False,1.5
Apalharpactes mackloti,Trogoniformes,LC,False,0.5
Harpactes fasciatus,Trogoniformes,LC,False,0.5
Harpactes kasumba,Trogoniformes,NT,False,1.0
Harpactes diardii,Trogoniformes,NT,False,1.0
Harpactes ardens,Trogoniformes,LC,False,0.5
Harpactes whiteheadi,Trogoniformes,LC,False,0.5
Harpactes orrhophaeus,Trogoniformes,VU,False,1.5
Harpactes duvaucelii,Trogoniformes,NT,False,1.0
Harpactes oreskios,Trogoniformes,LC,False,0.5
Harpactes erythrocephalus,Trogoniformes,LC,False,0.5
Harpactes wardi,Trogoniformes,LC,False,0.5
Euptilotis neoxenus,Trogoniformes,LC,False,0.5
Pharomachrus pavoninus,Trogoniformes,LC,False,0.5
Pharomachrus auriceps,Trogoniformes,LC,False,0.5
Pharomachrus mocinno,Trogoniformes,NT,False,1.0
Pharomachrus fulgidus,Trogoniformes,LC,False,0.5
Pharomachrus antisianus,Trogoniformes,LC,False,0.5
Priotelus temnurus,Trogoniformes,LC,False,0.5
Temnotrogon roseigaster,Trogoniformes,LC,False,0.5
Trogon clathratus,Trogoniformes,LC,False,0.5
Trogon massena,Trogoniformes,LC,False,0.5
Trogon comptus,Trogoniformes,LC,False,0.5
Trogon mesurus,Trogoniformes,LC,False,0.5
Trogon melanurus,Trogoniformes,LC,False,0.5
Trogon melanocephalus,Trogoniformes,LC,False,0.5
Trogon citreolus,Trogoniformes,LC,False,0.5
Trogon chionurus,Trogoniformes,LC,False,0.5
Trogon bairdii,Trogoniformes,NT,False,1.0
Trogon viridis,Trogoniformes,LC,False,0.5
Trogon caligatus,Trogoniformes,,False,0.25
Trogon ramonianus,Trogoniformes,,False,0.25
Trogon violaceus,Trogoniformes,LC,False,0.5
Trogon curucui,Trogoniformes,LC,False,0.5
Trogon surrucura,Trogoniformes,LC,False,0.5
Trogon aurantius,Trogoniformes,LC,False,0.5
Trogon tenellus,Trogoniformes,,False,0.25
Trogon cupreicauda,Trogoniformes,,False,0.25
Trogon rufus,Trogoniformes,LC,False,0.5
Trogon chrysochloros,Trogoniformes,,False,0.25
Trogon elegans,Trogoniformes,LC,False,0.5
Trogon ambiguus,Trogoniformes,LC,False,0.5
Trogon mexicanus,Trogoniformes,LC,False,0.5
Trogon collaris,Trogoniformes,LC,False,0.5
Trogon personatus,Trogoniformes,LC,False,0.5
Upupa epops,Bucerotiformes,LC,True,2.0
Upupa marginata,Bucerotiformes,LC,False,0.5
Upupa antaios,Bucerotiformes,EX,False,0.25
Rhinopomastus castaneiceps,Bucerotiformes,LC,False,0.5
Phoeniculus bollei,Bucerotiformes,LC,False,0.5
Phoeniculus purpureus,Bucerotiformes,LC,False,0.5
Phoeniculus somaliensis,Bucerotiformes,LC,False,0.5
Phoeniculus damarensis,Bucerotiformes,LC,False,0.5
Rhinopomastus aterrimus,Bucerotiformes,LC,True,2.0
Rhinopomastus cyanomelas,Bucerotiformes,LC,False,0.5
Rhinopomastus minor,Bucerotiformes,LC,False,0.5
Bucorvus abyssinicus,Bucerotiformes,VU,False,1.5
Bucorvus leadbeateri,Bucerotiformes,VU,False,1.5
Tockus ruahae,Bucerotiformes,,False,0.25
Tockus kempi,Bucerotiformes,,False,0.25
Tockus damarensis,Bucerotiformes,LC,False,0.5
Tockus rufirostris,Bucerotiformes,,False,0.25
Tockus erythrorhynchus,Bucerotiformes,LC,False,0.5
Tockus monteiri,Bucerotiformes,LC,False,0.5
Tockus deckeni,Bucerotiformes,LC,False,0.5
Tockus jacksoni,Bucerotiformes,LC,False,0.5
Tockus leucomelas,Bucerotiformes,LC,False,0.5
Tockus flavirostris,Bucerotiformes,LC,False,0.5
Lophoceros bradfieldi,Bucerotiformes,LC,False,0.5
Lophoceros alboterminatus,Bucerotiformes,LC,False,0.5
Lophoceros semifasciatus,Bucerotiformes,LC,False,0.5
Lophoceros fasciatus,Bucerotiformes,LC,False,0.5
Lophoceros hemprichii,Bucerotiformes,LC,False,0.5
Lophoceros nasutus,Bucerotiformes,LC,False,0.5
Lophoceros camurus,Bucerotiformes,LC,False,0.5
Lophoceros pallidirostris,Bucerotiformes,LC,False,0.5
Bycanistes fistulator,Bucerotiformes,LC,False,0.5
Bycanistes sharpii,Bucerotiformes,LC,False,0.5
Bycanistes bucinator,Bucerotiformes,LC,False,0.5
Bycanistes cylindricus,Bucerotiformes,VU,False,1.5
Bycanistes albotibialis,Bucerotiformes,LC,False,0.5
Bycanistes subcylindricus,Bucerotiformes,LC,False,0.5
Bycanistes brevis,Bucerotiformes,LC,False,0.5
Ceratogymna atrata,Bucerotiformes,LC,False,0.5
Ceratogymna elata,Bucerotiformes,VU,False,1.5
Horizocerus hartlaubi,Bucerotiformes,LC,False,0.5
Horizocerus granti,Bucerotiformes,LC,False,0.5
Horizocerus albocristatus,Bucerotiformes,LC,False,0.5
Horizocerus cassini,Bucerotiformes,LC,False,0.5
Berenicornis comatus,Bucerotiformes,EN,False,2.0
Buceros rhinoceros,Bucerotiformes,VU,False,1.5
Buceros bicornis,Bucerotiformes,VU,False,1.5
Buceros hydrocorax,Bucerotiformes,VU,False,1.5
Buceros mindanensis,Bucerotiformes,VU,False,1.5
Rhinoplax vigil,Bucerotiformes,CR,False,2.5
Anthracoceros marchei,Bucerotiformes,VU,False,1.5
Anthracoceros albirostris,Bucerotiformes,LC,False,0.5
Anthracoceros coronatus,Bucerotiformes,NT,False,1.0
Anthracoceros montani,Bucerotiformes,CR,False,2.5
Anthracoceros malayanus,Bucerotiformes,VU,False,1.5
Ocyceros griseus,Bucerotiformes,VU,False,1.5
Ocyceros gingalensis,Bucerotiformes,LC,False,0.5
Ocyceros birostris,Bucerotiformes,LC,False,0.5
Anorrhinus tickelli,Bucerotiformes,NT,False,1.0
Anorrhinus austeni,Bucerotiformes,NT,False,1.0
Anorrhinus galeritus,Bucerotiformes,NT,False,1.0
Aceros nipalensis,Bucerotiformes,VU,False,1.5
Rhyticeros plicatus,Bucerotiformes,LC,False,0.5
Rhyticeros narcondami,Bucerotiformes,VU,False,1.5
Rhyticeros undulatus,Bucerotiformes,VU,False,1.5
Rhyticeros everetti,Bucerotiformes,EN,False,2.0
Rhyticeros subruficollis,Bucerotiformes,VU,False,1.5
Rhyticeros cassidix,Bucerotiformes,VU,False,1.5
Rhabdotorrhinus waldeni,Bucerotiformes,CR,False,2.5
Rhabdotorrhinus leucocephalus,Bucerotiformes,NT,False,1.0
Rhabdotorrhinus exarhatus,Bucerotiformes,VU,False,1.5
Rhabdotorrhinus corrugatus,Bucerotiformes,EN,False,2.0
Penelopides manillae,Bucerotiformes,LC,False,0.5
Penelopides mindorensis,Bucerotiformes,EN,False,2.0
Penelopides affinis,Bucerotiformes,LC,False,0.5
Penelopides samarensis,Bucerotiformes,,False,0.25
Penelopides panini,Bucerotiformes,EN,False,2.0
Coracias naevius,Coraciiformes,LC,True,2.0
Coracias benghalensis,Coraciiformes,LC,True,2.0
Coracias affinis,Coraciiformes,LC,False,0.5
Coracias temminckii,Coraciiformes,LC,False,0.5
Coracias spatulatus,Coraciiformes,LC,False,0.5
Coracias caudatus,Coraciiformes,LC,False,0.5
Coracias abyssinicus,Coraciiformes,LC,True,2.0
Coracias garrulus,Coraciiformes,LC,True,2.0
Coracias cyanogaster,Coraciiformes,LC,False,0.5
Eurystomus gularis,Coraciiformes,LC,False,0.5
Eurystomus glaucurus,Coraciiformes,LC,True,2.0
Eurystomus orientalis,Coraciiformes,LC,True,2.0
Eurystomus azureus,Coraciiformes,NT,False,1.0
Brachypteracias leptosomus,Coraciiformes,VU,False,1.5
Geobiastes squamiger,Coraciiformes,VU,False,1.5
Atelornis pittoides,Coraciiformes,LC,False,0.5
Atelornis crossleyi,Coraciiformes,NT,False,1.0
Uratelornis chimaera,Coraciiformes,VU,False,1.5
Actenoides monachus,Coraciiformes,NT,False,1.0
Actenoides capucinus,Coraciiformes,NT,False,1.0
Actenoides princeps,Coraciiformes,LC,False,0.5
Actenoides bougainvillei,Coraciiformes,LC,False,0.5
Actenoides lindsayi,Coraciiformes,LC,False,0.5
Actenoides hombroni,Coraciiformes,LC,False,0.5
Actenoides concretus,Coraciiformes,NT,False,1.0
Melidora macrorrhina,Coraciiformes,LC,False,0.5
Lacedo pulchella,Coraciiformes,LC,False,0.5
Lacedo melanops,Coraciiformes,LC,False,0.5
Tanysiptera galatea,Coraciiformes,LC,False,0.5
Tanysiptera ellioti,Coraciiformes,NT,False,1.0
Tanysiptera riedelii,Coraciiformes,NT,False,1.0
Tanysiptera carolinae,Coraciiformes,NT,False,1.0
Tanysiptera hydrocharis,Coraciiformes,DD,False,0.25
Tanysiptera sylvia,Coraciiformes,LC,True,2.0
Tanysiptera nigriceps,Coraciiformes,LC,False,0.5
Tanysiptera nympha,Coraciiformes,LC,False,0.5
Tanysiptera danae,Coraciiformes,LC,False,0.5
Cittura cyanotis,Coraciiformes,LC,False,0.5
Cittura sanghirensis,Coraciiformes,NT,False,1.0
Dacelo rex,Coraciiformes,LC,False,0.5
Dacelo tyro,Coraciiformes,LC,False,0.5
Dacelo gaudichaud,Coraciiformes,LC,False,0.5
Dacelo novaeguineae,Coraciiformes,LC,False,0.5
Dacelo leachii,Coraciiformes,LC,False,0.5
Caridonax fulgidus,Coraciiformes,LC,False,0.5
Pelargopsis capensis,Coraciiformes,LC,False,0.5
Pelargopsis melanorhyncha,Coraciiformes,LC,False,0.5
Pelargopsis amauroptera,Coraciiformes,NT,False,1.0
Halcyon coromanda,Coraciiformes,LC,True,2.0
Halcyon smyrnensis,Coraciiformes,LC,False,0.5
Halcyon gularis,Coraciiformes,LC,False,0.5
Halcyon cyanoventris,Coraciiformes,LC,False,0.5
Halcyon badia,Coraciiformes,LC,False,0.5
Halcyon pileata,Coraciiformes,VU,True,6.0
Halcyon leucocephala,Coraciiformes,LC,True,2.0
Halcyon albiventris,Coraciiformes,LC,False,0.5
Halcyon chelicuti,Coraciiformes,LC,False,0.5
Halcyon malimbica,Coraciiformes,LC,False,0.5
Halcyon senegalensis,Coraciiformes,LC,True,2.0
Halcyon senegaloides,Coraciiformes,LC,False,0.5
Todiramphus nigrocyaneus,Coraciiformes,NT,False,1.0
Todiramphus winchelli,Coraciiformes,VU,False,1.5
Todiramphus diops,Coraciiformes,LC,False,0.5
Todiramphus lazuli,Coraciiformes,LC,False,0.5
Todiramphus macleayii,Coraciiformes,LC,False,0.5
Todiramphus albonotatus,Coraciiformes,NT,False,1.0
Todiramphus leucopygius,Coraciiformes,LC,False,0.5
Todiramphus farquhari,Coraciiformes,NT,False,1.0
Todiramphus funebris,Coraciiformes,LC,False,0.5
Todiramphus chloris,Coraciiformes,LC,False,0.5
Todiramphus sordidus,Coraciiformes,,False,0.25
Todiramphus colonus,Coraciiformes,,False,0.25
Todiramphus albicilla,Coraciiformes,,False,0.25
Todiramphus tristrami,Coraciiformes,,False,0.25
Todiramphus sacer,Coraciiformes,,False,0.25
Todiramphus enigma,Coraciiformes,NT,False,1.0
Todiramphus cinnamominus,Coraciiformes,EW,False,0.25
Todiramphus pelewensis,Coraciiformes,NT,False,1.0
Todiramphus reichenbachii,Coraciiformes,VU,False,1.5
Todiramphus saurophagus,Coraciiformes,LC,False,0.5
Todiramphus sanctus,Coraciiformes,LC,True,2.0
Todiramphus recurvirostris,Coraciiformes,LC,False,0.5
Todiramphus australasia,Coraciiformes,LC,False,0.5
Todiramphus tutus,Coraciiformes,NT,False,1.0
Todiramphus ruficollaris,Coraciiformes,LC,False,0.5
Todiramphus veneratus,Coraciiformes,NT,False,1.0
Todiramphus youngi,Coraciiformes,VU,False,1.5
Todiramphus gambieri,Coraciiformes,CR,False,2.5
Todiramphus gertrudae,Coraciiformes,,False,0.25
Todiramphus godeffroyi,Coraciiformes,CR,False,2.5
Todiramphus pyrrhopygius,Coraciiformes,LC,True,2.0
Syma torotoro,Coraciiformes,LC,False,0.5
Syma megarhyncha,Coraciiformes,LC,False,0.5
Ispidina lecontei,Coraciiformes,LC,False,0.5
Ispidina picta,Coraciiformes,LC,True,2.0
Corythornis madagascariensis,Coraciiformes,LC,False,0.5
Corythornis leucogaster,Coraciiformes,LC,False,0.5
Corythornis cristatus,Coraciiformes,LC,False,0.5
Corythornis nais,Coraciiformes,LC,False,0.5
Corythornis thomensis,Coraciiformes,LC,False,0.5
Corythornis vintsioides,Coraciiformes,LC,False,0.5
Alcedo coerulescens,Coraciiformes,LC,False,0.5
Alcedo peninsulae,Coraciiformes,NT,False,1.0
Alcedo euryzona,Coraciiformes,CR,False,2.5
Alcedo quadribrachys,Coraciiformes,LC,False,0.5
Alcedo meninting,Coraciiformes,LC,False,0.5
Alcedo atthis,Coraciiformes,LC,True,2.0
Alcedo semitorquata,Coraciiformes,LC,False,0.5
Alcedo hercules,Coraciiformes,NT,False,1.0
Ceyx erithaca,Coraciiformes,NT,False,1.0
Ceyx rufidorsa,Coraciiformes,LC,False,0.5
Ceyx melanurus,Coraciiformes,LC,False,0.5
Ceyx mindanensis,Coraciiformes,LC,False,0.5
Ceyx sangirensis,Coraciiformes,CR,False,2.5
Ceyx fallax,Coraciiformes,LC,False,0.5
Ceyx lepidus,Coraciiformes,LC,False,0.5
Ceyx margarethae,Coraciiformes,LC,False,0.5
Ceyx wallacii,Coraciiformes,NT,False,1.0
Ceyx cajeli,Coraciiformes,NT,False,1.0
Ceyx solitarius,Coraciiformes,LC,False,0.5
Ceyx dispar,Coraciiformes,NT,False,1.0
Ceyx mulcatus,Coraciiformes,LC,False,0.5
Ceyx sacerdotis,Coraciiformes,LC,False,0.5
Ceyx meeki,Coraciiformes,LC,False,0.5
Ceyx collectoris,Coraciiformes,LC,False,0.5
Ceyx nigromaxilla,Coraciiformes,LC,False,0.5
Ceyx gentianus,Coraciiformes,LC,False,0.5
Ceyx cyanopectus,Coraciiformes,LC,False,0.5
Ceyx nigrirostris,Coraciiformes,NT,False,1.0
Ceyx argentatus,Coraciiformes,NT,False,1.0
Ceyx flumenicola,Coraciiformes,NT,False,1.0
Ceyx azureus,Coraciiformes,LC,False,0.5
Ceyx websteri,Coraciiformes,VU,False,1.5
Ceyx pusillus,Coraciiformes,LC,False,0.5
Chloroceryle amazona,Coraciiformes,LC,False,0.5
Chloroceryle aenea,Coraciiformes,LC,False,0.5
Chloroceryle americana,Coraciiformes,LC,False,0.5
Chloroceryle inda,Coraciiformes,LC,False,0.5
Megaceryle lugubris,Coraciiformes,LC,False,0.5
Megaceryle maxima,Coraciiformes,LC,False,0.5
Megaceryle torquata,Coraciiformes,LC,True,2.0
Megaceryle alcyon,Coraciiformes,LC,False,0.5
Ceryle rudis,Coraciiformes,LC,False,0.5
Todus multicolor,Coraciiformes,LC,False,0.5
Todus subulatus,Coraciiformes,LC,False,0.5
Todus angustirostris,Coraciiformes,LC,False,0.5
Todus todus,Coraciiformes,LC,False,0.5
Todus mexicanus,Coraciiformes,LC,False,0.5
Hylomanes momotula,Coraciiformes,LC,False,0.5
Aspatha gularis,Coraciiformes,LC,False,0.5
Momotus mexicanus,Coraciiformes,LC,False,0.5
Momotus coeruliceps,Coraciiformes,LC,False,0.5
Momotus lessonii,Coraciiformes,LC,False,0.5
Momotus subrufescens,Coraciiformes,LC,False,0.5
Momotus bahamensis,Coraciiformes,LC,False,0.5
Momotus momota,Coraciiformes,LC,False,0.5
Momotus aequatorialis,Coraciiformes,LC,False,0.5
Baryphthengus martii,Coraciiformes,LC,False,0.5
Baryphthengus ruficapillus,Coraciiformes,LC,False,0.5
Electron carinatum,Coraciiformes,VU,False,1.5
Electron platyrhynchum,Coraciiformes,LC,False,0.5
Eumomota superciliosa,Coraciiformes,LC,True,2.0
Nyctyornis amictus,Coraciiformes,LC,False,0.5
Nyctyornis athertoni,Coraciiformes,LC,False,0.5
Meropogon forsteni,Coraciiformes,LC,False,0.5
Merops breweri,Coraciiformes,LC,False,0.5
Merops muelleri,Coraciiformes,LC,False,0.5
Merops mentalis,Coraciiformes,NT,False,1.0
Merops gularis,Coraciiformes,LC,False,0.5
Merops hirundineus,Coraciiformes,LC,False,0.5
Merops pusillus,Coraciiformes,LC,False,0.5
Merops variegatus,Coraciiformes,LC,False,0.5
Merops lafresnayii,Coraciiformes,LC,False,0.5
Merops oreobates,Coraciiformes,LC,False,0.5
Merops bulocki,Coraciiformes,LC,False,0.5
Merops bullockoides,Coraciiformes,LC,False,0.5
Merops revoilii,Coraciiformes,LC,False,0.5
Merops albicollis,Coraciiformes,LC,True,2.0
Merops boehmi,Coraciiformes,LC,False,0.5
Merops viridissimus,Coraciiformes,LC,False,0.5
Merops cyanophrys,Coraciiformes,LC,False,0.5
Merops orientalis,Coraciiformes,LC,True,2.0
Merops persicus,Coraciiformes,LC,True,2.0
Merops superciliosus,Coraciiformes,LC,False,0.5
Merops philippinus,Coraciiformes,LC,True,2.0
Merops ornatus,Coraciiformes,LC,True,2.0
Merops viridis,Coraciiformes,LC,True,2.0
Merops americanus,Coraciiformes,LC,False,0.5
Merops leschenaulti,Coraciiformes,LC,False,0.5
Merops apiaster,Coraciiformes,LC,True,2.0
Merops malimbicus,Coraciiformes,LC,True,2.0
Merops nubicus,Coraciiformes,LC,True,2.0
Merops nubicoides,Coraciiformes,LC,True,2.0
Galbalcyrhynchus leucotis,Piciformes,LC,False,0.5
Galbalcyrhynchus purusianus,Piciformes,LC,False,0.5
Brachygalba salmoni,Piciformes,LC,False,0.5
Brachygalba goeringi,Piciformes,LC,False,0.5
Brachygalba lugubris,Piciformes,LC,False,0.5
Brachygalba albogularis,Piciformes,LC,False,0.5
Jacamaralcyon tridactyla,Piciformes,NT,False,1.0
Galbula albirostris,Piciformes,LC,False,0.5
Galbula chalcocephala,Piciformes,LC,False,0.5
Galbula cyanicollis,Piciformes,LC,False,0.5
Galbula ruficauda,Piciformes,LC,False,0.5
Galbula galbula,Piciformes,LC,False,0.5
Galbula pastazae,Piciformes,LC,False,0.5
Galbula tombacea,Piciformes,LC,False,0.5
Galbula cyanescens,Piciformes,LC,False,0.5
Galbula chalcothorax,Piciformes,LC,False,0.5
Galbula leucogastra,Piciformes,LC,False,0.5
Galbula dea,Piciformes,LC,False,0.5
Jacamerops aureus,Piciformes,LC,False,0.5
Notharchus hyperrhynchus,Piciformes,LC,False,0.5
Notharchus macrorhynchos,Piciformes,LC,False,0.5
Notharchus swainsoni,Piciformes,LC,False,0.5
Notharchus pectoralis,Piciformes,LC,False,0.5
Notharchus ordii,Piciformes,LC,False,0.5
Notharchus tectus,Piciformes,LC,False,0.5
Notharchus subtectus,Piciformes,LC,False,0.5
Cyphos macrodactylus,Piciformes,LC,False,0.5
Nystactes tamatia,Piciformes,LC,False,0.5
Nystactes noanamae,Piciformes,NT,False,1.0
Bucco capensis,Piciformes,LC,False,0.5
Nystalus radiatus,Piciformes,LC,False,0.5
Nystalus chacuru,Piciformes,LC,False,0.5
Nystalus striolatus,Piciformes,LC,False,0.5
Nystalus obamai,Piciformes,,False,0.25
Nystalus maculatus,Piciformes,LC,False,0.5
Hypnelus ruficollis,Piciformes,LC,False,0.5
Hypnelus bicinctus,Piciformes,LC,False,0.5
Malacoptila striata,Piciformes,LC,False,0.5
Malacoptila minor,Piciformes,EN,False,2.0
Malacoptila fusca,Piciformes,LC,False,0.5
Malacoptila semicincta,Piciformes,LC,False,0.5
Malacoptila fulvogularis,Piciformes,LC,False,0.5
Malacoptila rufa,Piciformes,LC,False,0.5
Malacoptila panamensis,Piciformes,LC,False,0.5
Malacoptila mystacalis,Piciformes,LC,False,0.5
Micromonacha lanceolata,Piciformes,LC,False,0.5
Nonnula rubecula,Piciformes,LC,False,0.5
Nonnula sclateri,Piciformes,LC,False,0.5
Nonnula brunnea,Piciformes,LC,False,0.5
Nonnula frontalis,Piciformes,LC,False,0.5
Nonnula ruficapilla,Piciformes,LC,False,0.5
Nonnula amaurocephala,Piciformes,LC,False,0.5
Hapaloptila castanea,Piciformes,LC,False,0.5
Monasa atra,Piciformes,LC,False,0.5
Monasa nigrifrons,Piciformes,LC,False,0.5
Monasa morphoeus,Piciformes,LC,False,0.5
Monasa flavirostris,Piciformes,LC,False,0.5
Chelidoptera tenebrosa,Piciformes,LC,False,0.5
Capito aurovirens,Piciformes,LC,False,0.5
Capito wallacei,Piciformes,VU,False,1.5
Capito fitzpatricki,Piciformes,NT,False,1.0
Capito maculicoronatus,Piciformes,LC,False,0.5
Capito squamatus,Piciformes,LC,False,0.5
Capito hypoleucus,Piciformes,LC,False,0.5
Capito dayi,Piciformes,NT,False,1.0
Capito brunneipectus,Piciformes,LC,False,0.5
Capito niger,Piciformes,LC,False,0.5
Capito auratus,Piciformes,LC,False,0.5
Capito quinticolor,Piciformes,NT,False,1.0
Eubucco richardsoni,Piciformes,LC,False,0.5
Eubucco aurantiicollis,Piciformes,LC,False,0.5
Eubucco bourcierii,Piciformes,LC,False,0.5
Eubucco tucinkae,Piciformes,LC,False,0.5
Eubucco versicolor,Piciformes,LC,False,0.5
Eubucco steerii,Piciformes,LC,False,0.5
Eubucco glaucogularis,Piciformes,NT,False,1.0
Semnornis frantzii,Piciformes,LC,False,0.5
Semnornis ramphastinus,Piciformes,NT,False,1.0
Ramphastos toco,Piciformes,LC,False,0.5
Ramphastos ambiguus,Piciformes,LC,False,0.5
Ramphastos tucanus,Piciformes,LC,False,0.5
Ramphastos cuvieri,Piciformes,LC,False,0.5
Ramphastos dicolorus,Piciformes,LC,False,0.5
Ramphastos brevis,Piciformes,LC,False,0.5
Ramphastos sulfuratus,Piciformes,NT,False,1.0
Ramphastos citreolaemus,Piciformes,NT,False,1.0
Ramphastos vitellinus,Piciformes,LC,False,0.5
Ramphastos culminatus,Piciformes,LC,False,0.5
Ramphastos ariel,Piciformes,NT,False,1.0
Pteroglossus bailloni,Piciformes,NT,False,1.0
Pteroglossus viridis,Piciformes,LC,False,0.5
Pteroglossus inscriptus,Piciformes,LC,False,0.5
Pteroglossus humboldti,Piciformes,LC,False,0.5
Pteroglossus beauharnaisii,Piciformes,LC,False,0.5
Pteroglossus bitorquatus,Piciformes,NT,False,1.0
Pteroglossus sturmii,Piciformes,LC,False,0.5
Pteroglossus azara,Piciformes,LC,False,0.5
Pteroglossus castanotis,Piciformes,LC,False,0.5
Pteroglossus pluricinctus,Piciformes,LC,False,0.5
Pteroglossus aracari,Piciformes,LC,False,0.5
Pteroglossus frantzii,Piciformes,LC,False,0.5
Pteroglossus torquatus,Piciformes,LC,False,0.5
Pteroglossus sanguineus,Piciformes,LC,False,0.5
Pteroglossus erythropygius,Piciformes,LC,False,0.5
Andigena laminirostris,Piciformes,NT,False,1.0
Andigena nigrirostris,Piciformes,LC,False,0.5
Andigena cucullata,Piciformes,LC,False,0.5
Andigena hypoglauca,Piciformes,LC,False,0.5
Selenidera spectabilis,Piciformes,LC,False,0.5
Selenidera piperivora,Piciformes,LC,False,0.5
Selenidera nattereri,Piciformes,LC,False,0.5
Selenidera reinwardtii,Piciformes,LC,False,0.5
Selenidera langsdorffii,Piciformes,LC,False,0.5
Selenidera maculirostris,Piciformes,LC,False,0.5
Selenidera gouldii,Piciformes,LC,False,0.5
Aulacorhynchus wagleri,Piciformes,LC,False,0.5
Aulacorhynchus prasinus,Piciformes,LC,False,0.5
Aulacorhynchus caeruleogularis,Piciformes,LC,False,0.5
Aulacorhynchus albivitta,Piciformes,LC,False,0.5
Aulacorhynchus atrogularis,Piciformes,LC,False,0.5
Aulacorhynchus cyanolaemus,Piciformes,LC,False,0.5
Aulacorhynchus huallagae,Piciformes,NT,False,1.0
Aulacorhynchus coeruleicinctis,Piciformes,LC,False,0.5
Aulacorhynchus haematopygus,Piciformes,LC,False,0.5
Aulacorhynchus whitelianus,Piciformes,LC,False,0.5
Aulacorhynchus derbianus,Piciformes,LC,False,0.5
Aulacorhynchus sulcatus,Piciformes,LC,False,0.5
Aulacorhynchus calorhynchus,Piciformes,LC,False,0.5
Psilopogon pyrolophus,Piciformes,LC,False,0.5
Psilopogon virens,Piciformes,LC,False,0.5
Psilopogon lagrandieri,Piciformes,LC,False,0.5
Psilopogon zeylanicus,Piciformes,LC,False,0.5
Psilopogon lineatus,Piciformes,LC,False,0.5
Psilopogon viridis,Piciformes,LC,False,0.5
Psilopogon faiostrictus,Piciformes,LC,False,0.5
Psilopogon corvinus,Piciformes,LC,False,0.5
Psilopogon chrysopogon,Piciformes,LC,False,0.5
Psilopogon rafflesii,Piciformes,NT,False,1.0
Psilopogon mystacophanos,Piciformes,NT,False,1.0
Psilopogon javensis,Piciformes,LC,False,0.5
Psilopogon flavifrons,Piciformes,LC,False,0.5
Psilopogon franklinii,Piciformes,LC,False,0.5
Psilopogon auricularis,Piciformes,LC,False,0.5
Psilopogon oorti,Piciformes,LC,False,0.5
Psilopogon annamensis,Piciformes,LC,False,0.5
Psilopogon faber,Piciformes,LC,False,0.5
Psilopogon nuchalis,Piciformes,LC,False,0.5
Psilopogon asiaticus,Piciformes,LC,False,0.5
Psilopogon chersonesus,Piciformes,LC,False,0.5
Psilopogon monticola,Piciformes,LC,False,0.5
Psilopogon incognitus,Piciformes,LC,False,0.5
Psilopogon henricii,Piciformes,NT,False,1.0
Psilopogon armillaris,Piciformes,LC,False,0.5
Psilopogon pulcherrimus,Piciformes,LC,False,0.5
Psilopogon australis,Piciformes,LC,False,0.5
Psilopogon cyanotis,Piciformes,LC,False,0.5
Psilopogon duvaucelii,Piciformes,LC,False,0.5
Psilopogon eximius,Piciformes,LC,False,0.5
Psilopogon rubricapillus,Piciformes,LC,False,0.5
Psilopogon malabaricus,Piciformes,LC,False,0.5
Psilopogon haemacephalus,Piciformes,LC,False,0.5
Caloramphus fuliginosus,Piciformes,LC,False,0.5
Caloramphus hayii,Piciformes,NT,False,1.0
Trachylaemus goffinii,Piciformes,LC,False,0.5
Trachylaemus togoensis,Piciformes,LC,False,0.5
Trachylaemus purpuratus,Piciformes,LC,False,0.5
Trachyphonus vaillantii,Piciformes,LC,False,0.5
Trachyphonus erythrocephalus,Piciformes,LC,False,0.5
Trachyphonus margaritatus,Piciformes,LC,False,0.5
Trachyphonus darnaudii,Piciformes,LC,False,0.5
Trachyphonus emini,Piciformes,LC,False,0.5
Trachyphonus usambiro,Piciformes,LC,False,0.5
Cryptolybia olivacea,Piciformes,LC,False,0.5
Gymnobucco bonapartei,Piciformes,LC,False,0.5
Gymnobucco cinereiceps,Piciformes,LC,False,0.5
Gymnobucco sladeni,Piciformes,LC,False,0.5
Gymnobucco peli,Piciformes,LC,False,0.5
Gymnobucco calvus,Piciformes,LC,False,0.5
Gymnobucco vernayi,Piciformes,VU,False,1.5
Stactolaema leucotis,Piciformes,LC,False,0.5
Stactolaema leucogrammica,Piciformes,LC,False,0.5
Stactolaema whytii,Piciformes,LC,False,0.5
Stactolaema anchietae,Piciformes,LC,False,0.5
Pogoniulus scolopaceus,Piciformes,LC,False,0.5
Pogoniulus simplex,Piciformes,LC,False,0.5
Pogoniulus leucomystax,Piciformes,LC,False,0.5
Pogoniulus coryphaea,Piciformes,LC,False,0.5
Pogoniulus atroflavus,Piciformes,LC,False,0.5
Pogoniulus subsulphureus,Piciformes,LC,False,0.5
Pogoniulus bilineatus,Piciformes,LC,False,0.5
Pogoniulus makawai,Piciformes,DD,False,0.25
Pogoniulus uropygialis,Piciformes,,False,0.25
Pogoniulus pusillus,Piciformes,LC,False,0.5
Pogoniulus chrysoconus,Piciformes,LC,False,0.5
Buccanodon duchaillui,Piciformes,LC,False,0.5
Buccanodon dowsetti,Piciformes,LC,False,0.5
Tricholaema hirsuta,Piciformes,LC,False,0.5
Tricholaema diademata,Piciformes,LC,False,0.5
Tricholaema frontata,Piciformes,LC,False,0.5
Tricholaema leucomelas,Piciformes,LC,False,0.5
Tricholaema lacrymosa,Piciformes,LC,False,0.5
Tricholaema melanocephala,Piciformes,LC,False,0.5
Lybius undatus,Piciformes,LC,False,0.5
Lybius vieilloti,Piciformes,LC,False,0.5
Lybius leucocephalus,Piciformes,LC,False,0.5
Lybius senex,Piciformes,LC,False,0.5
Lybius leucogaster,Piciformes,EN,False,2.0
Lybius chaplini,Piciformes,VU,False,1.5
Lybius rubrifacies,Piciformes,NT,False,1.0
Lybius guifsobalito,Piciformes,LC,False,0.5
Lybius torquatus,Piciformes,LC,False,0.5
Pogonornis melanopterus,Piciformes,LC,False,0.5
Pogonornis minor,Piciformes,LC,False,0.5
Pogonornis macclounii,Piciformes,LC,False,0.5
Pogonornis bidentatus,Piciformes,LC,False,0.5
Pogonornis dubius,Piciformes,LC,False,0.5
Pogonornis rolleti,Piciformes,LC,False,0.5
Prodotiscus insignis,Piciformes,LC,False,0.5
Prodotiscus zambesiae,Piciformes,LC,False,0.5
Prodotiscus regulus,Piciformes,LC,False,0.5
Melignomon zenkeri,Piciformes,LC,False,0.5
Melignomon eisentrauti,Piciformes,NT,False,1.0
Indicator pumilio,Piciformes,LC,False,0.5
Indicator willcocksi,Piciformes,LC,False,0.5
Indicator meliphilus,Piciformes,LC,False,0.5
Indicator exilis,Piciformes,LC,False,0.5
Indicator minor,Piciformes,LC,False,0.5
Indicator maculatus,Piciformes,LC,False,0.5
Indicator variegatus,Piciformes,LC,False,0.5
Indicator xanthonotus,Piciformes,LC,False,0.5
Indicator archipelagicus,Piciformes,NT,False,1.0
Indicator indicator,Piciformes,LC,False,0.5
Melichneutes robustus,Piciformes,LC,False,0.5
Jynx torquilla,Piciformes,LC,True,2.0
Jynx ruficollis,Piciformes,LC,False,0.5
Picumnus innominatus,Piciformes,LC,False,0.5
Picumnus aurifrons,Piciformes,LC,False,0.5
Picumnus lafresnayi,Piciformes,LC,False,0.5
Picumnus pumilus,Piciformes,LC,False,0.5
Picumnus exilis,Piciformes,LC,False,0.5
Picumnus sclateri,Piciformes,LC,False,0.5
Picumnus squamulatus,Piciformes,LC,False,0.5
Picumnus nigropunctatus,Piciformes,LC,False,0.5
Picumnus spilogaster,Piciformes,LC,False,0.5
Picumnus minutissimus,Piciformes,LC,False,0.5
Picumnus pygmaeus,Piciformes,LC,False,0.5
Picumnus steindachneri,Piciformes,NT,False,1.0
Picumnus varzeae,Piciformes,NT,False,1.0
Picumnus cirratus,Piciformes,LC,False,0.5
Picumnus dorbignyanus,Piciformes,LC,False,0.5
Picumnus temminckii,Piciformes,LC,False,0.5
Picumnus albosquamatus,Piciformes,LC,False,0.5
Picumnus fuscus,Piciformes,LC,False,0.5
Picumnus rufiventris,Piciformes,LC,False,0.5
Picumnus limae,Piciformes,LC,False,0.5
Picumnus nebulosus,Piciformes,NT,False,1.0
Picumnus castelnau,Piciformes,LC,False,0.5
Picumnus subtilis,Piciformes,LC,False,0.5
Picumnus olivaceus,Piciformes,LC,False,0.5
Picumnus granadensis,Piciformes,LC,False,0.5
Picumnus cinnamomeus,Piciformes,LC,False,0.5
Verreauxia africana,Piciformes,LC,False,0.5
Sasia abnormis,Piciformes,LC,False,0.5
Sasia ochracea,Piciformes,LC,False,0.5
Nesoctites micromegas,Piciformes,LC,False,0.5
Hemicircus concretus,Piciformes,LC,False,0.5
Hemicircus sordidus,Piciformes,LC,False,0.5
Hemicircus canente,Piciformes,LC,False,0.5
Melanerpes candidus,Piciformes,LC,False,0.5
Melanerpes lewis,Piciformes,LC,True,2.0
Melanerpes herminieri,Piciformes,LC,False,0.5
Melanerpes portoricensis,Piciformes,LC,False,0.5
Melanerpes erythrocephalus,Piciformes,LC,True,2.0
Melanerpes formicivorus,Piciformes,LC,False,0.5
Melanerpes cruentatus,Piciformes,LC,False,0.5
Melanerpes flavifrons,Piciformes,LC,False,0.5
Melanerpes chrysauchen,Piciformes,LC,False,0.5
Melanerpes pulcher,Piciformes,LC,False,0.5
Melanerpes pucherani,Piciformes,LC,False,0.5
Melanerpes cactorum,Piciformes,LC,False,0.5
Melanerpes striatus,Piciformes,LC,False,0.5
Melanerpes radiolatus,Piciformes,LC,False,0.5
Melanerpes chrysogenys,Piciformes,LC,False,0.5
Melanerpes hypopolius,Piciformes,LC,False,0.5
Melanerpes pygmaeus,Piciformes,LC,False,0.5
Melanerpes rubricapillus,Piciformes,LC,False,0.5
Melanerpes uropygialis,Piciformes,LC,False,0.5
Melanerpes hoffmannii,Piciformes,LC,False,0.5
Melanerpes aurifrons,Piciformes,LC,False,0.5
Melanerpes carolinus,Piciformes,LC,False,0.5
Melanerpes superciliaris,Piciformes,LC,False,0.5
Sphyrapicus thyroideus,Piciformes,LC,True,2.0
Sphyrapicus varius,Piciformes,LC,True,2.0
Sphyrapicus nuchalis,Piciformes,LC,True,2.0
Sphyrapicus ruber,Piciformes,LC,True,2.0
Xiphidiopicus percussus,Piciformes,LC,False,0.5
Pardipicus nivosus,Piciformes,LC,False,0.5
Pardipicus caroli,Piciformes,LC,False,0.5
Geocolaptes olivaceus,Piciformes,NT,False,1.0
Campethera punctuligera,Piciformes,LC,False,0.5
Campethera bennettii,Piciformes,LC,False,0.5
Campethera scriptoricauda,Piciformes,LC,False,0.5
Campethera nubica,Piciformes,LC,False,0.5
Campethera abingoni,Piciformes,LC,False,0.5
Campethera mombassica,Piciformes,LC,False,0.5
Campethera notata,Piciformes,NT,False,1.0
Campethera maculosa,Piciformes,LC,False,0.5
Campethera cailliautii,Piciformes,LC,False,0.5
Campethera tullbergi,Piciformes,LC,False,0.5
Campethera taeniolaema,Piciformes,LC,False,0.5
Picoides temminckii,Piciformes,LC,False,0.5
Picoides nanus,Piciformes,LC,False,0.5
Picoides canicapillus,Piciformes,LC,False,0.5
Picoides maculatus,Piciformes,LC,False,0.5
Picoides ramsayi,Piciformes,VU,False,1.5
Picoides moluccensis,Piciformes,LC,False,0.5
Picoides kizuki,Piciformes,LC,False,0.5
Picoides tridactylus,Piciformes,LC,False,0.5
Picoides funebris,Piciformes,LC,False,0.5
Picoides dorsalis,Piciformes,,False,0.25
Picoides arcticus,Piciformes,LC,False,0.5
Dendropicos dorae,Piciformes,NT,False,1.0
Leiopicus auriceps,Piciformes,LC,False,0.5
Leiopicus medius,Piciformes,LC,False,0.5
Leiopicus mahrattensis,Piciformes,LC,False,0.5
Dendropicos namaquus,Piciformes,LC,False,0.5
Dendropicos xantholophus,Piciformes,LC,False,0.5
Dendropicos pyrrhogaster,Piciformes,LC,False,0.5
Dendropicos elachus,Piciformes,LC,False,0.5
Dendropicos poecilolaemus,Piciformes,LC,False,0.5
Dendropicos abyssinicus,Piciformes,LC,False,0.5
Dendropicos fuscescens,Piciformes,LC,False,0.5
Dendropicos gabonensis,Piciformes,LC,False,0.5
Dendropicos lugubris,Piciformes,LC,False,0.5
Dendropicos stierlingi,Piciformes,NT,False,1.0
Dendropicos elliotii,Piciformes,LC,False,0.5
Dendropicos johnstoni,Piciformes,LC,False,0.5
Dendropicos goertae,Piciformes,LC,False,0.5
Dendropicos spodocephalus,Piciformes,LC,False,0.5
Dendropicos griseocephalus,Piciformes,LC,False,0.5
Dendropicos obsoletus,Piciformes,LC,False,0.5
Dryobates nuttallii,Piciformes,LC,False,0.5
Dryobates scalaris,Piciformes,LC,False,0.5
Dryobates pubescens,Piciformes,LC,False,0.5
Dryobates cathpharius,Piciformes,LC,False,0.5
Dryobates pernyii,Piciformes,LC,False,0.5
Dryobates minor,Piciformes,LC,False,0.5
Veniliornis passerinus,Piciformes,LC,False,0.5
Veniliornis frontalis,Piciformes,LC,False,0.5
Veniliornis spilogaster,Piciformes,LC,False,0.5
Veniliornis mixtus,Piciformes,LC,True,2.0
Veniliornis lignarius,Piciformes,LC,False,0.5
Veniliornis callonotus,Piciformes,LC,False,0.5
Veniliornis dignus,Piciformes,LC,False,0.5
Veniliornis nigriceps,Piciformes,LC,False,0.5
Veniliornis sanguineus,Piciformes,LC,False,0.5
Veniliornis kirkii,Piciformes,LC,False,0.5
Veniliornis affinis,Piciformes,LC,False,0.5
Veniliornis chocoensis,Piciformes,LC,False,0.5
Veniliornis cassini,Piciformes,LC,False,0.5
Veniliornis maculifrons,Piciformes,LC,False,0.5
Leuconotopicus borealis,Piciformes,NT,False,1.0
Leuconotopicus fumigatus,Piciformes,LC,False,0.5
Leuconotopicus arizonae,Piciformes,LC,False,0.5
Leuconotopicus stricklandi,Piciformes,LC,False,0.5
Leuconotopicus villosus,Piciformes,LC,False,0.5
Leuconotopicus albolarvatus,Piciformes,LC,False,0.5
Dendrocopos hyperythrus,Piciformes,LC,True,2.0
Dendrocopos macei,Piciformes,LC,False,0.5
Dendrocopos analis,Piciformes,LC,False,0.5
Dendrocopos atratus,Piciformes,LC,False,0.5
Dendrocopos darjellensis,Piciformes,LC,False,0.5
Dendrocopos himalayensis,Piciformes,LC,False,0.5
Dendrocopos assimilis,Piciformes,LC,False,0.5
Dendrocopos syriacus,Piciformes,LC,False,0.5
Dendrocopos leucopterus,Piciformes,LC,False,0.5
Dendrocopos major,Piciformes,LC,False,0.5
Dendrocopos noguchii,Piciformes,EN,False,2.0
Dendrocopos leucotos,Piciformes,LC,False,0.5
Dendrocopos owstoni,Piciformes,NT,False,1.0
Piculus simplex,Piciformes,LC,False,0.5
Piculus callopterus,Piciformes,LC,False,0.5
Piculus leucolaemus,Piciformes,LC,False,0.5
Piculus litae,Piciformes,LC,False,0.5
Piculus flavigula,Piciformes,LC,False,0.5
Piculus chrysochloros,Piciformes,LC,False,0.5
Piculus aurulentus,Piciformes,NT,False,1.0
Colaptes rubiginosus,Piciformes,LC,False,0.5
Colaptes aeruginosus,Piciformes,LC,False,0.5
Colaptes auricularis,Piciformes,LC,False,0.5
Colaptes rivolii,Piciformes,LC,False,0.5
Colaptes atriceps,Piciformes,LC,False,0.5
Colaptes atricollis,Piciformes,LC,False,0.5
Colaptes punctigula,Piciformes,LC,False,0.5
Colaptes melanochloros,Piciformes,LC,False,0.5
Colaptes melanolaimus,Piciformes,LC,False,0.5
Colaptes auratus,Piciformes,LC,True,2.0
Colaptes cafer,Piciformes,LC,True,2.0
Colaptes mexicanoides,Piciformes,LC,False,0.5
Colaptes chrysoides,Piciformes,LC,False,0.5
Colaptes oceanicus,Piciformes,EX,False,0.25
Colaptes fernandinae,Piciformes,EN,False,2.0
Colaptes pitius,Piciformes,LC,False,0.5
Colaptes rupicola,Piciformes,LC,False,0.5
Colaptes cinereicapillus,Piciformes,LC,False,0.5
Colaptes campestris,Piciformes,LC,False,0.5
Colaptes campestroides,Piciformes,LC,False,0.5
Celeus loricatus,Piciformes,LC,False,0.5
Celeus undatus,Piciformes,LC,False,0.5
Celeus castaneus,Piciformes,LC,False,0.5
Celeus elegans,Piciformes,LC,False,0.5
Celeus lugubris,Piciformes,LC,False,0.5
Celeus flavescens,Piciformes,LC,False,0.5
Celeus ochraceus,Piciformes,LC,False,0.5
Celeus flavus,Piciformes,LC,False,0.5
Celeus spectabilis,Piciformes,LC,False,0.5
Celeus obrieni,Piciformes,VU,False,1.5
Celeus torquatus,Piciformes,LC,False,0.5
Celeus occidentalis,Piciformes,LC,False,0.5
Celeus tinnunculus,Piciformes,VU,False,1.5
Celeus galeatus,Piciformes,VU,False,1.5
Hylatomus schulzii,Piciformes,NT,False,1.0
Hylatomus lineatus,Piciformes,LC,False,0.5
Hylatomus fuscipennis,Piciformes,LC,False,0.5
Hylatomus pileatus,Piciformes,LC,False,0.5
Dryocopus javensis,Piciformes,LC,False,0.5
Dryocopus hodgei,Piciformes,VU,False,1.5
Dryocopus martius,Piciformes,LC,False,0.5
Campephilus pollens,Piciformes,LC,False,0.5
Campephilus splendens,Piciformes,LC,False,0.5
Campephilus haematogaster,Piciformes,LC,False,0.5
Campephilus rubricollis,Piciformes,LC,False,0.5
Campephilus robustus,Piciformes,LC,False,0.5
Campephilus melanoleucos,Piciformes,LC,False,0.5
Campephilus guatemalensis,Piciformes,LC,False,0.5
Campephilus gayaquilensis,Piciformes,LC,False,0.5
Campephilus leucopogon,Piciformes,LC,False,0.5
Campephilus magellanicus,Piciformes,LC,False,0.5
Campephilus principalis,Piciformes,CR,False,2.5
Campephilus imperialis,Piciformes,CR (PE),False,0.25
Chrysophlegma miniaceum,Piciformes,LC,False,0.5
Chrysophlegma mentale,Piciformes,NT,False,1.0
Chrysophlegma humii,Piciformes,NT,False,1.0
Chrysophlegma flavinucha,Piciformes,LC,False,0.5
Picus chlorolophus,Piciformes,LC,False,0.5
Picus puniceus,Piciformes,LC,False,0.5
Picus viridanus,Piciformes,LC,False,0.5
Picus vittatus,Piciformes,LC,False,0.5
Picus xanthopygaeus,Piciformes,LC,False,0.5
Picus squamatus,Piciformes,LC,False,0.5
Picus awokera,Piciformes,LC,False,0.5
Picus viridis,Piciformes,LC,False,0.5
Picus sharpei,Piciformes,LC,False,0.5
Picus vaillantii,Piciformes,LC,False,0.5
Picus rabieri,Piciformes,NT,False,1.0
Picus erythropygius,Piciformes,LC,False,0.5
Picus canus,Piciformes,LC,False,0.5
Picus guerini,Piciformes,LC,False,0.5
Picus dedemi,Piciformes,NT,False,1.0
Dinopium shorii,Piciformes,LC,False,0.5
Dinopium javanense,Piciformes,LC,False,0.5
Dinopium everetti,Piciformes,NT,False,1.0
Dinopium benghalense,Piciformes,LC,False,0.5
Dinopium psarodes,Piciformes,LC,False,0.5
Chrysocolaptes validus,Piciformes,LC,False,0.5
Chrysocolaptes lucidus,Piciformes,LC,False,0.5
Chrysocolaptes haematribon,Piciformes,LC,False,0.5
Chrysocolaptes xanthocephalus,Piciformes,EN,False,2.0
Chrysocolaptes erythrocephalus,Piciformes,NT,False,1.0
Chrysocolaptes strictus,Piciformes,NT,False,1.0
Chrysocolaptes guttacristatus,Piciformes,LC,False,0.5
Chrysocolaptes socialis,Piciformes,,False,0.25
Chrysocolaptes stricklandi,Piciformes,LC,False,0.5
Chrysocolaptes festivus,Piciformes,LC,False,0.5
Gecinulus grantia,Piciformes,LC,False,0.5
Gecinulus viridis,Piciformes,LC,False,0.5
Chloropicoides rafflesii,Piciformes,NT,False,1.0
Blythipicus rubiginosus,Piciformes,LC,False,0.5
Blythipicus pyrrhotis,Piciformes,LC,False,0.5
Micropternus brachyurus,Piciformes,LC,False,0.5
Meiglyptes grammithorax,Piciformes,LC,False,0.5
Meiglyptes tristis,Piciformes,EN,False,2.0
Meiglyptes jugularis,Piciformes,LC,False,0.5
Meiglyptes tukki,Piciformes,NT,False,1.0
Mulleripicus fulvus,Piciformes,LC,False,0.5
Mulleripicus funebris,Piciformes,NT,False,1.0
Mulleripicus fuliginosus,Piciformes,VU,False,1.5
Mulleripicus pulverulentus,Piciformes,VU,False,1.5
Cariama cristata,Cariamiformes,LC,False,0.5
Chunga burmeisteri,Cariamiformes,LC,False,0.5
Spiziapteryx circumcincta,Falconiformes,LC,False,0.5
Caracara lutosa,Falconiformes,EX,False,0.25
Caracara plancus,Falconiformes,LC,False,0.5
Ibycter americanus,Falconiformes,LC,False,0.5
Daptrius ater,Falconiformes,LC,False,0.5
Milvago chimachima,Falconiformes,LC,False,0.5
Phalcoboenus chimango,Falconiformes,LC,False,0.5
Phalcoboenus australis,Falconiformes,NT,False,1.0
Phalcoboenus carunculatus,Falconiformes,LC,False,0.5
Phalcoboenus megalopterus,Falconiformes,LC,False,0.5
Phalcoboenus albogularis,Falconiformes,LC,False,0.5
Herpetotheres cachinnans,Falconiformes,LC,False,0.5
Micrastur ruficollis,Falconiformes,LC,False,0.5
Micrastur plumbeus,Falconiformes,VU,False,1.5
Micrastur gilvicollis,Falconiformes,LC,False,0.5
Micrastur mintoni,Falconiformes,NT,False,1.0
Micrastur mirandollei,Falconiformes,LC,False,0.5
Micrastur semitorquatus,Falconiformes,LC,False,0.5
Micrastur buckleyi,Falconiformes,LC,False,0.5
Polihierax semitorquatus,Falconiformes,LC,False,0.5
Microhierax caerulescens,Falconiformes,LC,False,0.5
Microhierax fringillarius,Falconiformes,LC,False,0.5
Microhierax latifrons,Falconiformes,NT,False,1.0
Microhierax erythrogenys,Falconiformes,LC,False,0.5
Microhierax melanoleucos,Falconiformes,LC,False,0.5
Neohierax insignis,Falconiformes,NT,False,1.0
Falco naumanni,Falconiformes,LC,True,2.0
Falco tinnunculus,Falconiformes,LC,True,2.0
Falco rupicolus,Falconiformes,,True,1.0
Falco newtoni,Falconiformes,LC,False,0.5
Falco punctatus,Falconiformes,EN,False,2.0
Falco duboisi,Falconiformes,EX,False,0.25
Falco araeus,Falconiformes,VU,False,1.5
Falco moluccensis,Falconiformes,LC,False,0.5
Falco cenchroides,Falconiformes,LC,False,0.5
Falco sparverius,Falconiformes,LC,True,2.0
Falco rupicoloides,Falconiformes,LC,False,0.5
Falco alopex,Falconiformes,LC,True,2.0
Falco ardosiaceus,Falconiformes,LC,False,0.5
Falco dickinsoni,Falconiformes,LC,False,0.5
Falco zoniventris,Falconiformes,LC,False,0.5
Falco chicquera,Falconiformes,NT,False,1.0
Falco ruficollis,Falconiformes,LC,False,0.5
Falco vespertinus,Falconiformes,VU,True,6.0
Falco amurensis,Falconiformes,LC,True,2.0
Falco eleonorae,Falconiformes,LC,True,2.0
Falco concolor,Falconiformes,VU,True,6.0
Falco femoralis,Falconiformes,LC,False,0.5
Falco columbarius,Falconiformes,LC,True,2.0
Falco rufigularis,Falconiformes,LC,False,0.5
Falco deiroleucus,Falconiformes,NT,False,1.0
Falco subbuteo,Falconiformes,LC,True,2.0
Falco cuvierii,Falconiformes,LC,False,0.5
Falco severus,Falconiformes,LC,True,2.0
Falco longipennis,Falconiformes,LC,False,0.5
Falco novaeseelandiae,Falconiformes,LC,False,0.5
Falco berigora,Falconiformes,LC,False,0.5
Falco hypoleucos,Falconiformes,VU,False,1.5
Falco subniger,Falconiformes,LC,False,0.5
Falco biarmicus,Falconiformes,LC,False,0.5
Falco jugger,Falconiformes,NT,False,1.0
Falco cherrug,Falconiformes,EN,True,8.0
Falco rusticolus,Falconiformes,LC,True,2.0
Falco mexicanus,Falconiformes,LC,True,2.0
Falco peregrinus,Falconiformes,LC,True,2.0
Falco fasciinucha,Falconiformes,VU,False,1.5
Strigops habroptilus,Psittaciformes,CR,False,2.5
Nestor notabilis,Psittaciformes,EN,False,2.0
Nestor meridionalis,Psittaciformes,VU,False,1.5
Nestor productus,Psittaciformes,EX,False,0.25
Zanda funerea,Psittaciformes,LC,False,0.5
Zanda baudinii,Psittaciformes,CR,False,2.5
Zanda latirostris,Psittaciformes,EN,False,2.0
Calyptorhynchus banksii,Psittaciformes,LC,False,0.5
Calyptorhynchus lathami,Psittaciformes,VU,False,1.5
Nymphicus hollandicus,Psittaciformes,LC,False,0.5
Probosciger aterrimus,Psittaciformes,NT,False,1.0
Callocephalon fimbriatum,Psittaciformes,VU,False,1.5
Eolophus roseicapilla,Psittaciformes,LC,False,0.5
Cacatua leadbeateri,Psittaciformes,LC,False,0.5
Cacatua haematuropygia,Psittaciformes,CR,False,2.5
Cacatua goffiniana,Psittaciformes,NT,False,1.0
Cacatua ducorpsii,Psittaciformes,LC,False,0.5
Cacatua pastinator,Psittaciformes,LC,False,0.5
Cacatua sanguinea,Psittaciformes,LC,False,0.5
Cacatua tenuirostris,Psittaciformes,LC,False,0.5
Cacatua alba,Psittaciformes,EN,False,2.0
Cacatua ophthalmica,Psittaciformes,VU,False,1.5
Cacatua moluccensis,Psittaciformes,EN,False,2.0
Cacatua sulphurea,Psittaciformes,CR,False,2.5
Cacatua citrinocristata,Psittaciformes,CR,False,2.5
Cacatua galerita,Psittaciformes,LC,False,0.5
Psittacus erithacus,Psittaciformes,EN,False,2.0
Psittacus timneh,Psittaciformes,EN,False,2.0
Poicephalus gulielmi,Psittaciformes,LC,False,0.5
Poicephalus flavifrons,Psittaciformes,LC,False,0.5
Poicephalus fuscicollis,Psittaciformes,LC,False,0.5
Poicephalus robustus,Psittaciformes,VU,False,1.5
Poicephalus meyeri,Psittaciformes,LC,False,0.5
Poicephalus rueppellii,Psittaciformes,LC,False,0.5
Poicephalus cryptoxanthus,Psittaciformes,LC,False,0.5
Poicephalus crassus,Psittaciformes,LC,False,0.5
Poicephalus senegalus,Psittaciformes,LC,False,0.5
Poicephalus rufiventris,Psittaciformes,LC,False,0.5
Touit batavicus,Psittaciformes,LC,False,0.5
Touit huetii,Psittaciformes,LC,False,0.5
Touit costaricensis,Psittaciformes,NT,False,1.0
Touit dilectissimus,Psittaciformes,LC,False,0.5
Touit purpuratus,Psittaciformes,LC,False,0.5
Touit melanonotus,Psittaciformes,NT,False,1.0
Touit surdus,Psittaciformes,VU,False,1.5
Touit stictopterus,Psittaciformes,NT,False,1.0
Psilopsiagon aymara,Psittaciformes,LC,False,0.5
Psilopsiagon aurifrons,Psittaciformes,LC,False,0.5
Bolborhynchus lineola,Psittaciformes,LC,False,0.5
Bolborhynchus ferrugineifrons,Psittaciformes,VU,False,1.5
Bolborhynchus orbygnesius,Psittaciformes,LC,False,0.5
Nannopsittaca panychlora,Psittaciformes,LC,False,0.5
Nannopsittaca dachilleae,Psittaciformes,LC,False,0.5
Myiopsitta monachus,Psittaciformes,LC,False,0.5
Myiopsitta luchsi,Psittaciformes,NT,False,1.0
Brotogeris sanctithomae,Psittaciformes,LC,False,0.5
Brotogeris tirica,Psittaciformes,LC,False,0.5
Brotogeris versicolurus,Psittaciformes,LC,False,0.5
Brotogeris chiriri,Psittaciformes,LC,False,0.5
Brotogeris pyrrhoptera,Psittaciformes,VU,False,1.5
Brotogeris jugularis,Psittaciformes,LC,False,0.5
Brotogeris cyanoptera,Psittaciformes,LC,False,0.5
Brotogeris chrysoptera,Psittaciformes,LC,False,0.5
Pionopsitta pileata,Psittaciformes,LC,False,0.5
Triclaria malachitacea,Psittaciformes,LC,False,0.5
Pyrilia haematotis,Psittaciformes,LC,False,0.5
Pyrilia pyrilia,Psittaciformes,NT,False,1.0
Pyrilia pulchra,Psittaciformes,LC,False,0.5
Pyrilia barrabandi,Psittaciformes,LC,False,0.5
Pyrilia caica,Psittaciformes,LC,False,0.5
Pyrilia aurantiocephala,Psittaciformes,NT,False,1.0
Pyrilia vulturina,Psittaciformes,LC,False,0.5
Hapalopsittaca amazonina,Psittaciformes,NT,False,1.0
Hapalopsittaca fuertesi,Psittaciformes,EN,False,2.0
Hapalopsittaca pyrrhops,Psittaciformes,EN,False,2.0
Hapalopsittaca melanotis,Psittaciformes,LC,False,0.5
Pionus fuscus,Psittaciformes,LC,False,0.5
Pionus sordidus,Psittaciformes,LC,False,0.5
Pionus maximiliani,Psittaciformes,LC,False,0.5
Pionus tumultuosus,Psittaciformes,LC,False,0.5
Pionus seniloides,Psittaciformes,LC,False,0.5
Pionus menstruus,Psittaciformes,LC,False,0.5
Pionus reichenowi,Psittaciformes,VU,False,1.5
Pionus senilis,Psittaciformes,LC,False,0.5
Pionus chalcopterus,Psittaciformes,LC,False,0.5
Graydidascalus brachyurus,Psittaciformes,LC,False,0.5
Alipiopsitta xanthops,Psittaciformes,NT,False,1.0
Amazona festiva,Psittaciformes,LC,False,0.5
Amazona bodini,Psittaciformes,LC,False,0.5
Amazona vinacea,Psittaciformes,EN,False,2.0
Amazona tucumana,Psittaciformes,VU,False,1.5
Amazona pretrei,Psittaciformes,VU,False,1.5
Amazona agilis,Psittaciformes,EN,False,2.0
Amazona albifrons,Psittaciformes,LC,False,0.5
Amazona collaria,Psittaciformes,VU,False,1.5
Amazona leucocephala,Psittaciformes,NT,False,1.0
Amazona ventralis,Psittaciformes,VU,False,1.5
Amazona vittata,Psittaciformes,CR,False,2.5
Amazona finschi,Psittaciformes,EN,False,2.0
Amazona autumnalis,Psittaciformes,LC,False,0.5
Amazona lilacina,Psittaciformes,CR,False,2.5
Amazona diadema,Psittaciformes,LC,False,0.5
Amazona viridigenalis,Psittaciformes,EN,False,2.0
Amazona xantholora,Psittaciformes,LC,False,0.5
Amazona dufresniana,Psittaciformes,NT,False,1.0
Amazona rhodocorytha,Psittaciformes,VU,False,1.5
Amazona arausiaca,Psittaciformes,VU,False,1.5
Amazona versicolor,Psittaciformes,VU,False,1.5
Amazona oratrix,Psittaciformes,EN,False,2.0
Amazona auropalliata,Psittaciformes,CR,False,2.5
Amazona martinicana,Psittaciformes,EX,False,0.25
Amazona violacea,Psittaciformes,EX,False,0.25
Amazona ochrocephala,Psittaciformes,LC,False,0.5
Amazona barbadensis,Psittaciformes,NT,False,1.0
Amazona aestiva,Psittaciformes,NT,True,4.0
Amazona mercenarius,Psittaciformes,LC,False,0.5
Amazona farinosa,Psittaciformes,LC,False,0.5
Amazona guatemalae,Psittaciformes,NT,False,1.0
Amazona kawalli,Psittaciformes,LC,False,0.5
Amazona imperialis,Psittaciformes,CR,False,2.5
Amazona brasiliensis,Psittaciformes,NT,False,1.0
Amazona amazonica,Psittaciformes,LC,False,0.5
Amazona guildingii,Psittaciformes,VU,False,1.5
Forpus modestus,Psittaciformes,LC,False,0.5
Forpus cyanopygius,Psittaciformes,NT,False,1.0
Forpus crassirostris,Psittaciformes,,False,0.25
Forpus spengeli,Psittaciformes,LC,False,0.5
Forpus xanthopterygius,Psittaciformes,LC,False,0.5
Forpus passerinus,Psittaciformes,LC,False,0.5
Forpus conspicillatus,Psittaciformes,LC,False,0.5
Forpus coelestis,Psittaciformes,LC,False,0.5
Forpus xanthops,Psittaciformes,VU,False,1.5
Pionites melanocephalus,Psittaciformes,LC,False,0.5
Pionites leucogaster,Psittaciformes,VU,False,1.5
Pionites xanthomerius,Psittaciformes,LC,False,0.5
Pionites xanthurus,Psittaciformes,LC,False,0.5
Deroptyus accipitrinus,Psittaciformes,LC,False,0.5
Pyrrhura cruentata,Psittaciformes,VU,False,1.5
Pyrrhura devillei,Psittaciformes,LC,False,0.5
Pyrrhura frontalis,Psittaciformes,LC,False,0.5
Pyrrhura lepida,Psittaciformes,VU,False,1.5
Pyrrhura perlata,Psittaciformes,LC,False,0.5
Pyrrhura molinae,Psittaciformes,LC,False,0.5
Pyrrhura pfrimeri,Psittaciformes,EN,False,2.0
Pyrrhura griseipectus,Psittaciformes,EN,False,2.0
Pyrrhura leucotis,Psittaciformes,VU,False,1.5
Pyrrhura picta,Psittaciformes,LC,False,0.5
Pyrrhura eisenmanni,Psittaciformes,VU,False,1.5
Pyrrhura subandina,Psittaciformes,CR (PE),False,0.25
Pyrrhura caeruleiceps,Psittaciformes,EN,False,2.0
Pyrrhura emma,Psittaciformes,LC,False,0.5
Pyrrhura amazonum,Psittaciformes,NT,False,1.0
Pyrrhura snethlageae,Psittaciformes,LC,False,0.5
Pyrrhura lucianii,Psittaciformes,LC,False,0.5
Pyrrhura roseifrons,Psittaciformes,LC,False,0.5
Pyrrhura peruviana,Psittaciformes,LC,False,0.5
Pyrrhura parvifrons,Psittaciformes,LC,False,0.5
Pyrrhura viridicata,Psittaciformes,EN,False,2.0
Pyrrhura egregia,Psittaciformes,LC,False,0.5
Pyrrhura melanura,Psittaciformes,LC,False,0.5
Pyrrhura pacifica,Psittaciformes,LC,False,0.5
Pyrrhura chapmani,Psittaciformes,VU,False,1.5
Pyrrhura orcesi,Psittaciformes,EN,False,2.0
Pyrrhura albipectus,Psittaciformes,VU,False,1.5
Pyrrhura rupicola,Psittaciformes,LC,False,0.5
Pyrrhura calliptera,Psittaciformes,VU,False,1.5
Pyrrhura hoematotis,Psittaciformes,LC,False,0.5
Pyrrhura rhodocephala,Psittaciformes,LC,False,0.5
Pyrrhura hoffmanni,Psittaciformes,LC,False,0.5
Enicognathus ferrugineus,Psittaciformes,LC,False,0.5
Enicognathus leptorhynchus,Psittaciformes,LC,False,0.5
Cyanoliseus patagonus,Psittaciformes,LC,True,2.0
Anodorhynchus hyacinthinus,Psittaciformes,VU,True,6.0
Anodorhynchus leari,Psittaciformes,EN,False,2.0
Anodorhynchus glaucus,Psittaciformes,CR (PE),False,0.25
Rhynchopsitta pachyrhyncha,Psittaciformes,EN,True,8.0
Rhynchopsitta terrisi,Psittaciformes,EN,False,2.0
Eupsittula nana,Psittaciformes,NT,False,1.0
Eupsittula astec,Psittaciformes,LC,False,0.5
Eupsittula canicularis,Psittaciformes,VU,False,1.5
Eupsittula aurea,Psittaciformes,LC,False,0.5
Eupsittula pertinax,Psittaciformes,LC,False,0.5
Eupsittula cactorum,Psittaciformes,LC,False,0.5
Conuropsis carolinensis,Psittaciformes,EX,False,0.25
Aratinga weddellii,Psittaciformes,LC,False,0.5
Aratinga nenday,Psittaciformes,LC,False,0.5
Aratinga solstitialis,Psittaciformes,EN,False,2.0
Aratinga maculata,Psittaciformes,LC,False,0.5
Aratinga jandaya,Psittaciformes,LC,False,0.5
Aratinga auricapillus,Psittaciformes,LC,False,0.5
Cyanopsitta spixii,Psittaciformes,EW,False,0.25
Orthopsittaca manilatus,Psittaciformes,LC,True,2.0
Primolius couloni,Psittaciformes,VU,False,1.5
Primolius auricollis,Psittaciformes,LC,False,0.5
Primolius maracana,Psittaciformes,NT,False,1.0
Ara ararauna,Psittaciformes,LC,False,0.5
Ara glaucogularis,Psittaciformes,CR,False,2.5
Ara severus,Psittaciformes,LC,False,0.5
Ara rubrogenys,Psittaciformes,CR,False,2.5
Ara tricolor,Psittaciformes,EX,False,0.25
Ara militaris,Psittaciformes,VU,False,1.5
Ara ambiguus,Psittaciformes,CR,False,2.5
Ara macao,Psittaciformes,LC,False,0.5
Ara chloropterus,Psittaciformes,LC,False,0.5
Leptosittaca branickii,Psittaciformes,LC,False,0.5
Ognorhynchus icterotis,Psittaciformes,VU,False,1.5
Guaruba guarouba,Psittaciformes,VU,False,1.5
Diopsittaca nobilis,Psittaciformes,LC,False,0.5
Diopsittaca cumanensis,Psittaciformes,LC,False,0.5
Psittacara acuticaudatus,Psittaciformes,LC,False,0.5
Psittacara holochlorus,Psittaciformes,LC,False,0.5
Psittacara rubritorquis,Psittaciformes,LC,False,0.5
Psittacara brevipes,Psittaciformes,,False,0.25
Psittacara strenuus,Psittaciformes,,False,0.25
Psittacara wagleri,Psittaciformes,NT,False,1.0
Psittacara frontatus,Psittaciformes,NT,False,1.0
Psittacara mitratus,Psittaciformes,LC,True,2.0
Psittacara erythrogenys,Psittaciformes,NT,False,1.0
Psittacara finschi,Psittaciformes,LC,False,0.5
Psittacara leucophthalmus,Psittaciformes,LC,False,0.5
Psittacara euops,Psittaciformes,VU,False,1.5
Psittacara chloropterus,Psittaciformes,VU,False,1.5
Psittacara maugei,Psittaciformes,,False,0.25
Psittacara labati,Psittaciformes,EX,False,0.25
Psittrichas fulgidus,Psittaciformes,VU,False,1.5
Mascarinus mascarin,Psittaciformes,EX,False,0.25
Coracopsis vasa,Psittaciformes,LC,False,0.5
Coracopsis barklyi,Psittaciformes,VU,False,1.5
Coracopsis sibilans,Psittaciformes,NT,False,1.0
Coracopsis nigra,Psittaciformes,LC,False,0.5
Micropsitta keiensis,Psittaciformes,LC,False,0.5
Micropsitta geelvinkiana,Psittaciformes,LC,False,0.5
Micropsitta pusio,Psittaciformes,LC,False,0.5
Micropsitta meeki,Psittaciformes,LC,False,0.5
Micropsitta finschii,Psittaciformes,LC,False,0.5
Micropsitta bruijnii,Psittaciformes,LC,True,2.0
Polytelis swainsonii,Psittaciformes,LC,True,2.0
Polytelis anthopeplus,Psittaciformes,LC,False,0.5
Polytelis alexandrae,Psittaciformes,NT,False,1.0
Alisterus amboinensis,Psittaciformes,LC,False,0.5
Alisterus chloropterus,Psittaciformes,LC,False,0.5
Alisterus scapularis,Psittaciformes,LC,False,0.5
Aprosmictus jonquillaceus,Psittaciformes,NT,False,1.0
Aprosmictus erythropterus,Psittaciformes,LC,False,0.5
Prioniturus mada,Psittaciformes,LC,False,0.5
Prioniturus platurus,Psittaciformes,LC,False,0.5
Prioniturus waterstradti,Psittaciformes,NT,False,1.0
Prioniturus montanus,Psittaciformes,NT,False,1.0
Prioniturus platenae,Psittaciformes,VU,False,1.5
Prioniturus mindorensis,Psittaciformes,VU,False,1.5
Prioniturus verticalis,Psittaciformes,CR,False,2.5
Prioniturus flavicans,Psittaciformes,NT,False,1.0
Prioniturus luconensis,Psittaciformes,EN,False,2.0
Prioniturus discurus,Psittaciformes,LC,False,0.5
Eclectus roratus,Psittaciformes,LC,False,0.5
Eclectus cornelia,Psittaciformes,EN,False,2.0
Eclectus riedeli,Psittaciformes,VU,False,1.5
Eclectus polychloros,Psittaciformes,LC,False,0.5
Eclectus infectus,Psittaciformes,EX,False,0.25
Geoffroyus geoffroyi,Psittaciformes,LC,False,0.5
Geoffroyus simplex,Psittaciformes,LC,False,0.5
Geoffroyus heteroclitus,Psittaciformes,LC,False,0.5
Geoffroyus hyacinthinus,Psittaciformes,LC,False,0.5
Psittinus cyanurus,Psittaciformes,NT,False,1.0
Psittinus abbotti,Psittaciformes,NT,False,1.0
Tanygnathus megalorynchos,Psittaciformes,LC,False,0.5
Tanygnathus lucionensis,Psittaciformes,NT,False,1.0
Tanygnathus everetti,Psittaciformes,EN,False,2.0
Tanygnathus sumatranus,Psittaciformes,LC,False,0.5
Tanygnathus gramineus,Psittaciformes,VU,False,1.5
Himalayapsitta finschii,Psittaciformes,NT,False,1.0
Himalayapsitta himalayana,Psittaciformes,LC,False,0.5
Himalayapsitta roseata,Psittaciformes,NT,False,1.0
Himalayapsitta cyanocephala,Psittaciformes,LC,False,0.5
Psittacula alexandri,Psittaciformes,NT,False,1.0
Psittacula derbiana,Psittaciformes,LC,False,0.5
Belocercus longicaudus,Psittaciformes,VU,False,1.5
Nicopsitta columboides,Psittaciformes,LC,False,0.5
Nicopsitta calthrapae,Psittaciformes,LC,False,0.5
Palaeornis eupatria,Psittaciformes,NT,False,1.0
Palaeornis wardi,Psittaciformes,EX,False,0.25
Alexandrinus krameri,Psittaciformes,LC,False,0.5
Alexandrinus eques,Psittaciformes,VU,False,1.5
Alexandrinus exsul,Psittaciformes,EX,False,0.25
Psittacula caniceps,Psittaciformes,NT,False,1.0
Lophopsittacus bensoni,Psittaciformes,EX,False,0.25
Psittacella brehmii,Psittaciformes,LC,False,0.5
Psittacella picta,Psittaciformes,LC,False,0.5
Psittacella lorentzi,Psittaciformes,LC,False,0.5
Psittacella modesta,Psittaciformes,LC,False,0.5
Psittacella madaraszi,Psittaciformes,LC,False,0.5
Psephotus haematonotus,Psittaciformes,LC,False,0.5
Northiella haematogaster,Psittaciformes,LC,False,0.5
Northiella narethae,Psittaciformes,,False,0.25
Psephotellus varius,Psittaciformes,LC,False,0.5
Psephotellus dissimilis,Psittaciformes,LC,False,0.5
Psephotellus chrysopterygius,Psittaciformes,EN,False,2.0
Psephotellus pulcherrimus,Psittaciformes,EX,False,0.25
Purpureicephalus spurius,Psittaciformes,LC,False,0.5
Platycercus caledonicus,Psittaciformes,LC,False,0.5
Platycercus elegans,Psittaciformes,LC,False,0.5
Platycercus venustus,Psittaciformes,LC,False,0.5
Platycercus adscitus,Psittaciformes,LC,False,0.5
Platycercus eximius,Psittaciformes,LC,False,0.5
Platycercus icterotis,Psittaciformes,LC,False,0.5
Barnardius zonarius,Psittaciformes,LC,False,0.5
Lathamus discolor,Psittaciformes,CR,True,10.0
Prosopeia splendens,Psittaciformes,NT,False,1.0
Prosopeia personata,Psittaciformes,NT,False,1.0
Prosopeia tabuensis,Psittaciformes,LC,False,0.5
Eunymphicus cornutus,Psittaciformes,VU,False,1.5
Eunymphicus uvaeensis,Psittaciformes,VU,False,1.5
Cyanoramphus saisseti,Psittaciformes,,False,0.25
Cyanoramphus cookii,Psittaciformes,,False,0.25
Cyanoramphus subflavescens,Psittaciformes,,False,0.25
Cyanoramphus forbesi,Psittaciformes,VU,False,1.5
Cyanoramphus unicolor,Psittaciformes,VU,False,1.5
Cyanoramphus malherbi,Psittaciformes,CR,False,2.5
Cyanoramphus hochstetteri,Psittaciformes,,False,0.25
Cyanoramphus auriceps,Psittaciformes,NT,False,1.0
Cyanoramphus novaezelandiae,Psittaciformes,LC,False,0.5
Cyanoramphus zealandicus,Psittaciformes,EX,False,0.25
Cyanoramphus ulietanus,Psittaciformes,EX,False,0.25
Pezoporus wallicus,Psittaciformes,LC,False,0.5
Pezoporus occidentalis,Psittaciformes,CR,False,2.5
Neopsephotus bourkii,Psittaciformes,LC,False,0.5
Neophema chrysostoma,Psittaciformes,VU,True,6.0
Neophema elegans,Psittaciformes,LC,False,0.5
Neophema petrophila,Psittaciformes,LC,False,0.5
Neophema chrysogaster,Psittaciformes,CR,True,10.0
Neophema pulchella,Psittaciformes,LC,False,0.5
Neophema splendida,Psittaciformes,LC,False,0.5
Oreopsittacus arfaki,Psittaciformes,LC,False,0.5
Charmosyna wilhelminae,Psittaciformes,LC,False,0.5
Charmosyna rubronotata,Psittaciformes,LC,False,0.5
Charmosyna placentis,Psittaciformes,LC,False,0.5
Charmosyna toxopei,Psittaciformes,DD,False,0.25
Charmosyna pulchella,Psittaciformes,LC,False,0.5
Charmosyna multistriata,Psittaciformes,LC,False,0.5
Charmosyna josefinae,Psittaciformes,LC,False,0.5
Charmosyna papou,Psittaciformes,LC,False,0.5
Charmosyna stellae,Psittaciformes,LC,False,0.5
Charmosyna margarethae,Psittaciformes,LC,False,0.5
Charmosyna meeki,Psittaciformes,LC,False,0.5
Charmosyna rubrigularis,Psittaciformes,LC,False,0.5
Charmosyna palmarum,Psittaciformes,VU,False,1.5
Charmosyna amabilis,Psittaciformes,CR,False,2.5
Charmosyna diadema,Psittaciformes,CR (PE),False,0.25
Phigys solitarius,Psittaciformes,LC,False,0.5
Vini australis,Psittaciformes,LC,False,0.5
Vini ultramarina,Psittaciformes,CR,False,2.5
Vini stepheni,Psittaciformes,VU,False,1.5
Vini kuhlii,Psittaciformes,EN,False,2.0
Vini peruviana,Psittaciformes,VU,False,1.5
Neopsittacus musschenbroekii,Psittaciformes,LC,False,0.5
Neopsittacus pullicauda,Psittaciformes,LC,False,0.5
Lorius albidinucha,Psittaciformes,NT,False,1.0
Lorius chlorocercus,Psittaciformes,LC,False,0.5
Lorius domicella,Psittaciformes,EN,False,2.0
Lorius garrulus,Psittaciformes,VU,False,1.5
Lorius hypoinochrous,Psittaciformes,LC,False,0.5
Lorius lory,Psittaciformes,LC,False,0.5
Psitteuteles versicolor,Psittaciformes,LC,False,0.5
Glossopsitta porphyrocephala,Psittaciformes,LC,False,0.5
Glossopsitta pusilla,Psittaciformes,LC,False,0.5
Pseudeos fuscata,Psittaciformes,LC,True,2.0
Chalcopsitta cardinalis,Psittaciformes,LC,False,0.5
Chalcopsitta duivenbodei,Psittaciformes,LC,False,0.5
Chalcopsitta atra,Psittaciformes,LC,False,0.5
Chalcopsitta scintillata,Psittaciformes,LC,False,0.5
Psitteuteles goldiei,Psittaciformes,LC,False,0.5
Glossopsitta concinna,Psittaciformes,LC,False,0.5
Trichoglossus johnstoniae,Psittaciformes,NT,False,1.0
Trichoglossus iris,Psittaciformes,NT,False,1.0
Trichoglossus flavoviridis,Psittaciformes,LC,False,0.5
Trichoglossus meyeri,Psittaciformes,LC,False,0.5
Trichoglossus ornatus,Psittaciformes,LC,False,0.5
Eos reticulata,Psittaciformes,NT,False,1.0
Eos semilarvata,Psittaciformes,NT,False,1.0
Eos bornea,Psittaciformes,LC,False,0.5
Eos cyanogenia,Psittaciformes,NT,False,1.0
Eos histrio,Psittaciformes,EN,False,2.0
Eos squamata,Psittaciformes,LC,False,0.5
Trichoglossus rubiginosus,Psittaciformes,NT,False,1.0
Trichoglossus chlorolepidotus,Psittaciformes,LC,False,0.5
Trichoglossus haematodus,Psittaciformes,LC,False,0.5
Trichoglossus rosenbergii,Psittaciformes,VU,False,1.5
Trichoglossus moluccanus,Psittaciformes,LC,False,0.5
Trichoglossus rubritorquis,Psittaciformes,LC,False,0.5
Trichoglossus euteles,Psittaciformes,LC,False,0.5
Trichoglossus capistratus,Psittaciformes,LC,False,0.5
Trichoglossus weberi,Psittaciformes,NT,False,1.0
Trichoglossus forsteni,Psittaciformes,EN,False,2.0
Melopsittacus undulatus,Psittaciformes,LC,False,0.5
Psittaculirostris desmarestii,Psittaciformes,LC,False,0.5
Psittaculirostris godmani,Psittaciformes,LC,False,0.5
Psittaculirostris cervicalis,Psittaciformes,LC,False,0.5
Psittaculirostris edwardsii,Psittaciformes,LC,False,0.5
Psittaculirostris salvadorii,Psittaciformes,LC,False,0.5
Cyclopsitta gulielmitertii,Psittaciformes,LC,False,0.5
Cyclopsitta nigrifrons,Psittaciformes,LC,False,0.5
Cyclopsitta amabilis,Psittaciformes,LC,False,0.5
Cyclopsitta melanogenia,Psittaciformes,LC,False,0.5
Cyclopsitta diophthalma,Psittaciformes,LC,False,0.5
Cyclopsitta coxeni,Psittaciformes,CR,False,2.5
Bolbopsittacus lunulatus,Psittaciformes,LC,False,0.5
Loriculus vernalis,Psittaciformes,LC,True,2.0
Loriculus beryllinus,Psittaciformes,LC,False,0.5
Loriculus philippensis,Psittaciformes,LC,False,0.5
Loriculus camiguinensis,Psittaciformes,,False,0.25
Loriculus bonapartei,Psittaciformes,,False,0.25
Loriculus galgulus,Psittaciformes,LC,False,0.5
Loriculus stigmatus,Psittaciformes,LC,True,2.0
Loriculus amabilis,Psittaciformes,LC,False,0.5
Loriculus sclateri,Psittaciformes,LC,False,0.5
Loriculus catamene,Psittaciformes,NT,False,1.0
Loriculus aurantiifrons,Psittaciformes,LC,False,0.5
Loriculus tener,Psittaciformes,LC,False,0.5
Loriculus exilis,Psittaciformes,LC,False,0.5
Loriculus pusillus,Psittaciformes,NT,False,1.0
Loriculus flosculus,Psittaciformes,VU,False,1.5
Agapornis canus,Psittaciformes,LC,False,0.5
Agapornis pullarius,Psittaciformes,LC,True,2.0
Agapornis taranta,Psittaciformes,LC,False,0.5
Agapornis swindernianus,Psittaciformes,LC,False,0.5
Agapornis roseicollis,Psittaciformes,LC,False,0.5
Agapornis fischeri,Psittaciformes,NT,False,1.0
Agapornis personatus,Psittaciformes,LC,False,0.5
Agapornis lilianae,Psittaciformes,NT,False,1.0
Agapornis nigrigenis,Psittaciformes,VU,False,1.5
Lophopsittacus mauritianus,Psittaciformes,EX,False,0.25
Necropsittacus rodricanus,Psittaciformes,EX,False,0.25
Acanthisitta chloris,Passeriformes,LC,False,0.5
Xenicus longipes,Passeriformes,EX,False,0.25
Xenicus gilviventris,Passeriformes,EN,False,2.0
Traversia lyalli,Passeriformes,EX,False,0.25
Sapayoa aenigma,Passeriformes,LC,False,0.5
Philepitta schlegeli,Passeriformes,NT,False,1.0
Philepitta castanea,Passeriformes,LC,False,0.5
Neodrepanis coruscans,Passeriformes,LC,False,0.5
Neodrepanis hypoxantha,Passeriformes,VU,False,1.5
Pseudocalyptomena graueri,Passeriformes,VU,False,1.5
Psarisomus dalhousiae,Passeriformes,LC,False,0.5
Corydon sumatranus,Passeriformes,LC,False,0.5
Sarcophanops samarensis,Passeriformes,VU,False,1.5
Sarcophanops steerii,Passeriformes,VU,False,1.5
Serilophus rubropygius,Passeriformes,LC,False,0.5
Serilophus lunatus,Passeriformes,LC,False,0.5
Cymbirhynchus macrorhynchos,Passeriformes,LC,False,0.5
Cymbirhynchus affinis,Passeriformes,LC,False,0.5
Eurylaimus javanicus,Passeriformes,LC,False,0.5
Eurylaimus harterti,Passeriformes,LC,False,0.5
Eurylaimus ochromalus,Passeriformes,NT,False,1.0
Smithornis sharpei,Passeriformes,LC,False,0.5
Smithornis rufolateralis,Passeriformes,LC,False,0.5
Smithornis capensis,Passeriformes,LC,False,0.5
Calyptomena viridis,Passeriformes,NT,False,1.0
Calyptomena hosii,Passeriformes,LC,False,0.5
Calyptomena whiteheadi,Passeriformes,LC,False,0.5
Hydrornis phayrei,Passeriformes,LC,False,0.5
Hydrornis caeruleus,Passeriformes,NT,False,1.0
Hydrornis oatesi,Passeriformes,LC,False,0.5
Hydrornis schneideri,Passeriformes,LC,False,0.5
Hydrornis nipalensis,Passeriformes,LC,False,0.5
Hydrornis soror,Passeriformes,LC,False,0.5
Hydrornis irena,Passeriformes,NT,False,1.0
Hydrornis guajanus,Passeriformes,LC,False,0.5
Hydrornis schwaneri,Passeriformes,LC,False,0.5
Hydrornis baudii,Passeriformes,VU,False,1.5
Hydrornis cyaneus,Passeriformes,LC,False,0.5
Hydrornis gurneyi,Passeriformes,CR,False,2.5
Hydrornis elliotii,Passeriformes,LC,False,0.5
Erythropitta kochi,Passeriformes,LC,False,0.5
Erythropitta erythrogaster,Passeriformes,LC,False,0.5
Erythropitta inspeculata,Passeriformes,VU,False,1.5
Erythropitta dohertyi,Passeriformes,LC,False,0.5
Erythropitta celebensis,Passeriformes,LC,False,0.5
Erythropitta palliceps,Passeriformes,EN,False,2.0
Erythropitta caeruleitorques,Passeriformes,EN,False,2.0
Erythropitta rufiventris,Passeriformes,LC,False,0.5
Erythropitta rubrinucha,Passeriformes,LC,False,0.5
Erythropitta macklotii,Passeriformes,LC,True,2.0
Erythropitta novaehibernicae,Passeriformes,LC,False,0.5
Erythropitta splendida,Passeriformes,VU,False,1.5
Erythropitta gazellae,Passeriformes,LC,False,0.5
Erythropitta meeki,Passeriformes,DD,False,0.25
Erythropitta venusta,Passeriformes,LC,False,0.5
Erythropitta granatina,Passeriformes,NT,False,1.0
Erythropitta ussheri,Passeriformes,LC,False,0.5
Erythropitta arquata,Passeriformes,LC,False,0.5
Pitta angolensis,Passeriformes,LC,False,0.5
Pitta reichenowi,Passeriformes,LC,False,0.5
Pitta brachyura,Passeriformes,LC,True,2.0
Pitta moluccensis,Passeriformes,LC,True,2.0
Pitta megarhyncha,Passeriformes,NT,False,1.0
Pitta sordida,Passeriformes,LC,True,2.0
Pitta abbotti,Passeriformes,,False,0.25
Pitta forsteni,Passeriformes,,False,0.25
Pitta novaeguineae,Passeriformes,LC,False,0.5
Pitta rosenbergii,Passeriformes,NT,False,1.0
Pitta nympha,Passeriformes,VU,True,6.0
Pitta versicolor,Passeriformes,LC,False,0.5
Pitta maxima,Passeriformes,LC,False,0.5
Pitta morotaiensis,Passeriformes,NT,False,1.0
Pitta concinna,Passeriformes,LC,False,0.5
Pitta elegans,Passeriformes,LC,True,2.0
Pitta vigorsii,Passeriformes,LC,False,0.5
Pitta anerythra,Passeriformes,NT,False,1.0
Pitta steerii,Passeriformes,VU,False,1.5
Pitta superba,Passeriformes,EN,False,2.0
Pitta iris,Passeriformes,LC,False,0.5
Sclerurus mexicanus,Passeriformes,LC,False,0.5
Sclerurus obscurior,Passeriformes,,False,0.25
Sclerurus rufigularis,Passeriformes,LC,False,0.5
Sclerurus guatemalensis,Passeriformes,LC,False,0.5
Sclerurus caudacutus,Passeriformes,LC,False,0.5
Sclerurus albigularis,Passeriformes,LC,False,0.5
Sclerurus scansor,Passeriformes,LC,False,0.5
Sclerurus cearensis,Passeriformes,VU,False,1.5
Geositta peruviana,Passeriformes,LC,False,0.5
Geositta tenuirostris,Passeriformes,LC,False,0.5
Geositta cunicularia,Passeriformes,LC,True,2.0
Geositta punensis,Passeriformes,LC,False,0.5
Geositta poeciloptera,Passeriformes,VU,False,1.5
Geositta crassirostris,Passeriformes,LC,False,0.5
Geositta rufipennis,Passeriformes,LC,False,0.5
Geositta maritima,Passeriformes,LC,False,0.5
Geositta antarctica,Passeriformes,LC,False,0.5
Geositta saxicolina,Passeriformes,LC,False,0.5
Geositta isabellina,Passeriformes,LC,True,2.0
Certhiasomus stictolaemus,Passeriformes,LC,False,0.5
Sittasomus griseicapillus,Passeriformes,LC,False,0.5
Sittasomus griseus,Passeriformes,LC,False,0.5
Deconychura typica,Passeriformes,LC,False,0.5
Deconychura longicauda,Passeriformes,LC,False,0.5
Deconychura pallida,Passeriformes,LC,False,0.5
Dendrocincla tyrannina,Passeriformes,LC,False,0.5
Dendrocincla merula,Passeriformes,LC,False,0.5
Dendrocincla homochroa,Passeriformes,LC,False,0.5
Dendrocincla anabatina,Passeriformes,LC,False,0.5
Dendrocincla fuliginosa,Passeriformes,LC,False,0.5
Dendrocincla turdina,Passeriformes,LC,False,0.5
Glyphorynchus spirurus,Passeriformes,LC,False,0.5
Dendrexetastes rufigula,Passeriformes,LC,False,0.5
Nasica longirostris,Passeriformes,LC,False,0.5
Dendrocolaptes sanctithomae,Passeriformes,LC,False,0.5
Dendrocolaptes punctipectus,Passeriformes,NT,False,1.0
Dendrocolaptes certhia,Passeriformes,LC,False,0.5
Dendrocolaptes picumnus,Passeriformes,LC,False,0.5
Dendrocolaptes hoffmannsi,Passeriformes,LC,False,0.5
Dendrocolaptes platyrostris,Passeriformes,LC,False,0.5
Hylexetastes stresemanni,Passeriformes,LC,False,0.5
Hylexetastes perrotii,Passeriformes,LC,False,0.5
Hylexetastes uniformis,Passeriformes,VU,False,1.5
Xiphocolaptes promeropirhynchus,Passeriformes,LC,False,0.5
Xiphocolaptes falcirostris,Passeriformes,VU,False,1.5
Xiphocolaptes albicollis,Passeriformes,LC,False,0.5
Xiphocolaptes major,Passeriformes,LC,False,0.5
Xiphorhynchus obsoletus,Passeriformes,LC,False,0.5
Xiphorhynchus fuscus,Passeriformes,LC,False,0.5
Xiphorhynchus atlanticus,Passeriformes,VU,False,1.5
Xiphorhynchus pardalotus,Passeriformes,LC,False,0.5
Xiphorhynchus ocellatus,Passeriformes,LC,False,0.5
Xiphorhynchus beauperthuysii,Passeriformes,LC,False,0.5
Xiphorhynchus chunchotambo,Passeriformes,LC,False,0.5
Xiphorhynchus elegans,Passeriformes,LC,False,0.5
Xiphorhynchus spixii,Passeriformes,LC,False,0.5
Xiphorhynchus guttatus,Passeriformes,LC,False,0.5
Xiphorhynchus guttatoides,Passeriformes,LC,False,0.5
Xiphorhynchus susurrans,Passeriformes,LC,False,0.5
Xiphorhynchus flavigaster,Passeriformes,LC,False,0.5
Xiphorhynchus lachrymosus,Passeriformes,LC,False,0.5
Xiphorhynchus erythropygius,Passeriformes,LC,False,0.5
Xiphorhynchus aequatorialis,Passeriformes,LC,False,0.5
Xiphorhynchus triangularis,Passeriformes,LC,False,0.5
Dendroplex picus,Passeriformes,LC,False,0.5
Dendroplex kienerii,Passeriformes,LC,False,0.5
Campylorhamphus trochilirostris,Passeriformes,LC,False,0.5
Campylorhamphus falcularius,Passeriformes,LC,False,0.5
Campylorhamphus procurvoides,Passeriformes,LC,False,0.5
Campylorhamphus probatus,Passeriformes,LC,False,0.5
Campylorhamphus multostriatus,Passeriformes,NT,False,1.0
Campylorhamphus pusillus,Passeriformes,LC,False,0.5
Drymotoxeres pucheranii,Passeriformes,LC,False,0.5
Drymornis bridgesii,Passeriformes,LC,False,0.5
Lepidocolaptes leucogaster,Passeriformes,LC,False,0.5
Lepidocolaptes souleyetii,Passeriformes,LC,False,0.5
Lepidocolaptes angustirostris,Passeriformes,LC,False,0.5
Lepidocolaptes affinis,Passeriformes,LC,False,0.5
Lepidocolaptes neglectus,Passeriformes,LC,False,0.5
Lepidocolaptes lacrymiger,Passeriformes,LC,False,0.5
Lepidocolaptes squamatus,Passeriformes,LC,False,0.5
Lepidocolaptes falcinellus,Passeriformes,LC,False,0.5
Lepidocolaptes albolineatus,Passeriformes,LC,False,0.5
Lepidocolaptes duidae,Passeriformes,LC,False,0.5
Lepidocolaptes fatimalimae,Passeriformes,LC,False,0.5
Lepidocolaptes fuscicapillus,Passeriformes,LC,False,0.5
Xenops tenuirostris,Passeriformes,LC,False,0.5
Xenops mexicanus,Passeriformes,,False,0.25
Xenops genibarbis,Passeriformes,LC,False,0.5
Xenops minutus,Passeriformes,LC,False,0.5
Xenops rutilus,Passeriformes,LC,False,0.5
Berlepschia rikeri,Passeriformes,LC,False,0.5
Microxenops milleri,Passeriformes,LC,False,0.5
Pygarrhichas albogularis,Passeriformes,LC,False,0.5
Ochetorhynchus ruficaudus,Passeriformes,LC,False,0.5
Ochetorhynchus andaecola,Passeriformes,LC,False,0.5
Ochetorhynchus phoenicurus,Passeriformes,LC,False,0.5
Ochetorhynchus melanurus,Passeriformes,LC,False,0.5
Pseudocolaptes lawrencii,Passeriformes,LC,False,0.5
Pseudocolaptes johnsoni,Passeriformes,LC,False,0.5
Pseudocolaptes boissonneauii,Passeriformes,LC,False,0.5
Premnornis guttuliger,Passeriformes,LC,False,0.5
Tarphonomus harterti,Passeriformes,LC,False,0.5
Tarphonomus certhioides,Passeriformes,LC,False,0.5
Furnarius figulus,Passeriformes,LC,False,0.5
Furnarius cinnamomeus,Passeriformes,LC,False,0.5
Furnarius longirostris,Passeriformes,LC,False,0.5
Furnarius leucopus,Passeriformes,LC,False,0.5
Furnarius torridus,Passeriformes,LC,False,0.5
Furnarius minor,Passeriformes,LC,False,0.5
Furnarius rufus,Passeriformes,LC,False,0.5
Furnarius cristatus,Passeriformes,LC,False,0.5
Lochmias nematura,Passeriformes,LC,False,0.5
Phleocryptes melanops,Passeriformes,LC,True,2.0
Limnornis curvirostris,Passeriformes,LC,False,0.5
Geocerthia serrana,Passeriformes,LC,False,0.5
Upucerthia dumetaria,Passeriformes,LC,True,2.0
Upucerthia saturatior,Passeriformes,LC,True,2.0
Upucerthia albigula,Passeriformes,LC,False,0.5
Upucerthia validirostris,Passeriformes,LC,False,0.5
Cinclodes pabsti,Passeriformes,NT,False,1.0
Cinclodes antarcticus,Passeriformes,NT,False,1.0
Cinclodes maculirostris,Passeriformes,NT,False,1.0
Cinclodes fuscus,Passeriformes,LC,True,2.0
Cinclodes comechingonus,Passeriformes,LC,True,2.0
Cinclodes albidiventris,Passeriformes,LC,False,0.5
Cinclodes albiventris,Passeriformes,LC,False,0.5
Cinclodes olrogi,Passeriformes,LC,False,0.5
Cinclodes oustaleti,Passeriformes,LC,False,0.5
Cinclodes excelsior,Passeriformes,LC,False,0.5
Cinclodes aricomae,Passeriformes,CR,False,2.5
Cinclodes palliatus,Passeriformes,CR,False,2.5
Cinclodes atacamensis,Passeriformes,LC,False,0.5
Cinclodes patagonicus,Passeriformes,LC,False,0.5
Cinclodes taczanowskii,Passeriformes,LC,False,0.5
Cinclodes nigrofumosus,Passeriformes,LC,False,0.5
Anabazenops dorsalis,Passeriformes,LC,False,0.5
Anabazenops fuscus,Passeriformes,LC,False,0.5
Megaxenops parnaguae,Passeriformes,LC,False,0.5
Cichlocolaptes leucophrus,Passeriformes,LC,False,0.5
Cichlocolaptes holti,Passeriformes,LC,False,0.5
Cichlocolaptes mazarbarnetti,Passeriformes,EX,False,0.25
Heliobletus contaminatus,Passeriformes,LC,False,0.5
Philydor fuscipenne,Passeriformes,LC,False,0.5
Philydor erythrocercum,Passeriformes,LC,False,0.5
Philydor novaesi,Passeriformes,EX,False,0.25
Philydor atricapillus,Passeriformes,LC,False,0.5
Philydor pyrrhodes,Passeriformes,LC,False,0.5
Anabacerthia striaticollis,Passeriformes,LC,False,0.5
Anabacerthia variegaticeps,Passeriformes,LC,False,0.5
Anabacerthia ruficaudata,Passeriformes,LC,False,0.5
Anabacerthia amaurotis,Passeriformes,NT,False,1.0
Anabacerthia lichtensteini,Passeriformes,LC,False,0.5
Syndactyla rufosuperciliata,Passeriformes,LC,False,0.5
Syndactyla dimidiata,Passeriformes,LC,False,0.5
Syndactyla roraimae,Passeriformes,LC,False,0.5
Syndactyla subalaris,Passeriformes,LC,False,0.5
Syndactyla ruficollis,Passeriformes,LC,False,0.5
Syndactyla guttulata,Passeriformes,LC,False,0.5
Syndactyla ucayalae,Passeriformes,LC,False,0.5
Syndactyla striata,Passeriformes,LC,False,0.5
Ancistrops strigilatus,Passeriformes,LC,False,0.5
Dendroma rufa,Passeriformes,LC,False,0.5
Dendroma erythroptera,Passeriformes,LC,False,0.5
Clibanornis dendrocolaptoides,Passeriformes,LC,False,0.5
Clibanornis rectirostris,Passeriformes,LC,False,0.5
Clibanornis erythrocephalus,Passeriformes,NT,False,1.0
Clibanornis rubiginosus,Passeriformes,LC,False,0.5
Clibanornis rufipectus,Passeriformes,VU,False,1.5
Thripadectes ignobilis,Passeriformes,LC,False,0.5
Thripadectes flammulatus,Passeriformes,LC,False,0.5
Thripadectes scrutator,Passeriformes,LC,False,0.5
Thripadectes rufobrunneus,Passeriformes,LC,False,0.5
Thripadectes melanorhynchus,Passeriformes,LC,False,0.5
Thripadectes holostictus,Passeriformes,LC,False,0.5
Thripadectes virgaticeps,Passeriformes,LC,False,0.5
Automolus rufipileatus,Passeriformes,LC,False,0.5
Automolus melanopezus,Passeriformes,LC,False,0.5
Automolus cervinigularis,Passeriformes,LC,False,0.5
Automolus ochrolaemus,Passeriformes,LC,False,0.5
Automolus exsertus,Passeriformes,LC,False,0.5
Automolus virgatus,Passeriformes,LC,False,0.5
Automolus subulatus,Passeriformes,LC,False,0.5
Automolus infuscatus,Passeriformes,LC,False,0.5
Automolus paraensis,Passeriformes,LC,False,0.5
Automolus lammi,Passeriformes,EN,False,2.0
Automolus leucophthalmus,Passeriformes,LC,False,0.5
Premnoplex brunnescens,Passeriformes,LC,False,0.5
Premnoplex tatei,Passeriformes,EN,False,2.0
Premnoplex pariae,Passeriformes,EN,False,2.0
Margarornis bellulus,Passeriformes,NT,False,1.0
Margarornis rubiginosus,Passeriformes,LC,False,0.5
Margarornis stellatus,Passeriformes,LC,False,0.5
Margarornis squamiger,Passeriformes,LC,False,0.5
Aphrastura spinicauda,Passeriformes,LC,False,0.5
Aphrastura masafuerae,Passeriformes,CR,False,2.5
Sylviorthorhynchus desmurii,Passeriformes,LC,False,0.5
Sylviorthorhynchus yanacensis,Passeriformes,LC,False,0.5
Leptasthenura fuliginiceps,Passeriformes,LC,False,0.5
Leptasthenura platensis,Passeriformes,LC,False,0.5
Leptasthenura aegithaloides,Passeriformes,LC,False,0.5
Leptasthenura berlepschi,Passeriformes,LC,False,0.5
Leptasthenura pallida,Passeriformes,LC,True,2.0
Leptasthenura striolata,Passeriformes,LC,False,0.5
Leptasthenura pileata,Passeriformes,LC,False,0.5
Leptasthenura xenothorax,Passeriformes,NT,False,1.0
Leptasthenura striata,Passeriformes,LC,False,0.5
Leptasthenura andicola,Passeriformes,LC,False,0.5
Leptasthenura setaria,Passeriformes,LC,False,0.5
Phacellodomus rufifrons,Passeriformes,LC,False,0.5
Phacellodomus inornatus,Passeriformes,LC,False,0.5
Phacellodomus striaticeps,Passeriformes,LC,False,0.5
Phacellodomus sibilatrix,Passeriformes,LC,False,0.5
Phacellodomus dorsalis,Passeriformes,NT,False,1.0
Phacellodomus maculipectus,Passeriformes,LC,False,0.5
Phacellodomus striaticollis,Passeriformes,LC,False,0.5
Phacellodomus ruber,Passeriformes,LC,False,0.5
Phacellodomus erythrophthalmus,Passeriformes,LC,False,0.5
Phacellodomus ferrugineigula,Passeriformes,LC,False,0.5
Hellmayrea gularis,Passeriformes,LC,False,0.5
Anumbius annumbi,Passeriformes,LC,False,0.5
Coryphistera alaudina,Passeriformes,LC,False,0.5
Asthenes huancavelicae,Passeriformes,LC,False,0.5
Asthenes usheri,Passeriformes,NT,False,1.0
Asthenes arequipae,Passeriformes,LC,False,0.5
Asthenes dorbignyi,Passeriformes,LC,False,0.5
Asthenes berlepschi,Passeriformes,NT,False,1.0
Asthenes baeri,Passeriformes,LC,False,0.5
Asthenes luizae,Passeriformes,NT,False,1.0
Asthenes hudsoni,Passeriformes,NT,False,1.0
Asthenes anthoides,Passeriformes,LC,True,2.0
Asthenes urubambensis,Passeriformes,NT,False,1.0
Asthenes flammulata,Passeriformes,LC,False,0.5
Asthenes virgata,Passeriformes,LC,False,0.5
Asthenes maculicauda,Passeriformes,LC,False,0.5
Asthenes wyatti,Passeriformes,LC,False,0.5
Asthenes humilis,Passeriformes,LC,False,0.5
Asthenes modesta,Passeriformes,LC,False,0.5
Asthenes moreirae,Passeriformes,LC,False,0.5
Asthenes pyrrholeuca,Passeriformes,LC,True,2.0
Asthenes harterti,Passeriformes,LC,False,0.5
Asthenes helleri,Passeriformes,LC,False,0.5
Asthenes vilcabambae,Passeriformes,LC,False,0.5
Asthenes ayacuchensis,Passeriformes,LC,False,0.5
Asthenes pudibunda,Passeriformes,LC,False,0.5
Asthenes ottonis,Passeriformes,LC,False,0.5
Asthenes heterura,Passeriformes,LC,False,0.5
Asthenes palpebralis,Passeriformes,LC,False,0.5
Asthenes coryi,Passeriformes,LC,False,0.5
Asthenes perijana,Passeriformes,EN,False,2.0
Asthenes fuliginosa,Passeriformes,LC,False,0.5
Asthenes griseomurina,Passeriformes,LC,False,0.5
Acrobatornis fonsecai,Passeriformes,VU,False,1.5
Metopothrix aurantiaca,Passeriformes,LC,False,0.5
Xenerpestes minlosi,Passeriformes,LC,False,0.5
Xenerpestes singularis,Passeriformes,LC,False,0.5
Siptornis striaticollis,Passeriformes,LC,False,0.5
Roraimia adusta,Passeriformes,LC,False,0.5
Thripophaga gutturata,Passeriformes,LC,False,0.5
Thripophaga macroura,Passeriformes,VU,False,1.5
Thripophaga cherriei,Passeriformes,VU,False,1.5
Thripophaga amacurensis,Passeriformes,VU,False,1.5
Thripophaga fusciceps,Passeriformes,LC,False,0.5
Limnoctites rectirostris,Passeriformes,NT,False,1.0
Limnoctites sulphuriferus,Passeriformes,LC,False,0.5
Cranioleuca berlepschi,Passeriformes,NT,False,1.0
Cranioleuca weskei,Passeriformes,LC,False,0.5
Cranioleuca marcapatae,Passeriformes,LC,False,0.5
Cranioleuca albiceps,Passeriformes,LC,False,0.5
Cranioleuca vulpina,Passeriformes,LC,False,0.5
Cranioleuca dissita,Passeriformes,LC,False,0.5
Cranioleuca vulpecula,Passeriformes,LC,False,0.5
Cranioleuca subcristata,Passeriformes,LC,False,0.5
Cranioleuca pyrrhophia,Passeriformes,LC,False,0.5
Cranioleuca henricae,Passeriformes,VU,False,1.5
Cranioleuca obsoleta,Passeriformes,LC,False,0.5
Cranioleuca pallida,Passeriformes,LC,False,0.5
Cranioleuca semicinerea,Passeriformes,LC,False,0.5
Cranioleuca albicapilla,Passeriformes,LC,False,0.5
Cranioleuca erythrops,Passeriformes,LC,False,0.5
Cranioleuca demissa,Passeriformes,LC,False,0.5
Cranioleuca hellmayri,Passeriformes,LC,False,0.5
Cranioleuca curtata,Passeriformes,LC,False,0.5
Cranioleuca antisiensis,Passeriformes,LC,False,0.5
Cranioleuca muelleri,Passeriformes,LC,False,0.5
Pseudasthenes humicola,Passeriformes,LC,False,0.5
Pseudasthenes patagonica,Passeriformes,LC,False,0.5
Pseudasthenes steinbachi,Passeriformes,LC,False,0.5
Pseudasthenes cactorum,Passeriformes,LC,False,0.5
Spartonoica maluroides,Passeriformes,LC,False,0.5
Pseudoseisura cristata,Passeriformes,LC,False,0.5
Pseudoseisura unirufa,Passeriformes,LC,False,0.5
Pseudoseisura lophotes,Passeriformes,LC,False,0.5
Pseudoseisura gutturalis,Passeriformes,LC,False,0.5
Certhiaxis cinnamomeus,Passeriformes,LC,False,0.5
Certhiaxis mustelinus,Passeriformes,LC,False,0.5
Mazaria propinqua,Passeriformes,LC,False,0.5
Schoeniophylax phryganophilus,Passeriformes,LC,False,0.5
Synallaxis scutata,Passeriformes,LC,False,0.5
Synallaxis cinerascens,Passeriformes,LC,False,0.5
Synallaxis gujanensis,Passeriformes,LC,False,0.5
Synallaxis simoni,Passeriformes,LC,False,0.5
Synallaxis albilora,Passeriformes,LC,False,0.5
Synallaxis maranonica,Passeriformes,CR,False,2.5
Synallaxis hypochondriaca,Passeriformes,NT,False,1.0
Synallaxis chinchipensis,Passeriformes,LC,False,0.5
Synallaxis stictothorax,Passeriformes,LC,False,0.5
Synallaxis zimmeri,Passeriformes,VU,False,1.5
Synallaxis brachyura,Passeriformes,LC,False,0.5
Synallaxis subpudica,Passeriformes,LC,False,0.5
Synallaxis hellmayri,Passeriformes,LC,False,0.5
Synallaxis ruficapilla,Passeriformes,LC,False,0.5
Synallaxis cinerea,Passeriformes,NT,False,1.0
Synallaxis infuscata,Passeriformes,EN,False,2.0
Synallaxis moesta,Passeriformes,LC,False,0.5
Synallaxis macconnelli,Passeriformes,LC,False,0.5
Synallaxis cabanisi,Passeriformes,LC,False,0.5
Synallaxis hypospodia,Passeriformes,LC,False,0.5
Synallaxis spixi,Passeriformes,LC,False,0.5
Synallaxis albigularis,Passeriformes,LC,False,0.5
Synallaxis beverlyae,Passeriformes,NT,False,1.0
Synallaxis albescens,Passeriformes,LC,False,0.5
Synallaxis frontalis,Passeriformes,LC,False,0.5
Synallaxis azarae,Passeriformes,LC,False,0.5
Synallaxis courseni,Passeriformes,NT,False,1.0
Synallaxis candei,Passeriformes,LC,False,0.5
Synallaxis erythrothorax,Passeriformes,LC,False,0.5
Synallaxis kollari,Passeriformes,EN,False,2.0
Synallaxis tithys,Passeriformes,VU,False,1.5
Synallaxis fuscorufa,Passeriformes,NT,False,1.0
Synallaxis unirufa,Passeriformes,LC,False,0.5
Synallaxis castanea,Passeriformes,LC,False,0.5
Synallaxis cinnamomea,Passeriformes,LC,False,0.5
Synallaxis rutilans,Passeriformes,LC,False,0.5
Synallaxis cherriei,Passeriformes,LC,False,0.5
Euchrepomis callinota,Passeriformes,LC,False,0.5
Euchrepomis humeralis,Passeriformes,LC,False,0.5
Euchrepomis sharpei,Passeriformes,NT,False,1.0
Euchrepomis spodioptila,Passeriformes,LC,False,0.5
Myrmornis torquata,Passeriformes,LC,False,0.5
Myrmornis stictoptera,Passeriformes,LC,False,0.5
Pygiptila stellaris,Passeriformes,LC,False,0.5
Thamnistes anabatinus,Passeriformes,LC,False,0.5
Thamnistes aequatorialis,Passeriformes,LC,False,0.5
Thamnistes rufescens,Passeriformes,,False,0.25
Microrhopias quixensis,Passeriformes,LC,False,0.5
Neoctantes niger,Passeriformes,LC,False,0.5
Clytoctantes alixii,Passeriformes,EN,False,2.0
Clytoctantes atrogularis,Passeriformes,NT,False,1.0
Epinecrophylla fulviventris,Passeriformes,LC,False,0.5
Epinecrophylla ornata,Passeriformes,LC,False,0.5
Epinecrophylla hoffmannsi,Passeriformes,LC,False,0.5
Epinecrophylla erythrura,Passeriformes,LC,False,0.5
Epinecrophylla leucophthalma,Passeriformes,LC,False,0.5
Epinecrophylla gutturalis,Passeriformes,LC,False,0.5
Epinecrophylla haematonota,Passeriformes,LC,False,0.5
Epinecrophylla spodionota,Passeriformes,LC,False,0.5
Epinecrophylla amazonica,Passeriformes,LC,False,0.5
Myrmorchilus strigilatus,Passeriformes,LC,False,0.5
Aprositornis disjuncta,Passeriformes,LC,False,0.5
Ammonastes pelzelni,Passeriformes,LC,False,0.5
Myrmophylax atrothorax,Passeriformes,LC,False,0.5
Myrmotherula ignota,Passeriformes,LC,False,0.5
Myrmotherula brachyura,Passeriformes,LC,False,0.5
Myrmotherula surinamensis,Passeriformes,LC,False,0.5
Myrmotherula multostriata,Passeriformes,LC,False,0.5
Myrmotherula pacifica,Passeriformes,LC,False,0.5
Myrmotherula cherriei,Passeriformes,LC,False,0.5
Myrmotherula klagesi,Passeriformes,VU,False,1.5
Myrmotherula longicauda,Passeriformes,LC,False,0.5
Myrmotherula ambigua,Passeriformes,LC,False,0.5
Myrmotherula sclateri,Passeriformes,LC,False,0.5
Myrmotherula axillaris,Passeriformes,LC,False,0.5
Myrmotherula luctuosa,Passeriformes,LC,False,0.5
Myrmotherula schisticolor,Passeriformes,LC,False,0.5
Myrmotherula sunensis,Passeriformes,LC,False,0.5
Myrmotherula minor,Passeriformes,VU,False,1.5
Myrmotherula longipennis,Passeriformes,LC,False,0.5
Myrmotherula urosticta,Passeriformes,VU,False,1.5
Myrmotherula iheringi,Passeriformes,LC,False,0.5
Myrmotherula fluminensis,Passeriformes,,False,0.25
Myrmotherula grisea,Passeriformes,LC,False,0.5
Myrmotherula unicolor,Passeriformes,LC,False,0.5
Myrmotherula snowi,Passeriformes,CR,False,2.5
Myrmotherula behni,Passeriformes,LC,False,0.5
Myrmotherula menetriesii,Passeriformes,LC,False,0.5
Myrmotherula assimilis,Passeriformes,LC,False,0.5
Terenura maculata,Passeriformes,LC,False,0.5
Terenura sicki,Passeriformes,CR,False,2.5
Myrmochanes hemileucus,Passeriformes,LC,False,0.5
Formicivora iheringi,Passeriformes,LC,False,0.5
Formicivora erythronotos,Passeriformes,EN,False,2.0
Formicivora intermedia,Passeriformes,LC,False,0.5
Formicivora grisea,Passeriformes,LC,False,0.5
Formicivora serrana,Passeriformes,LC,False,0.5
Formicivora melanogaster,Passeriformes,LC,False,0.5
Formicivora rufa,Passeriformes,LC,False,0.5
Formicivora grantsaui,Passeriformes,EN,False,2.0
Formicivora acutirostris,Passeriformes,NT,False,1.0
Formicivora paludicola,Passeriformes,CR,False,2.5
Dichrozona cincta,Passeriformes,LC,False,0.5
Rhopias gularis,Passeriformes,LC,False,0.5
Isleria hauxwelli,Passeriformes,LC,False,0.5
Isleria guttata,Passeriformes,LC,False,0.5
Thamnomanes ardesiacus,Passeriformes,LC,False,0.5
Thamnomanes saturninus,Passeriformes,LC,False,0.5
Thamnomanes caesius,Passeriformes,LC,False,0.5
Thamnomanes schistogynus,Passeriformes,LC,False,0.5
Megastictus margaritatus,Passeriformes,LC,False,0.5
Sakesphorus cristatus,Passeriformes,LC,False,0.5
Herpsilochmus pileatus,Passeriformes,NT,False,1.0
Herpsilochmus atricapillus,Passeriformes,LC,False,0.5
Herpsilochmus stotzi,Passeriformes,LC,False,0.5
Herpsilochmus praedictus,Passeriformes,LC,False,0.5
Herpsilochmus motacilloides,Passeriformes,LC,False,0.5
Herpsilochmus parkeri,Passeriformes,VU,False,1.5
Herpsilochmus sticturus,Passeriformes,LC,False,0.5
Herpsilochmus dugandi,Passeriformes,LC,False,0.5
Herpsilochmus stictocephalus,Passeriformes,LC,False,0.5
Herpsilochmus dorsimaculatus,Passeriformes,LC,False,0.5
Herpsilochmus roraimae,Passeriformes,LC,False,0.5
Herpsilochmus pectoralis,Passeriformes,VU,False,1.5
Herpsilochmus longirostris,Passeriformes,LC,False,0.5
Herpsilochmus gentryi,Passeriformes,LC,False,0.5
Herpsilochmus axillaris,Passeriformes,LC,False,0.5
Herpsilochmus scapularis,Passeriformes,LC,False,0.5
Herpsilochmus rufimarginatus,Passeriformes,LC,False,0.5
Dysithamnus stictothorax,Passeriformes,NT,False,1.0
Dysithamnus mentalis,Passeriformes,LC,False,0.5
Dysithamnus striaticeps,Passeriformes,LC,False,0.5
Dysithamnus puncticeps,Passeriformes,LC,False,0.5
Dysithamnus xanthopterus,Passeriformes,LC,False,0.5
Dysithamnus occidentalis,Passeriformes,NT,False,1.0
Dysithamnus plumbeus,Passeriformes,VU,False,1.5
Dysithamnus leucostictus,Passeriformes,LC,False,0.5
Thamnophilus bernardi,Passeriformes,LC,False,0.5
Thamnophilus shumbae,Passeriformes,VU,False,1.5
Thamnophilus melanonotus,Passeriformes,LC,False,0.5
Thamnophilus melanothorax,Passeriformes,LC,False,0.5
Thamnophilus doliatus,Passeriformes,LC,False,0.5
Thamnophilus zarumae,Passeriformes,LC,False,0.5
Thamnophilus multistriatus,Passeriformes,LC,False,0.5
Thamnophilus tenuepunctatus,Passeriformes,LC,False,0.5
Thamnophilus palliatus,Passeriformes,LC,False,0.5
Thamnophilus bridgesi,Passeriformes,LC,False,0.5
Thamnophilus nigriceps,Passeriformes,LC,False,0.5
Thamnophilus praecox,Passeriformes,NT,False,1.0
Thamnophilus nigrocinereus,Passeriformes,LC,False,0.5
Thamnophilus cryptoleucus,Passeriformes,LC,False,0.5
Thamnophilus aethiops,Passeriformes,LC,False,0.5
Thamnophilus unicolor,Passeriformes,LC,False,0.5
Thamnophilus schistaceus,Passeriformes,LC,False,0.5
Thamnophilus murinus,Passeriformes,LC,False,0.5
Thamnophilus aroyae,Passeriformes,LC,False,0.5
Thamnophilus atrinucha,Passeriformes,LC,False,0.5
Thamnophilus punctatus,Passeriformes,LC,False,0.5
Thamnophilus stictocephalus,Passeriformes,LC,False,0.5
Thamnophilus sticturus,Passeriformes,LC,False,0.5
Thamnophilus pelzelni,Passeriformes,LC,False,0.5
Thamnophilus ambiguus,Passeriformes,LC,False,0.5
Thamnophilus amazonicus,Passeriformes,LC,False,0.5
Thamnophilus divisorius,Passeriformes,LC,False,0.5
Thamnophilus insignis,Passeriformes,LC,False,0.5
Thamnophilus caerulescens,Passeriformes,LC,False,0.5
Thamnophilus torquatus,Passeriformes,LC,False,0.5
Thamnophilus ruficapillus,Passeriformes,LC,False,0.5
Thamnophilus subfasciatus,Passeriformes,LC,False,0.5
Sakesphorus canadensis,Passeriformes,LC,False,0.5
Sakesphorus pulchellus,Passeriformes,LC,False,0.5
Sakesphorus luctuosus,Passeriformes,LC,False,0.5
Herpsilochmus sellowi,Passeriformes,LC,False,0.5
Biatas nigropectus,Passeriformes,VU,False,1.5
Cymbilaimus lineatus,Passeriformes,LC,False,0.5
Cymbilaimus sanctaemariae,Passeriformes,LC,False,0.5
Taraba major,Passeriformes,LC,False,0.5
Mackenziaena leachii,Passeriformes,LC,False,0.5
Mackenziaena severa,Passeriformes,LC,False,0.5
Frederickena viridis,Passeriformes,LC,False,0.5
Frederickena unduliger,Passeriformes,LC,False,0.5
Frederickena fulva,Passeriformes,,False,0.25
Hypoedaleus guttatus,Passeriformes,LC,False,0.5
Batara cinerea,Passeriformes,LC,False,0.5
Xenornis setifrons,Passeriformes,NT,False,1.0
Pithys albifrons,Passeriformes,LC,False,0.5
Pithys castaneus,Passeriformes,NT,False,1.0
Phaenostictus mcleannani,Passeriformes,LC,False,0.5
Gymnopithys bicolor,Passeriformes,LC,False,0.5
Gymnopithys leucaspis,Passeriformes,LC,False,0.5
Gymnopithys rufigula,Passeriformes,LC,False,0.5
Oneillornis salvini,Passeriformes,LC,False,0.5
Oneillornis lunulatus,Passeriformes,LC,False,0.5
Rhegmatorhina gymnops,Passeriformes,VU,False,1.5
Rhegmatorhina berlepschi,Passeriformes,LC,False,0.5
Rhegmatorhina hoffmannsi,Passeriformes,LC,False,0.5
Rhegmatorhina cristata,Passeriformes,LC,False,0.5
Rhegmatorhina melanosticta,Passeriformes,LC,False,0.5
Phlegopsis nigromaculata,Passeriformes,LC,False,0.5
Phlegopsis erythroptera,Passeriformes,LC,False,0.5
Phlegopsis borbae,Passeriformes,LC,False,0.5
Willisornis poecilinotus,Passeriformes,LC,False,0.5
Willisornis vidua,Passeriformes,LC,False,0.5
Willisornis nigrigula,Passeriformes,LC,False,0.5
Drymophila ferruginea,Passeriformes,LC,False,0.5
Drymophila rubricollis,Passeriformes,LC,False,0.5
Drymophila genei,Passeriformes,LC,False,0.5
Drymophila ochropyga,Passeriformes,LC,False,0.5
Drymophila malura,Passeriformes,LC,False,0.5
Drymophila squamata,Passeriformes,LC,False,0.5
Drymophila devillei,Passeriformes,LC,False,0.5
Drymophila hellmayri,Passeriformes,NT,False,1.0
Drymophila klagesi,Passeriformes,LC,False,0.5
Drymophila caudata,Passeriformes,LC,False,0.5
Drymophila striaticeps,Passeriformes,LC,False,0.5
Hypocnemis cantator,Passeriformes,LC,False,0.5
Hypocnemis flavescens,Passeriformes,LC,False,0.5
Hypocnemis peruviana,Passeriformes,LC,False,0.5
Hypocnemis subflava,Passeriformes,LC,False,0.5
Hypocnemis ochrogyna,Passeriformes,VU,False,1.5
Hypocnemis striata,Passeriformes,LC,False,0.5
Hypocnemis rondoni,Passeriformes,LC,False,0.5
Hypocnemis hypoxantha,Passeriformes,LC,False,0.5
Sciaphylax hemimelaena,Passeriformes,LC,False,0.5
Sciaphylax castanea,Passeriformes,LC,False,0.5
Cercomacroides laeta,Passeriformes,LC,False,0.5
Cercomacroides parkeri,Passeriformes,LC,False,0.5
Cercomacroides nigrescens,Passeriformes,LC,False,0.5
Cercomacroides fuscicauda,Passeriformes,LC,False,0.5
Cercomacroides tyrannina,Passeriformes,LC,False,0.5
Cercomacroides serva,Passeriformes,LC,False,0.5
Cercomacra manu,Passeriformes,LC,False,0.5
Cercomacra brasiliana,Passeriformes,NT,False,1.0
Cercomacra cinerascens,Passeriformes,LC,False,0.5
Cercomacra melanaria,Passeriformes,LC,False,0.5
Cercomacra ferdinandi,Passeriformes,NT,False,1.0
Cercomacra nigricans,Passeriformes,LC,False,0.5
Cercomacra carbonaria,Passeriformes,VU,False,1.5
Myrmoderus ferrugineus,Passeriformes,LC,False,0.5
Myrmoderus eowilsoni,Passeriformes,NT,False,1.0
Myrmoderus ruficauda,Passeriformes,EN,False,2.0
Myrmoderus loricatus,Passeriformes,LC,False,0.5
Myrmoderus squamosus,Passeriformes,LC,False,0.5
Hypocnemoides melanopogon,Passeriformes,LC,False,0.5
Hypocnemoides maculicauda,Passeriformes,LC,False,0.5
Hylophylax naevioides,Passeriformes,LC,False,0.5
Hylophylax naevius,Passeriformes,LC,False,0.5
Hylophylax punctulatus,Passeriformes,LC,False,0.5
Sclateria naevia,Passeriformes,LC,False,0.5
Myrmelastes hyperythrus,Passeriformes,LC,False,0.5
Myrmelastes schistaceus,Passeriformes,LC,False,0.5
Myrmelastes leucostigma,Passeriformes,LC,False,0.5
Myrmelastes humaythae,Passeriformes,LC,False,0.5
Myrmelastes brunneiceps,Passeriformes,LC,False,0.5
Myrmelastes rufifacies,Passeriformes,LC,False,0.5
Myrmelastes saturatus,Passeriformes,LC,False,0.5
Myrmelastes caurensis,Passeriformes,LC,False,0.5
Poliocrania exsul,Passeriformes,LC,False,0.5
Poliocrania maculifer,Passeriformes,LC,False,0.5
Ampelornis griseiceps,Passeriformes,NT,False,1.0
Sipia berlepschi,Passeriformes,LC,False,0.5
Sipia nigricauda,Passeriformes,LC,False,0.5
Sipia palliata,Passeriformes,NT,False,1.0
Sipia laemosticta,Passeriformes,LC,False,0.5
Myrmeciza longipes,Passeriformes,LC,False,0.5
Myrmoborus melanurus,Passeriformes,NT,False,1.0
Myrmoborus lophotes,Passeriformes,LC,False,0.5
Myrmoborus myotherinus,Passeriformes,LC,False,0.5
Myrmoborus leucophrys,Passeriformes,LC,False,0.5
Myrmoborus lugubris,Passeriformes,LC,False,0.5
Gymnocichla nudiceps,Passeriformes,LC,False,0.5
Pyriglena maura,Passeriformes,,False,0.25
Pyriglena similis,Passeriformes,,False,0.25
Pyriglena leuconota,Passeriformes,LC,False,0.5
Pyriglena atra,Passeriformes,EN,False,2.0
Pyriglena leucoptera,Passeriformes,LC,False,0.5
Rhopornis ardesiacus,Passeriformes,EN,False,2.0
Percnostola rufifrons,Passeriformes,LC,False,0.5
Percnostola arenarum,Passeriformes,VU,False,1.5
Akletos melanoceps,Passeriformes,LC,False,0.5
Akletos goeldii,Passeriformes,LC,False,0.5
Hafferia fortis,Passeriformes,LC,False,0.5
Hafferia immaculata,Passeriformes,LC,False,0.5
Hafferia zeledoni,Passeriformes,LC,False,0.5
Formicarius colma,Passeriformes,LC,False,0.5
Formicarius analis,Passeriformes,LC,False,0.5
Formicarius moniliger,Passeriformes,LC,False,0.5
Formicarius rufifrons,Passeriformes,LC,False,0.5
Formicarius nigricapillus,Passeriformes,LC,False,0.5
Formicarius rufipectus,Passeriformes,LC,False,0.5
Chamaeza campanisona,Passeriformes,LC,False,0.5
Chamaeza nobilis,Passeriformes,LC,False,0.5
Chamaeza meruloides,Passeriformes,LC,False,0.5
Chamaeza ruficauda,Passeriformes,LC,False,0.5
Chamaeza turdina,Passeriformes,LC,False,0.5
Chamaeza mollissima,Passeriformes,LC,False,0.5
Grallaria squamigera,Passeriformes,LC,False,0.5
Grallaria gigantea,Passeriformes,VU,False,1.5
Grallaria excelsa,Passeriformes,NT,False,1.0
Grallaria varia,Passeriformes,LC,False,0.5
Grallaria alleni,Passeriformes,VU,False,1.5
Grallaria guatimalensis,Passeriformes,LC,False,0.5
Grallaria chthonia,Passeriformes,CR,False,2.5
Grallaria haplonota,Passeriformes,LC,False,0.5
Grallaria dignissima,Passeriformes,LC,False,0.5
Grallaria eludens,Passeriformes,LC,False,0.5
Grallaria ruficapilla,Passeriformes,LC,False,0.5
Grallaria watkinsi,Passeriformes,NT,False,1.0
Grallaria bangsi,Passeriformes,VU,False,1.5
Grallaria kaestneri,Passeriformes,EN,False,2.0
Grallaria andicolus,Passeriformes,LC,False,0.5
Grallaria griseonucha,Passeriformes,LC,False,0.5
Grallaria ridgelyi,Passeriformes,EN,False,2.0
Grallaria nuchalis,Passeriformes,LC,False,0.5
Grallaria carrikeri,Passeriformes,LC,False,0.5
Grallaria albigula,Passeriformes,LC,False,0.5
Grallaria flavotincta,Passeriformes,LC,False,0.5
Grallaria hypoleuca,Passeriformes,LC,False,0.5
Grallaria przewalskii,Passeriformes,LC,False,0.5
Grallaria capitalis,Passeriformes,LC,False,0.5
Grallaria erythroleuca,Passeriformes,LC,False,0.5
Grallaria spatiator,Passeriformes,,False,0.25
Grallaria saltuensis,Passeriformes,NT,False,1.0
Grallaria rufula,Passeriformes,LC,False,0.5
Grallaria rufocinerea,Passeriformes,LC,False,0.5
Grallaria alvarezi,Passeriformes,,False,0.25
Grallaria saturata,Passeriformes,,False,0.25
Grallaria cajamarcae,Passeriformes,,False,0.25
Grallaria blakei,Passeriformes,LC,False,0.5
Grallaria gravesi,Passeriformes,,False,0.25
Grallaria oneilli,Passeriformes,,False,0.25
Grallaria obscura,Passeriformes,,False,0.25
Grallaria centralis,Passeriformes,,False,0.25
Grallaria ayacuchensis,Passeriformes,,False,0.25
Grallaria occabambae,Passeriformes,,False,0.25
Grallaria sinaensis,Passeriformes,,False,0.25
Grallaria cochabambae,Passeriformes,,False,0.25
Grallaria quitensis,Passeriformes,LC,False,0.5
Grallaria alticola,Passeriformes,LC,False,0.5
Grallaria atuensis,Passeriformes,LC,False,0.5
Grallaria milleri,Passeriformes,VU,False,1.5
Grallaria fenwickorum,Passeriformes,CR,False,2.5
Grallaria erythrotis,Passeriformes,LC,False,0.5
Cryptopezus nattereri,Passeriformes,LC,False,0.5
Hylopezus perspicillatus,Passeriformes,LC,False,0.5
Hylopezus macularius,Passeriformes,LC,False,0.5
Hylopezus paraensis,Passeriformes,,False,0.25
Hylopezus whittakeri,Passeriformes,,False,0.25
Hylopezus auricularis,Passeriformes,VU,False,1.5
Hylopezus ochroleucus,Passeriformes,LC,False,0.5
Myrmothera fulviventris,Passeriformes,LC,False,0.5
Myrmothera berlepschi,Passeriformes,LC,False,0.5
Myrmothera dives,Passeriformes,LC,False,0.5
Myrmothera simplex,Passeriformes,LC,False,0.5
Myrmothera campanisona,Passeriformes,LC,False,0.5
Myrmothera subcanescens,Passeriformes,LC,False,0.5
Grallaricula flavirostris,Passeriformes,LC,False,0.5
Grallaricula loricata,Passeriformes,NT,False,1.0
Grallaricula cucullata,Passeriformes,NT,False,1.0
Grallaricula peruviana,Passeriformes,NT,False,1.0
Grallaricula ochraceifrons,Passeriformes,VU,False,1.5
Grallaricula ferrugineipectus,Passeriformes,LC,False,0.5
Grallaricula leymebambae,Passeriformes,LC,False,0.5
Grallaricula nana,Passeriformes,LC,False,0.5
Grallaricula cumanensis,Passeriformes,VU,False,1.5
Grallaricula lineifrons,Passeriformes,LC,False,0.5
Conopophaga lineata,Passeriformes,LC,False,0.5
Conopophaga aurita,Passeriformes,LC,False,0.5
Conopophaga snethlageae,Passeriformes,LC,False,0.5
Conopophaga roberti,Passeriformes,LC,False,0.5
Conopophaga peruviana,Passeriformes,LC,False,0.5
Conopophaga cearae,Passeriformes,NT,False,1.0
Conopophaga ardesiaca,Passeriformes,LC,False,0.5
Conopophaga castaneiceps,Passeriformes,LC,False,0.5
Conopophaga melanops,Passeriformes,LC,False,0.5
Conopophaga melanogaster,Passeriformes,LC,False,0.5
Pittasoma michleri,Passeriformes,LC,False,0.5
Pittasoma rufopileatum,Passeriformes,LC,False,0.5
Acropternis orthonyx,Passeriformes,LC,False,0.5
Pteroptochos castaneus,Passeriformes,LC,False,0.5
Pteroptochos tarnii,Passeriformes,LC,False,0.5
Pteroptochos megapodius,Passeriformes,LC,False,0.5
Scelorchilus albicollis,Passeriformes,LC,False,0.5
Scelorchilus rubecula,Passeriformes,LC,False,0.5
Rhinocrypta lanceolata,Passeriformes,LC,False,0.5
Teledromas fuscus,Passeriformes,LC,False,0.5
Liosceles thoracicus,Passeriformes,LC,False,0.5
Psilorhamphus guttatus,Passeriformes,LC,False,0.5
Merulaxis ater,Passeriformes,LC,False,0.5
Merulaxis stresemanni,Passeriformes,CR,False,2.5
Eugralla paradoxa,Passeriformes,LC,False,0.5
Myornis senilis,Passeriformes,LC,False,0.5
Eleoscytalopus indigoticus,Passeriformes,LC,False,0.5
Eleoscytalopus psychopompus,Passeriformes,EN,False,2.0
Scytalopus iraiensis,Passeriformes,VU,False,1.5
Scytalopus diamantinensis,Passeriformes,EN,False,2.0
Scytalopus novacapitalis,Passeriformes,EN,False,2.0
Scytalopus petrophilus,Passeriformes,LC,False,0.5
Scytalopus pachecoi,Passeriformes,LC,False,0.5
Scytalopus gonzagai,Passeriformes,EN,False,2.0
Scytalopus speluncae,Passeriformes,LC,False,0.5
Scytalopus fuscus,Passeriformes,LC,False,0.5
Scytalopus magellanicus,Passeriformes,LC,False,0.5
Scytalopus affinis,Passeriformes,LC,False,0.5
Scytalopus krabbei,Passeriformes,,False,0.25
Scytalopus androstictus,Passeriformes,,False,0.25
Scytalopus opacus,Passeriformes,LC,False,0.5
Scytalopus canus,Passeriformes,NT,False,1.0
Scytalopus superciliaris,Passeriformes,LC,False,0.5
Scytalopus zimmeri,Passeriformes,LC,False,0.5
Scytalopus simonsi,Passeriformes,LC,False,0.5
Scytalopus schulenbergi,Passeriformes,LC,False,0.5
Scytalopus urubambae,Passeriformes,LC,False,0.5
Scytalopus whitneyi,Passeriformes,,False,0.25
Scytalopus frankeae,Passeriformes,,False,0.25
Scytalopus altirostris,Passeriformes,LC,False,0.5
Scytalopus parvirostris,Passeriformes,LC,False,0.5
Scytalopus bolivianus,Passeriformes,LC,False,0.5
Scytalopus atratus,Passeriformes,LC,False,0.5
Scytalopus sanctaemartae,Passeriformes,NT,False,1.0
Scytalopus micropterus,Passeriformes,LC,False,0.5
Scytalopus femoralis,Passeriformes,LC,False,0.5
Scytalopus intermedius,Passeriformes,,False,0.25
Scytalopus macropus,Passeriformes,LC,False,0.5
Scytalopus gettyae,Passeriformes,NT,False,1.0
Scytalopus unicolor,Passeriformes,NT,False,1.0
Scytalopus acutirostris,Passeriformes,LC,False,0.5
Scytalopus latrans,Passeriformes,LC,False,0.5
Scytalopus argentifrons,Passeriformes,LC,False,0.5
Scytalopus vicinior,Passeriformes,LC,False,0.5
Scytalopus panamensis,Passeriformes,NT,False,1.0
Scytalopus chocoensis,Passeriformes,LC,False,0.5
Scytalopus rodriguezi,Passeriformes,EN,False,2.0
Scytalopus stilesi,Passeriformes,LC,False,0.5
Scytalopus alvarezlopezi,Passeriformes,NT,False,1.0
Scytalopus robbinsi,Passeriformes,EN,False,2.0
Scytalopus caracae,Passeriformes,LC,False,0.5
Scytalopus griseicollis,Passeriformes,LC,False,0.5
Scytalopus latebricola,Passeriformes,NT,False,1.0
Scytalopus perijanus,Passeriformes,NT,False,1.0
Scytalopus meridanus,Passeriformes,LC,False,0.5
Scytalopus parkeri,Passeriformes,LC,False,0.5
Scytalopus spillmanni,Passeriformes,LC,False,0.5
Melanopareia torquata,Passeriformes,LC,False,0.5
Melanopareia maximiliani,Passeriformes,LC,False,0.5
Melanopareia maranonica,Passeriformes,LC,False,0.5
Melanopareia elegans,Passeriformes,LC,False,0.5
Piprites griseiceps,Passeriformes,LC,False,0.5
Piprites chloris,Passeriformes,LC,False,0.5
Piprites pileata,Passeriformes,NT,False,1.0
Phyllomyias virescens,Passeriformes,LC,False,0.5
Phyllomyias reiseri,Passeriformes,LC,False,0.5
Phyllomyias urichi,Passeriformes,EN,False,2.0
Phyllomyias sclateri,Passeriformes,LC,False,0.5
Phyllomyias weedeni,Passeriformes,VU,False,1.5
Phyllomyias fasciatus,Passeriformes,LC,False,0.5
Phyllomyias griseiceps,Passeriformes,LC,False,0.5
Phyllomyias plumbeiceps,Passeriformes,LC,False,0.5
Phyllomyias griseocapilla,Passeriformes,NT,False,1.0
Phyllomyias burmeisteri,Passeriformes,LC,False,0.5
Phyllomyias zeledoni,Passeriformes,LC,False,0.5
Phyllomyias nigrocapillus,Passeriformes,LC,False,0.5
Phyllomyias cinereiceps,Passeriformes,LC,False,0.5
Phyllomyias uropygialis,Passeriformes,LC,False,0.5
Tyrannulus elatus,Passeriformes,LC,False,0.5
Myiopagis gaimardii,Passeriformes,LC,False,0.5
Myiopagis parambae,Passeriformes,LC,False,0.5
Myiopagis cinerea,Passeriformes,LC,False,0.5
Myiopagis caniceps,Passeriformes,LC,False,0.5
Myiopagis olallai,Passeriformes,LC,False,0.5
Myiopagis subplacens,Passeriformes,LC,False,0.5
Myiopagis flavivertex,Passeriformes,LC,False,0.5
Myiopagis viridicata,Passeriformes,LC,True,2.0
Myiopagis cotta,Passeriformes,LC,False,0.5
Elaenia flavogaster,Passeriformes,LC,False,0.5
Elaenia martinica,Passeriformes,LC,False,0.5
Elaenia spectabilis,Passeriformes,LC,True,2.0
Elaenia ridleyana,Passeriformes,VU,False,1.5
Elaenia albiceps,Passeriformes,LC,False,0.5
Elaenia chilensis,Passeriformes,,True,1.0
Elaenia parvirostris,Passeriformes,LC,True,2.0
Elaenia mesoleuca,Passeriformes,LC,True,2.0
Elaenia strepera,Passeriformes,LC,True,2.0
Elaenia gigas,Passeriformes,LC,False,0.5
Elaenia pelzelni,Passeriformes,LC,False,0.5
Elaenia cristata,Passeriformes,LC,False,0.5
Elaenia chiriquensis,Passeriformes,LC,True,2.0
Elaenia brachyptera,Passeriformes,LC,False,0.5
Elaenia ruficeps,Passeriformes,LC,False,0.5
Elaenia frantzii,Passeriformes,LC,False,0.5
Elaenia obscura,Passeriformes,LC,False,0.5
Elaenia sordida,Passeriformes,LC,False,0.5
Elaenia dayi,Passeriformes,LC,False,0.5
Elaenia pallatangae,Passeriformes,LC,False,0.5
Elaenia olivina,Passeriformes,LC,False,0.5
Elaenia fallax,Passeriformes,LC,False,0.5
Elaenia cherriei,Passeriformes,LC,False,0.5
Ornithion semiflavum,Passeriformes,LC,False,0.5
Ornithion brunneicapillus,Passeriformes,LC,False,0.5
Ornithion inerme,Passeriformes,LC,False,0.5
Camptostoma imberbe,Passeriformes,LC,False,0.5
Camptostoma obsoletum,Passeriformes,LC,False,0.5
Suiriri suiriri,Passeriformes,LC,True,2.0
Mecocerculus leucophrys,Passeriformes,LC,False,0.5
Mecocerculus poecilocercus,Passeriformes,LC,False,0.5
Mecocerculus hellmayri,Passeriformes,LC,False,0.5
Mecocerculus calopterus,Passeriformes,LC,False,0.5
Mecocerculus minor,Passeriformes,LC,False,0.5
Mecocerculus stictopterus,Passeriformes,LC,False,0.5
Anairetes nigrocristatus,Passeriformes,LC,False,0.5
Anairetes reguloides,Passeriformes,LC,False,0.5
Anairetes alpinus,Passeriformes,EN,False,2.0
Anairetes flavirostris,Passeriformes,LC,False,0.5
Anairetes parulus,Passeriformes,LC,False,0.5
Anairetes fernandezianus,Passeriformes,EN,False,2.0
Uromyias agilis,Passeriformes,LC,False,0.5
Uromyias agraphia,Passeriformes,LC,False,0.5
Serpophaga cinerea,Passeriformes,LC,False,0.5
Serpophaga hypoleuca,Passeriformes,LC,False,0.5
Serpophaga nigricans,Passeriformes,LC,False,0.5
Serpophaga subcristata,Passeriformes,LC,False,0.5
Serpophaga griseicapilla,Passeriformes,LC,True,2.0
Nesotriccus ridgwayi,Passeriformes,VU,False,1.5
Phaeomyias murina,Passeriformes,LC,False,0.5
Phaeomyias tumbezana,Passeriformes,LC,False,0.5
Nesotriccus maranonicus,Passeriformes,,False,0.25
Capsiempis flaveola,Passeriformes,LC,False,0.5
Polystictus pectoralis,Passeriformes,NT,True,4.0
Polystictus superciliaris,Passeriformes,LC,False,0.5
Pseudocolopteryx dinelliana,Passeriformes,NT,True,4.0
Pseudocolopteryx sclateri,Passeriformes,LC,False,0.5
Pseudocolopteryx acutipennis,Passeriformes,LC,True,2.0
Pseudocolopteryx flaviventris,Passeriformes,LC,False,0.5
Pseudocolopteryx citreola,Passeriformes,LC,True,2.0
Pseudotriccus pelzelni,Passeriformes,LC,False,0.5
Pseudotriccus simplex,Passeriformes,LC,False,0.5
Pseudotriccus ruficeps,Passeriformes,LC,False,0.5
Corythopis torquatus,Passeriformes,LC,False,0.5
Corythopis delalandi,Passeriformes,LC,False,0.5
Euscarthmus meloryphus,Passeriformes,LC,False,0.5
Euscarthmus fulviceps,Passeriformes,LC,False,0.5
Euscarthmus rufomarginatus,Passeriformes,LC,False,0.5
Pseudelaenia leucospodia,Passeriformes,LC,False,0.5
Stigmatura napensis,Passeriformes,LC,False,0.5
Stigmatura bahiae,Passeriformes,LC,False,0.5
Stigmatura budytoides,Passeriformes,LC,True,2.0
Zimmerius vilissimus,Passeriformes,LC,False,0.5
Zimmerius parvus,Passeriformes,LC,False,0.5
Zimmerius improbus,Passeriformes,LC,False,0.5
Zimmerius petersi,Passeriformes,LC,False,0.5
Zimmerius bolivianus,Passeriformes,LC,False,0.5
Zimmerius cinereicapilla,Passeriformes,LC,False,0.5
Zimmerius villarejoi,Passeriformes,LC,False,0.5
Zimmerius chicomendesi,Passeriformes,NT,False,1.0
Zimmerius gracilipes,Passeriformes,LC,False,0.5
Zimmerius acer,Passeriformes,LC,False,0.5
Zimmerius chrysops,Passeriformes,LC,False,0.5
Zimmerius minimus,Passeriformes,,False,0.25
Zimmerius albigularis,Passeriformes,LC,False,0.5
Zimmerius flavidifrons,Passeriformes,,False,0.25
Zimmerius viridiflavus,Passeriformes,LC,False,0.5
Pogonotriccus poecilotis,Passeriformes,LC,False,0.5
Pogonotriccus chapmani,Passeriformes,LC,False,0.5
Pogonotriccus ophthalmicus,Passeriformes,LC,False,0.5
Pogonotriccus orbitalis,Passeriformes,LC,False,0.5
Pogonotriccus venezuelanus,Passeriformes,NT,False,1.0
Pogonotriccus lanyoni,Passeriformes,VU,False,1.5
Pogonotriccus eximius,Passeriformes,NT,False,1.0
Phylloscartes paulista,Passeriformes,NT,False,1.0
Phylloscartes difficilis,Passeriformes,LC,False,0.5
Phylloscartes ventralis,Passeriformes,LC,False,0.5
Phylloscartes ceciliae,Passeriformes,CR,False,2.5
Phylloscartes kronei,Passeriformes,LC,False,0.5
Phylloscartes beckeri,Passeriformes,EN,False,2.0
Phylloscartes flavovirens,Passeriformes,LC,False,0.5
Phylloscartes virescens,Passeriformes,LC,False,0.5
Phylloscartes gualaquizae,Passeriformes,LC,False,0.5
Phylloscartes nigrifrons,Passeriformes,LC,False,0.5
Phylloscartes superciliaris,Passeriformes,LC,False,0.5
Phylloscartes flaviventris,Passeriformes,NT,False,1.0
Phylloscartes parkeri,Passeriformes,LC,False,0.5
Phylloscartes roquettei,Passeriformes,EN,False,2.0
Phylloscartes oustaleti,Passeriformes,LC,False,0.5
Phylloscartes sylviolus,Passeriformes,LC,False,0.5
Mionectes striaticollis,Passeriformes,LC,False,0.5
Mionectes olivaceus,Passeriformes,LC,False,0.5
Mionectes galbinus,Passeriformes,LC,False,0.5
Mionectes oleagineus,Passeriformes,LC,False,0.5
Mionectes macconnelli,Passeriformes,LC,False,0.5
Mionectes roraimae,Passeriformes,LC,False,0.5
Mionectes rufiventris,Passeriformes,LC,False,0.5
Leptopogon amaurocephalus,Passeriformes,LC,False,0.5
Leptopogon superciliaris,Passeriformes,LC,False,0.5
Leptopogon albidiventer,Passeriformes,LC,False,0.5
Leptopogon rufipectus,Passeriformes,LC,False,0.5
Leptopogon taczanowskii,Passeriformes,LC,False,0.5
Guyramemua affinis,Passeriformes,NT,False,1.0
Sublegatus arenarum,Passeriformes,LC,False,0.5
Sublegatus obscurior,Passeriformes,LC,False,0.5
Sublegatus modestus,Passeriformes,LC,False,0.5
Inezia tenuirostris,Passeriformes,LC,False,0.5
Inezia inornata,Passeriformes,LC,True,2.0
Inezia subflava,Passeriformes,LC,False,0.5
Inezia caudata,Passeriformes,LC,False,0.5
Myiophobus flavicans,Passeriformes,LC,False,0.5
Myiophobus phoenicomitra,Passeriformes,LC,False,0.5
Myiophobus inornatus,Passeriformes,LC,False,0.5
Myiophobus roraimae,Passeriformes,LC,False,0.5
Myiophobus cryptoxanthus,Passeriformes,LC,False,0.5
Myiophobus fasciatus,Passeriformes,LC,True,2.0
Myiophobus crypterythrus,Passeriformes,LC,False,0.5
Myiophobus rufescens,Passeriformes,LC,False,0.5
Nephelomyias pulcher,Passeriformes,LC,False,0.5
Nephelomyias lintoni,Passeriformes,LC,False,0.5
Nephelomyias ochraceiventris,Passeriformes,LC,False,0.5
Myiotriccus ornatus,Passeriformes,LC,False,0.5
Myiotriccus phoenicurus,Passeriformes,LC,False,0.5
Tachuris rubrigastra,Passeriformes,LC,False,0.5
Culicivora caudacuta,Passeriformes,LC,False,0.5
Hemitriccus diops,Passeriformes,LC,False,0.5
Hemitriccus obsoletus,Passeriformes,LC,False,0.5
Hemitriccus flammulatus,Passeriformes,LC,False,0.5
Hemitriccus minor,Passeriformes,LC,False,0.5
Hemitriccus spodiops,Passeriformes,LC,False,0.5
Hemitriccus cohnhafti,Passeriformes,NT,False,1.0
Hemitriccus josephinae,Passeriformes,LC,False,0.5
Hemitriccus zosterops,Passeriformes,LC,False,0.5
Hemitriccus griseipectus,Passeriformes,LC,False,0.5
Hemitriccus minimus,Passeriformes,LC,False,0.5
Hemitriccus orbitatus,Passeriformes,LC,False,0.5
Hemitriccus iohannis,Passeriformes,LC,False,0.5
Hemitriccus striaticollis,Passeriformes,LC,False,0.5
Hemitriccus nidipendulus,Passeriformes,LC,False,0.5
Hemitriccus margaritaceiventer,Passeriformes,LC,False,0.5
Hemitriccus inornatus,Passeriformes,LC,False,0.5
Hemitriccus granadensis,Passeriformes,LC,False,0.5
Hemitriccus mirandae,Passeriformes,VU,False,1.5
Hemitriccus cinnamomeipectus,Passeriformes,LC,False,0.5
Hemitriccus kaempferi,Passeriformes,VU,False,1.5
Hemitriccus rufigularis,Passeriformes,LC,False,0.5
Hemitriccus furcatus,Passeriformes,VU,False,1.5
Myiornis auricularis,Passeriformes,LC,False,0.5
Myiornis albiventris,Passeriformes,LC,False,0.5
Myiornis atricapillus,Passeriformes,LC,False,0.5
Myiornis ecaudatus,Passeriformes,LC,False,0.5
Oncostoma cinereigulare,Passeriformes,LC,False,0.5
Oncostoma olivaceum,Passeriformes,LC,False,0.5
Lophotriccus pileatus,Passeriformes,LC,False,0.5
Lophotriccus eulophotes,Passeriformes,LC,False,0.5
Lophotriccus vitiosus,Passeriformes,LC,False,0.5
Lophotriccus galeatus,Passeriformes,LC,False,0.5
Atalotriccus pilaris,Passeriformes,LC,False,0.5
Poecilotriccus ruficeps,Passeriformes,LC,False,0.5
Poecilotriccus luluae,Passeriformes,LC,False,0.5
Poecilotriccus albifacies,Passeriformes,LC,False,0.5
Poecilotriccus capitalis,Passeriformes,LC,False,0.5
Poecilotriccus senex,Passeriformes,LC,False,0.5
Poecilotriccus russatus,Passeriformes,LC,False,0.5
Poecilotriccus plumbeiceps,Passeriformes,LC,False,0.5
Poecilotriccus fumifrons,Passeriformes,LC,False,0.5
Poecilotriccus latirostris,Passeriformes,LC,False,0.5
Poecilotriccus sylvia,Passeriformes,LC,False,0.5
Poecilotriccus calopterus,Passeriformes,LC,False,0.5
Poecilotriccus pulchellus,Passeriformes,LC,False,0.5
Taeniotriccus andrei,Passeriformes,LC,False,0.5
Todirostrum maculatum,Passeriformes,LC,False,0.5
Todirostrum poliocephalum,Passeriformes,LC,False,0.5
Todirostrum cinereum,Passeriformes,LC,False,0.5
Todirostrum viridanum,Passeriformes,LC,False,0.5
Todirostrum pictum,Passeriformes,LC,False,0.5
Todirostrum chrysocrotaphum,Passeriformes,LC,False,0.5
Todirostrum nigriceps,Passeriformes,LC,False,0.5
Cnipodectes subbrunneus,Passeriformes,LC,False,0.5
Cnipodectes superrufus,Passeriformes,VU,False,1.5
Rhynchocyclus pacificus,Passeriformes,LC,False,0.5
Rhynchocyclus brevirostris,Passeriformes,LC,False,0.5
Rhynchocyclus fulvipectus,Passeriformes,LC,False,0.5
Rhynchocyclus aequinoctialis,Passeriformes,LC,False,0.5
Rhynchocyclus olivaceus,Passeriformes,LC,False,0.5
Tolmomyias sulphurescens,Passeriformes,LC,False,0.5
Tolmomyias traylori,Passeriformes,LC,False,0.5
Tolmomyias flavotectus,Passeriformes,LC,False,0.5
Tolmomyias assimilis,Passeriformes,LC,False,0.5
Tolmomyias poliocephalus,Passeriformes,LC,False,0.5
Tolmomyias flaviventris,Passeriformes,LC,False,0.5
Tolmomyias viridiceps,Passeriformes,LC,False,0.5
Calyptura cristata,Passeriformes,CR,False,2.5
Platyrinchus saturatus,Passeriformes,LC,False,0.5
Platyrinchus cancrominus,Passeriformes,LC,False,0.5
Platyrinchus mystaceus,Passeriformes,LC,False,0.5
Platyrinchus albogularis,Passeriformes,LC,False,0.5
Platyrinchus coronatus,Passeriformes,LC,False,0.5
Platyrinchus flavigularis,Passeriformes,LC,False,0.5
Platyrinchus platyrhynchos,Passeriformes,LC,False,0.5
Platyrinchus leucoryphus,Passeriformes,VU,False,1.5
Neopipo cinnamomea,Passeriformes,LC,False,0.5
Pyrrhomyias cinnamomeus,Passeriformes,LC,False,0.5
Hirundinea ferruginea,Passeriformes,LC,True,2.0
Hirundinea bellicosa,Passeriformes,LC,False,0.5
Lathrotriccus euleri,Passeriformes,LC,False,0.5
Lathrotriccus griseipectus,Passeriformes,LC,False,0.5
Aphanotriccus capitalis,Passeriformes,VU,False,1.5
Aphanotriccus audax,Passeriformes,NT,False,1.0
Cnemotriccus fuscatus,Passeriformes,LC,False,0.5
Xenotriccus callizonus,Passeriformes,LC,False,0.5
Xenotriccus mexicanus,Passeriformes,LC,False,0.5
Sayornis phoebe,Passeriformes,LC,True,2.0
Sayornis nigricans,Passeriformes,LC,False,0.5
Sayornis saya,Passeriformes,LC,True,2.0
Mitrephanes phaeocercus,Passeriformes,LC,False,0.5
Mitrephanes olivaceus,Passeriformes,LC,False,0.5
Contopus cooperi,Passeriformes,NT,True,4.0
Contopus pertinax,Passeriformes,LC,False,0.5
Contopus lugubris,Passeriformes,LC,False,0.5
Contopus fumigatus,Passeriformes,LC,False,0.5
Contopus ochraceus,Passeriformes,LC,False,0.5
Contopus sordidulus,Passeriformes,LC,True,2.0
Contopus virens,Passeriformes,LC,True,2.0
Contopus bogotensis,Passeriformes,LC,False,0.5
Contopus punensis,Passeriformes,LC,False,0.5
Contopus cinereus,Passeriformes,LC,False,0.5
Contopus albogularis,Passeriformes,LC,False,0.5
Contopus nigrescens,Passeriformes,LC,False,0.5
Contopus caribaeus,Passeriformes,LC,False,0.5
Contopus hispaniolensis,Passeriformes,LC,False,0.5
Contopus pallidus,Passeriformes,LC,False,0.5
Contopus latirostris,Passeriformes,LC,False,0.5
Empidonax flaviventris,Passeriformes,LC,True,2.0
Empidonax virescens,Passeriformes,LC,True,2.0
Empidonax traillii,Passeriformes,LC,True,2.0
Empidonax alnorum,Passeriformes,LC,True,2.0
Empidonax albigularis,Passeriformes,LC,False,0.5
Empidonax minimus,Passeriformes,LC,True,2.0
Empidonax hammondii,Passeriformes,LC,True,2.0
Empidonax oberholseri,Passeriformes,LC,True,2.0
Empidonax wrightii,Passeriformes,LC,True,2.0
Empidonax affinis,Passeriformes,LC,False,0.5
Empidonax difficilis,Passeriformes,LC,True,2.0
Empidonax occidentalis,Passeriformes,LC,False,0.5
Empidonax flavescens,Passeriformes,LC,False,0.5
Empidonax fulvifrons,Passeriformes,LC,False,0.5
Empidonax atriceps,Passeriformes,LC,False,0.5
Pyrocephalus rubinus,Passeriformes,LC,True,2.0
Pyrocephalus obscurus,Passeriformes,,False,0.25
Pyrocephalus nanus,Passeriformes,NT,False,1.0
Pyrocephalus dubius,Passeriformes,EX,False,0.25
Ochthornis littoralis,Passeriformes,LC,False,0.5
Satrapa icterophrys,Passeriformes,LC,True,2.0
Muscisaxicola fluviatilis,Passeriformes,LC,False,0.5
Muscisaxicola maculirostris,Passeriformes,LC,True,2.0
Muscisaxicola albifrons,Passeriformes,LC,False,0.5
Muscisaxicola flavinucha,Passeriformes,LC,True,2.0
Muscisaxicola alpinus,Passeriformes,LC,False,0.5
Muscisaxicola griseus,Passeriformes,LC,False,0.5
Muscisaxicola cinereus,Passeriformes,LC,False,0.5
Muscisaxicola rufivertex,Passeriformes,LC,False,0.5
Muscisaxicola occipitalis,Passeriformes,LC,False,0.5
Muscisaxicola maclovianus,Passeriformes,LC,True,2.0
Muscisaxicola albilora,Passeriformes,LC,True,2.0
Muscisaxicola capistratus,Passeriformes,LC,True,2.0
Muscisaxicola juninensis,Passeriformes,LC,False,0.5
Muscisaxicola frontalis,Passeriformes,LC,True,2.0
Lessonia oreas,Passeriformes,LC,False,0.5
Lessonia rufa,Passeriformes,LC,True,2.0
Hymenops perspicillatus,Passeriformes,LC,False,0.5
Knipolegus cyanirostris,Passeriformes,LC,True,2.0
Knipolegus signatus,Passeriformes,LC,False,0.5
Knipolegus cabanisi,Passeriformes,LC,False,0.5
Knipolegus striaticeps,Passeriformes,LC,False,0.5
Knipolegus aterrimus,Passeriformes,LC,True,2.0
Knipolegus heterogyna,Passeriformes,LC,False,0.5
Knipolegus hudsoni,Passeriformes,LC,True,2.0
Knipolegus poecilurus,Passeriformes,LC,False,0.5
Knipolegus orenocensis,Passeriformes,LC,False,0.5
Knipolegus sclateri,Passeriformes,LC,False,0.5
Knipolegus poecilocercus,Passeriformes,LC,False,0.5
Knipolegus lophotes,Passeriformes,LC,False,0.5
Knipolegus nigerrimus,Passeriformes,LC,False,0.5
Knipolegus franciscanus,Passeriformes,LC,False,0.5
Cnemarchus erythropygius,Passeriformes,LC,False,0.5
Polioxolmis rufipennis,Passeriformes,LC,False,0.5
Xolmis velatus,Passeriformes,LC,False,0.5
Xolmis irupero,Passeriformes,LC,False,0.5
Xolmis pyrope,Passeriformes,LC,False,0.5
Xolmis cinereus,Passeriformes,LC,False,0.5
Xolmis coronatus,Passeriformes,LC,True,2.0
Xolmis rubetra,Passeriformes,LC,False,0.5
Xolmis salinarum,Passeriformes,LC,False,0.5
Neoxolmis rufiventris,Passeriformes,LC,True,2.0
Myiotheretes striaticollis,Passeriformes,LC,False,0.5
Myiotheretes fuscorufus,Passeriformes,LC,False,0.5
Myiotheretes pernix,Passeriformes,EN,False,2.0
Myiotheretes fumigatus,Passeriformes,LC,False,0.5
Agriornis montanus,Passeriformes,LC,False,0.5
Agriornis murinus,Passeriformes,LC,True,2.0
Agriornis albicauda,Passeriformes,VU,False,1.5
Agriornis micropterus,Passeriformes,LC,True,2.0
Agriornis lividus,Passeriformes,LC,False,0.5
Gubernetes yetapa,Passeriformes,LC,False,0.5
Muscipipra vetula,Passeriformes,LC,False,0.5
Fluvicola pica,Passeriformes,LC,False,0.5
Fluvicola albiventer,Passeriformes,LC,False,0.5
Fluvicola nengeta,Passeriformes,LC,False,0.5
Arundinicola leucocephala,Passeriformes,LC,False,0.5
Xolmis dominicanus,Passeriformes,VU,False,1.5
Alectrurus tricolor,Passeriformes,VU,False,1.5
Alectrurus risora,Passeriformes,VU,False,1.5
Ochthoeca salvini,Passeriformes,NT,False,1.0
Silvicultrix frontalis,Passeriformes,LC,False,0.5
Silvicultrix spodionota,Passeriformes,,False,0.25
Silvicultrix pulchella,Passeriformes,LC,False,0.5
Silvicultrix diadema,Passeriformes,LC,False,0.5
Silvicultrix jelskii,Passeriformes,LC,False,0.5
Ochthoeca cinnamomeiventris,Passeriformes,LC,False,0.5
Ochthoeca nigrita,Passeriformes,LC,False,0.5
Ochthoeca thoracica,Passeriformes,LC,False,0.5
Ochthoeca rufipectoralis,Passeriformes,LC,False,0.5
Ochthoeca fumicolor,Passeriformes,LC,False,0.5
Ochthoeca superciliosa,Passeriformes,LC,False,0.5
Ochthoeca oenanthoides,Passeriformes,LC,False,0.5
Ochthoeca leucophrys,Passeriformes,LC,False,0.5
Ochthoeca piurae,Passeriformes,LC,False,0.5
Colorhamphus parvirostris,Passeriformes,LC,False,0.5
Colonia colonus,Passeriformes,LC,False,0.5
Muscigralla brevicauda,Passeriformes,LC,False,0.5
Machetornis rixosa,Passeriformes,LC,False,0.5
Legatus leucophaius,Passeriformes,LC,False,0.5
Phelpsia inornata,Passeriformes,LC,False,0.5
Myiozetetes cayanensis,Passeriformes,LC,False,0.5
Myiozetetes similis,Passeriformes,LC,False,0.5
Myiozetetes granadensis,Passeriformes,LC,False,0.5
Myiozetetes luteiventris,Passeriformes,LC,False,0.5
Pitangus sulphuratus,Passeriformes,LC,False,0.5
Philohydor lictor,Passeriformes,LC,False,0.5
Conopias albovittatus,Passeriformes,LC,False,0.5
Conopias parvus,Passeriformes,LC,False,0.5
Conopias trivirgatus,Passeriformes,LC,False,0.5
Conopias cinchoneti,Passeriformes,LC,False,0.5
Myiodynastes hemichrysus,Passeriformes,LC,False,0.5
Myiodynastes chrysocephalus,Passeriformes,LC,False,0.5
Myiodynastes bairdii,Passeriformes,LC,False,0.5
Myiodynastes luteiventris,Passeriformes,LC,True,2.0
Myiodynastes maculatus,Passeriformes,LC,True,2.0
Myiodynastes solitarius,Passeriformes,LC,True,2.0
Megarynchus pitangua,Passeriformes,LC,True,2.0
Tyrannopsis sulphurea,Passeriformes,LC,False,0.5
Empidonomus varius,Passeriformes,LC,False,0.5
Griseotyrannus aurantioatrocristatus,Passeriformes,LC,True,2.0
Tyrannus niveigularis,Passeriformes,LC,True,2.0
Tyrannus albogularis,Passeriformes,LC,True,2.0
Tyrannus melancholicus,Passeriformes,LC,True,2.0
Tyrannus couchii,Passeriformes,LC,False,0.5
Tyrannus vociferans,Passeriformes,LC,False,0.5
Tyrannus crassirostris,Passeriformes,LC,False,0.5
Tyrannus verticalis,Passeriformes,LC,True,2.0
Tyrannus forficatus,Passeriformes,LC,True,2.0
Tyrannus savana,Passeriformes,LC,True,2.0
Tyrannus tyrannus,Passeriformes,LC,True,2.0
Tyrannus dominicensis,Passeriformes,LC,False,0.5
Tyrannus cubensis,Passeriformes,EN,False,2.0
Tyrannus caudifasciatus,Passeriformes,LC,False,0.5
Rhytipterna simplex,Passeriformes,LC,False,0.5
Rhytipterna immunda,Passeriformes,LC,False,0.5
Rhytipterna holerythra,Passeriformes,LC,False,0.5
Sirystes sibilator,Passeriformes,LC,False,0.5
Sirystes albocinereus,Passeriformes,LC,False,0.5
Sirystes subcanescens,Passeriformes,LC,False,0.5
Sirystes albogriseus,Passeriformes,LC,False,0.5
Casiornis rufus,Passeriformes,LC,False,0.5
Casiornis fuscus,Passeriformes,LC,False,0.5
Myiarchus semirufus,Passeriformes,VU,False,1.5
Myiarchus yucatanensis,Passeriformes,LC,False,0.5
Myiarchus barbirostris,Passeriformes,LC,False,0.5
Myiarchus tuberculifer,Passeriformes,LC,False,0.5
Myiarchus swainsoni,Passeriformes,LC,True,2.0
Myiarchus venezuelensis,Passeriformes,LC,False,0.5
Myiarchus panamensis,Passeriformes,LC,False,0.5
Myiarchus ferox,Passeriformes,LC,False,0.5
Myiarchus apicalis,Passeriformes,LC,False,0.5
Myiarchus cephalotes,Passeriformes,LC,False,0.5
Myiarchus phaeocephalus,Passeriformes,LC,False,0.5
Myiarchus cinerascens,Passeriformes,LC,True,2.0
Myiarchus nuttingi,Passeriformes,LC,False,0.5
Myiarchus crinitus,Passeriformes,LC,True,2.0
Myiarchus tyrannulus,Passeriformes,LC,False,0.5
Myiarchus magnirostris,Passeriformes,LC,False,0.5
Myiarchus nugator,Passeriformes,LC,False,0.5
Myiarchus validus,Passeriformes,LC,False,0.5
Myiarchus sagrae,Passeriformes,LC,False,0.5
Myiarchus stolidus,Passeriformes,LC,False,0.5
Myiarchus antillarum,Passeriformes,LC,False,0.5
Myiarchus oberi,Passeriformes,LC,False,0.5
Ramphotrigon megacephalum,Passeriformes,LC,False,0.5
Deltarhynchus flammulatus,Passeriformes,LC,False,0.5
Ramphotrigon ruficauda,Passeriformes,LC,False,0.5
Ramphotrigon fuscicauda,Passeriformes,LC,False,0.5
Attila phoenicurus,Passeriformes,LC,True,2.0
Attila cinnamomeus,Passeriformes,LC,False,0.5
Attila torridus,Passeriformes,NT,False,1.0
Attila citriniventris,Passeriformes,LC,False,0.5
Attila bolivianus,Passeriformes,LC,False,0.5
Attila rufus,Passeriformes,LC,False,0.5
Attila spadiceus,Passeriformes,LC,False,0.5
Ampelioides tschudii,Passeriformes,LC,False,0.5
Pipreola chlorolepidota,Passeriformes,LC,False,0.5
Pipreola frontalis,Passeriformes,LC,False,0.5
Pipreola squamipectus,Passeriformes,LC,False,0.5
Pipreola formosa,Passeriformes,LC,False,0.5
Pipreola whitelyi,Passeriformes,LC,False,0.5
Pipreola lubomirskii,Passeriformes,LC,False,0.5
Pipreola jucunda,Passeriformes,LC,False,0.5
Pipreola pulchra,Passeriformes,LC,False,0.5
Pipreola aureopectus,Passeriformes,LC,False,0.5
Pipreola arcuata,Passeriformes,LC,False,0.5
Pipreola intermedia,Passeriformes,LC,False,0.5
Pipreola riefferii,Passeriformes,LC,False,0.5
Snowornis subalaris,Passeriformes,LC,False,0.5
Snowornis cryptolophus,Passeriformes,LC,False,0.5
Carpornis cucullata,Passeriformes,LC,False,0.5
Carpornis melanocephala,Passeriformes,NT,False,1.0
Rupicola peruvianus,Passeriformes,LC,False,0.5
Rupicola rupicola,Passeriformes,LC,False,0.5
Phoenicircus carnifex,Passeriformes,LC,False,0.5
Phoenicircus nigricollis,Passeriformes,LC,False,0.5
Zaratornis stresemanni,Passeriformes,NT,False,1.0
Phytotoma rara,Passeriformes,LC,False,0.5
Phytotoma raimondii,Passeriformes,VU,False,1.5
Phytotoma rutila,Passeriformes,LC,False,0.5
Phibalura flavirostris,Passeriformes,LC,False,0.5
Phibalura boliviana,Passeriformes,EN,False,2.0
Doliornis sclateri,Passeriformes,NT,False,1.0
Doliornis remseni,Passeriformes,NT,False,1.0
Ampelion rubrocristatus,Passeriformes,LC,False,0.5
Ampelion rufaxilla,Passeriformes,LC,False,0.5
Haematoderus militaris,Passeriformes,LC,False,0.5
Querula purpurata,Passeriformes,LC,False,0.5
Pyroderus scutatus,Passeriformes,LC,False,0.5
Cephalopterus glabricollis,Passeriformes,EN,False,2.0
Cephalopterus penduliger,Passeriformes,VU,False,1.5
Cephalopterus ornatus,Passeriformes,LC,False,0.5
Perissocephalus tricolor,Passeriformes,LC,False,0.5
Lipaugus unirufus,Passeriformes,LC,False,0.5
Lipaugus streptophorus,Passeriformes,LC,False,0.5
Lipaugus vociferans,Passeriformes,LC,False,0.5
Lipaugus lanioides,Passeriformes,LC,False,0.5
Lipaugus ater,Passeriformes,LC,False,0.5
Lipaugus conditus,Passeriformes,VU,False,1.5
Lipaugus weberi,Passeriformes,CR,False,2.5
Lipaugus fuscocinereus,Passeriformes,LC,False,0.5
Lipaugus uropygialis,Passeriformes,VU,False,1.5
Procnias albus,Passeriformes,LC,False,0.5
Procnias tricarunculatus,Passeriformes,VU,True,6.0
Procnias nudicollis,Passeriformes,NT,False,1.0
Procnias averano,Passeriformes,LC,False,0.5
Cotinga maynana,Passeriformes,LC,False,0.5
Cotinga cayana,Passeriformes,LC,False,0.5
Cotinga amabilis,Passeriformes,LC,False,0.5
Cotinga nattererii,Passeriformes,LC,False,0.5
Cotinga ridgwayi,Passeriformes,VU,False,1.5
Cotinga maculata,Passeriformes,CR,False,2.5
Cotinga cotinga,Passeriformes,LC,False,0.5
Porphyrolaema porphyrolaema,Passeriformes,LC,False,0.5
Conioptilon mcilhennyi,Passeriformes,LC,False,0.5
Gymnoderus foetidus,Passeriformes,LC,False,0.5
Xipholena punicea,Passeriformes,LC,False,0.5
Xipholena lamellipennis,Passeriformes,NT,False,1.0
Xipholena atropurpurea,Passeriformes,VU,False,1.5
Carpodectes hopkei,Passeriformes,LC,False,0.5
Carpodectes antoniae,Passeriformes,NT,False,1.0
Carpodectes nitidus,Passeriformes,LC,False,0.5
Tyranneutes stolzmanni,Passeriformes,LC,False,0.5
Tyranneutes virescens,Passeriformes,LC,False,0.5
Neopelma chrysocephalum,Passeriformes,LC,False,0.5
Neopelma sulphureiventer,Passeriformes,LC,False,0.5
Neopelma pallescens,Passeriformes,LC,False,0.5
Neopelma aurifrons,Passeriformes,NT,False,1.0
Neopelma chrysolophum,Passeriformes,LC,False,0.5
Chloropipo flavicapilla,Passeriformes,VU,False,1.5
Chloropipo unicolor,Passeriformes,LC,False,0.5
Chiroxiphia boliviana,Passeriformes,LC,False,0.5
Chiroxiphia pareola,Passeriformes,LC,False,0.5
Chiroxiphia linearis,Passeriformes,LC,False,0.5
Chiroxiphia lanceolata,Passeriformes,LC,False,0.5
Chiroxiphia caudata,Passeriformes,LC,False,0.5
Antilophia bokermanni,Passeriformes,CR,False,2.5
Antilophia galeata,Passeriformes,LC,False,0.5
Ilicura militaris,Passeriformes,LC,False,0.5
Masius chrysopterus,Passeriformes,LC,False,0.5
Corapipo gutturalis,Passeriformes,LC,False,0.5
Corapipo altera,Passeriformes,,False,0.25
Corapipo leucorrhoa,Passeriformes,LC,False,0.5
Xenopipo uniformis,Passeriformes,LC,False,0.5
Xenopipo atronitens,Passeriformes,LC,False,0.5
Cryptopipo litae,Passeriformes,LC,False,0.5
Cryptopipo holochlora,Passeriformes,LC,False,0.5
Lepidothrix velutina,Passeriformes,,False,0.25
Lepidothrix coronata,Passeriformes,LC,False,0.5
Lepidothrix nattereri,Passeriformes,LC,False,0.5
Lepidothrix vilasboasi,Passeriformes,LC,False,0.5
Lepidothrix iris,Passeriformes,VU,False,1.5
Lepidothrix suavissima,Passeriformes,LC,False,0.5
Lepidothrix serena,Passeriformes,LC,False,0.5
Lepidothrix isidorei,Passeriformes,LC,False,0.5
Lepidothrix coeruleocapilla,Passeriformes,LC,False,0.5
Heterocercus aurantiivertex,Passeriformes,LC,False,0.5
Heterocercus flavivertex,Passeriformes,LC,False,0.5
Heterocercus linteatus,Passeriformes,LC,False,0.5
Manacus manacus,Passeriformes,LC,False,0.5
Manacus candei,Passeriformes,LC,False,0.5
Manacus vitellinus,Passeriformes,LC,False,0.5
Manacus aurantiacus,Passeriformes,LC,False,0.5
Pipra aureola,Passeriformes,LC,False,0.5
Pipra filicauda,Passeriformes,LC,False,0.5
Pipra fasciicauda,Passeriformes,LC,False,0.5
Machaeropterus deliciosus,Passeriformes,LC,False,0.5
Machaeropterus regulus,Passeriformes,LC,False,0.5
Machaeropterus striolatus,Passeriformes,LC,False,0.5
Machaeropterus eckelberryi,Passeriformes,LC,False,0.5
Machaeropterus pyrocephalus,Passeriformes,LC,False,0.5
Pseudopipra pipra,Passeriformes,LC,False,0.5
Ceratopipra cornuta,Passeriformes,LC,False,0.5
Ceratopipra mentalis,Passeriformes,LC,False,0.5
Ceratopipra chloromeros,Passeriformes,LC,False,0.5
Ceratopipra erythrocephala,Passeriformes,LC,False,0.5
Ceratopipra rubrocapilla,Passeriformes,LC,False,0.5
Tityra inquisitor,Passeriformes,LC,False,0.5
Tityra cayana,Passeriformes,LC,False,0.5
Tityra braziliensis,Passeriformes,LC,False,0.5
Tityra semifasciata,Passeriformes,LC,False,0.5
Tityra leucura,Passeriformes,DD,False,0.25
Schiffornis major,Passeriformes,LC,False,0.5
Schiffornis olivacea,Passeriformes,LC,False,0.5
Schiffornis veraepacis,Passeriformes,LC,False,0.5
Schiffornis aenea,Passeriformes,LC,False,0.5
Schiffornis stenorhyncha,Passeriformes,LC,False,0.5
Schiffornis turdina,Passeriformes,LC,False,0.5
Schiffornis virescens,Passeriformes,LC,False,0.5
Laniocera rufescens,Passeriformes,LC,False,0.5
Laniocera hypopyrra,Passeriformes,LC,False,0.5
Iodopleura pipra,Passeriformes,EN,False,2.0
Iodopleura fusca,Passeriformes,LC,False,0.5
Iodopleura isabellae,Passeriformes,LC,False,0.5
Laniisoma buckleyi,Passeriformes,LC,False,0.5
Laniisoma elegans,Passeriformes,NT,False,1.0
Xenopsaris albinucha,Passeriformes,LC,True,2.0
Pachyramphus viridis,Passeriformes,LC,False,0.5
Pachyramphus griseigularis,Passeriformes,LC,False,0.5
Pachyramphus xanthogenys,Passeriformes,LC,False,0.5
Pachyramphus versicolor,Passeriformes,LC,False,0.5
Pachyramphus spodiurus,Passeriformes,VU,False,1.5
Pachyramphus rufus,Passeriformes,LC,False,0.5
Pachyramphus castaneus,Passeriformes,LC,False,0.5
Pachyramphus cinnamomeus,Passeriformes,LC,False,0.5
Pachyramphus salvini,Passeriformes,,False,0.25
Pachyramphus polychopterus,Passeriformes,LC,False,0.5
Pachyramphus marginatus,Passeriformes,LC,False,0.5
Pachyramphus albogriseus,Passeriformes,LC,False,0.5
Pachyramphus major,Passeriformes,LC,False,0.5
Pachyramphus uropygialis,Passeriformes,LC,False,0.5
Pachyramphus surinamus,Passeriformes,LC,False,0.5
Pachyramphus homochrous,Passeriformes,LC,False,0.5
Pachyramphus minor,Passeriformes,LC,False,0.5
Pachyramphus validus,Passeriformes,LC,False,0.5
Pachyramphus aglaiae,Passeriformes,LC,False,0.5
Pachyramphus niger,Passeriformes,LC,False,0.5
Oxyruncus cristatus,Passeriformes,LC,False,0.5
Onychorhynchus swainsoni,Passeriformes,VU,False,1.5
Onychorhynchus coronatus,Passeriformes,LC,False,0.5
Onychorhynchus mexicanus,Passeriformes,LC,False,0.5
Onychorhynchus occidentalis,Passeriformes,NT,False,1.0
Myiobius villosus,Passeriformes,LC,False,0.5
Myiobius sulphureipygius,Passeriformes,LC,False,0.5
Myiobius barbatus,Passeriformes,LC,False,0.5
Myiobius atricaudus,Passeriformes,LC,False,0.5
Terenotriccus erythrurus,Passeriformes,LC,False,0.5
Menura alberti,Passeriformes,LC,False,0.5
Menura novaehollandiae,Passeriformes,LC,False,0.5
Atrichornis rufescens,Passeriformes,EN,False,2.0
Atrichornis clamosus,Passeriformes,EN,False,2.0
Ailuroedus stonii,Passeriformes,,False,0.25
Ailuroedus buccoides,Passeriformes,LC,False,0.5
Ailuroedus geislerorum,Passeriformes,,False,0.25
Ailuroedus crassirostris,Passeriformes,LC,False,0.5
Ailuroedus maculosus,Passeriformes,,False,0.25
Ailuroedus astigmaticus,Passeriformes,,False,0.25
Ailuroedus melanocephalus,Passeriformes,,False,0.25
Ailuroedus jobiensis,Passeriformes,,False,0.25
Ailuroedus arfakianus,Passeriformes,,False,0.25
Ailuroedus melanotis,Passeriformes,LC,False,0.5
Scenopoeetes dentirostris,Passeriformes,NT,False,1.0
Archboldia papuensis,Passeriformes,LC,False,0.5
Amblyornis inornata,Passeriformes,LC,False,0.5
Amblyornis macgregoriae,Passeriformes,LC,False,0.5
Amblyornis germanus,Passeriformes,,False,0.25
Amblyornis subalaris,Passeriformes,LC,False,0.5
Amblyornis flavifrons,Passeriformes,LC,False,0.5
Prionodura newtoniana,Passeriformes,NT,False,1.0
Sericulus aureus,Passeriformes,LC,False,0.5
Sericulus ardens,Passeriformes,LC,False,0.5
Sericulus bakeri,Passeriformes,NT,False,1.0
Sericulus chrysocephalus,Passeriformes,LC,False,0.5
Ptilonorhynchus violaceus,Passeriformes,LC,False,0.5
Chlamydera guttata,Passeriformes,LC,False,0.5
Chlamydera nuchalis,Passeriformes,LC,False,0.5
Chlamydera maculata,Passeriformes,LC,False,0.5
Chlamydera lauterbachi,Passeriformes,LC,False,0.5
Chlamydera cerviniventris,Passeriformes,LC,False,0.5
Cormobates leucophaea,Passeriformes,LC,False,0.5
Cormobates placens,Passeriformes,LC,False,0.5
Climacteris erythrops,Passeriformes,LC,False,0.5
Climacteris affinis,Passeriformes,LC,False,0.5
Climacteris rufus,Passeriformes,LC,False,0.5
Climacteris picumnus,Passeriformes,LC,False,0.5
Climacteris melanurus,Passeriformes,LC,False,0.5
Sipodotus wallacii,Passeriformes,LC,False,0.5
Chenorhamphus grayi,Passeriformes,LC,False,0.5
Chenorhamphus campbelli,Passeriformes,,False,0.25
Malurus cyanocephalus,Passeriformes,LC,False,0.5
Malurus amabilis,Passeriformes,LC,False,0.5
Malurus assimilis,Passeriformes,LC,False,0.5
Malurus lamberti,Passeriformes,LC,False,0.5
Malurus pulcherrimus,Passeriformes,LC,False,0.5
Malurus elegans,Passeriformes,LC,False,0.5
Malurus cyaneus,Passeriformes,LC,False,0.5
Malurus splendens,Passeriformes,LC,False,0.5
Malurus coronatus,Passeriformes,LC,False,0.5
Malurus alboscapulatus,Passeriformes,LC,False,0.5
Malurus melanocephalus,Passeriformes,LC,False,0.5
Malurus leucopterus,Passeriformes,LC,False,0.5
Clytomyias insignis,Passeriformes,LC,False,0.5
Stipiturus malachurus,Passeriformes,LC,False,0.5
Stipiturus mallee,Passeriformes,EN,False,2.0
Stipiturus ruficeps,Passeriformes,LC,False,0.5
Amytornis barbatus,Passeriformes,LC,False,0.5
Amytornis housei,Passeriformes,LC,False,0.5
Amytornis woodwardi,Passeriformes,EN,False,2.0
Amytornis dorotheae,Passeriformes,VU,False,1.5
Amytornis merrotsyi,Passeriformes,NT,False,1.0
Amytornis whitei,Passeriformes,,False,0.25
Amytornis oweni,Passeriformes,,False,0.25
Amytornis rowleyi,Passeriformes,,False,0.25
Amytornis striatus,Passeriformes,LC,False,0.5
Amytornis goyderi,Passeriformes,LC,False,0.5
Amytornis textilis,Passeriformes,LC,False,0.5
Amytornis modestus,Passeriformes,LC,False,0.5
Amytornis purnelli,Passeriformes,LC,False,0.5
Amytornis ballarae,Passeriformes,VU,False,1.5
Myza celebensis,Passeriformes,LC,False,0.5
Myza sarasinorum,Passeriformes,LC,False,0.5
Acanthorhynchus tenuirostris,Passeriformes,LC,False,0.5
Acanthorhynchus superciliosus,Passeriformes,LC,False,0.5
Glycichaera fallax,Passeriformes,LC,False,0.5
Melionyx fuscus,Passeriformes,LC,False,0.5
Melionyx princeps,Passeriformes,VU,False,1.5
Melionyx nouhuysi,Passeriformes,LC,False,0.5
Ptiloprora plumbea,Passeriformes,LC,False,0.5
Ptiloprora meekiana,Passeriformes,LC,False,0.5
Ptiloprora erythropleura,Passeriformes,LC,False,0.5
Ptiloprora guisei,Passeriformes,LC,False,0.5
Ptiloprora mayri,Passeriformes,LC,False,0.5
Ptiloprora perstriata,Passeriformes,LC,False,0.5
Ashbyia lovensis,Passeriformes,LC,False,0.5
Epthianura tricolor,Passeriformes,LC,False,0.5
Epthianura aurifrons,Passeriformes,LC,False,0.5
Epthianura crocea,Passeriformes,LC,False,0.5
Epthianura albifrons,Passeriformes,LC,False,0.5
Stresemannia bougainvillei,Passeriformes,LC,False,0.5
Conopophila albogularis,Passeriformes,LC,False,0.5
Conopophila rufogularis,Passeriformes,LC,False,0.5
Conopophila whitei,Passeriformes,LC,False,0.5
Ramsayornis fasciatus,Passeriformes,LC,False,0.5
Ramsayornis modestus,Passeriformes,LC,False,0.5
Melilestes megarhynchus,Passeriformes,LC,False,0.5
Timeliopsis fulvigula,Passeriformes,LC,False,0.5
Timeliopsis griseigula,Passeriformes,LC,False,0.5
Melipotes gymnops,Passeriformes,LC,False,0.5
Melipotes fumigatus,Passeriformes,LC,False,0.5
Melipotes carolae,Passeriformes,LC,False,0.5
Melipotes ater,Passeriformes,LC,False,0.5
Macgregoria pulchra,Passeriformes,VU,False,1.5
Gliciphila undulata,Passeriformes,LC,False,0.5
Gliciphila notabilis,Passeriformes,LC,False,0.5
Gliciphila melanops,Passeriformes,LC,False,0.5
Pycnopygius ixoides,Passeriformes,LC,False,0.5
Pycnopygius cinereus,Passeriformes,LC,False,0.5
Pycnopygius stictocephalus,Passeriformes,LC,False,0.5
Certhionyx variegatus,Passeriformes,LC,False,0.5
Prosthemadera novaeseelandiae,Passeriformes,LC,False,0.5
Anthornis melanura,Passeriformes,LC,False,0.5
Anthornis melanocephala,Passeriformes,EX,False,0.25
Lichmera lombokia,Passeriformes,LC,False,0.5
Sugomel nigrum,Passeriformes,LC,True,2.0
Melitograis gilolensis,Passeriformes,LC,False,0.5
Vosea whitemanensis,Passeriformes,NT,False,1.0
Myzomela blasii,Passeriformes,LC,False,0.5
Myzomela albigula,Passeriformes,DD,False,0.25
Myzomela cineracea,Passeriformes,LC,False,0.5
Myzomela eques,Passeriformes,LC,False,0.5
Myzomela simplex,Passeriformes,LC,False,0.5
Myzomela rubrotincta,Passeriformes,LC,False,0.5
Myzomela rubrobrunnea,Passeriformes,LC,False,0.5
Myzomela obscura,Passeriformes,LC,False,0.5
Myzomela cruentata,Passeriformes,LC,False,0.5
Myzomela erythrina,Passeriformes,LC,False,0.5
Myzomela nigrita,Passeriformes,LC,False,0.5
Myzomela pulchella,Passeriformes,LC,False,0.5
Myzomela kuehni,Passeriformes,LC,False,0.5
Myzomela prawiradilagae,Passeriformes,VU,False,1.5
Myzomela erythrocephala,Passeriformes,LC,False,0.5
Myzomela dammermani,Passeriformes,LC,False,0.5
Myzomela irianawidodoae,Passeriformes,,False,0.25
Myzomela adolphinae,Passeriformes,LC,False,0.5
Myzomela boiei,Passeriformes,LC,False,0.5
Myzomela wahe,Passeriformes,,False,0.25
Myzomela chloroptera,Passeriformes,LC,False,0.5
Myzomela batjanensis,Passeriformes,VU,False,1.5
Myzomela wakoloensis,Passeriformes,LC,False,0.5
Myzomela sanguinolenta,Passeriformes,LC,False,0.5
Myzomela caledonica,Passeriformes,LC,False,0.5
Myzomela cardinalis,Passeriformes,LC,False,0.5
Myzomela nigriventris,Passeriformes,,False,0.25
Myzomela chermesina,Passeriformes,VU,False,1.5
Myzomela rubratra,Passeriformes,LC,False,0.5
Myzomela sclateri,Passeriformes,LC,False,0.5
Myzomela pammelaena,Passeriformes,LC,False,0.5
Myzomela lafargei,Passeriformes,LC,False,0.5
Myzomela eichhorni,Passeriformes,LC,False,0.5
Myzomela malaitae,Passeriformes,NT,False,1.0
Myzomela melanocephala,Passeriformes,LC,False,0.5
Myzomela tristrami,Passeriformes,LC,False,0.5
Myzomela jugularis,Passeriformes,LC,False,0.5
Myzomela erythromelas,Passeriformes,LC,False,0.5
Myzomela vulnerata,Passeriformes,LC,False,0.5
Myzomela rosenbergii,Passeriformes,LC,False,0.5
Myzomela longirostris,Passeriformes,LC,False,0.5
Philemon meyeri,Passeriformes,LC,False,0.5
Philemon brassi,Passeriformes,LC,False,0.5
Philemon citreogularis,Passeriformes,LC,False,0.5
Philemon kisserensis,Passeriformes,LC,False,0.5
Philemon inornatus,Passeriformes,LC,False,0.5
Philemon fuscicapillus,Passeriformes,NT,False,1.0
Philemon subcorniculatus,Passeriformes,LC,False,0.5
Philemon moluccensis,Passeriformes,LC,False,0.5
Philemon plumigenis,Passeriformes,LC,False,0.5
Philemon buceroides,Passeriformes,LC,False,0.5
Philemon cockerelli,Passeriformes,LC,False,0.5
Philemon eichhorni,Passeriformes,LC,False,0.5
Philemon albitorques,Passeriformes,LC,False,0.5
Philemon argenticeps,Passeriformes,LC,False,0.5
Philemon corniculatus,Passeriformes,LC,True,2.0
Philemon diemenensis,Passeriformes,LC,False,0.5
Xanthotis polygrammus,Passeriformes,LC,False,0.5
Xanthotis macleayanus,Passeriformes,LC,False,0.5
Xanthotis flaviventer,Passeriformes,LC,False,0.5
Plectorhyncha lanceolata,Passeriformes,LC,False,0.5
Grantiella picta,Passeriformes,LC,True,2.0
Trichodere cockerelli,Passeriformes,LC,False,0.5
Phylidonyris pyrrhopterus,Passeriformes,LC,False,0.5
Phylidonyris novaehollandiae,Passeriformes,LC,False,0.5
Phylidonyris niger,Passeriformes,LC,False,0.5
Lichmera argentauris,Passeriformes,LC,False,0.5
Lichmera indistincta,Passeriformes,LC,False,0.5
Lichmera incana,Passeriformes,LC,False,0.5
Lichmera alboauricularis,Passeriformes,LC,False,0.5
Lichmera squamata,Passeriformes,LC,False,0.5
Lichmera deningeri,Passeriformes,LC,False,0.5
Lichmera monticola,Passeriformes,LC,False,0.5
Lichmera flavicans,Passeriformes,LC,False,0.5
Lichmera notabilis,Passeriformes,LC,False,0.5
Cissomela pectoralis,Passeriformes,LC,False,0.5
Guadalcanaria inexpectata,Passeriformes,LC,False,0.5
Meliarchus sclateri,Passeriformes,LC,False,0.5
Gymnomyza viridis,Passeriformes,LC,False,0.5
Gymnomyza brunneirostris,Passeriformes,LC,False,0.5
Gymnomyza samoensis,Passeriformes,EN,False,2.0
Gymnomyza aubryana,Passeriformes,CR,False,2.5
Foulehaio carunculatus,Passeriformes,LC,False,0.5
Foulehaio taviunensis,Passeriformes,LC,False,0.5
Foulehaio procerior,Passeriformes,LC,False,0.5
Meliphacator provocator,Passeriformes,LC,False,0.5
Nesoptilotis leucotis,Passeriformes,LC,False,0.5
Nesoptilotis flavicollis,Passeriformes,LC,False,0.5
Entomyzon cyanotis,Passeriformes,LC,False,0.5
Entomyzon albipennis,Passeriformes,LC,False,0.5
Melithreptus gularis,Passeriformes,LC,False,0.5
Melithreptus laetior,Passeriformes,LC,False,0.5
Melithreptus validirostris,Passeriformes,VU,False,1.5
Melithreptus brevirostris,Passeriformes,LC,False,0.5
Melithreptus albogularis,Passeriformes,LC,False,0.5
Melithreptus lunatus,Passeriformes,LC,False,0.5
Melithreptus chloropsis,Passeriformes,LC,False,0.5
Melithreptus affinis,Passeriformes,LC,False,0.5
Stomiopera unicolor,Passeriformes,LC,False,0.5
Stomiopera flava,Passeriformes,LC,False,0.5
Meliphaga aruensis,Passeriformes,LC,False,0.5
Meliphaga notata,Passeriformes,LC,False,0.5
Meliphaga lewinii,Passeriformes,LC,False,0.5
Purnella albifrons,Passeriformes,LC,False,0.5
Lichenostomus melanops,Passeriformes,LC,False,0.5
Lichenostomus cratitius,Passeriformes,LC,False,0.5
Microptilotis mimikae,Passeriformes,LC,False,0.5
Microptilotis montanus,Passeriformes,LC,False,0.5
Microptilotis orientalis,Passeriformes,LC,False,0.5
Microptilotis albonotatus,Passeriformes,LC,False,0.5
Microptilotis analogus,Passeriformes,LC,False,0.5
Microptilotis vicina,Passeriformes,LC,False,0.5
Microptilotis gracilis,Passeriformes,LC,False,0.5
Microptilotis imitatrix,Passeriformes,LC,False,0.5
Microptilotis cinereifrons,Passeriformes,LC,False,0.5
Microptilotis flavirictus,Passeriformes,LC,False,0.5
Microptilotis albilineatus,Passeriformes,LC,False,0.5
Microptilotis fordianus,Passeriformes,LC,False,0.5
Microptilotis reticulatus,Passeriformes,LC,False,0.5
Gavicalis versicolor,Passeriformes,LC,False,0.5
Gavicalis fasciogularis,Passeriformes,LC,False,0.5
Gavicalis virescens,Passeriformes,LC,False,0.5
Oreornis chrysogenys,Passeriformes,LC,False,0.5
Ptilotula flavescens,Passeriformes,LC,False,0.5
Ptilotula fusca,Passeriformes,LC,False,0.5
Ptilotula keartlandi,Passeriformes,LC,False,0.5
Ptilotula plumula,Passeriformes,LC,False,0.5
Ptilotula ornata,Passeriformes,LC,False,0.5
Ptilotula penicillata,Passeriformes,LC,False,0.5
Caligavis chrysops,Passeriformes,LC,False,0.5
Caligavis subfrenata,Passeriformes,LC,False,0.5
Caligavis obscura,Passeriformes,LC,False,0.5
Anthochaera chrysoptera,Passeriformes,LC,False,0.5
Anthochaera lunulata,Passeriformes,LC,False,0.5
Anthochaera carunculata,Passeriformes,LC,False,0.5
Anthochaera paradoxa,Passeriformes,LC,False,0.5
Anthochaera phrygia,Passeriformes,CR,False,2.5
Acanthagenys rufogularis,Passeriformes,LC,False,0.5
Bolemoreus frenatus,Passeriformes,LC,False,0.5
Bolemoreus hindwoodi,Passeriformes,NT,False,1.0
Melidectes ochromelas,Passeriformes,LC,False,0.5
Melidectes leucostephes,Passeriformes,LC,False,0.5
Melidectes rufocrissalis,Passeriformes,LC,False,0.5
Melidectes foersteri,Passeriformes,LC,False,0.5
Melidectes belfordi,Passeriformes,LC,False,0.5
Melidectes torquatus,Passeriformes,LC,False,0.5
Manorina melanophrys,Passeriformes,LC,False,0.5
Manorina melanocephala,Passeriformes,LC,False,0.5
Manorina flavigula,Passeriformes,LC,False,0.5
Manorina melanotis,Passeriformes,EN,False,2.0
Dasyornis brachypterus,Passeriformes,VU,False,1.5
Dasyornis longirostris,Passeriformes,EN,False,2.0
Dasyornis broadbenti,Passeriformes,LC,False,0.5
Pardalotus punctatus,Passeriformes,LC,False,0.5
Pardalotus quadragintus,Passeriformes,EN,False,2.0
Pardalotus rubricatus,Passeriformes,LC,False,0.5
Pardalotus striatus,Passeriformes,LC,True,2.0
Pachycare flavogriseum,Passeriformes,LC,False,0.5
Oreoscopus gutturalis,Passeriformes,EN,False,2.0
Pycnoptilus floccosus,Passeriformes,VU,False,1.5
Pyrrholaemus brunneus,Passeriformes,LC,False,0.5
Pyrrholaemus sagittatus,Passeriformes,LC,False,0.5
Hylacola cauta,Passeriformes,LC,False,0.5
Hylacola pyrrhopygia,Passeriformes,LC,False,0.5
Calamanthus fuliginosus,Passeriformes,LC,False,0.5
Calamanthus campestris,Passeriformes,LC,False,0.5
Calamanthus montanellus,Passeriformes,LC,False,0.5
Smicrornis brevirostris,Passeriformes,LC,False,0.5
Neosericornis citreogularis,Passeriformes,LC,False,0.5
Origma robusta,Passeriformes,LC,False,0.5
Origma murina,Passeriformes,LC,False,0.5
Origma solitaria,Passeriformes,LC,False,0.5
Sericornis humilis,Passeriformes,LC,False,0.5
Sericornis frontalis,Passeriformes,LC,False,0.5
Sericornis maculatus,Passeriformes,,False,0.25
Sericornis keri,Passeriformes,VU,False,1.5
Sericornis beccarii,Passeriformes,LC,False,0.5
Sericornis magnirostra,Passeriformes,LC,False,0.5
Sericornis nouhuysi,Passeriformes,LC,False,0.5
Aethomyias spilodera,Passeriformes,LC,False,0.5
Aethomyias nigrorufus,Passeriformes,LC,False,0.5
Aethomyias rufescens,Passeriformes,LC,False,0.5
Aethomyias perspicillatus,Passeriformes,LC,False,0.5
Aethomyias arfakianus,Passeriformes,LC,False,0.5
Aethomyias papuensis,Passeriformes,LC,False,0.5
Acanthornis magna,Passeriformes,LC,False,0.5
Aphelocephala leucopsis,Passeriformes,VU,False,1.5
Aphelocephala nigricincta,Passeriformes,LC,False,0.5
Aphelocephala pectoralis,Passeriformes,NT,False,1.0
Acanthiza chrysorrhoa,Passeriformes,LC,False,0.5
Acanthiza cinerea,Passeriformes,LC,False,0.5
Acanthiza murina,Passeriformes,LC,False,0.5
Acanthiza nana,Passeriformes,LC,False,0.5
Acanthiza lineata,Passeriformes,LC,False,0.5
Acanthiza apicalis,Passeriformes,LC,False,0.5
Acanthiza ewingii,Passeriformes,LC,False,0.5
Acanthiza katherina,Passeriformes,VU,False,1.5
Acanthiza pusilla,Passeriformes,LC,False,0.5
Acanthiza robustirostris,Passeriformes,LC,False,0.5
Acanthiza iredalei,Passeriformes,LC,False,0.5
Acanthiza uropygialis,Passeriformes,LC,False,0.5
Acanthiza inornata,Passeriformes,LC,False,0.5
Acanthiza reguloides,Passeriformes,LC,False,0.5
Gerygone chrysogaster,Passeriformes,LC,False,0.5
Gerygone mouki,Passeriformes,LC,False,0.5
Gerygone chloronota,Passeriformes,LC,False,0.5
Gerygone palpebrosa,Passeriformes,LC,False,0.5
Gerygone magnirostris,Passeriformes,LC,False,0.5
Gerygone hypoxantha,Passeriformes,NT,False,1.0
Gerygone inornata,Passeriformes,LC,False,0.5
Gerygone dorsalis,Passeriformes,LC,False,0.5
Gerygone olivacea,Passeriformes,LC,False,0.5
Gerygone sulphurea,Passeriformes,LC,False,0.5
Gerygone tenebrosa,Passeriformes,LC,False,0.5
Gerygone flavolateralis,Passeriformes,LC,False,0.5
Gerygone citrina,Passeriformes,LC,False,0.5
Gerygone levigaster,Passeriformes,LC,False,0.5
Gerygone fusca,Passeriformes,LC,False,0.5
Gerygone ruficollis,Passeriformes,LC,False,0.5
Gerygone insularis,Passeriformes,EX,False,0.25
Gerygone modesta,Passeriformes,LC,False,0.5
Gerygone igata,Passeriformes,LC,False,0.5
Gerygone albofrontata,Passeriformes,LC,False,0.5
Garritornis isidorei,Passeriformes,LC,False,0.5
Pomatostomus temporalis,Passeriformes,LC,False,0.5
Pomatostomus halli,Passeriformes,LC,False,0.5
Pomatostomus superciliosus,Passeriformes,LC,False,0.5
Pomatostomus ruficeps,Passeriformes,LC,False,0.5
Orthonyx novaeguineae,Passeriformes,LC,False,0.5
Orthonyx temminckii,Passeriformes,LC,False,0.5
Orthonyx spaldingii,Passeriformes,LC,False,0.5
Cnemophilus loriae,Passeriformes,LC,False,0.5
Cnemophilus macgregorii,Passeriformes,LC,False,0.5
Cnemophilus sanguineus,Passeriformes,LC,False,0.5
Loboparadisea sericea,Passeriformes,LC,False,0.5
Melanocharis arfakiana,Passeriformes,LC,False,0.5
Melanocharis longicauda,Passeriformes,LC,False,0.5
Melanocharis nigra,Passeriformes,LC,False,0.5
Melanocharis versteri,Passeriformes,LC,False,0.5
Melanocharis striativentris,Passeriformes,LC,False,0.5
Melanocharis citreola,Passeriformes,LC,False,0.5
Rhamphocharis crassirostris,Passeriformes,LC,False,0.5
Rhamphocharis piperata,Passeriformes,LC,False,0.5
Oedistoma iliolophus,Passeriformes,LC,False,0.5
Oedistoma pygmaeum,Passeriformes,LC,False,0.5
Toxorhamphus novaeguineae,Passeriformes,LC,False,0.5
Toxorhamphus poliopterus,Passeriformes,LC,False,0.5
Oreocharis arfaki,Passeriformes,LC,False,0.5
Paramythia olivacea,Passeriformes,LC,False,0.5
Paramythia montium,Passeriformes,LC,False,0.5
Callaeas wilsoni,Passeriformes,LC,False,0.5
Callaeas cinereus,Passeriformes,CR (PE),False,0.25
Philesturnus rufusater,Passeriformes,NT,False,1.0
Philesturnus carunculatus,Passeriformes,LC,False,0.5
Heteralocha acutirostris,Passeriformes,EX,False,0.25
Notiomystis cincta,Passeriformes,VU,False,1.5
Androphobus viridis,Passeriformes,LC,False,0.5
Psophodes olivaceus,Passeriformes,LC,False,0.5
Psophodes nigrogularis,Passeriformes,LC,False,0.5
Psophodes cristatus,Passeriformes,LC,False,0.5
Psophodes occidentalis,Passeriformes,LC,False,0.5
Ptilorrhoa leucosticta,Passeriformes,LC,False,0.5
Ptilorrhoa caerulescens,Passeriformes,LC,False,0.5
Ptilorrhoa geislerorum,Passeriformes,LC,False,0.5
Ptilorrhoa castanonota,Passeriformes,LC,False,0.5
Cinclosoma punctatum,Passeriformes,LC,False,0.5
Cinclosoma castanotum,Passeriformes,LC,False,0.5
Cinclosoma clarum,Passeriformes,,False,0.25
Cinclosoma cinnamomeum,Passeriformes,LC,False,0.5
Cinclosoma alisteri,Passeriformes,LC,False,0.5
Cinclosoma castaneothorax,Passeriformes,LC,False,0.5
Cinclosoma marginatum,Passeriformes,LC,False,0.5
Cinclosoma ajax,Passeriformes,LC,False,0.5
Batis diops,Passeriformes,LC,False,0.5
Batis margaritae,Passeriformes,LC,False,0.5
Batis mixta,Passeriformes,LC,False,0.5
Batis reichenowi,Passeriformes,NT,False,1.0
Batis crypta,Passeriformes,LC,False,0.5
Batis dimorpha,Passeriformes,LC,False,0.5
Batis capensis,Passeriformes,LC,False,0.5
Batis fratrum,Passeriformes,LC,False,0.5
Batis molitor,Passeriformes,LC,False,0.5
Batis senegalensis,Passeriformes,LC,False,0.5
Batis orientalis,Passeriformes,LC,False,0.5
Batis soror,Passeriformes,LC,False,0.5
Batis pririt,Passeriformes,LC,True,2.0
Batis minor,Passeriformes,LC,False,0.5
Batis erlangeri,Passeriformes,LC,False,0.5
Batis perkeo,Passeriformes,LC,False,0.5
Batis minulla,Passeriformes,LC,False,0.5
Batis minima,Passeriformes,LC,False,0.5
Batis ituriensis,Passeriformes,LC,False,0.5
Batis occulta,Passeriformes,LC,False,0.5
Batis poensis,Passeriformes,LC,False,0.5
Lanioturdus torquatus,Passeriformes,LC,False,0.5
Dyaphorophyia hormophora,Passeriformes,LC,False,0.5
Dyaphorophyia castanea,Passeriformes,LC,False,0.5
Dyaphorophyia tonsa,Passeriformes,LC,False,0.5
Platysteira laticincta,Passeriformes,EN,False,2.0
Platysteira peltata,Passeriformes,LC,False,0.5
Platysteira albifrons,Passeriformes,NT,False,1.0
Platysteira cyanea,Passeriformes,LC,False,0.5
Dyaphorophyia concreta,Passeriformes,LC,False,0.5
Dyaphorophyia ansorgei,Passeriformes,LC,False,0.5
Dyaphorophyia blissetti,Passeriformes,LC,False,0.5
Dyaphorophyia chalybea,Passeriformes,LC,False,0.5
Dyaphorophyia jamesoni,Passeriformes,LC,False,0.5
Malaconotus cruentus,Passeriformes,LC,False,0.5
Malaconotus monteiri,Passeriformes,NT,False,1.0
Malaconotus blanchoti,Passeriformes,LC,False,0.5
Malaconotus lagdeni,Passeriformes,NT,False,1.0
Malaconotus gladiator,Passeriformes,VU,False,1.5
Malaconotus alius,Passeriformes,EN,False,2.0
Chlorophoneus kupeensis,Passeriformes,EN,False,2.0
Chlorophoneus multicolor,Passeriformes,LC,False,0.5
Chlorophoneus nigrifrons,Passeriformes,LC,False,0.5
Chlorophoneus olivaceus,Passeriformes,LC,False,0.5
Chlorophoneus bocagei,Passeriformes,LC,False,0.5
Chlorophoneus sulfureopectus,Passeriformes,LC,False,0.5
Telophorus viridis,Passeriformes,LC,False,0.5
Telophorus dohertyi,Passeriformes,LC,False,0.5
Telophorus zeylonus,Passeriformes,LC,False,0.5
Rhodophoneus cruentus,Passeriformes,LC,False,0.5
Bocagia minuta,Passeriformes,LC,False,0.5
Tchagra australis,Passeriformes,LC,False,0.5
Tchagra jamesi,Passeriformes,LC,False,0.5
Tchagra tchagra,Passeriformes,LC,False,0.5
Tchagra senegalus,Passeriformes,LC,False,0.5
Dryoscopus sabini,Passeriformes,LC,False,0.5
Dryoscopus angolensis,Passeriformes,LC,False,0.5
Dryoscopus senegalensis,Passeriformes,LC,False,0.5
Dryoscopus cubla,Passeriformes,LC,False,0.5
Dryoscopus gambensis,Passeriformes,LC,False,0.5
Dryoscopus pringlii,Passeriformes,LC,False,0.5
Laniarius leucorhynchus,Passeriformes,LC,False,0.5
Laniarius poensis,Passeriformes,LC,False,0.5
Laniarius holomelas,Passeriformes,LC,False,0.5
Laniarius willardi,Passeriformes,,False,0.25
Laniarius fuelleborni,Passeriformes,LC,False,0.5
Laniarius funebris,Passeriformes,LC,False,0.5
Laniarius luehderi,Passeriformes,LC,False,0.5
Laniarius brauni,Passeriformes,EN,False,2.0
Laniarius amboimensis,Passeriformes,EN,False,2.0
Laniarius ruficeps,Passeriformes,LC,False,0.5
Laniarius nigerrimus,Passeriformes,LC,False,0.5
Laniarius aethiopicus,Passeriformes,LC,False,0.5
Laniarius major,Passeriformes,,False,0.25
Laniarius sublacteus,Passeriformes,LC,False,0.5
Laniarius ferrugineus,Passeriformes,LC,False,0.5
Laniarius bicolor,Passeriformes,LC,False,0.5
Laniarius turatii,Passeriformes,LC,False,0.5
Laniarius barbarus,Passeriformes,LC,False,0.5
Laniarius mufumbiri,Passeriformes,NT,False,1.0
Laniarius erythrogaster,Passeriformes,LC,False,0.5
Laniarius atrococcineus,Passeriformes,LC,False,0.5
Laniarius atroflavus,Passeriformes,LC,False,0.5
Nilaus afer,Passeriformes,LC,False,0.5
Machaerirhynchus flaviventer,Passeriformes,LC,False,0.5
Machaerirhynchus nigripectus,Passeriformes,LC,False,0.5
Calicalicus madagascariensis,Passeriformes,LC,False,0.5
Calicalicus rufocarpalis,Passeriformes,VU,False,1.5
Vanga curvirostris,Passeriformes,LC,False,0.5
Oriolia bernieri,Passeriformes,EN,False,2.0
Xenopirostris xenopirostris,Passeriformes,NT,False,1.0
Xenopirostris damii,Passeriformes,EN,False,2.0
Xenopirostris polleni,Passeriformes,VU,False,1.5
Falculea palliata,Passeriformes,LC,False,0.5
Artamella viridis,Passeriformes,LC,False,0.5
Leptopterus chabert,Passeriformes,LC,False,0.5
Cyanolanius comorensis,Passeriformes,EN,False,2.0
Cyanolanius madagascarinus,Passeriformes,LC,False,0.5
Schetba rufa,Passeriformes,LC,False,0.5
Euryceros prevostii,Passeriformes,EN,False,2.0
Tylas eduardi,Passeriformes,LC,False,0.5
Hypositta corallirostris,Passeriformes,LC,False,0.5
Newtonia amphichroa,Passeriformes,LC,False,0.5
Newtonia brunneicauda,Passeriformes,LC,False,0.5
Newtonia archboldi,Passeriformes,LC,False,0.5
Newtonia fanovanae,Passeriformes,VU,False,1.5
Pseudobias wardi,Passeriformes,LC,False,0.5
Mystacornis crossleyi,Passeriformes,LC,False,0.5
Prionops plumatus,Passeriformes,LC,True,2.0
Prionops poliolophus,Passeriformes,NT,False,1.0
Prionops alberti,Passeriformes,VU,False,1.5
Prionops caniceps,Passeriformes,LC,False,0.5
Prionops rufiventris,Passeriformes,LC,False,0.5
Prionops retzii,Passeriformes,LC,False,0.5
Prionops gabela,Passeriformes,EN,False,2.0
Prionops scopifrons,Passeriformes,LC,False,0.5
Hemipus picatus,Passeriformes,LC,False,0.5
Hemipus hirundinaceus,Passeriformes,LC,False,0.5
Tephrodornis virgatus,Passeriformes,LC,False,0.5
Tephrodornis sylvicola,Passeriformes,LC,False,0.5
Tephrodornis pondicerianus,Passeriformes,LC,False,0.5
Tephrodornis affinis,Passeriformes,LC,False,0.5
Philentoma pyrhoptera,Passeriformes,LC,False,0.5
Philentoma velata,Passeriformes,NT,False,1.0
Megabyas flammulatus,Passeriformes,LC,True,2.0
Bias musicus,Passeriformes,LC,False,0.5
Pityriasis gymnocephala,Passeriformes,VU,False,1.5
Artamus fuscus,Passeriformes,LC,False,0.5
Artamus leucoryn,Passeriformes,LC,False,0.5
Artamus mentalis,Passeriformes,LC,False,0.5
Artamus monachus,Passeriformes,LC,False,0.5
Artamus maximus,Passeriformes,LC,False,0.5
Artamus insignis,Passeriformes,LC,False,0.5
Artamus personatus,Passeriformes,LC,True,2.0
Artamus superciliosus,Passeriformes,LC,True,2.0
Artamus cinereus,Passeriformes,LC,False,0.5
Artamus cyanopterus,Passeriformes,LC,True,2.0
Artamus minor,Passeriformes,LC,False,0.5
Peltops blainvillii,Passeriformes,LC,False,0.5
Peltops montanus,Passeriformes,LC,False,0.5
Melloria quoyi,Passeriformes,LC,False,0.5
Gymnorhina tibicen,Passeriformes,LC,False,0.5
Cracticus torquatus,Passeriformes,LC,False,0.5
Cracticus argenteus,Passeriformes,LC,False,0.5
Cracticus mentalis,Passeriformes,LC,False,0.5
Cracticus nigrogularis,Passeriformes,LC,False,0.5
Cracticus cassicus,Passeriformes,LC,False,0.5
Cracticus louisiadensis,Passeriformes,NT,False,1.0
Strepera graculina,Passeriformes,LC,False,0.5
Strepera fuliginosa,Passeriformes,LC,False,0.5
Strepera versicolor,Passeriformes,LC,False,0.5
Rhagologus leucostigma,Passeriformes,LC,False,0.5
Aegithina tiphia,Passeriformes,LC,False,0.5
Aegithina nigrolutea,Passeriformes,LC,False,0.5
Aegithina viridissima,Passeriformes,NT,False,1.0
Aegithina lafresnayei,Passeriformes,LC,False,0.5
Pericrocotus erythropygius,Passeriformes,LC,False,0.5
Pericrocotus albifrons,Passeriformes,NT,False,1.0
Pericrocotus igneus,Passeriformes,NT,False,1.0
Pericrocotus cinnamomeus,Passeriformes,LC,False,0.5
Pericrocotus solaris,Passeriformes,LC,False,0.5
Pericrocotus montanus,Passeriformes,LC,False,0.5
Pericrocotus miniatus,Passeriformes,LC,False,0.5
Pericrocotus brevirostris,Passeriformes,LC,False,0.5
Pericrocotus lansbergei,Passeriformes,LC,False,0.5
Pericrocotus ethologus,Passeriformes,LC,True,2.0
Pericrocotus flammeus,Passeriformes,LC,False,0.5
Pericrocotus speciosus,Passeriformes,,False,0.25
Pericrocotus divaricatus,Passeriformes,LC,True,2.0
Pericrocotus tegimae,Passeriformes,LC,False,0.5
Pericrocotus cantonensis,Passeriformes,LC,True,2.0
Pericrocotus roseus,Passeriformes,LC,False,0.5
Ceblepyris cinereus,Passeriformes,LC,False,0.5
Ceblepyris cucullatus,Passeriformes,EN,False,2.0
Ceblepyris graueri,Passeriformes,LC,False,0.5
Ceblepyris pectoralis,Passeriformes,LC,False,0.5
Ceblepyris caesius,Passeriformes,LC,False,0.5
Coracina caeruleogrisea,Passeriformes,LC,False,0.5
Coracina longicauda,Passeriformes,LC,False,0.5
Coracina temminckii,Passeriformes,LC,False,0.5
Coracina bicolor,Passeriformes,NT,False,1.0
Coracina maxima,Passeriformes,LC,False,0.5
Coracina lineata,Passeriformes,LC,False,0.5
Coracina novaehollandiae,Passeriformes,LC,True,2.0
Coracina boyeri,Passeriformes,LC,False,0.5
Coracina fortis,Passeriformes,NT,False,1.0
Coracina personata,Passeriformes,LC,False,0.5
Coracina welchmani,Passeriformes,LC,False,0.5
Coracina caledonica,Passeriformes,LC,False,0.5
Coracina striata,Passeriformes,LC,False,0.5
Coracina mindorensis,Passeriformes,,False,0.25
Coracina panayensis,Passeriformes,LC,False,0.5
Coracina kochii,Passeriformes,,False,0.25
Coracina guillemardi,Passeriformes,,False,0.25
Coracina macei,Passeriformes,LC,False,0.5
Coracina javensis,Passeriformes,LC,False,0.5
Coracina larutensis,Passeriformes,,False,0.25
Coracina dobsoni,Passeriformes,NT,False,1.0
Coracina schistacea,Passeriformes,LC,False,0.5
Coracina leucopygia,Passeriformes,LC,False,0.5
Coracina larvata,Passeriformes,LC,False,0.5
Coracina papuensis,Passeriformes,LC,True,2.0
Coracina ingens,Passeriformes,,False,0.25
Coracina atriceps,Passeriformes,LC,False,0.5
Coracina parvula,Passeriformes,LC,False,0.5
Campephaga flava,Passeriformes,LC,True,2.0
Campephaga phoenicea,Passeriformes,LC,True,2.0
Campephaga petiti,Passeriformes,LC,False,0.5
Campephaga quiscalina,Passeriformes,LC,False,0.5
Lobotos lobatus,Passeriformes,VU,False,1.5
Lobotos oriolinus,Passeriformes,DD,False,0.25
Campochaera sloetii,Passeriformes,LC,False,0.5
Malindangia mcgregori,Passeriformes,LC,False,0.5
Edolisoma anale,Passeriformes,NT,False,1.0
Edolisoma coerulescens,Passeriformes,LC,False,0.5
Edolisoma ostentum,Passeriformes,VU,False,1.5
Edolisoma montanum,Passeriformes,LC,False,0.5
Edolisoma dohertyi,Passeriformes,LC,False,0.5
Edolisoma dispar,Passeriformes,LC,False,0.5
Edolisoma timoriense,Passeriformes,,False,0.25
Edolisoma ceramense,Passeriformes,LC,False,0.5
Edolisoma insperatum,Passeriformes,EN,False,2.0
Edolisoma mindanense,Passeriformes,VU,False,1.5
Edolisoma schisticeps,Passeriformes,LC,False,0.5
Edolisoma melas,Passeriformes,LC,False,0.5
Edolisoma holopolium,Passeriformes,LC,False,0.5
Edolisoma pygmaeum,Passeriformes,NT,False,1.0
Edolisoma tricolor,Passeriformes,,False,0.25
Edolisoma salomonis,Passeriformes,LC,False,0.5
Edolisoma admiralitatis,Passeriformes,,False,0.25
Edolisoma salvadorii,Passeriformes,,False,0.25
Edolisoma monacha,Passeriformes,LC,False,0.5
Edolisoma nesiotis,Passeriformes,EN,False,2.0
Edolisoma erythropygium,Passeriformes,,False,0.25
Edolisoma morio,Passeriformes,LC,False,0.5
Edolisoma meyerii,Passeriformes,LC,False,0.5
Edolisoma pelingi,Passeriformes,,False,0.25
Edolisoma obiense,Passeriformes,LC,False,0.5
Edolisoma sula,Passeriformes,LC,False,0.5
Edolisoma grayi,Passeriformes,LC,False,0.5
Edolisoma incertum,Passeriformes,LC,False,0.5
Edolisoma remotum,Passeriformes,LC,False,0.5
Edolisoma rostratum,Passeriformes,NT,False,1.0
Edolisoma amboinense,Passeriformes,,False,0.25
Edolisoma tenuirostre,Passeriformes,LC,False,0.5
Celebesica abbotti,Passeriformes,LC,False,0.5
Cyanograucalus azureus,Passeriformes,LC,False,0.5
Lalage maculosa,Passeriformes,LC,False,0.5
Lalage sharpei,Passeriformes,NT,False,1.0
Lalage sueurii,Passeriformes,LC,False,0.5
Lalage leucopyga,Passeriformes,LC,False,0.5
Lalage tricolor,Passeriformes,LC,False,0.5
Lalage aurea,Passeriformes,LC,False,0.5
Lalage atrovirens,Passeriformes,LC,False,0.5
Lalage leucoptera,Passeriformes,NT,False,1.0
Lalage moesta,Passeriformes,LC,False,0.5
Lalage leucomela,Passeriformes,LC,False,0.5
Lalage conjuncta,Passeriformes,VU,False,1.5
Lalage melanoleuca,Passeriformes,LC,False,0.5
Lalage minor,Passeriformes,LC,False,0.5
Lalage nigra,Passeriformes,LC,False,0.5
Lalage leucopygialis,Passeriformes,LC,False,0.5
Lalage melaschistos,Passeriformes,LC,True,2.0
Lalage melanoptera,Passeriformes,LC,False,0.5
Lalage polioptera,Passeriformes,LC,False,0.5
Lalage fimbriata,Passeriformes,LC,False,0.5
Lalage typica,Passeriformes,VU,False,1.5
Lalage newtoni,Passeriformes,CR,False,2.5
Mohoua ochrocephala,Passeriformes,NT,False,1.0
Mohoua albicilla,Passeriformes,LC,False,0.5
Mohoua novaeseelandiae,Passeriformes,LC,False,0.5
Daphoenositta chrysoptera,Passeriformes,LC,False,0.5
Daphoenositta papuensis,Passeriformes,LC,False,0.5
Daphoenositta miranda,Passeriformes,LC,False,0.5
Eulacestoma nigropectus,Passeriformes,LC,False,0.5
Aleadryas rufinucha,Passeriformes,LC,False,0.5
Ornorectes cristatus,Passeriformes,LC,False,0.5
Oreoica gutturalis,Passeriformes,LC,False,0.5
Falcunculus whitei,Passeriformes,LC,False,0.5
Falcunculus leucogaster,Passeriformes,LC,False,0.5
Falcunculus frontatus,Passeriformes,LC,False,0.5
Coracornis raveni,Passeriformes,LC,False,0.5
Coracornis sanghirensis,Passeriformes,CR,False,2.5
Melanorectes nigrescens,Passeriformes,LC,False,0.5
Pachycephala olivacea,Passeriformes,LC,False,0.5
Pachycephala rufogularis,Passeriformes,VU,False,1.5
Pachycephala inornata,Passeriformes,LC,False,0.5
Pachycephala cinerea,Passeriformes,LC,False,0.5
Pachycephala albiventris,Passeriformes,LC,False,0.5
Pachycephala homeyeri,Passeriformes,LC,False,0.5
Pachycephala phaionota,Passeriformes,LC,False,0.5
Pachycephala melanorhyncha,Passeriformes,,False,0.25
Pachycephala hyperythra,Passeriformes,LC,False,0.5
Pachycephala modesta,Passeriformes,LC,False,0.5
Pachycephala philippinensis,Passeriformes,LC,False,0.5
Pachycephala sulfuriventer,Passeriformes,LC,False,0.5
Pachycephala hypoxantha,Passeriformes,LC,False,0.5
Pachycephala meyeri,Passeriformes,LC,False,0.5
Pachycephala simplex,Passeriformes,LC,False,0.5
Pachycephala griseiceps,Passeriformes,LC,False,0.5
Pachycephala orpheus,Passeriformes,LC,False,0.5
Pachycephala par,Passeriformes,LC,False,0.5
Pachycephala soror,Passeriformes,LC,False,0.5
Pachycephala calliope,Passeriformes,,False,0.25
Pachycephala fulvotincta,Passeriformes,LC,False,0.5
Pachycephala teysmanni,Passeriformes,LC,False,0.5
Pachycephala macrorhyncha,Passeriformes,,False,0.25
Pachycephala balim,Passeriformes,,False,0.25
Pachycephala mentalis,Passeriformes,LC,False,0.5
Pachycephala pectoralis,Passeriformes,LC,False,0.5
Pachycephala fuliginosa,Passeriformes,,False,0.25
Pachycephala citreogaster,Passeriformes,,False,0.25
Pachycephala orioloides,Passeriformes,LC,False,0.5
Pachycephala collaris,Passeriformes,,False,0.25
Pachycephala feminina,Passeriformes,NT,False,1.0
Pachycephala chlorura,Passeriformes,,False,0.25
Pachycephala caledonica,Passeriformes,LC,False,0.5
Pachycephala vitiensis,Passeriformes,LC,False,0.5
Pachycephala graeffii,Passeriformes,,False,0.25
Pachycephala ornata,Passeriformes,,False,0.25
Pachycephala utupuae,Passeriformes,,False,0.25
Pachycephala vanikorensis,Passeriformes,,False,0.25
Pachycephala jacquinoti,Passeriformes,NT,False,1.0
Pachycephala melanura,Passeriformes,LC,False,0.5
Pachycephala flavifrons,Passeriformes,LC,False,0.5
Pachycephala implicata,Passeriformes,LC,False,0.5
Pachycephala richardsi,Passeriformes,LC,False,0.5
Pachycephala nudigula,Passeriformes,LC,False,0.5
Pachycephala lorentzi,Passeriformes,LC,False,0.5
Pachycephala schlegelii,Passeriformes,LC,False,0.5
Pachycephala aurea,Passeriformes,LC,False,0.5
Pachycephala rufiventris,Passeriformes,LC,False,0.5
Pachycephala monacha,Passeriformes,LC,False,0.5
Pachycephala leucogastra,Passeriformes,LC,False,0.5
Pachycephala sharpei,Passeriformes,,False,0.25
Pachycephala arctitorquis,Passeriformes,LC,False,0.5
Pachycephala griseonota,Passeriformes,LC,False,0.5
Pachycephala johni,Passeriformes,,False,0.25
Pachycephala lanioides,Passeriformes,LC,False,0.5
Pachycephala tenebrosa,Passeriformes,LC,False,0.5
Pseudorectes incertus,Passeriformes,LC,False,0.5
Pseudorectes ferrugineus,Passeriformes,LC,False,0.5
Colluricincla boweri,Passeriformes,VU,False,1.5
Colluricincla tenebrosa,Passeriformes,LC,False,0.5
Colluricincla megarhyncha,Passeriformes,LC,False,0.5
Colluricincla fortis,Passeriformes,,False,0.25
Colluricincla affinis,Passeriformes,,False,0.25
Colluricincla obscura,Passeriformes,,False,0.25
Colluricincla discolor,Passeriformes,,False,0.25
Colluricincla tappenbecki,Passeriformes,,False,0.25
Colluricincla rufogaster,Passeriformes,,False,0.25
Colluricincla harmonica,Passeriformes,LC,False,0.5
Colluricincla woodwardi,Passeriformes,LC,False,0.5
Pteruthius xanthochlorus,Passeriformes,LC,False,0.5
Pteruthius melanotis,Passeriformes,LC,False,0.5
Pteruthius rufiventer,Passeriformes,LC,False,0.5
Pteruthius aeralatus,Passeriformes,LC,False,0.5
Pteruthius flaviscapis,Passeriformes,LC,False,0.5
Pteruthius intermedius,Passeriformes,,False,0.25
Pteruthius aenobarbus,Passeriformes,LC,False,0.5
Erpornis zantholeuca,Passeriformes,LC,False,0.5
Cyclarhis gujanensis,Passeriformes,LC,False,0.5
Cyclarhis nigrirostris,Passeriformes,LC,False,0.5
Vireolanius melitophrys,Passeriformes,LC,False,0.5
Vireolanius pulchellus,Passeriformes,LC,False,0.5
Vireolanius eximius,Passeriformes,LC,False,0.5
Vireolanius leucotis,Passeriformes,LC,False,0.5
Vireolanius mikettae,Passeriformes,LC,False,0.5
Hylophilus amaurocephalus,Passeriformes,LC,False,0.5
Hylophilus poicilotis,Passeriformes,LC,False,0.5
Hylophilus olivaceus,Passeriformes,LC,False,0.5
Hylophilus pectoralis,Passeriformes,LC,False,0.5
Hylophilus brunneiceps,Passeriformes,LC,False,0.5
Hylophilus thoracicus,Passeriformes,LC,False,0.5
Hylophilus griseiventris,Passeriformes,LC,False,0.5
Hylophilus flavipes,Passeriformes,LC,False,0.5
Hylophilus viridiflavus,Passeriformes,LC,False,0.5
Hylophilus insularis,Passeriformes,LC,False,0.5
Hylophilus semicinereus,Passeriformes,LC,False,0.5
Tunchiornis ochraceiceps,Passeriformes,LC,False,0.5
Tunchiornis ferrugineifrons,Passeriformes,,False,0.25
Tunchiornis luteifrons,Passeriformes,LC,False,0.5
Tunchiornis rubrifrons,Passeriformes,LC,False,0.5
Pachysylvia decurtata,Passeriformes,LC,False,0.5
Pachysylvia hypoxantha,Passeriformes,LC,False,0.5
Pachysylvia muscicapina,Passeriformes,LC,False,0.5
Pachysylvia aurantiifrons,Passeriformes,LC,False,0.5
Pachysylvia semibrunnea,Passeriformes,LC,False,0.5
Pachysylvia hypochrysea,Passeriformes,LC,False,0.5
Vireo flavoviridis,Passeriformes,LC,True,2.0
Vireo olivaceus,Passeriformes,LC,True,2.0
Vireo magister,Passeriformes,LC,False,0.5
Vireo altiloquus,Passeriformes,LC,False,0.5
Vireo chivi,Passeriformes,LC,False,0.5
Vireo gracilirostris,Passeriformes,VU,False,1.5
Vireo sclateri,Passeriformes,LC,False,0.5
Vireo philadelphicus,Passeriformes,LC,True,2.0
Vireo gilvus,Passeriformes,LC,False,0.5
Vireo leucophrys,Passeriformes,LC,False,0.5
Vireo huttoni,Passeriformes,LC,False,0.5
Vireo vicinior,Passeriformes,LC,True,2.0
Vireo flavifrons,Passeriformes,LC,True,2.0
Vireo carmioli,Passeriformes,LC,False,0.5
Vireo masteri,Passeriformes,NT,False,1.0
Vireo solitarius,Passeriformes,LC,True,2.0
Vireo cassinii,Passeriformes,LC,True,2.0
Vireo plumbeus,Passeriformes,LC,False,0.5
Vireo osburni,Passeriformes,NT,False,1.0
Vireo nanus,Passeriformes,LC,False,0.5
Vireo pallens,Passeriformes,LC,False,0.5
Vireo bairdi,Passeriformes,NT,False,1.0
Vireo caribaeus,Passeriformes,VU,False,1.5
Vireo griseus,Passeriformes,LC,True,2.0
Vireo crassirostris,Passeriformes,LC,False,0.5
Vireo modestus,Passeriformes,LC,False,0.5
Vireo gundlachii,Passeriformes,LC,False,0.5
Vireo bellii,Passeriformes,LC,True,2.0
Vireo latimeri,Passeriformes,LC,False,0.5
Vireo atricapilla,Passeriformes,NT,True,4.0
Vireo nelsoni,Passeriformes,LC,False,0.5
Vireo brevipennis,Passeriformes,LC,False,0.5
Turnagra tanagra,Passeriformes,EX,False,0.25
Turnagra capensis,Passeriformes,EX,False,0.25
Sphecotheres viridis,Passeriformes,LC,False,0.5
Sphecotheres hypoleucus,Passeriformes,LC,False,0.5
Sphecotheres vieilloti,Passeriformes,LC,False,0.5
Pitohui kirhocephalus,Passeriformes,LC,False,0.5
Pitohui cerviniventris,Passeriformes,LC,False,0.5
Pitohui uropygialis,Passeriformes,LC,False,0.5
Pitohui dichrous,Passeriformes,LC,False,0.5
Oriolus isabellae,Passeriformes,CR,False,2.5
Oriolus forsteni,Passeriformes,LC,False,0.5
Oriolus bouroensis,Passeriformes,LC,False,0.5
Oriolus phaeochromus,Passeriformes,LC,False,0.5
Oriolus sagittatus,Passeriformes,LC,True,2.0
Oriolus melanotis,Passeriformes,LC,False,0.5
Oriolus finschi,Passeriformes,LC,False,0.5
Oriolus decipiens,Passeriformes,LC,False,0.5
Oriolus szalayi,Passeriformes,LC,False,0.5
Oriolus flavocinctus,Passeriformes,LC,False,0.5
Oriolus cruentus,Passeriformes,DD,False,0.25
Oriolus consanguineus,Passeriformes,LC,False,0.5
Oriolus hosii,Passeriformes,NT,False,1.0
Oriolus traillii,Passeriformes,LC,False,0.5
Oriolus mellianus,Passeriformes,EN,True,8.0
Oriolus xanthornus,Passeriformes,LC,False,0.5
Oriolus xanthonotus,Passeriformes,LC,False,0.5
Oriolus consobrinus,Passeriformes,LC,False,0.5
Oriolus steerii,Passeriformes,LC,False,0.5
Oriolus albiloris,Passeriformes,LC,False,0.5
Oriolus chlorocephalus,Passeriformes,LC,False,0.5
Oriolus brachyrynchus,Passeriformes,LC,False,0.5
Oriolus crassirostris,Passeriformes,VU,False,1.5
Oriolus larvatus,Passeriformes,LC,False,0.5
Oriolus monacha,Passeriformes,LC,False,0.5
Oriolus percivali,Passeriformes,LC,False,0.5
Oriolus nigripennis,Passeriformes,LC,False,0.5
Oriolus auratus,Passeriformes,LC,True,2.0
Oriolus kundoo,Passeriformes,LC,False,0.5
Oriolus oriolus,Passeriformes,LC,True,2.0
Oriolus chinensis,Passeriformes,LC,True,2.0
Oriolus tenuirostris,Passeriformes,LC,True,2.0
Dicrurus aeneus,Passeriformes,LC,False,0.5
Dicrurus remifer,Passeriformes,LC,False,0.5
Dicrurus annectens,Passeriformes,LC,True,2.0
Dicrurus paradiseus,Passeriformes,LC,False,0.5
Dicrurus lophorinus,Passeriformes,LC,False,0.5
Dicrurus andamanensis,Passeriformes,LC,False,0.5
Dicrurus sumatranus,Passeriformes,LC,False,0.5
Dicrurus montanus,Passeriformes,LC,False,0.5
Dicrurus bracteatus,Passeriformes,LC,False,0.5
Dicrurus megarhynchus,Passeriformes,NT,False,1.0
Dicrurus hottentottus,Passeriformes,LC,True,2.0
Dicrurus menagei,Passeriformes,EN,False,2.0
Dicrurus palawanensis,Passeriformes,LC,False,0.5
Dicrurus balicassius,Passeriformes,LC,False,0.5
Dicrurus striatus,Passeriformes,LC,False,0.5
Dicrurus densus,Passeriformes,LC,False,0.5
Dicrurus leucophaeus,Passeriformes,LC,True,2.0
Dicrurus caerulescens,Passeriformes,LC,False,0.5
Dicrurus waldenii,Passeriformes,VU,False,1.5
Dicrurus forficatus,Passeriformes,LC,False,0.5
Dicrurus aldabranus,Passeriformes,NT,False,1.0
Dicrurus fuscipennis,Passeriformes,EN,False,2.0
Dicrurus modestus,Passeriformes,LC,False,0.5
Dicrurus adsimilis,Passeriformes,LC,False,0.5
Dicrurus macrocercus,Passeriformes,LC,True,2.0
Dicrurus ludwigii,Passeriformes,LC,False,0.5
Dicrurus atripennis,Passeriformes,LC,False,0.5
Dicrurus sharpei,Passeriformes,LC,False,0.5
Rhipidura superciliaris,Passeriformes,LC,False,0.5
Rhipidura samarensis,Passeriformes,LC,False,0.5
Rhipidura cyaniceps,Passeriformes,LC,False,0.5
Rhipidura sauli,Passeriformes,VU,False,1.5
Rhipidura albiventris,Passeriformes,LC,False,0.5
Rhipidura albicollis,Passeriformes,LC,False,0.5
Rhipidura albogularis,Passeriformes,LC,False,0.5
Rhipidura euryura,Passeriformes,LC,False,0.5
Rhipidura aureola,Passeriformes,LC,False,0.5
Rhipidura javanica,Passeriformes,LC,False,0.5
Rhipidura nigritorquis,Passeriformes,LC,False,0.5
Rhipidura perlata,Passeriformes,LC,False,0.5
Rhipidura leucophrys,Passeriformes,LC,False,0.5
Rhipidura diluta,Passeriformes,LC,False,0.5
Rhipidura fuscorufa,Passeriformes,LC,False,0.5
Rhipidura rufiventris,Passeriformes,LC,False,0.5
Rhipidura tenkatei,Passeriformes,LC,False,0.5
Rhipidura hoedti,Passeriformes,LC,False,0.5
Rhipidura assimilis,Passeriformes,LC,False,0.5
Rhipidura bouruensis,Passeriformes,LC,False,0.5
Rhipidura cinerea,Passeriformes,LC,False,0.5
Rhipidura obiensis,Passeriformes,LC,False,0.5
Rhipidura isura,Passeriformes,LC,False,0.5
Rhipidura kordensis,Passeriformes,LC,False,0.5
Rhipidura cockerelli,Passeriformes,LC,False,0.5
Rhipidura coultasi,Passeriformes,NT,False,1.0
Rhipidura threnothorax,Passeriformes,LC,False,0.5
Rhipidura maculipectus,Passeriformes,LC,False,0.5
Rhipidura leucothorax,Passeriformes,LC,False,0.5
Rhipidura atra,Passeriformes,LC,False,0.5
Rhipidura hyperythra,Passeriformes,LC,False,0.5
Rhipidura albolimbata,Passeriformes,LC,False,0.5
Rhipidura albiscapa,Passeriformes,LC,True,2.0
Rhipidura fuliginosa,Passeriformes,LC,False,0.5
Rhipidura phasiana,Passeriformes,LC,False,0.5
Rhipidura drownei,Passeriformes,LC,False,0.5
Rhipidura ocularis,Passeriformes,LC,False,0.5
Rhipidura tenebrosa,Passeriformes,NT,False,1.0
Rhipidura rennelliana,Passeriformes,LC,False,0.5
Rhipidura verreauxi,Passeriformes,LC,False,0.5
Rhipidura spilodera,Passeriformes,LC,False,0.5
Rhipidura layardi,Passeriformes,LC,False,0.5
Rhipidura rufilateralis,Passeriformes,NT,False,1.0
Rhipidura personata,Passeriformes,NT,False,1.0
Rhipidura nebulosa,Passeriformes,LC,False,0.5
Rhipidura phoenicura,Passeriformes,LC,False,0.5
Rhipidura nigrocinnamomea,Passeriformes,LC,False,0.5
Rhipidura brachyrhyncha,Passeriformes,LC,False,0.5
Rhipidura lepida,Passeriformes,LC,False,0.5
Rhipidura dedemi,Passeriformes,LC,False,0.5
Rhipidura superflua,Passeriformes,LC,False,0.5
Rhipidura teysmanni,Passeriformes,LC,False,0.5
Rhipidura habibiei,Passeriformes,,False,0.25
Rhipidura sulaensis,Passeriformes,,False,0.25
Rhipidura opistherythra,Passeriformes,NT,False,1.0
Rhipidura rufidorsa,Passeriformes,LC,False,0.5
Rhipidura dahli,Passeriformes,LC,False,0.5
Rhipidura matthiae,Passeriformes,NT,False,1.0
Rhipidura malaitae,Passeriformes,NT,False,1.0
Rhipidura semirubra,Passeriformes,LC,False,0.5
Rhipidura dryas,Passeriformes,LC,False,0.5
Rhipidura semicollaris,Passeriformes,,False,0.25
Rhipidura torrida,Passeriformes,,False,0.25
Rhipidura rufifrons,Passeriformes,LC,False,0.5
Rhipidura kubaryi,Passeriformes,LC,False,0.5
Rhipidura louisiadensis,Passeriformes,,False,0.25
Rhipidura melanolaema,Passeriformes,LC,False,0.5
Rhipidura versicolor,Passeriformes,,False,0.25
Rhipidura rufofronta,Passeriformes,,False,0.25
Chaetorhynchus papuensis,Passeriformes,LC,False,0.5
Eutrichomyias rowleyi,Passeriformes,CR,False,2.5
Lamprolia klinesmithi,Passeriformes,VU,False,1.5
Lamprolia victoriae,Passeriformes,NT,False,1.0
Hypothymis azurea,Passeriformes,LC,True,2.0
Hypothymis puella,Passeriformes,LC,False,0.5
Hypothymis helenae,Passeriformes,NT,False,1.0
Hypothymis coelestis,Passeriformes,VU,False,1.5
Trochocercus cyanomelas,Passeriformes,LC,False,0.5
Trochocercus bivittatus,Passeriformes,LC,False,0.5
Trochocercus nitens,Passeriformes,LC,False,0.5
Terpsiphone bedfordi,Passeriformes,LC,False,0.5
Terpsiphone rufocinerea,Passeriformes,LC,False,0.5
Terpsiphone rufiventer,Passeriformes,LC,False,0.5
Terpsiphone batesi,Passeriformes,LC,False,0.5
Terpsiphone viridis,Passeriformes,LC,True,2.0
Terpsiphone paradisi,Passeriformes,LC,True,2.0
Terpsiphone affinis,Passeriformes,LC,True,2.0
Terpsiphone floris,Passeriformes,LC,False,0.5
Terpsiphone incei,Passeriformes,LC,True,2.0
Terpsiphone atrocaudata,Passeriformes,LC,True,2.0
Terpsiphone cyanescens,Passeriformes,LC,False,0.5
Terpsiphone cinnamomea,Passeriformes,LC,False,0.5
Terpsiphone unirufa,Passeriformes,LC,False,0.5
Terpsiphone atrochalybeia,Passeriformes,LC,False,0.5
Terpsiphone mutata,Passeriformes,LC,False,0.5
Terpsiphone corvina,Passeriformes,VU,False,1.5
Terpsiphone bourbonnensis,Passeriformes,LC,False,0.5
Chasiempis sclateri,Passeriformes,NT,False,1.0
Chasiempis ibidis,Passeriformes,VU,False,1.5
Chasiempis sandwichensis,Passeriformes,NT,False,1.0
Pomarea dimidiata,Passeriformes,VU,False,1.5
Pomarea nigra,Passeriformes,CR,False,2.5
Pomarea pomarea,Passeriformes,EX,False,0.25
Pomarea mendozae,Passeriformes,EN,False,2.0
Pomarea mira,Passeriformes,CR (PE),False,0.25
Pomarea nukuhivae,Passeriformes,EX,False,0.25
Pomarea iphis,Passeriformes,CR,False,2.5
Pomarea fluxa,Passeriformes,EX,False,0.25
Pomarea whitneyi,Passeriformes,CR,False,2.5
Mayrornis schistaceus,Passeriformes,VU,False,1.5
Mayrornis versicolor,Passeriformes,NT,False,1.0
Mayrornis lessoni,Passeriformes,LC,False,0.5
Neolalage banksiana,Passeriformes,LC,False,0.5
Clytorhynchus pachycephaloides,Passeriformes,LC,False,0.5
Clytorhynchus vitiensis,Passeriformes,LC,False,0.5
Clytorhynchus nigrogularis,Passeriformes,NT,False,1.0
Clytorhynchus sanctaecrucis,Passeriformes,EN,False,2.0
Clytorhynchus hamlini,Passeriformes,NT,False,1.0
Metabolus rugensis,Passeriformes,EN,False,2.0
Symposiachrus axillaris,Passeriformes,LC,False,0.5
Symposiachrus guttula,Passeriformes,LC,False,0.5
Symposiachrus mundus,Passeriformes,LC,False,0.5
Symposiachrus sacerdotum,Passeriformes,EN,False,2.0
Symposiachrus boanensis,Passeriformes,CR,False,2.5
Symposiachrus melanopterus,Passeriformes,,False,0.25
Symposiachrus trivirgatus,Passeriformes,LC,False,0.5
Symposiachrus bimaculatus,Passeriformes,,False,0.25
Symposiachrus leucurus,Passeriformes,NT,False,1.0
Symposiachrus everetti,Passeriformes,EN,False,2.0
Symposiachrus loricatus,Passeriformes,LC,False,0.5
Symposiachrus julianae,Passeriformes,NT,False,1.0
Symposiachrus brehmii,Passeriformes,NT,False,1.0
Symposiachrus manadensis,Passeriformes,LC,False,0.5
Symposiachrus infelix,Passeriformes,NT,False,1.0
Symposiachrus menckei,Passeriformes,NT,False,1.0
Symposiachrus verticalis,Passeriformes,LC,False,0.5
Symposiachrus ateralbus,Passeriformes,NT,False,1.0
Symposiachrus barbatus,Passeriformes,LC,False,0.5
Symposiachrus malaitae,Passeriformes,NT,False,1.0
Symposiachrus vidua,Passeriformes,NT,False,1.0
Symposiachrus nigrotectus,Passeriformes,,False,0.25
Symposiachrus browni,Passeriformes,NT,False,1.0
Symposiachrus rubiensis,Passeriformes,LC,False,0.5
Monarcha cinerascens,Passeriformes,LC,False,0.5
Monarcha melanopsis,Passeriformes,LC,False,0.5
Monarcha frater,Passeriformes,LC,True,2.0
Monarcha castaneiventris,Passeriformes,LC,False,0.5
Monarcha megarhynchus,Passeriformes,LC,False,0.5
Monarcha ugiensis,Passeriformes,LC,False,0.5
Monarcha richardsii,Passeriformes,NT,False,1.0
Metabolus godeffroyi,Passeriformes,NT,False,1.0
Metabolus takatsukasae,Passeriformes,NT,False,1.0
Carterornis leucotis,Passeriformes,LC,False,0.5
Carterornis pileatus,Passeriformes,LC,False,0.5
Carterornis castus,Passeriformes,NT,False,1.0
Carterornis chrysomela,Passeriformes,LC,False,0.5
Arses insularis,Passeriformes,LC,False,0.5
Arses telescopthalmus,Passeriformes,LC,False,0.5
Arses lorealis,Passeriformes,LC,False,0.5
Arses kaupi,Passeriformes,LC,False,0.5
Grallina cyanoleuca,Passeriformes,LC,False,0.5
Grallina bruijnii,Passeriformes,LC,False,0.5
Myiagra oceanica,Passeriformes,LC,False,0.5
Myiagra erythrops,Passeriformes,LC,False,0.5
Myiagra freycineti,Passeriformes,EX,False,0.25
Myiagra pluto,Passeriformes,LC,False,0.5
Myiagra galeata,Passeriformes,LC,False,0.5
Myiagra atra,Passeriformes,NT,False,1.0
Myiagra rubecula,Passeriformes,LC,True,2.0
Myiagra ferrocyanea,Passeriformes,LC,False,0.5
Myiagra cervinicauda,Passeriformes,NT,False,1.0
Myiagra caledonica,Passeriformes,LC,False,0.5
Myiagra vanikorensis,Passeriformes,LC,False,0.5
Myiagra albiventris,Passeriformes,LC,False,0.5
Myiagra azureocapilla,Passeriformes,NT,False,1.0
Myiagra castaneigularis,Passeriformes,LC,False,0.5
Myiagra ruficollis,Passeriformes,LC,False,0.5
Myiagra cyanoleuca,Passeriformes,LC,True,2.0
Myiagra alecto,Passeriformes,LC,False,0.5
Myiagra hebetior,Passeriformes,VU,False,1.5
Myiagra eichhorni,Passeriformes,LC,False,0.5
Myiagra cervinicolor,Passeriformes,NT,False,1.0
Myiagra nana,Passeriformes,LC,False,0.5
Myiagra inquieta,Passeriformes,LC,True,2.0
Platylophus galericulatus,Passeriformes,NT,False,1.0
Eurocephalus ruppelli,Passeriformes,LC,False,0.5
Eurocephalus anguitimens,Passeriformes,LC,False,0.5
Lanius corvinus,Passeriformes,LC,False,0.5
Lanius melanoleucus,Passeriformes,LC,False,0.5
Lanius cabanisi,Passeriformes,LC,False,0.5
Lanius excubitoroides,Passeriformes,LC,False,0.5
Lanius dorsalis,Passeriformes,LC,False,0.5
Lanius excubitor,Passeriformes,LC,True,2.0
Lanius somalicus,Passeriformes,LC,False,0.5
Lanius ludovicianus,Passeriformes,NT,True,4.0
Lanius giganteus,Passeriformes,LC,False,0.5
Lanius sphenocercus,Passeriformes,LC,False,0.5
Lanius meridionalis,Passeriformes,VU,False,1.5
Lanius borealis,Passeriformes,LC,True,2.0
Lanius nubicus,Passeriformes,LC,True,2.0
Lanius newtoni,Passeriformes,CR,False,2.5
Lanius humeralis,Passeriformes,,False,0.25
Lanius gubernator,Passeriformes,LC,False,0.5
Lanius mackinnoni,Passeriformes,LC,False,0.5
Lanius souzae,Passeriformes,LC,False,0.5
Lanius collaris,Passeriformes,LC,False,0.5
Lanius minor,Passeriformes,LC,True,2.0
Lanius senator,Passeriformes,NT,True,4.0
Lanius collurioides,Passeriformes,LC,True,2.0
Lanius tigrinus,Passeriformes,LC,True,2.0
Lanius vittatus,Passeriformes,LC,True,2.0
Lanius isabellinus,Passeriformes,LC,True,2.0
Lanius collurio,Passeriformes,LC,True,2.0
Lanius phoenicuroides,Passeriformes,LC,True,2.0
Lanius validirostris,Passeriformes,LC,False,0.5
Lanius cristatus,Passeriformes,LC,True,2.0
Lanius bucephalus,Passeriformes,LC,True,2.0
Lanius schach,Passeriformes,LC,True,2.0
Lanius tephronotus,Passeriformes,LC,True,2.0
Platysmurus leucopterus,Passeriformes,LC,False,0.5
Platysmurus aterrimus,Passeriformes,LC,False,0.5
Perisoreus infaustus,Passeriformes,LC,False,0.5
Perisoreus internigrans,Passeriformes,NT,False,1.0
Perisoreus canadensis,Passeriformes,LC,False,0.5
Cyanolyca armillata,Passeriformes,LC,False,0.5
Cyanolyca quindiuna,Passeriformes,LC,False,0.5
Cyanolyca viridicyanus,Passeriformes,LC,False,0.5
Cyanolyca turcosa,Passeriformes,LC,False,0.5
Cyanolyca pulchra,Passeriformes,NT,False,1.0
Cyanolyca cucullata,Passeriformes,LC,False,0.5
Cyanolyca pumilo,Passeriformes,LC,False,0.5
Cyanolyca nanus,Passeriformes,NT,False,1.0
Cyanolyca mirabilis,Passeriformes,VU,False,1.5
Cyanolyca argentigula,Passeriformes,LC,False,0.5
Cyanocorax colliei,Passeriformes,LC,False,0.5
Cyanocorax formosus,Passeriformes,LC,False,0.5
Cyanocorax morio,Passeriformes,LC,False,0.5
Cyanocorax coeruleus,Passeriformes,NT,False,1.0
Cyanocorax violaceus,Passeriformes,LC,False,0.5
Cyanocorax cyanomelas,Passeriformes,LC,False,0.5
Cyanocorax cristatellus,Passeriformes,LC,False,0.5
Cyanocorax luxuosus,Passeriformes,,False,0.25
Cyanocorax yncas,Passeriformes,LC,False,0.5
Cyanocorax mystacalis,Passeriformes,LC,False,0.5
Cyanocorax melanocyaneus,Passeriformes,LC,False,0.5
Cyanocorax yucatanicus,Passeriformes,LC,False,0.5
Cyanocorax beecheii,Passeriformes,LC,False,0.5
Cyanocorax sanblasianus,Passeriformes,LC,False,0.5
Cyanocorax dickeyi,Passeriformes,NT,False,1.0
Cyanocorax affinis,Passeriformes,LC,False,0.5
Cyanocorax heilprini,Passeriformes,LC,False,0.5
Cyanocorax hafferi,Passeriformes,NT,False,1.0
Cyanocorax cayanus,Passeriformes,LC,False,0.5
Cyanocorax chrysops,Passeriformes,LC,False,0.5
Cyanocorax cyanopogon,Passeriformes,LC,False,0.5
Cyanocitta cristata,Passeriformes,LC,True,2.0
Cyanocitta stelleri,Passeriformes,LC,False,0.5
Aphelocoma wollweberi,Passeriformes,LC,False,0.5
Aphelocoma ultramarina,Passeriformes,LC,False,0.5
Aphelocoma unicolor,Passeriformes,LC,False,0.5
Aphelocoma californica,Passeriformes,LC,False,0.5
Aphelocoma woodhouseii,Passeriformes,,False,0.25
Aphelocoma insularis,Passeriformes,,False,0.25
Aphelocoma coerulescens,Passeriformes,VU,False,1.5
Gymnorhinus cyanocephalus,Passeriformes,VU,False,1.5
Garrulus glandarius,Passeriformes,LC,False,0.5
Garrulus bispecularis,Passeriformes,LC,False,0.5
Garrulus leucotis,Passeriformes,LC,False,0.5
Garrulus lanceolatus,Passeriformes,LC,False,0.5
Garrulus lidthi,Passeriformes,VU,False,1.5
Cyanopica cyanus,Passeriformes,LC,False,0.5
Cyanopica cooki,Passeriformes,LC,False,0.5
Urocissa ornata,Passeriformes,VU,False,1.5
Urocissa caerulea,Passeriformes,LC,False,0.5
Urocissa flavirostris,Passeriformes,LC,False,0.5
Urocissa erythroryncha,Passeriformes,LC,False,0.5
Urocissa whiteheadi,Passeriformes,EN,False,2.0
Urocissa xanthomelana,Passeriformes,NT,False,1.0
Cissa chinensis,Passeriformes,LC,False,0.5
Cissa hypoleuca,Passeriformes,LC,False,0.5
Cissa thalassina,Passeriformes,CR,False,2.5
Cissa jefferyi,Passeriformes,LC,False,0.5
Dendrocitta vagabunda,Passeriformes,LC,False,0.5
Dendrocitta occipitalis,Passeriformes,LC,False,0.5
Dendrocitta cinerascens,Passeriformes,LC,False,0.5
Dendrocitta formosae,Passeriformes,LC,False,0.5
Dendrocitta leucogastra,Passeriformes,LC,False,0.5
Dendrocitta frontalis,Passeriformes,LC,False,0.5
Dendrocitta bayleii,Passeriformes,VU,False,1.5
Crypsirina temia,Passeriformes,LC,False,0.5
Crypsirina cucullata,Passeriformes,NT,False,1.0
Temnurus temnurus,Passeriformes,LC,False,0.5
Pica pica,Passeriformes,LC,False,0.5
Pica mauritanica,Passeriformes,LC,False,0.5
Pica asirensis,Passeriformes,EN,False,2.0
Pica bottanensis,Passeriformes,,False,0.25
Pica serica,Passeriformes,,False,0.25
Pica hudsonia,Passeriformes,LC,False,0.5
Pica nutalli,Passeriformes,VU,False,1.5
Zavattariornis stresemanni,Passeriformes,EN,False,2.0
Podoces hendersoni,Passeriformes,LC,False,0.5
Podoces biddulphi,Passeriformes,NT,False,1.0
Podoces panderi,Passeriformes,LC,False,0.5
Podoces pleskei,Passeriformes,LC,False,0.5
Nucifraga columbiana,Passeriformes,LC,False,0.5
Nucifraga caryocatactes,Passeriformes,LC,False,0.5
Nucifraga hemispila,Passeriformes,LC,False,0.5
Nucifraga multipunctata,Passeriformes,LC,False,0.5
Pyrrhocorax pyrrhocorax,Passeriformes,LC,False,0.5
Pyrrhocorax graculus,Passeriformes,LC,False,0.5
Ptilostomus afer,Passeriformes,LC,False,0.5
Corvus monedula,Passeriformes,LC,True,2.0
Corvus dauuricus,Passeriformes,LC,True,2.0
Corvus splendens,Passeriformes,LC,False,0.5
Corvus moneduloides,Passeriformes,LC,False,0.5
Corvus typicus,Passeriformes,LC,False,0.5
Corvus unicolor,Passeriformes,CR,False,2.5
Corvus enca,Passeriformes,LC,False,0.5
Corvus celebensis,Passeriformes,,False,0.25
Corvus samarensis,Passeriformes,,False,0.25
Corvus sierramadrensis,Passeriformes,,False,0.25
Corvus pusillus,Passeriformes,,False,0.25
Corvus violaceus,Passeriformes,LC,False,0.5
Corvus florensis,Passeriformes,NT,False,1.0
Corvus kubaryi,Passeriformes,CR,False,2.5
Corvus validus,Passeriformes,LC,False,0.5
Corvus woodfordi,Passeriformes,LC,False,0.5
Corvus meeki,Passeriformes,LC,False,0.5
Corvus fuscicapillus,Passeriformes,LC,False,0.5
Corvus tristis,Passeriformes,LC,False,0.5
Corvus capensis,Passeriformes,LC,False,0.5
Corvus frugilegus,Passeriformes,LC,True,2.0
Corvus brachyrhynchos,Passeriformes,LC,True,2.0
Corvus caurinus,Passeriformes,LC,False,0.5
Corvus imparatus,Passeriformes,LC,False,0.5
Corvus sinaloae,Passeriformes,LC,False,0.5
Corvus ossifragus,Passeriformes,LC,False,0.5
Corvus palmarum,Passeriformes,LC,False,0.5
Corvus minutus,Passeriformes,,False,0.25
Corvus jamaicensis,Passeriformes,NT,False,1.0
Corvus nasicus,Passeriformes,LC,False,0.5
Corvus leucognaphalus,Passeriformes,VU,False,1.5
Corvus hawaiiensis,Passeriformes,EW,False,0.25
Corvus corone,Passeriformes,LC,False,0.5
Corvus cornix,Passeriformes,,False,0.25
Corvus pectoralis,Passeriformes,VU,False,1.5
Corvus macrorhynchos,Passeriformes,LC,False,0.5
Corvus levaillantii,Passeriformes,,False,0.25
Corvus culminatus,Passeriformes,,False,0.25
Corvus philippinus,Passeriformes,,False,0.25
Corvus orru,Passeriformes,LC,False,0.5
Corvus insularis,Passeriformes,LC,False,0.5
Corvus bennetti,Passeriformes,LC,False,0.5
Corvus tasmanicus,Passeriformes,LC,False,0.5
Corvus mellori,Passeriformes,LC,False,0.5
Corvus coronoides,Passeriformes,LC,False,0.5
Corvus albus,Passeriformes,LC,False,0.5
Corvus ruficollis,Passeriformes,LC,False,0.5
Corvus edithae,Passeriformes,LC,False,0.5
Corvus corax,Passeriformes,LC,False,0.5
Corvus cryptoleucus,Passeriformes,LC,False,0.5
Corvus rhipidurus,Passeriformes,LC,False,0.5
Corvus albicollis,Passeriformes,LC,False,0.5
Corvus crassirostris,Passeriformes,LC,False,0.5
Corcorax melanorhamphos,Passeriformes,LC,False,0.5
Struthidea cinerea,Passeriformes,LC,False,0.5
Melampitta lugubris,Passeriformes,LC,False,0.5
Megalampitta gigantea,Passeriformes,LC,False,0.5
Ifrita kowaldi,Passeriformes,LC,False,0.5
Lycocorax pyrrhopterus,Passeriformes,LC,False,0.5
Lycocorax obiensis,Passeriformes,LC,False,0.5
Manucodia ater,Passeriformes,LC,False,0.5
Manucodia alter,Passeriformes,,False,0.25
Manucodia jobiensis,Passeriformes,LC,False,0.5
Manucodia chalybatus,Passeriformes,LC,False,0.5
Manucodia comrii,Passeriformes,LC,False,0.5
Phonygammus keraudrenii,Passeriformes,LC,False,0.5
Paradigalla carunculata,Passeriformes,NT,False,1.0
Paradigalla brevicauda,Passeriformes,LC,False,0.5
Astrapia nigra,Passeriformes,LC,False,0.5
Astrapia splendidissima,Passeriformes,LC,False,0.5
Astrapia mayeri,Passeriformes,LC,False,0.5
Astrapia stephaniae,Passeriformes,LC,False,0.5
Astrapia rothschildi,Passeriformes,LC,False,0.5
Parotia sefilata,Passeriformes,LC,False,0.5
Parotia carolae,Passeriformes,LC,False,0.5
Parotia berlepschi,Passeriformes,LC,False,0.5
Parotia lawesii,Passeriformes,LC,False,0.5
Parotia helenae,Passeriformes,,False,0.25
Parotia wahnesi,Passeriformes,NT,False,1.0
Pteridophora alberti,Passeriformes,LC,False,0.5
Lophorina superba,Passeriformes,LC,False,0.5
Lophorina latipennis,Passeriformes,LC,False,0.5
Lophorina minor,Passeriformes,LC,False,0.5
Lophorina paradisea,Passeriformes,LC,False,0.5
Lophorina victoriae,Passeriformes,VU,False,1.5
Lophorina magnifica,Passeriformes,LC,False,0.5
Lophorina intercedens,Passeriformes,LC,False,0.5
Epimachus fastosus,Passeriformes,LC,False,0.5
Epimachus meyeri,Passeriformes,LC,False,0.5
Drepanornis albertisi,Passeriformes,LC,False,0.5
Drepanornis bruijnii,Passeriformes,LC,False,0.5
Cicinnurus magnificus,Passeriformes,LC,False,0.5
Cicinnurus respublica,Passeriformes,NT,False,1.0
Cicinnurus regius,Passeriformes,LC,False,0.5
Semioptera wallacii,Passeriformes,LC,False,0.5
Seleucidis melanoleucus,Passeriformes,LC,False,0.5
Paradisaea apoda,Passeriformes,LC,False,0.5
Paradisaea raggiana,Passeriformes,LC,False,0.5
Paradisaea minor,Passeriformes,LC,False,0.5
Paradisaea decora,Passeriformes,VU,False,1.5
Paradisaea rubra,Passeriformes,NT,False,1.0
Paradisaea guilielmi,Passeriformes,NT,False,1.0
Paradisornis rudolphi,Passeriformes,NT,False,1.0
Amalocichla incerta,Passeriformes,LC,False,0.5
Amalocichla sclateriana,Passeriformes,LC,False,0.5
Pachycephalopsis hattamensis,Passeriformes,LC,False,0.5
Pachycephalopsis poliosoma,Passeriformes,LC,False,0.5
Eugerygone rubra,Passeriformes,LC,False,0.5
Petroica macrocephala,Passeriformes,LC,False,0.5
Petroica dannefaerdi,Passeriformes,VU,False,1.5
Petroica traversi,Passeriformes,VU,False,1.5
Petroica longipes,Passeriformes,LC,False,0.5
Petroica australis,Passeriformes,LC,False,0.5
Petroica bivittata,Passeriformes,LC,False,0.5
Petroica archboldi,Passeriformes,NT,False,1.0
Petroica multicolor,Passeriformes,EN,False,2.0
Petroica goodenovii,Passeriformes,LC,True,2.0
Petroica polymorpha,Passeriformes,,False,0.25
Petroica pusilla,Passeriformes,LC,False,0.5
Petroica rosea,Passeriformes,LC,True,2.0
Petroica rodinogaster,Passeriformes,LC,True,2.0
Petroica phoenicea,Passeriformes,LC,True,2.0
Petroica boodang,Passeriformes,LC,False,0.5
Devioeca papuana,Passeriformes,LC,False,0.5
Kempiella flavovirescens,Passeriformes,LC,False,0.5
Kempiella griseoceps,Passeriformes,LC,False,0.5
Cryptomicroeca flaviventris,Passeriformes,LC,False,0.5
Monachella muelleriana,Passeriformes,LC,False,0.5
Monachella coultasi,Passeriformes,NT,False,1.0
Microeca hemixantha,Passeriformes,NT,False,1.0
Microeca flavigaster,Passeriformes,LC,False,0.5
Microeca tormenti,Passeriformes,LC,False,0.5
Microeca fascinans,Passeriformes,LC,False,0.5
Drymodes beccarii,Passeriformes,LC,False,0.5
Drymodes superciliaris,Passeriformes,LC,False,0.5
Drymodes brunneopygia,Passeriformes,LC,False,0.5
Heteromyias albispecularis,Passeriformes,LC,False,0.5
Heteromyias armiti,Passeriformes,LC,False,0.5
Heteromyias cinereifrons,Passeriformes,NT,False,1.0
Plesiodryas albonotata,Passeriformes,LC,False,0.5
Poecilodryas brachyura,Passeriformes,LC,False,0.5
Poecilodryas hypoleuca,Passeriformes,LC,False,0.5
Poecilodryas superciliosa,Passeriformes,LC,False,0.5
Poecilodryas cerviniventris,Passeriformes,LC,False,0.5
Melanodryas cucullata,Passeriformes,LC,False,0.5
Melanodryas vittata,Passeriformes,VU,False,1.5
Peneothello sigillata,Passeriformes,LC,False,0.5
Peneothello cryptoleuca,Passeriformes,LC,False,0.5
Peneothello cyanus,Passeriformes,LC,False,0.5
Peneothello bimaculata,Passeriformes,LC,False,0.5
Peneoenanthe pulverulenta,Passeriformes,LC,False,0.5
Gennaeodryas placens,Passeriformes,LC,False,0.5
Eopsaltria australis,Passeriformes,LC,False,0.5
Eopsaltria griseogularis,Passeriformes,LC,False,0.5
Quoyornis georgianus,Passeriformes,LC,False,0.5
Tregellasia capito,Passeriformes,LC,False,0.5
Tregellasia leucops,Passeriformes,LC,False,0.5
Picathartes gymnocephalus,Passeriformes,VU,False,1.5
Picathartes oreas,Passeriformes,NT,False,1.0
Chaetops frenatus,Passeriformes,NT,False,1.0
Chaetops aurantius,Passeriformes,NT,False,1.0
Eupetes macrocerus,Passeriformes,NT,False,1.0
Bombycilla garrulus,Passeriformes,LC,False,0.5
Bombycilla japonica,Passeriformes,NT,True,4.0
Bombycilla cedrorum,Passeriformes,LC,True,2.0
Phainoptila melanoxantha,Passeriformes,LC,False,0.5
Ptiliogonys cinereus,Passeriformes,LC,False,0.5
Ptiliogonys caudatus,Passeriformes,LC,False,0.5
Phainopepla nitens,Passeriformes,LC,True,2.0
Hypocolius ampelinus,Passeriformes,LC,True,2.0
Dulus dominicus,Passeriformes,LC,False,0.5
Chaetoptila angustipluma,Passeriformes,EX,False,0.25
Moho braccatus,Passeriformes,EX,False,0.25
Moho apicalis,Passeriformes,EX,False,0.25
Moho bishopi,Passeriformes,EX,False,0.25
Moho nobilis,Passeriformes,EX,False,0.25
Hylocitrea bonensis,Passeriformes,LC,False,0.5
Hylocitrea bonthaina,Passeriformes,EN,False,2.0
Chelidorhynx hypoxanthus,Passeriformes,LC,False,0.5
Stenostira scita,Passeriformes,LC,True,2.0
Culicicapa ceylonensis,Passeriformes,LC,False,0.5
Culicicapa helianthea,Passeriformes,LC,False,0.5
Elminia longicauda,Passeriformes,LC,False,0.5
Elminia albicauda,Passeriformes,LC,False,0.5
Elminia nigromitrata,Passeriformes,LC,False,0.5
Elminia albiventris,Passeriformes,LC,False,0.5
Elminia albonotata,Passeriformes,LC,False,0.5
Cephalopyrus flammiceps,Passeriformes,LC,True,2.0
Sylviparus modestus,Passeriformes,LC,False,0.5
Melanochlora sultanea,Passeriformes,LC,False,0.5
Periparus rufonuchalis,Passeriformes,LC,False,0.5
Periparus rubidiventris,Passeriformes,LC,False,0.5
Periparus ater,Passeriformes,LC,False,0.5
Pardaliparus venustulus,Passeriformes,LC,False,0.5
Pardaliparus elegans,Passeriformes,LC,False,0.5
Pardaliparus amabilis,Passeriformes,NT,False,1.0
Lophophanes cristatus,Passeriformes,LC,False,0.5
Lophophanes dichrous,Passeriformes,LC,False,0.5
Baeolophus wollweberi,Passeriformes,LC,False,0.5
Baeolophus inornatus,Passeriformes,LC,False,0.5
Baeolophus ridgwayi,Passeriformes,LC,False,0.5
Baeolophus bicolor,Passeriformes,LC,False,0.5
Baeolophus atricristatus,Passeriformes,LC,False,0.5
Sittiparus varius,Passeriformes,LC,False,0.5
Sittiparus owstoni,Passeriformes,EN,False,2.0
Sittiparus olivaceus,Passeriformes,LC,False,0.5
Sittiparus castaneoventris,Passeriformes,LC,False,0.5
Sittiparus semilarvatus,Passeriformes,NT,False,1.0
Poecile superciliosus,Passeriformes,LC,False,0.5
Poecile lugubris,Passeriformes,LC,False,0.5
Poecile cinctus,Passeriformes,LC,False,0.5
Poecile rufescens,Passeriformes,LC,False,0.5
Poecile hudsonicus,Passeriformes,LC,False,0.5
Poecile sclateri,Passeriformes,LC,False,0.5
Poecile carolinensis,Passeriformes,LC,False,0.5
Poecile atricapillus,Passeriformes,LC,False,0.5
Poecile gambeli,Passeriformes,LC,False,0.5
Poecile davidi,Passeriformes,LC,False,0.5
Poecile hypermelaenus,Passeriformes,LC,False,0.5
Poecile palustris,Passeriformes,LC,False,0.5
Poecile weigoldicus,Passeriformes,LC,False,0.5
Poecile hyrcanus,Passeriformes,LC,False,0.5
Poecile montanus,Passeriformes,LC,False,0.5
Cyanistes teneriffae,Passeriformes,LC,False,0.5
Cyanistes caeruleus,Passeriformes,LC,False,0.5
Cyanistes cyanus,Passeriformes,LC,False,0.5
Pseudopodoces humilis,Passeriformes,LC,False,0.5
Parus major,Passeriformes,LC,False,0.5
Parus cinereus,Passeriformes,,False,0.25
Parus monticolus,Passeriformes,LC,False,0.5
Machlolophus nuchalis,Passeriformes,VU,False,1.5
Machlolophus holsti,Passeriformes,LC,False,0.5
Machlolophus xanthogenys,Passeriformes,LC,False,0.5
Machlolophus aplonotus,Passeriformes,,False,0.25
Machlolophus spilonotus,Passeriformes,LC,False,0.5
Melaniparus guineensis,Passeriformes,LC,False,0.5
Melaniparus leucomelas,Passeriformes,LC,False,0.5
Melaniparus niger,Passeriformes,LC,False,0.5
Melaniparus carpi,Passeriformes,LC,False,0.5
Melaniparus albiventris,Passeriformes,LC,False,0.5
Melaniparus leuconotus,Passeriformes,LC,False,0.5
Melaniparus funereus,Passeriformes,LC,False,0.5
Melaniparus rufiventris,Passeriformes,LC,False,0.5
Melaniparus pallidiventris,Passeriformes,LC,False,0.5
Melaniparus fringillinus,Passeriformes,LC,False,0.5
Melaniparus fasciiventer,Passeriformes,LC,False,0.5
Melaniparus thruppi,Passeriformes,LC,False,0.5
Melaniparus griseiventris,Passeriformes,LC,False,0.5
Melaniparus cinerascens,Passeriformes,LC,False,0.5
Melaniparus afer,Passeriformes,LC,False,0.5
Remiz pendulinus,Passeriformes,LC,True,2.0
Remiz macronyx,Passeriformes,,False,0.25
Remiz coronatus,Passeriformes,LC,True,2.0
Remiz consobrinus,Passeriformes,LC,True,2.0
Anthoscopus punctifrons,Passeriformes,LC,False,0.5
Anthoscopus parvulus,Passeriformes,LC,False,0.5
Anthoscopus musculus,Passeriformes,LC,False,0.5
Anthoscopus flavifrons,Passeriformes,LC,False,0.5
Anthoscopus caroli,Passeriformes,LC,False,0.5
Anthoscopus sylviella,Passeriformes,LC,False,0.5
Anthoscopus minutus,Passeriformes,LC,False,0.5
Auriparus flaviceps,Passeriformes,LC,False,0.5
Nicator chloris,Passeriformes,LC,False,0.5
Nicator gularis,Passeriformes,LC,False,0.5
Nicator vireo,Passeriformes,LC,False,0.5
Panurus biarmicus,Passeriformes,LC,False,0.5
Alaemon alaudipes,Passeriformes,LC,False,0.5
Alaemon hamertoni,Passeriformes,LC,False,0.5
Chersomanes beesleyi,Passeriformes,,False,0.25
Chersomanes albofasciata,Passeriformes,LC,False,0.5
Ammomanopsis grayi,Passeriformes,LC,False,0.5
Certhilauda chuana,Passeriformes,LC,False,0.5
Certhilauda benguelensis,Passeriformes,,False,0.25
Certhilauda subcoronata,Passeriformes,LC,False,0.5
Certhilauda semitorquata,Passeriformes,LC,False,0.5
Certhilauda curvirostris,Passeriformes,LC,False,0.5
Certhilauda brevirostris,Passeriformes,,False,0.25
Pinarocorys nigricans,Passeriformes,LC,True,2.0
Pinarocorys erythropygia,Passeriformes,LC,True,2.0
Ramphocoris clotbey,Passeriformes,LC,False,0.5
Ammomanes deserti,Passeriformes,LC,False,0.5
Ammomanes cinctura,Passeriformes,LC,False,0.5
Ammomanes phoenicura,Passeriformes,LC,False,0.5
Eremopterix australis,Passeriformes,LC,False,0.5
Eremopterix hova,Passeriformes,LC,False,0.5
Eremopterix nigriceps,Passeriformes,LC,False,0.5
Eremopterix leucotis,Passeriformes,LC,False,0.5
Eremopterix griseus,Passeriformes,LC,False,0.5
Eremopterix signatus,Passeriformes,LC,False,0.5
Eremopterix verticalis,Passeriformes,LC,False,0.5
Eremopterix leucopareia,Passeriformes,LC,False,0.5
Calendulauda rufa,Passeriformes,LC,False,0.5
Calendulauda sabota,Passeriformes,LC,False,0.5
Calendulauda poecilosterna,Passeriformes,LC,False,0.5
Calendulauda gilletti,Passeriformes,LC,False,0.5
Calendulauda africanoides,Passeriformes,LC,False,0.5
Calendulauda albescens,Passeriformes,LC,False,0.5
Calendulauda burra,Passeriformes,VU,False,1.5
Calendulauda erythrochlamys,Passeriformes,LC,False,0.5
Heteromirafra archeri,Passeriformes,CR,False,2.5
Heteromirafra ruddi,Passeriformes,EN,False,2.0
Mirafra passerina,Passeriformes,LC,False,0.5
Mirafra pulpa,Passeriformes,DD,False,0.25
Mirafra cordofanica,Passeriformes,LC,False,0.5
Mirafra williamsi,Passeriformes,LC,False,0.5
Mirafra javanica,Passeriformes,LC,False,0.5
Mirafra cheniana,Passeriformes,LC,False,0.5
Mirafra albicauda,Passeriformes,LC,False,0.5
Mirafra microptera,Passeriformes,LC,False,0.5
Mirafra erythrocephala,Passeriformes,LC,False,0.5
Mirafra affinis,Passeriformes,LC,False,0.5
Mirafra erythroptera,Passeriformes,LC,False,0.5
Mirafra assamica,Passeriformes,LC,False,0.5
Mirafra collaris,Passeriformes,LC,False,0.5
Mirafra angolensis,Passeriformes,LC,False,0.5
Mirafra rufocinnamomea,Passeriformes,LC,False,0.5
Mirafra apiata,Passeriformes,LC,False,0.5
Mirafra fasciolata,Passeriformes,LC,False,0.5
Corypha kidepoensis,Passeriformes,,False,0.25
Mirafra hypermetra,Passeriformes,LC,False,0.5
Corypha kurrae,Passeriformes,,False,0.25
Mirafra africana,Passeriformes,LC,False,0.5
Corypha athi,Passeriformes,,False,0.25
Corypha kabalii,Passeriformes,,False,0.25
Corypha nigrescens,Passeriformes,,False,0.25
Mirafra sharpii,Passeriformes,EN,False,2.0
Mirafra somalica,Passeriformes,LC,False,0.5
Lullula arborea,Passeriformes,LC,False,0.5
Spizocorys obbiensis,Passeriformes,LC,False,0.5
Spizocorys sclateri,Passeriformes,NT,False,1.0
Spizocorys starki,Passeriformes,LC,False,0.5
Spizocorys fremantlii,Passeriformes,LC,False,0.5
Spizocorys personata,Passeriformes,LC,False,0.5
Spizocorys fringillaris,Passeriformes,EN,False,2.0
Spizocorys conirostris,Passeriformes,LC,False,0.5
Alauda leucoptera,Passeriformes,LC,True,2.0
Alauda razae,Passeriformes,CR,False,2.5
Alauda gulgula,Passeriformes,LC,True,2.0
Alauda arvensis,Passeriformes,LC,True,2.0
Galerida deva,Passeriformes,LC,False,0.5
Galerida modesta,Passeriformes,LC,False,0.5
Galerida magnirostris,Passeriformes,LC,False,0.5
Galerida theklae,Passeriformes,LC,False,0.5
Galerida cristata,Passeriformes,LC,True,2.0
Galerida malabarica,Passeriformes,LC,False,0.5
Galerida macrorhyncha,Passeriformes,,False,0.25
Eremophila alpestris,Passeriformes,LC,False,0.5
Eremophila bilopha,Passeriformes,LC,False,0.5
Calandrella acutirostris,Passeriformes,LC,True,2.0
Calandrella dukhunensis,Passeriformes,LC,True,2.0
Calandrella blanfordi,Passeriformes,LC,False,0.5
Calandrella eremica,Passeriformes,LC,False,0.5
Calandrella cinerea,Passeriformes,LC,False,0.5
Calandrella brachydactyla,Passeriformes,LC,True,2.0
Melanocorypha bimaculata,Passeriformes,LC,True,2.0
Melanocorypha calandra,Passeriformes,LC,False,0.5
Melanocorypha yeltoniensis,Passeriformes,LC,True,2.0
Melanocorypha mongolica,Passeriformes,LC,True,2.0
Melanocorypha maxima,Passeriformes,LC,False,0.5
Chersophilus duponti,Passeriformes,VU,False,1.5
Eremalauda dunni,Passeriformes,LC,False,0.5
Eremalauda eremodites,Passeriformes,LC,False,0.5
Alaudala cheleensis,Passeriformes,LC,False,0.5
Alaudala somalica,Passeriformes,LC,False,0.5
Alaudala rufescens,Passeriformes,LC,False,0.5
Alaudala heinei,Passeriformes,LC,True,2.0
Alaudala raytal,Passeriformes,LC,False,0.5
Andropadus importunus,Passeriformes,LC,False,0.5
Stelgidillas gracilirostris,Passeriformes,LC,False,0.5
Calyptocichla serinus,Passeriformes,LC,False,0.5
Neolestes torquatus,Passeriformes,LC,False,0.5
Bleda syndactylus,Passeriformes,LC,False,0.5
Bleda eximius,Passeriformes,NT,False,1.0
Bleda canicapillus,Passeriformes,LC,False,0.5
Bleda notatus,Passeriformes,LC,False,0.5
Bleda ugandae,Passeriformes,LC,False,0.5
Atimastillas flavicollis,Passeriformes,LC,False,0.5
Atimastillas flavigula,Passeriformes,LC,False,0.5
Ixonotus guttatus,Passeriformes,LC,False,0.5
Thescelocichla leucopleura,Passeriformes,LC,False,0.5
Chlorocichla laetissima,Passeriformes,LC,False,0.5
Chlorocichla prigoginei,Passeriformes,EN,False,2.0
Chlorocichla falkensteini,Passeriformes,LC,False,0.5
Chlorocichla flaviventris,Passeriformes,LC,False,0.5
Chlorocichla simplex,Passeriformes,LC,False,0.5
Baeopogon indicator,Passeriformes,LC,False,0.5
Baeopogon clamans,Passeriformes,LC,False,0.5
Arizelocichla montana,Passeriformes,LC,False,0.5
Arizelocichla tephrolaema,Passeriformes,LC,False,0.5
Arizelocichla kakamegae,Passeriformes,,False,0.25
Arizelocichla masukuensis,Passeriformes,LC,False,0.5
Arizelocichla neumanni,Passeriformes,LC,False,0.5
Arizelocichla fusciceps,Passeriformes,LC,False,0.5
Arizelocichla chlorigula,Passeriformes,LC,False,0.5
Arizelocichla kikuyuensis,Passeriformes,,False,0.25
Arizelocichla nigriceps,Passeriformes,LC,False,0.5
Arizelocichla striifacies,Passeriformes,LC,False,0.5
Arizelocichla milanjensis,Passeriformes,NT,False,1.0
Criniger barbatus,Passeriformes,LC,False,0.5
Criniger chloronotus,Passeriformes,LC,False,0.5
Criniger calurus,Passeriformes,LC,False,0.5
Criniger ndussumensis,Passeriformes,LC,False,0.5
Criniger olivaceus,Passeriformes,VU,False,1.5
Eurillas virens,Passeriformes,LC,False,0.5
Eurillas latirostris,Passeriformes,LC,False,0.5
Eurillas curvirostris,Passeriformes,LC,False,0.5
Eurillas gracilis,Passeriformes,LC,False,0.5
Eurillas ansorgei,Passeriformes,LC,False,0.5
Phyllastrephus debilis,Passeriformes,LC,False,0.5
Phyllastrephus albigula,Passeriformes,NT,False,1.0
Phyllastrephus albigularis,Passeriformes,LC,False,0.5
Phyllastrephus viridiceps,Passeriformes,NT,False,1.0
Phyllastrephus xavieri,Passeriformes,LC,False,0.5
Phyllastrephus icterinus,Passeriformes,LC,False,0.5
Phyllastrephus terrestris,Passeriformes,LC,False,0.5
Phyllastrephus poensis,Passeriformes,LC,False,0.5
Phyllastrephus strepitans,Passeriformes,LC,False,0.5
Phyllastrephus cerviniventris,Passeriformes,LC,False,0.5
Phyllastrephus fischeri,Passeriformes,LC,False,0.5
Phyllastrephus cabanisi,Passeriformes,LC,False,0.5
Pyrrhurus scandens,Passeriformes,LC,False,0.5
Phyllastrephus lorenzi,Passeriformes,LC,False,0.5
Phyllastrephus flavostriatus,Passeriformes,LC,False,0.5
Phyllastrephus alfredi,Passeriformes,,False,0.25
Phyllastrephus poliocephalus,Passeriformes,LC,False,0.5
Phyllastrephus hypochloris,Passeriformes,LC,False,0.5
Phyllastrephus baumanni,Passeriformes,LC,False,0.5
Phyllastrephus fulviventris,Passeriformes,LC,False,0.5
Tricholestes criniger,Passeriformes,LC,False,0.5
Setornis criniger,Passeriformes,VU,False,1.5
Alophoixus phaeocephalus,Passeriformes,LC,False,0.5
Alophoixus frater,Passeriformes,LC,False,0.5
Alophoixus tephrogenys,Passeriformes,VU,False,1.5
Alophoixus ruficrissus,Passeriformes,LC,False,0.5
Alophoixus bres,Passeriformes,EN,False,2.0
Alophoixus flaveolus,Passeriformes,LC,False,0.5
Alophoixus ochraceus,Passeriformes,LC,False,0.5
Alophoixus pallidus,Passeriformes,LC,False,0.5
Alophoixus griseiceps,Passeriformes,LC,False,0.5
Alcurus striatus,Passeriformes,LC,False,0.5
Iole finschii,Passeriformes,NT,False,1.0
Iole palawanensis,Passeriformes,LC,False,0.5
Iole viridescens,Passeriformes,LC,False,0.5
Iole crypta,Passeriformes,,False,0.25
Iole charlottae,Passeriformes,NT,False,1.0
Iole cacharensis,Passeriformes,,False,0.25
Iole propinqua,Passeriformes,LC,False,0.5
Hemixos flavala,Passeriformes,LC,False,0.5
Hemixos cinereus,Passeriformes,LC,False,0.5
Hemixos connectens,Passeriformes,LC,False,0.5
Hemixos castanonotus,Passeriformes,LC,False,0.5
Acritillas indica,Passeriformes,LC,False,0.5
Hemixos leucogrammicus,Passeriformes,LC,False,0.5
Ixos sumatranus,Passeriformes,LC,False,0.5
Ixos virescens,Passeriformes,LC,False,0.5
Ixos malaccensis,Passeriformes,NT,False,1.0
Ixos mcclellandii,Passeriformes,LC,False,0.5
Ixos nicobariensis,Passeriformes,NT,False,1.0
Hypsipetes philippinus,Passeriformes,LC,False,0.5
Hypsipetes mindorensis,Passeriformes,,False,0.25
Hypsipetes siquijorensis,Passeriformes,EN,False,2.0
Hypsipetes affinis,Passeriformes,LC,False,0.5
Hypsipetes platenae,Passeriformes,CR,False,2.5
Hypsipetes aureus,Passeriformes,LC,False,0.5
Hypsipetes harterti,Passeriformes,LC,False,0.5
Hypsipetes longirostris,Passeriformes,LC,False,0.5
Hypsipetes chloris,Passeriformes,LC,False,0.5
Hypsipetes lucasi,Passeriformes,LC,False,0.5
Hypsipetes mysticalis,Passeriformes,LC,False,0.5
Hypsipetes guimarasensis,Passeriformes,,False,0.25
Hypsipetes everetti,Passeriformes,LC,False,0.5
Hypsipetes haynaldi,Passeriformes,NT,False,1.0
Hypsipetes catarmanensis,Passeriformes,NT,False,1.0
Hypsipetes rufigularis,Passeriformes,NT,False,1.0
Hypsipetes amaurotis,Passeriformes,LC,False,0.5
Hypsipetes borbonicus,Passeriformes,NT,False,1.0
Hypsipetes madagascariensis,Passeriformes,LC,False,0.5
Hypsipetes olivaceus,Passeriformes,VU,False,1.5
Hypsipetes thompsoni,Passeriformes,LC,False,0.5
Hypsipetes leucocephalus,Passeriformes,LC,True,2.0
Hypsipetes ganeesa,Passeriformes,LC,False,0.5
Hypsipetes parvirostris,Passeriformes,NT,False,1.0
Hypsipetes moheliensis,Passeriformes,EN,False,2.0
Hypsipetes crassirostris,Passeriformes,LC,False,0.5
Euptilotus eutilotus,Passeriformes,NT,False,1.0
Microtarsus melanoleucos,Passeriformes,NT,False,1.0
Poliolophus urostictus,Passeriformes,LC,False,0.5
Brachypodius priocephalus,Passeriformes,NT,False,1.0
Brachypodius atriceps,Passeriformes,LC,False,0.5
Brachypodius fuscoflavescens,Passeriformes,LC,False,0.5
Pycnonotus nieuwenhuisii,Passeriformes,DD,False,0.25
Ixidia erythropthalmos,Passeriformes,LC,False,0.5
Ixidia cyaniventris,Passeriformes,NT,False,1.0
Ixidia squamata,Passeriformes,NT,False,1.0
Rubigula flaviventris,Passeriformes,LC,False,0.5
Rubigula gularis,Passeriformes,LC,False,0.5
Rubigula melanictera,Passeriformes,LC,False,0.5
Rubigula dispar,Passeriformes,VU,False,1.5
Rubigula montis,Passeriformes,LC,False,0.5
Nok hualon,Passeriformes,LC,False,0.5
Spizixos canifrons,Passeriformes,LC,False,0.5
Spizixos semitorques,Passeriformes,LC,False,0.5
Pycnonotus simplex,Passeriformes,LC,False,0.5
Pycnonotus plumosus,Passeriformes,LC,False,0.5
Pycnonotus brunneus,Passeriformes,LC,False,0.5
Pycnonotus zeylanicus,Passeriformes,CR,False,2.5
Pycnonotus tympanistrigus,Passeriformes,LC,False,0.5
Pycnonotus pseudosimplex,Passeriformes,LC,False,0.5
Pycnonotus cinereifrons,Passeriformes,LC,False,0.5
Pycnonotus luteolus,Passeriformes,LC,False,0.5
Pycnonotus blanfordi,Passeriformes,LC,False,0.5
Pycnonotus conradi,Passeriformes,,False,0.25
Pycnonotus davisoni,Passeriformes,LC,False,0.5
Pycnonotus finlaysoni,Passeriformes,LC,False,0.5
Pycnonotus flavescens,Passeriformes,LC,False,0.5
Pycnonotus snouckaerti,Passeriformes,EN,False,2.0
Pycnonotus bimaculatus,Passeriformes,NT,False,1.0
Pycnonotus leucops,Passeriformes,LC,False,0.5
Pycnonotus xantholaemus,Passeriformes,LC,False,0.5
Pycnonotus penicillatus,Passeriformes,LC,False,0.5
Pycnonotus xanthorrhous,Passeriformes,LC,False,0.5
Pycnonotus sinensis,Passeriformes,LC,True,2.0
Pycnonotus taivanus,Passeriformes,VU,False,1.5
Pycnonotus jocosus,Passeriformes,LC,False,0.5
Pycnonotus goiavier,Passeriformes,LC,False,0.5
Pycnonotus cafer,Passeriformes,LC,False,0.5
Pycnonotus aurigaster,Passeriformes,LC,False,0.5
Pycnonotus leucotis,Passeriformes,LC,False,0.5
Pycnonotus leucogenys,Passeriformes,LC,False,0.5
Pycnonotus xanthopygos,Passeriformes,LC,False,0.5
Pycnonotus nigricans,Passeriformes,LC,False,0.5
Pycnonotus barbatus,Passeriformes,LC,False,0.5
Pycnonotus capensis,Passeriformes,LC,False,0.5
Pseudochelidon eurystomina,Passeriformes,DD,True,1.0
Eurochelidon sirintarae,Passeriformes,CR,True,10.0
Psalidoprocne nitens,Passeriformes,LC,False,0.5
Psalidoprocne albiceps,Passeriformes,LC,False,0.5
Psalidoprocne fuliginosa,Passeriformes,LC,False,0.5
Psalidoprocne pristoptera,Passeriformes,LC,False,0.5
Psalidoprocne obscura,Passeriformes,LC,False,0.5
Pseudhirundo griseopyga,Passeriformes,LC,False,0.5
Cheramoeca leucosterna,Passeriformes,LC,False,0.5
Phedina borbonica,Passeriformes,LC,True,2.0
Neophedina cincta,Passeriformes,LC,False,0.5
Phedinopsis brazzae,Passeriformes,LC,False,0.5
Riparia paludicola,Passeriformes,LC,False,0.5
Riparia cowani,Passeriformes,LC,False,0.5
Riparia chinensis,Passeriformes,LC,False,0.5
Riparia congica,Passeriformes,LC,False,0.5
Riparia riparia,Passeriformes,LC,True,2.0
Riparia diluta,Passeriformes,LC,True,2.0
Tachycineta bicolor,Passeriformes,LC,True,2.0
Tachycineta leucorrhoa,Passeriformes,LC,True,2.0
Tachycineta meyeni,Passeriformes,LC,True,2.0
Tachycineta stolzmanni,Passeriformes,LC,False,0.5
Tachycineta albilinea,Passeriformes,LC,False,0.5
Tachycineta albiventer,Passeriformes,LC,False,0.5
Tachycineta euchrysea,Passeriformes,VU,False,1.5
Tachycineta cyaneoviridis,Passeriformes,EN,False,2.0
Tachycineta thalassina,Passeriformes,LC,True,2.0
Progne tapera,Passeriformes,LC,True,2.0
Progne murphyi,Passeriformes,NT,False,1.0
Progne modesta,Passeriformes,EN,False,2.0
Progne subis,Passeriformes,LC,True,2.0
Progne elegans,Passeriformes,LC,True,2.0
Progne chalybea,Passeriformes,LC,True,2.0
Progne sinaloae,Passeriformes,VU,True,6.0
Progne cryptoleuca,Passeriformes,LC,True,2.0
Progne dominicensis,Passeriformes,LC,True,2.0
Stelgidopteryx serripennis,Passeriformes,LC,True,2.0
Stelgidopteryx ridgwayi,Passeriformes,LC,False,0.5
Stelgidopteryx ruficollis,Passeriformes,LC,True,2.0
Atticora fasciata,Passeriformes,LC,False,0.5
Atticora pileata,Passeriformes,LC,False,0.5
Atticora tibialis,Passeriformes,LC,False,0.5
Pygochelidon cyanoleuca,Passeriformes,LC,True,2.0
Pygochelidon melanoleuca,Passeriformes,LC,False,0.5
Alopochelidon fucata,Passeriformes,LC,False,0.5
Orochelidon flavipes,Passeriformes,LC,False,0.5
Orochelidon murina,Passeriformes,LC,False,0.5
Orochelidon andecola,Passeriformes,LC,False,0.5
Ptyonoprogne rupestris,Passeriformes,LC,True,2.0
Ptyonoprogne obsoleta,Passeriformes,LC,False,0.5
Ptyonoprogne rufigula,Passeriformes,LC,False,0.5
Ptyonoprogne fuligula,Passeriformes,LC,False,0.5
Ptyonoprogne concolor,Passeriformes,LC,False,0.5
Hirundo atrocaerulea,Passeriformes,EN,True,8.0
Hirundo nigrorufa,Passeriformes,LC,False,0.5
Hirundo dimidiata,Passeriformes,LC,False,0.5
Hirundo domicola,Passeriformes,,False,0.25
Hirundo javanica,Passeriformes,LC,False,0.5
Hirundo tahitica,Passeriformes,LC,False,0.5
Hirundo leucosoma,Passeriformes,LC,False,0.5
Hirundo megaensis,Passeriformes,VU,False,1.5
Hirundo neoxena,Passeriformes,LC,False,0.5
Hirundo rustica,Passeriformes,LC,True,2.0
Hirundo lucida,Passeriformes,LC,False,0.5
Hirundo aethiopica,Passeriformes,LC,False,0.5
Hirundo angolensis,Passeriformes,LC,False,0.5
Hirundo nigrita,Passeriformes,LC,False,0.5
Hirundo albigularis,Passeriformes,LC,True,2.0
Hirundo smithii,Passeriformes,LC,False,0.5
Atronanus fuliginosus,Passeriformes,LC,False,0.5
Delichon urbicum,Passeriformes,LC,True,2.0
Delichon lagopodum,Passeriformes,LC,True,2.0
Delichon dasypus,Passeriformes,LC,True,2.0
Delichon nipalense,Passeriformes,LC,False,0.5
Cecropis cucullata,Passeriformes,LC,True,2.0
Cecropis rufula,Passeriformes,,True,1.0
Cecropis daurica,Passeriformes,LC,True,2.0
Cecropis melanocrissus,Passeriformes,,False,0.25
Cecropis hyperythra,Passeriformes,LC,False,0.5
Cecropis badia,Passeriformes,,False,0.25
Cecropis abyssinica,Passeriformes,LC,False,0.5
Cecropis semirufa,Passeriformes,LC,True,2.0
Cecropis senegalensis,Passeriformes,LC,False,0.5
Petrochelidon rufigula,Passeriformes,LC,False,0.5
Petrochelidon preussi,Passeriformes,LC,False,0.5
Petrochelidon perdita,Passeriformes,DD,False,0.25
Petrochelidon spilodera,Passeriformes,LC,True,2.0
Petrochelidon fluvicola,Passeriformes,LC,False,0.5
Petrochelidon ariel,Passeriformes,LC,False,0.5
Petrochelidon nigricans,Passeriformes,LC,True,2.0
Petrochelidon pyrrhonota,Passeriformes,LC,True,2.0
Petrochelidon fulva,Passeriformes,LC,True,2.0
Petrochelidon rufocollaris,Passeriformes,LC,False,0.5
Pnoepyga albiventer,Passeriformes,LC,False,0.5
Pnoepyga formosana,Passeriformes,LC,False,0.5
Pnoepyga immaculata,Passeriformes,LC,False,0.5
Pnoepyga pusilla,Passeriformes,LC,False,0.5
Melocichla mentalis,Passeriformes,LC,False,0.5
Sphenoeacus afer,Passeriformes,LC,False,0.5
Achaetops pycnopygius,Passeriformes,LC,False,0.5
Macrosphenus flavicans,Passeriformes,LC,False,0.5
Macrosphenus kempi,Passeriformes,LC,False,0.5
Macrosphenus concolor,Passeriformes,LC,False,0.5
Macrosphenus pulitzeri,Passeriformes,EN,False,2.0
Macrosphenus kretschmeri,Passeriformes,LC,False,0.5
Sylvietta brachyura,Passeriformes,LC,False,0.5
Sylvietta leucopsis,Passeriformes,LC,False,0.5
Sylvietta whytii,Passeriformes,LC,False,0.5
Sylvietta philippae,Passeriformes,DD,False,0.25
Sylvietta rufescens,Passeriformes,LC,False,0.5
Sylvietta isabellina,Passeriformes,LC,False,0.5
Sylvietta ruficapilla,Passeriformes,LC,False,0.5
Sylvietta virens,Passeriformes,LC,False,0.5
Sylvietta denti,Passeriformes,LC,False,0.5
Sylvietta leucophrys,Passeriformes,LC,False,0.5
Sylvietta chapini,Passeriformes,CR,False,2.5
Cryptillas victorini,Passeriformes,LC,False,0.5
Abroscopus superciliaris,Passeriformes,LC,False,0.5
Abroscopus albogularis,Passeriformes,LC,False,0.5
Abroscopus schisticeps,Passeriformes,LC,False,0.5
Phyllergates cucullatus,Passeriformes,LC,False,0.5
Phyllergates heterolaemus,Passeriformes,LC,False,0.5
Tickellia hodgsoni,Passeriformes,LC,False,0.5
Horornis seebohmi,Passeriformes,LC,False,0.5
Horornis diphone,Passeriformes,LC,True,2.0
Horornis canturians,Passeriformes,LC,True,2.0
Horornis annae,Passeriformes,LC,False,0.5
Horornis carolinae,Passeriformes,NT,False,1.0
Horornis parens,Passeriformes,LC,False,0.5
Horornis haddeni,Passeriformes,NT,False,1.0
Horornis ruficapilla,Passeriformes,LC,False,0.5
Horornis fortipes,Passeriformes,LC,False,0.5
Horornis brunnescens,Passeriformes,LC,False,0.5
Horornis acanthizoides,Passeriformes,LC,False,0.5
Horornis flavolivaceus,Passeriformes,LC,False,0.5
Tesia cyaniventer,Passeriformes,LC,False,0.5
Tesia olivea,Passeriformes,LC,False,0.5
Tesia everetti,Passeriformes,LC,False,0.5
Tesia superciliaris,Passeriformes,LC,False,0.5
Cettia cetti,Passeriformes,LC,True,2.0
Cettia major,Passeriformes,LC,False,0.5
Cettia brunnifrons,Passeriformes,LC,False,0.5
Cettia castaneocoronata,Passeriformes,LC,False,0.5
Urosphena squameiceps,Passeriformes,LC,True,2.0
Urosphena whiteheadi,Passeriformes,LC,False,0.5
Urosphena subulata,Passeriformes,LC,False,0.5
Hemitesia pallidipes,Passeriformes,LC,False,0.5
Hemitesia neumanni,Passeriformes,LC,False,0.5
Scotocerca inquieta,Passeriformes,LC,False,0.5
Erythrocercus holochlorus,Passeriformes,LC,False,0.5
Erythrocercus mccallii,Passeriformes,LC,False,0.5
Erythrocercus livingstonei,Passeriformes,LC,False,0.5
Hylia prasina,Passeriformes,LC,False,0.5
Pholidornis rushiae,Passeriformes,LC,False,0.5
Leptopoecile sophiae,Passeriformes,LC,False,0.5
Leptopoecile elegans,Passeriformes,LC,False,0.5
Psaltriparus minimus,Passeriformes,LC,False,0.5
Aegithalos caudatus,Passeriformes,LC,False,0.5
Aegithalos glaucogularis,Passeriformes,LC,False,0.5
Aegithalos leucogenys,Passeriformes,LC,False,0.5
Psaltria exilis,Passeriformes,LC,False,0.5
Aegithalos concinnus,Passeriformes,LC,False,0.5
Aegithalos iredalei,Passeriformes,LC,False,0.5
Aegithalos annamensis,Passeriformes,LC,False,0.5
Aegithalos niveogularis,Passeriformes,LC,False,0.5
Aegithalos iouschistos,Passeriformes,LC,False,0.5
Aegithalos bonvaloti,Passeriformes,LC,False,0.5
Aegithalos fuliginosus,Passeriformes,LC,False,0.5
Phylloscopus sibilatrix,Passeriformes,LC,True,2.0
Phylloscopus bonelli,Passeriformes,LC,True,2.0
Phylloscopus orientalis,Passeriformes,LC,True,2.0
Phylloscopus pulcher,Passeriformes,LC,False,0.5
Phylloscopus maculipennis,Passeriformes,LC,False,0.5
Phylloscopus humei,Passeriformes,LC,True,2.0
Phylloscopus inornatus,Passeriformes,LC,True,2.0
Phylloscopus subviridis,Passeriformes,LC,False,0.5
Phylloscopus yunnanensis,Passeriformes,LC,True,2.0
Phylloscopus chloronotus,Passeriformes,LC,False,0.5
Phylloscopus forresti,Passeriformes,LC,False,0.5
Phylloscopus kansuensis,Passeriformes,LC,True,2.0
Phylloscopus proregulus,Passeriformes,LC,True,2.0
Phylloscopus tytleri,Passeriformes,LC,True,2.0
Phylloscopus armandii,Passeriformes,LC,True,2.0
Phylloscopus schwarzi,Passeriformes,LC,True,2.0
Phylloscopus griseolus,Passeriformes,LC,True,2.0
Phylloscopus affinis,Passeriformes,LC,False,0.5
Phylloscopus fuligiventer,Passeriformes,LC,False,0.5
Phylloscopus fuscatus,Passeriformes,LC,True,2.0
Phylloscopus neglectus,Passeriformes,LC,True,2.0
Phylloscopus subaffinis,Passeriformes,LC,False,0.5
Phylloscopus trochilus,Passeriformes,LC,True,2.0
Phylloscopus sindianus,Passeriformes,LC,True,2.0
Phylloscopus canariensis,Passeriformes,LC,False,0.5
Phylloscopus collybita,Passeriformes,LC,True,2.0
Phylloscopus tristis,Passeriformes,LC,True,2.0
Phylloscopus ibericus,Passeriformes,LC,True,2.0
Phylloscopus coronatus,Passeriformes,LC,True,2.0
Phylloscopus ijimae,Passeriformes,VU,True,6.0
Phylloscopus olivaceus,Passeriformes,LC,False,0.5
Phylloscopus cebuensis,Passeriformes,LC,False,0.5
Phylloscopus ruficapilla,Passeriformes,LC,False,0.5
Phylloscopus umbrovirens,Passeriformes,LC,False,0.5
Phylloscopus laetus,Passeriformes,LC,False,0.5
Phylloscopus laurae,Passeriformes,LC,False,0.5
Phylloscopus herberti,Passeriformes,LC,False,0.5
Phylloscopus budongoensis,Passeriformes,LC,False,0.5
Phylloscopus intermedius,Passeriformes,LC,True,2.0
Phylloscopus poliogenys,Passeriformes,LC,False,0.5
Phylloscopus burkii,Passeriformes,LC,True,2.0
Phylloscopus tephrocephalus,Passeriformes,LC,True,2.0
Phylloscopus whistleri,Passeriformes,LC,False,0.5
Phylloscopus valentini,Passeriformes,LC,True,2.0
Phylloscopus soror,Passeriformes,LC,True,2.0
Phylloscopus omeiensis,Passeriformes,LC,True,2.0
Phylloscopus nitidus,Passeriformes,LC,True,2.0
Phylloscopus plumbeitarsus,Passeriformes,LC,True,2.0
Phylloscopus trochiloides,Passeriformes,LC,True,2.0
Phylloscopus emeiensis,Passeriformes,LC,True,2.0
Phylloscopus magnirostris,Passeriformes,LC,True,2.0
Phylloscopus borealoides,Passeriformes,LC,True,2.0
Phylloscopus tenellipes,Passeriformes,LC,True,2.0
Phylloscopus xanthodryas,Passeriformes,LC,True,2.0
Phylloscopus examinandus,Passeriformes,LC,True,2.0
Phylloscopus borealis,Passeriformes,LC,True,2.0
Phylloscopus castaniceps,Passeriformes,LC,False,0.5
Phylloscopus grammiceps,Passeriformes,LC,False,0.5
Phylloscopus sumatrensis,Passeriformes,LC,False,0.5
Phylloscopus montis,Passeriformes,LC,False,0.5
Phylloscopus calciatilis,Passeriformes,LC,False,0.5
Phylloscopus ricketti,Passeriformes,LC,True,2.0
Phylloscopus cantator,Passeriformes,LC,False,0.5
Phylloscopus occipitalis,Passeriformes,LC,True,2.0
Phylloscopus reguloides,Passeriformes,LC,True,2.0
Phylloscopus claudiae,Passeriformes,LC,True,2.0
Phylloscopus goodsoni,Passeriformes,LC,True,2.0
Phylloscopus ogilviegranti,Passeriformes,LC,False,0.5
Phylloscopus hainanus,Passeriformes,VU,False,1.5
Phylloscopus intensior,Passeriformes,LC,False,0.5
Phylloscopus xanthoschistos,Passeriformes,LC,False,0.5
Phylloscopus trivirgatus,Passeriformes,LC,False,0.5
Phylloscopus nigrorum,Passeriformes,,False,0.25
Phylloscopus floresianus,Passeriformes,,False,0.25
Phylloscopus presbytes,Passeriformes,LC,False,0.5
Phylloscopus rotiensis,Passeriformes,NT,False,1.0
Phylloscopus makirensis,Passeriformes,,False,0.25
Phylloscopus nesophilus,Passeriformes,LC,False,0.5
Phylloscopus sarasinorum,Passeriformes,NT,False,1.0
Phylloscopus amoenus,Passeriformes,NT,False,1.0
Phylloscopus poliocephalus,Passeriformes,LC,False,0.5
Phylloscopus maforensis,Passeriformes,NT,False,1.0
Phylloscopus misoriensis,Passeriformes,NT,False,1.0
Graueria vittata,Passeriformes,LC,False,0.5
Nesillas typica,Passeriformes,LC,False,0.5
Nesillas lantzii,Passeriformes,LC,False,0.5
Nesillas longicaudata,Passeriformes,,False,0.25
Nesillas brevicaudata,Passeriformes,LC,False,0.5
Nesillas mariae,Passeriformes,EN,False,2.0
Nesillas aldabrana,Passeriformes,EX,False,0.25
Acrocephalus griseldis,Passeriformes,EN,True,8.0
Acrocephalus brevipennis,Passeriformes,VU,False,1.5
Acrocephalus rufescens,Passeriformes,LC,False,0.5
Acrocephalus gracilirostris,Passeriformes,LC,False,0.5
Acrocephalus newtoni,Passeriformes,LC,False,0.5
Acrocephalus sechellensis,Passeriformes,NT,False,1.0
Acrocephalus rodericanus,Passeriformes,NT,False,1.0
Acrocephalus arundinaceus,Passeriformes,LC,True,2.0
Acrocephalus orientalis,Passeriformes,LC,True,2.0
Acrocephalus stentoreus,Passeriformes,LC,True,2.0
Acrocephalus australis,Passeriformes,LC,True,2.0
Acrocephalus familiaris,Passeriformes,EN,False,2.0
Acrocephalus luscinius,Passeriformes,EX,False,0.25
Acrocephalus hiwae,Passeriformes,EN,False,2.0
Acrocephalus nijoi,Passeriformes,EX,False,0.25
Acrocephalus yamashinae,Passeriformes,EX,False,0.25
Acrocephalus astrolabii,Passeriformes,EX,False,0.25
Acrocephalus rehsei,Passeriformes,NT,False,1.0
Acrocephalus syrinx,Passeriformes,LC,False,0.5
Acrocephalus aequinoctialis,Passeriformes,EN,False,2.0
Acrocephalus percernis,Passeriformes,LC,False,0.5
Acrocephalus caffer,Passeriformes,VU,False,1.5
Acrocephalus longirostris,Passeriformes,CR,False,2.5
Acrocephalus musae,Passeriformes,EX,False,0.25
Acrocephalus mendanae,Passeriformes,LC,False,0.5
Acrocephalus atyphus,Passeriformes,LC,False,0.5
Acrocephalus kerearako,Passeriformes,LC,False,0.5
Acrocephalus rimitarae,Passeriformes,CR,False,2.5
Acrocephalus taiti,Passeriformes,VU,False,1.5
Acrocephalus vaughani,Passeriformes,EN,False,2.0
Acrocephalus bistrigiceps,Passeriformes,LC,True,2.0
Acrocephalus melanopogon,Passeriformes,LC,True,2.0
Acrocephalus paludicola,Passeriformes,VU,True,6.0
Acrocephalus schoenobaenus,Passeriformes,LC,True,2.0
Acrocephalus sorghophilus,Passeriformes,CR,True,10.0
Acrocephalus concinens,Passeriformes,LC,True,2.0
Acrocephalus tangorum,Passeriformes,VU,True,6.0
Acrocephalus orinus,Passeriformes,LC,True,2.0
Acrocephalus agricola,Passeriformes,LC,True,2.0
Acrocephalus dumetorum,Passeriformes,LC,True,2.0
Acrocephalus scirpaceus,Passeriformes,LC,True,2.0
Acrocephalus palustris,Passeriformes,LC,True,2.0
Arundinax aedon,Passeriformes,LC,True,2.0
Iduna natalensis,Passeriformes,LC,False,0.5
Iduna similis,Passeriformes,LC,False,0.5
Iduna caligata,Passeriformes,LC,True,2.0
Iduna rama,Passeriformes,LC,True,2.0
Iduna pallida,Passeriformes,LC,True,2.0
Iduna opaca,Passeriformes,LC,True,2.0
Calamonastides gracilirostris,Passeriformes,VU,False,1.5
Calamonastides bensoni,Passeriformes,VU,False,1.5
Hippolais languida,Passeriformes,LC,True,2.0
Hippolais olivetorum,Passeriformes,LC,True,2.0
Hippolais polyglotta,Passeriformes,LC,True,2.0
Hippolais icterina,Passeriformes,LC,True,2.0
Robsonius rabori,Passeriformes,NT,False,1.0
Robsonius thompsoni,Passeriformes,LC,False,0.5
Robsonius sorsogonensis,Passeriformes,NT,False,1.0
Helopsaltes fasciolatus,Passeriformes,LC,True,2.0
Helopsaltes amnicola,Passeriformes,LC,True,2.0
Helopsaltes pryeri,Passeriformes,NT,True,4.0
Helopsaltes certhiola,Passeriformes,LC,True,2.0
Helopsaltes ochotensis,Passeriformes,LC,True,2.0
Helopsaltes pleskei,Passeriformes,VU,True,6.0
Locustella lanceolata,Passeriformes,LC,True,2.0
Locustella alfredi,Passeriformes,LC,False,0.5
Locustella fluviatilis,Passeriformes,LC,True,2.0
Locustella luscinioides,Passeriformes,LC,True,2.0
Locustella major,Passeriformes,NT,False,1.0
Locustella luteoventris,Passeriformes,LC,False,0.5
Locustella naevia,Passeriformes,LC,True,2.0
Locustella tacsanowskia,Passeriformes,LC,True,2.0
Locustella accentor,Passeriformes,LC,False,0.5
Locustella caudata,Passeriformes,LC,False,0.5
Locustella castanea,Passeriformes,LC,False,0.5
Locustella musculus,Passeriformes,LC,False,0.5
Locustella portenta,Passeriformes,VU,False,1.5
Locustella disturbans,Passeriformes,LC,False,0.5
Locustella davidi,Passeriformes,LC,True,2.0
Locustella kashmirensis,Passeriformes,LC,False,0.5
Locustella thoracica,Passeriformes,LC,True,2.0
Locustella alishanensis,Passeriformes,LC,False,0.5
Locustella mandelli,Passeriformes,LC,True,2.0
Locustella idonea,Passeriformes,,False,0.25
Locustella montis,Passeriformes,LC,False,0.5
Locustella chengi,Passeriformes,LC,True,2.0
Locustella seebohmi,Passeriformes,LC,False,0.5
Poodytes albolimbatus,Passeriformes,VU,False,1.5
Poodytes carteri,Passeriformes,LC,False,0.5
Poodytes rufescens,Passeriformes,EX,False,0.25
Poodytes punctatus,Passeriformes,LC,False,0.5
Poodytes caudatus,Passeriformes,VU,False,1.5
Poodytes gramineus,Passeriformes,LC,False,0.5
Malia grata,Passeriformes,LC,False,0.5
Cincloramphus cruralis,Passeriformes,LC,True,2.0
Cincloramphus rubiginosus,Passeriformes,LC,False,0.5
Cincloramphus grosvenori,Passeriformes,VU,False,1.5
Cincloramphus bivittatus,Passeriformes,LC,False,0.5
Cincloramphus mathewsi,Passeriformes,LC,True,2.0
Cincloramphus macrurus,Passeriformes,LC,False,0.5
Cincloramphus timoriensis,Passeriformes,LC,False,0.5
Cincloramphus turipavae,Passeriformes,NT,False,1.0
Cincloramphus whitneyi,Passeriformes,LC,False,0.5
Cincloramphus mariae,Passeriformes,LC,False,0.5
Cincloramphus rufus,Passeriformes,EN,False,2.0
Cincloramphus llaneae,Passeriformes,NT,False,1.0
Elaphrornis palliseri,Passeriformes,NT,False,1.0
Schoenicola platyurus,Passeriformes,NT,False,1.0
Schoenicola striatus,Passeriformes,VU,False,1.5
Catriscus brevirostris,Passeriformes,LC,False,0.5
Megalurus palustris,Passeriformes,LC,False,0.5
Bradypterus sylvaticus,Passeriformes,VU,False,1.5
Bradypterus bangwaensis,Passeriformes,LC,False,0.5
Bradypterus barratti,Passeriformes,LC,False,0.5
Bradypterus lopezi,Passeriformes,LC,False,0.5
Bradypterus cinnamomeus,Passeriformes,LC,False,0.5
Bradypterus seebohmi,Passeriformes,LC,False,0.5
Bradypterus brunneus,Passeriformes,LC,False,0.5
Bradypterus grandis,Passeriformes,NT,False,1.0
Bradypterus baboecala,Passeriformes,LC,False,0.5
Bradypterus carpalis,Passeriformes,LC,False,0.5
Bradypterus graueri,Passeriformes,VU,False,1.5
Bradypterus centralis,Passeriformes,LC,False,0.5
Donacobius atricapilla,Passeriformes,LC,False,0.5
Oxylabes madagascariensis,Passeriformes,LC,False,0.5
Bernieria madagascariensis,Passeriformes,LC,False,0.5
Cryptosylvicola randrianasoloi,Passeriformes,LC,False,0.5
Hartertula flavoviridis,Passeriformes,NT,False,1.0
Thamnornis chloropetoides,Passeriformes,LC,False,0.5
Xanthomixis zosterops,Passeriformes,LC,False,0.5
Xanthomixis apperti,Passeriformes,VU,False,1.5
Xanthomixis cinereiceps,Passeriformes,NT,False,1.0
Crossleyia xanthophrys,Passeriformes,LC,False,0.5
Crossleyia tenebrosa,Passeriformes,DD,False,0.25
Randia pseudozosterops,Passeriformes,LC,False,0.5
Neomixis tenella,Passeriformes,LC,False,0.5
Neomixis viridis,Passeriformes,LC,False,0.5
Neomixis striatigula,Passeriformes,LC,False,0.5
Neomixis pallidior,Passeriformes,LC,False,0.5
Cisticola erythrops,Passeriformes,LC,False,0.5
Cisticola cantans,Passeriformes,LC,False,0.5
Cisticola lateralis,Passeriformes,LC,False,0.5
Cisticola woosnami,Passeriformes,LC,False,0.5
Cisticola anonymus,Passeriformes,LC,False,0.5
Cisticola bulliens,Passeriformes,LC,False,0.5
Cisticola hunteri,Passeriformes,LC,False,0.5
Cisticola chubbi,Passeriformes,LC,False,0.5
Cisticola bakerorum,Passeriformes,VU,False,1.5
Cisticola nigriloris,Passeriformes,LC,False,0.5
Cisticola aberrans,Passeriformes,LC,False,0.5
Cisticola bailunduensis,Passeriformes,LC,False,0.5
Cisticola chiniana,Passeriformes,LC,False,0.5
Cisticola bodessa,Passeriformes,LC,False,0.5
Cisticola njombe,Passeriformes,LC,False,0.5
Cisticola cinereolus,Passeriformes,LC,False,0.5
Cisticola restrictus,Passeriformes,DD,False,0.25
Cisticola rufilatus,Passeriformes,LC,False,0.5
Cisticola subruficapilla,Passeriformes,LC,False,0.5
Cisticola lais,Passeriformes,LC,False,0.5
Cisticola distinctus,Passeriformes,,False,0.25
Cisticola galactotes,Passeriformes,LC,False,0.5
Cisticola marginatus,Passeriformes,LC,False,0.5
Cisticola haematocephalus,Passeriformes,LC,False,0.5
Cisticola anderseni,Passeriformes,NT,False,1.0
Cisticola lugubris,Passeriformes,LC,False,0.5
Cisticola luapula,Passeriformes,LC,False,0.5
Cisticola pipiens,Passeriformes,LC,False,0.5
Cisticola carruthersi,Passeriformes,LC,False,0.5
Cisticola tinniens,Passeriformes,LC,False,0.5
Cisticola robustus,Passeriformes,LC,False,0.5
Cisticola aberdare,Passeriformes,VU,False,1.5
Cisticola natalensis,Passeriformes,LC,False,0.5
Cisticola ruficeps,Passeriformes,LC,False,0.5
Cisticola guinea,Passeriformes,LC,False,0.5
Cisticola nana,Passeriformes,LC,False,0.5
Cisticola brachypterus,Passeriformes,LC,False,0.5
Cisticola rufus,Passeriformes,LC,False,0.5
Cisticola troglodytes,Passeriformes,LC,False,0.5
Cisticola fulvicapilla,Passeriformes,LC,False,0.5
Cisticola angusticauda,Passeriformes,LC,False,0.5
Cisticola melanurus,Passeriformes,DD,False,0.25
Cisticola juncidis,Passeriformes,LC,False,0.5
Cisticola haesitatus,Passeriformes,LC,False,0.5
Cisticola cherina,Passeriformes,LC,False,0.5
Cisticola aridulus,Passeriformes,LC,False,0.5
Cisticola textrix,Passeriformes,LC,False,0.5
Cisticola eximius,Passeriformes,LC,False,0.5
Cisticola dambo,Passeriformes,LC,False,0.5
Cisticola brunnescens,Passeriformes,LC,False,0.5
Cisticola cinnamomeus,Passeriformes,LC,False,0.5
Cisticola ayresii,Passeriformes,LC,False,0.5
Cisticola exilis,Passeriformes,LC,False,0.5
Incana incana,Passeriformes,LC,False,0.5
Prinia crinigera,Passeriformes,LC,False,0.5
Prinia striata,Passeriformes,,False,0.25
Prinia polychroa,Passeriformes,LC,False,0.5
Prinia cooki,Passeriformes,,False,0.25
Prinia rocki,Passeriformes,,False,0.25
Prinia atrogularis,Passeriformes,LC,False,0.5
Prinia khasiana,Passeriformes,LC,False,0.5
Prinia superciliaris,Passeriformes,LC,False,0.5
Prinia cinereocapilla,Passeriformes,VU,False,1.5
Prinia buchanani,Passeriformes,LC,False,0.5
Prinia rufescens,Passeriformes,LC,False,0.5
Prinia hodgsonii,Passeriformes,LC,False,0.5
Prinia gracilis,Passeriformes,LC,False,0.5
Prinia lepida,Passeriformes,,False,0.25
Prinia sylvatica,Passeriformes,LC,False,0.5
Prinia familiaris,Passeriformes,NT,False,1.0
Prinia flaviventris,Passeriformes,LC,False,0.5
Prinia sonitans,Passeriformes,LC,False,0.5
Prinia socialis,Passeriformes,LC,False,0.5
Prinia subflava,Passeriformes,LC,False,0.5
Prinia inornata,Passeriformes,LC,False,0.5
Prinia somalica,Passeriformes,LC,False,0.5
Prinia fluviatilis,Passeriformes,LC,False,0.5
Prinia flavicans,Passeriformes,LC,False,0.5
Prinia maculosa,Passeriformes,LC,False,0.5
Prinia hypoxantha,Passeriformes,LC,False,0.5
Prinia molleri,Passeriformes,LC,False,0.5
Prinia bairdii,Passeriformes,LC,False,0.5
Prinia erythroptera,Passeriformes,LC,False,0.5
Prinia rufifrons,Passeriformes,LC,False,0.5
Schistolais leucopogon,Passeriformes,LC,False,0.5
Schistolais leontica,Passeriformes,EN,False,2.0
Phragmacia substriata,Passeriformes,LC,False,0.5
Oreophilais robertsi,Passeriformes,LC,False,0.5
Micromacronus leytensis,Passeriformes,NT,False,1.0
Micromacronus sordidus,Passeriformes,NT,False,1.0
Urolais epichlorus,Passeriformes,LC,False,0.5
Oreolais pulcher,Passeriformes,LC,False,0.5
Oreolais ruwenzorii,Passeriformes,LC,False,0.5
Drymocichla incana,Passeriformes,LC,False,0.5
Spiloptila clamans,Passeriformes,LC,False,0.5
Phyllolais pulchella,Passeriformes,LC,False,0.5
Apalis thoracica,Passeriformes,LC,False,0.5
Apalis flavigularis,Passeriformes,EN,False,2.0
Apalis fuscigularis,Passeriformes,CR,False,2.5
Apalis lynesi,Passeriformes,EN,False,2.0
Apalis ruddi,Passeriformes,LC,False,0.5
Apalis flavocincta,Passeriformes,LC,False,0.5
Apalis flavida,Passeriformes,LC,False,0.5
Apalis binotata,Passeriformes,LC,False,0.5
Apalis personata,Passeriformes,LC,False,0.5
Apalis jacksoni,Passeriformes,LC,False,0.5
Apalis chariessa,Passeriformes,NT,False,1.0
Apalis nigriceps,Passeriformes,LC,False,0.5
Apalis melanocephala,Passeriformes,LC,False,0.5
Apalis chirindensis,Passeriformes,VU,False,1.5
Apalis porphyrolaema,Passeriformes,LC,False,0.5
Apalis kaboboensis,Passeriformes,VU,False,1.5
Apalis chapini,Passeriformes,LC,False,0.5
Apalis sharpii,Passeriformes,NT,False,1.0
Apalis rufogularis,Passeriformes,LC,False,0.5
Apalis argentea,Passeriformes,LC,False,0.5
Apalis karamojae,Passeriformes,VU,False,1.5
Apalis stronachi,Passeriformes,,False,0.25
Apalis bamendae,Passeriformes,LC,False,0.5
Apalis goslingi,Passeriformes,LC,False,0.5
Apalis cinerea,Passeriformes,LC,False,0.5
Apalis alticola,Passeriformes,LC,False,0.5
Malcorus pectoralis,Passeriformes,LC,False,0.5
Hypergerus atriceps,Passeriformes,LC,False,0.5
Eminia lepida,Passeriformes,LC,False,0.5
Camaroptera brevicaudata,Passeriformes,,False,0.25
Camaroptera brachyura,Passeriformes,LC,False,0.5
Camaroptera harterti,Passeriformes,LC,False,0.5
Camaroptera superciliaris,Passeriformes,LC,False,0.5
Camaroptera chloronota,Passeriformes,LC,False,0.5
Camaroptera toroensis,Passeriformes,LC,False,0.5
Calamonastes simplex,Passeriformes,LC,False,0.5
Calamonastes undosus,Passeriformes,LC,False,0.5
Calamonastes stierlingi,Passeriformes,LC,False,0.5
Calamonastes fasciolatus,Passeriformes,LC,False,0.5
Euryptila subcinnamomea,Passeriformes,LC,False,0.5
Bathmocercus cerviniventris,Passeriformes,DD,False,0.25
Bathmocercus rufus,Passeriformes,LC,False,0.5
Scepomycter winifredae,Passeriformes,NT,False,1.0
Orthotomus sutorius,Passeriformes,LC,False,0.5
Orthotomus atrogularis,Passeriformes,LC,False,0.5
Orthotomus chaktomuk,Passeriformes,NT,False,1.0
Orthotomus castaneiceps,Passeriformes,LC,False,0.5
Orthotomus chloronotus,Passeriformes,LC,False,0.5
Orthotomus frontalis,Passeriformes,LC,False,0.5
Orthotomus derbianus,Passeriformes,LC,False,0.5
Orthotomus sericeus,Passeriformes,LC,False,0.5
Orthotomus ruficeps,Passeriformes,LC,False,0.5
Orthotomus sepium,Passeriformes,LC,False,0.5
Orthotomus cinereiceps,Passeriformes,LC,False,0.5
Orthotomus nigriceps,Passeriformes,LC,False,0.5
Orthotomus samarensis,Passeriformes,LC,False,0.5
Artisornis moreaui,Passeriformes,CR,False,2.5
Artisornis sousae,Passeriformes,EN,False,2.0
Artisornis metopias,Passeriformes,LC,False,0.5
Poliolais lopezi,Passeriformes,LC,False,0.5
Eremomela icteropygialis,Passeriformes,LC,False,0.5
Eremomela flavicrissalis,Passeriformes,LC,False,0.5
Eremomela pusilla,Passeriformes,LC,False,0.5
Eremomela canescens,Passeriformes,LC,False,0.5
Eremomela scotops,Passeriformes,LC,False,0.5
Eremomela gregalis,Passeriformes,LC,False,0.5
Eremomela usticollis,Passeriformes,LC,False,0.5
Eremomela badiceps,Passeriformes,LC,False,0.5
Eremomela turneri,Passeriformes,NT,False,1.0
Eremomela atricollis,Passeriformes,LC,False,0.5
Sylvia atricapilla,Passeriformes,LC,True,2.0
Sylvia borin,Passeriformes,LC,True,2.0
Sylvia dohrni,Passeriformes,LC,False,0.5
Sylvia galinieri,Passeriformes,LC,False,0.5
Sylvia nigricapillus,Passeriformes,VU,False,1.5
Sylvia abyssinica,Passeriformes,LC,False,0.5
Sylvia atriceps,Passeriformes,LC,False,0.5
Curruca nisoria,Passeriformes,LC,True,2.0
Curruca layardi,Passeriformes,LC,False,0.5
Curruca boehmi,Passeriformes,LC,False,0.5
Curruca subcoerulea,Passeriformes,LC,False,0.5
Curruca curruca,Passeriformes,LC,True,2.0
Curruca lugens,Passeriformes,LC,False,0.5
Curruca buryi,Passeriformes,NT,False,1.0
Curruca leucomelaena,Passeriformes,LC,False,0.5
Curruca hortensis,Passeriformes,LC,True,2.0
Curruca crassirostris,Passeriformes,LC,True,2.0
Curruca deserti,Passeriformes,LC,False,0.5
Curruca nana,Passeriformes,LC,True,2.0
Curruca deserticola,Passeriformes,LC,False,0.5
Curruca mystacea,Passeriformes,LC,True,2.0
Curruca ruppeli,Passeriformes,LC,True,2.0
Curruca melanothorax,Passeriformes,LC,False,0.5
Curruca melanocephala,Passeriformes,LC,False,0.5
Curruca iberiae,Passeriformes,,True,1.0
Curruca subalpina,Passeriformes,LC,True,2.0
Curruca cantillans,Passeriformes,LC,True,2.0
Curruca communis,Passeriformes,LC,True,2.0
Curruca conspicillata,Passeriformes,LC,False,0.5
Curruca sarda,Passeriformes,LC,False,0.5
Curruca undata,Passeriformes,NT,False,1.0
Curruca balearica,Passeriformes,LC,False,0.5
Myzornis pyrrhoura,Passeriformes,LC,False,0.5
Moupinia poecilotis,Passeriformes,LC,False,0.5
Lioparus chrysotis,Passeriformes,LC,False,0.5
Chrysomma sinense,Passeriformes,LC,False,0.5
Chrysomma altirostre,Passeriformes,VU,False,1.5
Rhopophilus albosuperciliaris,Passeriformes,LC,False,0.5
Rhopophilus pekinensis,Passeriformes,LC,False,0.5
Fulvetta ruficapilla,Passeriformes,LC,False,0.5
Fulvetta danisi,Passeriformes,LC,False,0.5
Fulvetta striaticollis,Passeriformes,LC,False,0.5
Fulvetta vinipectus,Passeriformes,LC,False,0.5
Fulvetta ludlowi,Passeriformes,LC,False,0.5
Fulvetta manipurensis,Passeriformes,LC,False,0.5
Fulvetta cinereiceps,Passeriformes,LC,False,0.5
Fulvetta formosana,Passeriformes,LC,False,0.5
Chamaea fasciata,Passeriformes,LC,False,0.5
Paradoxornis heudei,Passeriformes,NT,False,1.0
Paradoxornis flavirostris,Passeriformes,VU,False,1.5
Paradoxornis guttaticollis,Passeriformes,LC,False,0.5
Paradoxornis aemodium,Passeriformes,LC,False,0.5
Paradoxornis unicolor,Passeriformes,LC,False,0.5
Paradoxornis paradoxus,Passeriformes,LC,False,0.5
Paradoxornis gularis,Passeriformes,LC,False,0.5
Paradoxornis margaritae,Passeriformes,VU,False,1.5
Paradoxornis ruficeps,Passeriformes,LC,False,0.5
Paradoxornis bakeri,Passeriformes,LC,False,0.5
Suthora davidiana,Passeriformes,LC,False,0.5
Suthora fulvifrons,Passeriformes,LC,False,0.5
Suthora nipalensis,Passeriformes,LC,False,0.5
Suthora verreauxi,Passeriformes,LC,False,0.5
Suthora atrosuperciliaris,Passeriformes,LC,False,0.5
Suthora conspicillata,Passeriformes,LC,False,0.5
Suthora zappeyi,Passeriformes,VU,False,1.5
Suthora brunnea,Passeriformes,LC,False,0.5
Suthora ricketti,Passeriformes,LC,False,0.5
Suthora webbiana,Passeriformes,LC,False,0.5
Suthora alphonsiana,Passeriformes,LC,False,0.5
Suthora przewalskii,Passeriformes,LC,False,0.5
Parayuhina diademata,Passeriformes,LC,False,0.5
Staphida everetti,Passeriformes,LC,False,0.5
Staphida castaniceps,Passeriformes,LC,False,0.5
Staphida torqueola,Passeriformes,LC,False,0.5
Yuhina nigrimenta,Passeriformes,LC,False,0.5
Yuhina brunneiceps,Passeriformes,LC,False,0.5
Yuhina flavicollis,Passeriformes,LC,False,0.5
Yuhina humilis,Passeriformes,LC,False,0.5
Yuhina bakeri,Passeriformes,LC,False,0.5
Yuhina gularis,Passeriformes,LC,False,0.5
Yuhina occipitalis,Passeriformes,LC,False,0.5
Dasycrotapha speciosa,Passeriformes,EN,False,2.0
Dasycrotapha pygmaea,Passeriformes,NT,False,1.0
Dasycrotapha plateni,Passeriformes,NT,False,1.0
Sterrhoptilus capitalis,Passeriformes,LC,False,0.5
Sterrhoptilus dennistouni,Passeriformes,NT,False,1.0
Sterrhoptilus affinis,Passeriformes,,False,0.25
Sterrhoptilus nigrocapitatus,Passeriformes,LC,False,0.5
Zosterornis hypogrammicus,Passeriformes,LC,False,0.5
Zosterornis striatus,Passeriformes,LC,False,0.5
Zosterornis whiteheadi,Passeriformes,LC,False,0.5
Zosterornis latistriatus,Passeriformes,LC,False,0.5
Zosterornis nigrorum,Passeriformes,EN,False,2.0
Cleptornis marchei,Passeriformes,EN,False,2.0
Rukia ruki,Passeriformes,EN,False,2.0
Rukia longirostra,Passeriformes,NT,False,1.0
Megazosterops palauensis,Passeriformes,NT,False,1.0
Heleia javanica,Passeriformes,LC,False,0.5
Heleia pinaiae,Passeriformes,LC,False,0.5
Heleia squamifrons,Passeriformes,LC,False,0.5
Heleia goodfellowi,Passeriformes,LC,False,0.5
Heleia squamiceps,Passeriformes,LC,False,0.5
Heleia superciliaris,Passeriformes,LC,False,0.5
Heleia dohertyi,Passeriformes,LC,False,0.5
Heleia muelleri,Passeriformes,LC,False,0.5
Heleia crassirostris,Passeriformes,LC,False,0.5
Heleia wallacei,Passeriformes,LC,False,0.5
Apalopteron familiare,Passeriformes,LC,False,0.5
Tephrozosterops stalkeri,Passeriformes,LC,False,0.5
Zosterops ceylonensis,Passeriformes,LC,False,0.5
Zosterops nigrorum,Passeriformes,LC,False,0.5
Zosterops atricapilla,Passeriformes,LC,False,0.5
Zosterops abyssinicus,Passeriformes,LC,False,0.5
Zosterops flavilateralis,Passeriformes,LC,False,0.5
Zosterops mbuluensis,Passeriformes,LC,False,0.5
Zosterops erythropleurus,Passeriformes,LC,True,2.0
Zosterops simplex,Passeriformes,LC,True,2.0
Zosterops emiliae,Passeriformes,LC,False,0.5
Zosterops japonicus,Passeriformes,LC,True,2.0
Zosterops palpebrosus,Passeriformes,LC,False,0.5
Zosterops meyeni,Passeriformes,LC,False,0.5
Zosterops semiflavus,Passeriformes,EX,False,0.25
Zosterops mouroniensis,Passeriformes,VU,False,1.5
Zosterops olivaceus,Passeriformes,LC,False,0.5
Zosterops chloronothos,Passeriformes,CR,False,2.5
Zosterops borbonicus,Passeriformes,LC,False,0.5
Zosterops mauritianus,Passeriformes,LC,False,0.5
Zosterops melanocephalus,Passeriformes,VU,False,1.5
Zosterops stenocricotus,Passeriformes,,False,0.25
Zosterops stuhlmanni,Passeriformes,,False,0.25
Zosterops eurycricotus,Passeriformes,LC,False,0.5
Zosterops brunneus,Passeriformes,VU,False,1.5
Zosterops poliogastrus,Passeriformes,LC,False,0.5
Zosterops kaffensis,Passeriformes,LC,False,0.5
Zosterops kulalensis,Passeriformes,NT,False,1.0
Zosterops kikuyuensis,Passeriformes,LC,False,0.5
Zosterops socotranus,Passeriformes,,False,0.25
Zosterops ficedulinus,Passeriformes,EN,False,2.0
Zosterops griseovirescens,Passeriformes,LC,False,0.5
Zosterops feae,Passeriformes,NT,False,1.0
Zosterops lugubris,Passeriformes,LC,False,0.5
Zosterops leucophaeus,Passeriformes,LC,False,0.5
Zosterops silvanus,Passeriformes,VU,False,1.5
Zosterops senegalensis,Passeriformes,LC,False,0.5
Zosterops kasaicus,Passeriformes,,False,0.25
Zosterops pallidus,Passeriformes,LC,False,0.5
Zosterops winifredae,Passeriformes,NT,False,1.0
Zosterops virens,Passeriformes,LC,False,0.5
Zosterops anderssoni,Passeriformes,,False,0.25
Zosterops vaughani,Passeriformes,LC,False,0.5
Zosterops modestus,Passeriformes,VU,False,1.5
Zosterops anjuanensis,Passeriformes,,False,0.25
Zosterops aldabrensis,Passeriformes,,False,0.25
Zosterops kirki,Passeriformes,LC,False,0.5
Zosterops comorensis,Passeriformes,,False,0.25
Zosterops mayottensis,Passeriformes,LC,False,0.5
Zosterops maderaspatanus,Passeriformes,LC,False,0.5
Zosterops meratusensis,Passeriformes,LC,False,0.5
Zosterops chloris,Passeriformes,LC,False,0.5
Zosterops flavissimus,Passeriformes,LC,False,0.5
Zosterops atrifrons,Passeriformes,LC,False,0.5
Zosterops nehrkorni,Passeriformes,CR,False,2.5
Zosterops consobrinorum,Passeriformes,LC,False,0.5
Zosterops somadikartai,Passeriformes,NT,False,1.0
Zosterops anomalus,Passeriformes,LC,False,0.5
Zosterops minor,Passeriformes,LC,False,0.5
Zosterops chrysolaemus,Passeriformes,LC,False,0.5
Zosterops meeki,Passeriformes,NT,False,1.0
Zosterops dehaani,Passeriformes,NT,False,1.0
Zosterops atriceps,Passeriformes,LC,False,0.5
Zosterops buruensis,Passeriformes,LC,False,0.5
Zosterops stalkeri,Passeriformes,LC,False,0.5
Zosterops flavus,Passeriformes,EN,False,2.0
Zosterops citrinella,Passeriformes,LC,False,0.5
Zosterops luteus,Passeriformes,LC,False,0.5
Zosterops lateralis,Passeriformes,LC,True,2.0
Zosterops auriventer,Passeriformes,LC,False,0.5
Zosterops melanurus,Passeriformes,VU,False,1.5
Zosterops everetti,Passeriformes,LC,False,0.5
Zosterops vellalavella,Passeriformes,NT,False,1.0
Zosterops sanctaecrucis,Passeriformes,LC,False,0.5
Zosterops fuscicapilla,Passeriformes,LC,False,0.5
Zosterops crookshanki,Passeriformes,LC,False,0.5
Zosterops flavifrons,Passeriformes,LC,False,0.5
Zosterops superciliosus,Passeriformes,LC,False,0.5
Zosterops lacertosus,Passeriformes,NT,False,1.0
Zosterops gibbsi,Passeriformes,LC,False,0.5
Zosterops explorator,Passeriformes,LC,False,0.5
Zosterops hypoxanthus,Passeriformes,LC,False,0.5
Zosterops mysorensis,Passeriformes,NT,False,1.0
Zosterops hamlini,Passeriformes,LC,False,0.5
Zosterops oblitus,Passeriformes,,False,0.25
Zosterops rendovae,Passeriformes,LC,False,0.5
Zosterops oleagineus,Passeriformes,NT,False,1.0
Zosterops finschii,Passeriformes,LC,False,0.5
Zosterops ponapensis,Passeriformes,LC,False,0.5
Zosterops cinereus,Passeriformes,LC,False,0.5
Zosterops rotensis,Passeriformes,CR,False,2.5
Zosterops metcalfii,Passeriformes,LC,False,0.5
Zosterops stresemanni,Passeriformes,LC,False,0.5
Zosterops novaeguineae,Passeriformes,LC,False,0.5
Zosterops kuehni,Passeriformes,LC,False,0.5
Zosterops grayi,Passeriformes,LC,False,0.5
Zosterops luteirostris,Passeriformes,VU,False,1.5
Zosterops uropygialis,Passeriformes,NT,False,1.0
Zosterops splendidus,Passeriformes,LC,False,0.5
Zosterops kulambangrae,Passeriformes,LC,False,0.5
Zosterops tetiparius,Passeriformes,LC,False,0.5
Zosterops natalis,Passeriformes,LC,False,0.5
Zosterops conspicillatus,Passeriformes,EX,False,0.25
Zosterops saypani,Passeriformes,NT,False,1.0
Zosterops semperi,Passeriformes,LC,False,0.5
Zosterops hypolais,Passeriformes,NT,False,1.0
Zosterops paruhbesar,Passeriformes,EN,False,2.0
Zosterops griseotinctus,Passeriformes,LC,False,0.5
Zosterops murphyi,Passeriformes,LC,False,0.5
Zosterops inornatus,Passeriformes,LC,False,0.5
Zosterops albogularis,Passeriformes,EX,False,0.25
Zosterops samoensis,Passeriformes,NT,False,1.0
Zosterops strenuus,Passeriformes,EX,False,0.25
Zosterops tenuirostris,Passeriformes,VU,False,1.5
Zosterops minutus,Passeriformes,LC,False,0.5
Zosterops xanthochroa,Passeriformes,LC,False,0.5
Zosterops rennellianus,Passeriformes,LC,False,0.5
Timalia pileata,Passeriformes,LC,False,0.5
Dumetia hyperythra,Passeriformes,LC,False,0.5
Dumetia atriceps,Passeriformes,LC,False,0.5
Mixornis kelleyi,Passeriformes,LC,False,0.5
Mixornis flavicollis,Passeriformes,LC,False,0.5
Mixornis prillwitzi,Passeriformes,LC,False,0.5
Mixornis gularis,Passeriformes,LC,False,0.5
Mixornis bornensis,Passeriformes,LC,False,0.5
Macronus ptilosus,Passeriformes,NT,False,1.0
Macronus striaticeps,Passeriformes,LC,False,0.5
Cyanoderma chrysaeum,Passeriformes,LC,False,0.5
Cyanoderma erythropterum,Passeriformes,LC,False,0.5
Cyanoderma bicolor,Passeriformes,LC,False,0.5
Cyanoderma melanothorax,Passeriformes,LC,False,0.5
Cyanoderma pyrrhops,Passeriformes,LC,False,0.5
Cyanoderma ruficeps,Passeriformes,LC,False,0.5
Cyanoderma rufifrons,Passeriformes,LC,False,0.5
Spelaeornis caudatus,Passeriformes,LC,False,0.5
Spelaeornis badeigularis,Passeriformes,NT,False,1.0
Spelaeornis troglodytoides,Passeriformes,LC,False,0.5
Spelaeornis kinneari,Passeriformes,VU,False,1.5
Spelaeornis chocolatinus,Passeriformes,VU,False,1.5
Spelaeornis oatesi,Passeriformes,LC,False,0.5
Spelaeornis longicaudatus,Passeriformes,NT,False,1.0
Spelaeornis reptatus,Passeriformes,LC,False,0.5
Melanocichla lugubris,Passeriformes,LC,False,0.5
Melanocichla calva,Passeriformes,LC,False,0.5
Pomatorhinus ferruginosus,Passeriformes,LC,False,0.5
Pomatorhinus phayrei,Passeriformes,LC,False,0.5
Pomatorhinus ochraceiceps,Passeriformes,LC,False,0.5
Pomatorhinus superciliaris,Passeriformes,LC,False,0.5
Pomatorhinus ruficollis,Passeriformes,LC,False,0.5
Pomatorhinus musicus,Passeriformes,LC,False,0.5
Pomatorhinus schisticeps,Passeriformes,LC,False,0.5
Pomatorhinus horsfieldii,Passeriformes,LC,False,0.5
Pomatorhinus melanurus,Passeriformes,LC,False,0.5
Pomatorhinus bornensis,Passeriformes,LC,False,0.5
Pomatorhinus montanus,Passeriformes,VU,False,1.5
Erythrogenys hypoleucos,Passeriformes,LC,False,0.5
Erythrogenys erythrogenys,Passeriformes,LC,False,0.5
Erythrogenys imberbis,Passeriformes,,False,0.25
Erythrogenys mcclellandi,Passeriformes,LC,False,0.5
Erythrogenys gravivox,Passeriformes,LC,False,0.5
Erythrogenys swinhoei,Passeriformes,LC,False,0.5
Erythrogenys erythrocnemis,Passeriformes,LC,False,0.5
Stachyris nigricollis,Passeriformes,NT,False,1.0
Stachyris grammiceps,Passeriformes,NT,False,1.0
Stachyris maculata,Passeriformes,NT,False,1.0
Stachyris nigriceps,Passeriformes,LC,False,0.5
Stachyris poliocephala,Passeriformes,LC,False,0.5
Stachyris nonggangensis,Passeriformes,VU,False,1.5
Stachyris herberti,Passeriformes,LC,False,0.5
Stachyris humei,Passeriformes,NT,False,1.0
Stachyris roberti,Passeriformes,NT,False,1.0
Stachyris leucotis,Passeriformes,NT,False,1.0
Stachyris thoracica,Passeriformes,LC,False,0.5
Stachyris oglei,Passeriformes,NT,False,1.0
Stachyris strialata,Passeriformes,LC,False,0.5
Graminicola bengalensis,Passeriformes,NT,False,1.0
Graminicola striatus,Passeriformes,NT,False,1.0
Turdinus macrodactylus,Passeriformes,NT,False,1.0
Turdinus marmoratus,Passeriformes,LC,False,0.5
Turdinus atrigularis,Passeriformes,NT,False,1.0
Malacopteron affine,Passeriformes,NT,False,1.0
Malacopteron albogulare,Passeriformes,NT,False,1.0
Malacopteron cinereum,Passeriformes,LC,False,0.5
Malacopteron magnum,Passeriformes,NT,False,1.0
Malacopteron magnirostre,Passeriformes,LC,False,0.5
Malacopteron palawanense,Passeriformes,NT,False,1.0
Gampsorhynchus rufulus,Passeriformes,LC,False,0.5
Gampsorhynchus torquatus,Passeriformes,LC,False,0.5
Schoeniparus cinereus,Passeriformes,LC,False,0.5
Schoeniparus castaneceps,Passeriformes,LC,False,0.5
Schoeniparus klossi,Passeriformes,LC,False,0.5
Schoeniparus variegaticeps,Passeriformes,LC,False,0.5
Schoeniparus rufogularis,Passeriformes,LC,False,0.5
Schoeniparus dubius,Passeriformes,LC,False,0.5
Schoeniparus brunneus,Passeriformes,LC,False,0.5
Pellorneum ruficeps,Passeriformes,LC,False,0.5
Pellorneum fuscocapillus,Passeriformes,LC,False,0.5
Pellorneum palustre,Passeriformes,VU,False,1.5
Pellorneum nigrocapitatum,Passeriformes,LC,False,0.5
Pellorneum capistratum,Passeriformes,LC,False,0.5
Pellorneum capistratoides,Passeriformes,,False,0.25
Pellorneum malaccense,Passeriformes,NT,False,1.0
Pellorneum saturatum,Passeriformes,,False,0.25
Pellorneum poliogene,Passeriformes,,False,0.25
Pellorneum cinereiceps,Passeriformes,LC,False,0.5
Pellorneum albiventre,Passeriformes,LC,False,0.5
Pellorneum tickelli,Passeriformes,LC,False,0.5
Pellorneum buettikoferi,Passeriformes,NT,False,1.0
Pellorneum pyrrogenys,Passeriformes,LC,False,0.5
Pellorneum rostratum,Passeriformes,NT,False,1.0
Pellorneum macropterum,Passeriformes,,False,0.25
Pellorneum bicolor,Passeriformes,LC,False,0.5
Pellorneum celebense,Passeriformes,LC,False,0.5
Laticilla burnesii,Passeriformes,NT,False,1.0
Laticilla cinerascens,Passeriformes,EN,False,2.0
Illadopsis fulvescens,Passeriformes,LC,False,0.5
Illadopsis rufipennis,Passeriformes,LC,False,0.5
Illadopsis distans,Passeriformes,LC,False,0.5
Illadopsis pyrrhoptera,Passeriformes,LC,False,0.5
Illadopsis cleaveri,Passeriformes,LC,False,0.5
Illadopsis albipectus,Passeriformes,LC,False,0.5
Illadopsis turdina,Passeriformes,LC,False,0.5
Illadopsis puveli,Passeriformes,LC,False,0.5
Illadopsis rufescens,Passeriformes,NT,False,1.0
Kenopia striata,Passeriformes,NT,False,1.0
Malacocincla abbotti,Passeriformes,LC,False,0.5
Malacocincla sepiaria,Passeriformes,LC,False,0.5
Malacocincla perspicillata,Passeriformes,NT,False,1.0
Gypsophila crassa,Passeriformes,LC,False,0.5
Gypsophila brevicaudata,Passeriformes,LC,False,0.5
Gypsophila annamensis,Passeriformes,LC,False,0.5
Gypsophila calcicola,Passeriformes,VU,False,1.5
Gypsophila crispifrons,Passeriformes,LC,False,0.5
Gypsophila rufipecta,Passeriformes,LC,False,0.5
Ptilocichla mindanensis,Passeriformes,LC,False,0.5
Ptilocichla leucogrammica,Passeriformes,VU,False,1.5
Ptilocichla falcata,Passeriformes,VU,False,1.5
Napothera epilepidota,Passeriformes,LC,False,0.5
Napothera malacoptila,Passeriformes,LC,False,0.5
Napothera albostriata,Passeriformes,LC,False,0.5
Napothera pasquieri,Passeriformes,EN,False,2.0
Napothera naungmungensis,Passeriformes,NT,False,1.0
Napothera danjoui,Passeriformes,NT,False,1.0
Alcippe poioicephala,Passeriformes,LC,False,0.5
Alcippe grotei,Passeriformes,LC,False,0.5
Alcippe brunneicauda,Passeriformes,NT,False,1.0
Alcippe pyrrhoptera,Passeriformes,LC,False,0.5
Alcippe nipalensis,Passeriformes,LC,False,0.5
Alcippe davidi,Passeriformes,,False,0.25
Alcippe hueti,Passeriformes,,False,0.25
Alcippe morrisonia,Passeriformes,LC,False,0.5
Alcippe fratercula,Passeriformes,,False,0.25
Alcippe peracensis,Passeriformes,LC,False,0.5
Grammatoptila striata,Passeriformes,LC,False,0.5
Cutia nipalensis,Passeriformes,LC,False,0.5
Cutia legalleni,Passeriformes,NT,False,1.0
Laniellus langbianis,Passeriformes,NT,False,1.0
Laniellus albonotatus,Passeriformes,NT,False,1.0
Trochalopteron subunicolor,Passeriformes,LC,False,0.5
Trochalopteron austeni,Passeriformes,LC,False,0.5
Trochalopteron squamatum,Passeriformes,LC,False,0.5
Trochalopteron lineatum,Passeriformes,LC,False,0.5
Trochalopteron imbricatum,Passeriformes,LC,False,0.5
Trochalopteron virgatum,Passeriformes,LC,False,0.5
Trochalopteron variegatum,Passeriformes,LC,False,0.5
Trochalopteron affine,Passeriformes,LC,False,0.5
Trochalopteron morrisonianum,Passeriformes,LC,False,0.5
Trochalopteron henrici,Passeriformes,LC,False,0.5
Trochalopteron elliotii,Passeriformes,LC,False,0.5
Trochalopteron milnei,Passeriformes,LC,False,0.5
Trochalopteron yersini,Passeriformes,EN,False,2.0
Trochalopteron erythrocephalum,Passeriformes,LC,False,0.5
Trochalopteron chrysopterum,Passeriformes,LC,False,0.5
Trochalopteron formosum,Passeriformes,LC,False,0.5
Trochalopteron melanostigma,Passeriformes,LC,False,0.5
Trochalopteron ngoclinhense,Passeriformes,EN,False,2.0
Trochalopteron peninsulae,Passeriformes,LC,False,0.5
Montecincla jerdoni,Passeriformes,EN,False,2.0
Montecincla cachinnans,Passeriformes,NT,False,1.0
Montecincla fairbanki,Passeriformes,NT,False,1.0
Montecincla meridionalis,Passeriformes,VU,False,1.5
Heterophasia picaoides,Passeriformes,LC,False,0.5
Heterophasia auricularis,Passeriformes,LC,False,0.5
Heterophasia capistrata,Passeriformes,LC,False,0.5
Heterophasia pulchella,Passeriformes,LC,False,0.5
Heterophasia gracilis,Passeriformes,LC,False,0.5
Heterophasia melanoleuca,Passeriformes,LC,False,0.5
Heterophasia desgodinsi,Passeriformes,LC,False,0.5
Sibia nipalensis,Passeriformes,LC,False,0.5
Sibia morrisoniana,Passeriformes,LC,False,0.5
Sibia waldeni,Passeriformes,LC,False,0.5
Sibia souliei,Passeriformes,LC,False,0.5
Siva cyanouroptera,Passeriformes,LC,False,0.5
Chrysominla strigula,Passeriformes,LC,False,0.5
Actinodura egertoni,Passeriformes,LC,False,0.5
Actinodura ramsayi,Passeriformes,LC,False,0.5
Actinodura radcliffei,Passeriformes,LC,False,0.5
Actinodura sodangorum,Passeriformes,NT,False,1.0
Leiothrix lutea,Passeriformes,LC,False,0.5
Leiothrix argentauris,Passeriformes,LC,False,0.5
Leiothrix laurinae,Passeriformes,EN,False,2.0
Minla ignotincta,Passeriformes,LC,False,0.5
Leioptila annectens,Passeriformes,LC,False,0.5
Liocichla bugunorum,Passeriformes,CR,False,2.5
Liocichla omeiensis,Passeriformes,VU,False,1.5
Liocichla steerii,Passeriformes,LC,False,0.5
Liocichla phoenicea,Passeriformes,LC,False,0.5
Liocichla ripponi,Passeriformes,LC,False,0.5
Argya malcolmi,Passeriformes,LC,False,0.5
Argya cinereifrons,Passeriformes,VU,False,1.5
Argya longirostris,Passeriformes,VU,False,1.5
Argya subrufa,Passeriformes,LC,False,0.5
Argya rufescens,Passeriformes,LC,False,0.5
Argya striata,Passeriformes,LC,False,0.5
Argya somervillei,Passeriformes,LC,False,0.5
Argya affinis,Passeriformes,LC,False,0.5
Argya rubiginosa,Passeriformes,LC,False,0.5
Argya aylmeri,Passeriformes,LC,False,0.5
Argya altirostris,Passeriformes,LC,False,0.5
Argya huttoni,Passeriformes,,False,0.25
Argya caudata,Passeriformes,LC,False,0.5
Argya fulva,Passeriformes,LC,False,0.5
Argya squamiceps,Passeriformes,LC,False,0.5
Argya earlei,Passeriformes,LC,False,0.5
Argya gularis,Passeriformes,LC,False,0.5
Acanthoptila nipalensis,Passeriformes,LC,False,0.5
Phyllanthus atripennis,Passeriformes,VU,False,1.5
Phyllanthus rubiginosus,Passeriformes,NT,False,1.0
Phyllanthus bohndorffi,Passeriformes,LC,False,0.5
Kupeornis gilberti,Passeriformes,VU,False,1.5
Kupeornis chapini,Passeriformes,LC,False,0.5
Kupeornis rufocinctus,Passeriformes,EN,False,2.0
Turdoides plebejus,Passeriformes,LC,False,0.5
Turdoides leucopygia,Passeriformes,LC,False,0.5
Turdoides hindei,Passeriformes,VU,False,1.5
Turdoides squamulata,Passeriformes,LC,False,0.5
Turdoides jardineii,Passeriformes,LC,False,0.5
Turdoides gymnogenys,Passeriformes,LC,False,0.5
Turdoides leucocephala,Passeriformes,LC,False,0.5
Turdoides reinwardtii,Passeriformes,LC,False,0.5
Turdoides tenebrosa,Passeriformes,LC,False,0.5
Turdoides bicolor,Passeriformes,LC,False,0.5
Turdoides hartlaubii,Passeriformes,LC,False,0.5
Turdoides sharpei,Passeriformes,LC,False,0.5
Turdoides melanops,Passeriformes,LC,False,0.5
Turdoides hypoleuca,Passeriformes,LC,False,0.5
Garrulax merulinus,Passeriformes,LC,False,0.5
Garrulax annamensis,Passeriformes,EN,False,2.0
Garrulax canorus,Passeriformes,LC,False,0.5
Garrulax taewanus,Passeriformes,NT,False,1.0
Garrulax monileger,Passeriformes,LC,False,0.5
Garrulax rufifrons,Passeriformes,EN,False,2.0
Garrulax palliatus,Passeriformes,NT,False,1.0
Garrulax leucolophus,Passeriformes,LC,False,0.5
Garrulax bicolor,Passeriformes,EN,False,2.0
Garrulax milleti,Passeriformes,LC,False,0.5
Garrulax strepitans,Passeriformes,LC,False,0.5
Garrulax ferrarius,Passeriformes,LC,False,0.5
Garrulax maesi,Passeriformes,LC,False,0.5
Garrulax castanotis,Passeriformes,LC,False,0.5
Ianthocincla sukatschewi,Passeriformes,VU,False,1.5
Ianthocincla rufogularis,Passeriformes,LC,False,0.5
Ianthocincla konkakinhensis,Passeriformes,NT,False,1.0
Ianthocincla cineracea,Passeriformes,LC,False,0.5
Ianthocincla cinereiceps,Passeriformes,LC,False,0.5
Ianthocincla ocellata,Passeriformes,LC,False,0.5
Ianthocincla maxima,Passeriformes,LC,False,0.5
Ianthocincla bieti,Passeriformes,VU,False,1.5
Ianthocincla lunulata,Passeriformes,LC,False,0.5
Pterorhinus delesserti,Passeriformes,LC,False,0.5
Pterorhinus gularis,Passeriformes,LC,False,0.5
Pterorhinus vassali,Passeriformes,LC,False,0.5
Pterorhinus galbanus,Passeriformes,LC,False,0.5
Pterorhinus courtoisi,Passeriformes,CR,True,10.0
Pterorhinus mitratus,Passeriformes,NT,False,1.0
Pterorhinus treacheri,Passeriformes,LC,False,0.5
Pterorhinus ruficollis,Passeriformes,LC,False,0.5
Pterorhinus nuchalis,Passeriformes,NT,False,1.0
Pterorhinus chinensis,Passeriformes,LC,False,0.5
Pterorhinus sannio,Passeriformes,LC,False,0.5
Pterorhinus perspicillatus,Passeriformes,LC,False,0.5
Pterorhinus pectoralis,Passeriformes,LC,False,0.5
Pterorhinus davidi,Passeriformes,LC,False,0.5
Pterorhinus woodi,Passeriformes,LC,False,0.5
Pterorhinus lanceolatus,Passeriformes,LC,False,0.5
Pterorhinus waddelli,Passeriformes,LC,False,0.5
Pterorhinus koslowi,Passeriformes,LC,False,0.5
Pterorhinus albogularis,Passeriformes,LC,False,0.5
Pterorhinus ruficeps,Passeriformes,LC,False,0.5
Pterorhinus caerulatus,Passeriformes,LC,False,0.5
Pterorhinus berthemyi,Passeriformes,LC,False,0.5
Pterorhinus poecilorhynchus,Passeriformes,LC,False,0.5
Modulatrix stictigula,Passeriformes,LC,False,0.5
Arcanator orostruthus,Passeriformes,NT,False,1.0
Kakamega poliothorax,Passeriformes,LC,False,0.5
Promerops cafer,Passeriformes,LC,False,0.5
Promerops gurneyi,Passeriformes,NT,False,1.0
Irena puella,Passeriformes,LC,False,0.5
Irena tweeddalii,Passeriformes,NT,False,1.0
Irena cyanogastra,Passeriformes,NT,False,1.0
Corthylio calendula,Passeriformes,LC,True,2.0
Regulus ignicapilla,Passeriformes,LC,True,2.0
Regulus madeirensis,Passeriformes,LC,False,0.5
Regulus satrapa,Passeriformes,LC,True,2.0
Regulus goodfellowi,Passeriformes,LC,False,0.5
Regulus regulus,Passeriformes,LC,True,2.0
Elachura formosa,Passeriformes,LC,False,0.5
Hyliota flavigaster,Passeriformes,LC,False,0.5
Hyliota australis,Passeriformes,LC,False,0.5
Hyliota usambara,Passeriformes,EN,False,2.0
Hyliota violacea,Passeriformes,LC,False,0.5
Campylorhynchus albobrunneus,Passeriformes,LC,False,0.5
Campylorhynchus zonatus,Passeriformes,LC,False,0.5
Campylorhynchus megalopterus,Passeriformes,LC,False,0.5
Campylorhynchus nuchalis,Passeriformes,LC,False,0.5
Campylorhynchus fasciatus,Passeriformes,LC,False,0.5
Campylorhynchus chiapensis,Passeriformes,LC,False,0.5
Campylorhynchus griseus,Passeriformes,LC,False,0.5
Campylorhynchus rufinucha,Passeriformes,LC,False,0.5
Campylorhynchus humilis,Passeriformes,LC,False,0.5
Campylorhynchus capistratus,Passeriformes,LC,False,0.5
Campylorhynchus gularis,Passeriformes,LC,False,0.5
Campylorhynchus jocosus,Passeriformes,LC,False,0.5
Campylorhynchus yucatanicus,Passeriformes,NT,False,1.0
Campylorhynchus brunneicapillus,Passeriformes,LC,False,0.5
Campylorhynchus turdinus,Passeriformes,LC,False,0.5
Odontorchilus branickii,Passeriformes,LC,False,0.5
Odontorchilus cinereus,Passeriformes,LC,False,0.5
Salpinctes obsoletus,Passeriformes,LC,False,0.5
Catherpes mexicanus,Passeriformes,LC,False,0.5
Hylorchilus sumichrasti,Passeriformes,NT,False,1.0
Hylorchilus navai,Passeriformes,VU,False,1.5
Cinnycerthia unirufa,Passeriformes,LC,False,0.5
Cinnycerthia olivascens,Passeriformes,LC,False,0.5
Cinnycerthia peruana,Passeriformes,LC,False,0.5
Cinnycerthia fulva,Passeriformes,LC,False,0.5
Cistothorus stellaris,Passeriformes,LC,True,2.0
Cistothorus meridae,Passeriformes,LC,False,0.5
Cistothorus apolinari,Passeriformes,EN,False,2.0
Cistothorus platensis,Passeriformes,LC,False,0.5
Cistothorus palustris,Passeriformes,LC,True,2.0
Thryomanes bewickii,Passeriformes,LC,True,2.0
Ferminia cerverai,Passeriformes,EN,False,2.0
Pheugopedius atrogularis,Passeriformes,LC,False,0.5
Pheugopedius spadix,Passeriformes,LC,False,0.5
Pheugopedius fasciatoventris,Passeriformes,LC,False,0.5
Pheugopedius euophrys,Passeriformes,LC,False,0.5
Pheugopedius schulenbergi,Passeriformes,LC,False,0.5
Pheugopedius eisenmanni,Passeriformes,LC,False,0.5
Pheugopedius genibarbis,Passeriformes,LC,False,0.5
Pheugopedius mystacalis,Passeriformes,LC,False,0.5
Pheugopedius coraya,Passeriformes,LC,False,0.5
Pheugopedius felix,Passeriformes,LC,False,0.5
Pheugopedius maculipectus,Passeriformes,LC,False,0.5
Pheugopedius rutilus,Passeriformes,LC,False,0.5
Pheugopedius sclateri,Passeriformes,LC,False,0.5
Pheugopedius columbianus,Passeriformes,LC,False,0.5
Pheugopedius paucimaculatus,Passeriformes,LC,False,0.5
Thryophilus pleurostictus,Passeriformes,LC,False,0.5
Thryophilus rufalbus,Passeriformes,LC,False,0.5
Thryophilus sernai,Passeriformes,VU,False,1.5
Thryophilus nicefori,Passeriformes,CR,False,2.5
Thryophilus sinaloa,Passeriformes,LC,False,0.5
Cantorchilus modestus,Passeriformes,LC,False,0.5
Cantorchilus zeledoni,Passeriformes,LC,False,0.5
Cantorchilus elutus,Passeriformes,,False,0.25
Cantorchilus leucotis,Passeriformes,LC,False,0.5
Cantorchilus superciliaris,Passeriformes,LC,False,0.5
Cantorchilus guarayanus,Passeriformes,LC,False,0.5
Cantorchilus longirostris,Passeriformes,LC,False,0.5
Cantorchilus griseus,Passeriformes,LC,False,0.5
Cantorchilus semibadius,Passeriformes,LC,False,0.5
Cantorchilus nigricapillus,Passeriformes,LC,False,0.5
Cantorchilus thoracicus,Passeriformes,LC,False,0.5
Cantorchilus leucopogon,Passeriformes,LC,False,0.5
Thryothorus ludovicianus,Passeriformes,LC,False,0.5
Thryothorus albinucha,Passeriformes,LC,False,0.5
Troglodytes troglodytes,Passeriformes,LC,True,2.0
Troglodytes hiemalis,Passeriformes,LC,True,2.0
Troglodytes pacificus,Passeriformes,LC,True,2.0
Troglodytes tanneri,Passeriformes,VU,False,1.5
Troglodytes aedon,Passeriformes,LC,True,2.0
Troglodytes musculus,Passeriformes,,False,0.25
Troglodytes beani,Passeriformes,LC,False,0.5
Troglodytes martinicensis,Passeriformes,,False,0.25
Troglodytes mesoleucus,Passeriformes,,False,0.25
Troglodytes musicus,Passeriformes,,False,0.25
Troglodytes grenadensis,Passeriformes,,False,0.25
Troglodytes cobbi,Passeriformes,LC,False,0.5
Troglodytes sissonii,Passeriformes,NT,False,1.0
Troglodytes rufociliatus,Passeriformes,LC,False,0.5
Troglodytes ochraceus,Passeriformes,LC,False,0.5
Troglodytes solstitialis,Passeriformes,LC,False,0.5
Troglodytes monticola,Passeriformes,CR,False,2.5
Troglodytes rufulus,Passeriformes,LC,False,0.5
Thryorchilus browni,Passeriformes,LC,False,0.5
Uropsila leucogastra,Passeriformes,LC,False,0.5
Henicorhina leucosticta,Passeriformes,LC,False,0.5
Henicorhina leucophrys,Passeriformes,LC,False,0.5
Henicorhina anachoreta,Passeriformes,NT,False,1.0
Henicorhina leucoptera,Passeriformes,LC,False,0.5
Henicorhina negreti,Passeriformes,VU,False,1.5
Microcerculus philomela,Passeriformes,LC,False,0.5
Microcerculus marginatus,Passeriformes,LC,False,0.5
Microcerculus ustulatus,Passeriformes,LC,False,0.5
Microcerculus bambla,Passeriformes,LC,False,0.5
Cyphorhinus dichrous,Passeriformes,LC,False,0.5
Cyphorhinus thoracicus,Passeriformes,LC,False,0.5
Cyphorhinus arada,Passeriformes,LC,False,0.5
Cyphorhinus phaeocephalus,Passeriformes,LC,False,0.5
Ramphocaenus sticturus,Passeriformes,,False,0.25
Ramphocaenus melanurus,Passeriformes,LC,False,0.5
Microbates cinereiventris,Passeriformes,LC,False,0.5
Microbates collaris,Passeriformes,LC,False,0.5
Polioptila facilis,Passeriformes,,False,0.25
Polioptila guianensis,Passeriformes,LC,False,0.5
Polioptila schistaceigula,Passeriformes,LC,False,0.5
Polioptila paraensis,Passeriformes,,False,0.25
Polioptila clementsi,Passeriformes,,False,0.25
Polioptila attenboroughi,Passeriformes,,False,0.25
Polioptila plumbea,Passeriformes,LC,False,0.5
Polioptila maior,Passeriformes,LC,False,0.5
Polioptila lactea,Passeriformes,LC,False,0.5
Polioptila dumicola,Passeriformes,LC,False,0.5
Polioptila lembeyei,Passeriformes,LC,False,0.5
Polioptila albiventris,Passeriformes,,False,0.25
Polioptila bilineata,Passeriformes,,False,0.25
Polioptila caerulea,Passeriformes,LC,True,2.0
Polioptila melanura,Passeriformes,LC,False,0.5
Polioptila californica,Passeriformes,LC,False,0.5
Polioptila nigriceps,Passeriformes,LC,False,0.5
Polioptila albiloris,Passeriformes,LC,False,0.5
Sitta leucopsis,Passeriformes,LC,False,0.5
Sitta przewalskii,Passeriformes,LC,False,0.5
Sitta magna,Passeriformes,EN,False,2.0
Sitta carolinensis,Passeriformes,LC,False,0.5
Sitta formosa,Passeriformes,VU,False,1.5
Sitta azurea,Passeriformes,LC,False,0.5
Sitta frontalis,Passeriformes,LC,False,0.5
Sitta solangiae,Passeriformes,NT,False,1.0
Sitta oenochlamys,Passeriformes,LC,False,0.5
Sitta pygmaea,Passeriformes,LC,False,0.5
Sitta pusilla,Passeriformes,LC,False,0.5
Sitta insularis,Passeriformes,CR,False,2.5
Sitta yunnanensis,Passeriformes,LC,False,0.5
Sitta ledanti,Passeriformes,EN,False,2.0
Sitta krueperi,Passeriformes,LC,False,0.5
Sitta canadensis,Passeriformes,LC,False,0.5
Sitta whiteheadi,Passeriformes,VU,False,1.5
Sitta villosa,Passeriformes,LC,True,2.0
Sitta neumayer,Passeriformes,LC,False,0.5
Sitta tephronota,Passeriformes,LC,False,0.5
Sitta arctica,Passeriformes,LC,False,0.5
Sitta victoriae,Passeriformes,EN,False,2.0
Sitta himalayensis,Passeriformes,LC,False,0.5
Sitta europaea,Passeriformes,LC,False,0.5
Sitta nagaensis,Passeriformes,LC,False,0.5
Sitta cashmirensis,Passeriformes,LC,False,0.5
Sitta castanea,Passeriformes,LC,False,0.5
Sitta cinnamoventris,Passeriformes,LC,False,0.5
Sitta neglecta,Passeriformes,LC,False,0.5
Tichodroma muraria,Passeriformes,LC,False,0.5
Certhia familiaris,Passeriformes,LC,True,2.0
Certhia hodgsoni,Passeriformes,LC,False,0.5
Certhia americana,Passeriformes,LC,True,2.0
Certhia brachydactyla,Passeriformes,LC,False,0.5
Certhia himalayana,Passeriformes,LC,False,0.5
Certhia nipalensis,Passeriformes,LC,False,0.5
Certhia discolor,Passeriformes,LC,False,0.5
Certhia manipurensis,Passeriformes,LC,False,0.5
Certhia tianquanensis,Passeriformes,LC,False,0.5
Salpornis spilonota,Passeriformes,LC,False,0.5
Salpornis salvadori,Passeriformes,LC,False,0.5
Dumetella carolinensis,Passeriformes,LC,True,2.0
Melanoptila glabrirostris,Passeriformes,LC,False,0.5
Mimus polyglottos,Passeriformes,LC,False,0.5
Mimus gilvus,Passeriformes,LC,False,0.5
Mimus gundlachii,Passeriformes,LC,False,0.5
Mimus thenca,Passeriformes,LC,False,0.5
Mimus longicaudatus,Passeriformes,LC,False,0.5
Mimus saturninus,Passeriformes,LC,False,0.5
Mimus patagonicus,Passeriformes,LC,True,2.0
Mimus triurus,Passeriformes,LC,True,2.0
Mimus dorsalis,Passeriformes,LC,False,0.5
Mimus parvulus,Passeriformes,LC,False,0.5
Mimus trifasciatus,Passeriformes,EN,False,2.0
Mimus macdonaldi,Passeriformes,VU,False,1.5
Mimus melanotis,Passeriformes,NT,False,1.0
Mimus graysoni,Passeriformes,CR,False,2.5
Oreoscoptes montanus,Passeriformes,LC,True,2.0
Toxostoma rufum,Passeriformes,LC,False,0.5
Toxostoma longirostre,Passeriformes,LC,False,0.5
Toxostoma guttatum,Passeriformes,CR,False,2.5
Toxostoma cinereum,Passeriformes,LC,False,0.5
Toxostoma bendirei,Passeriformes,VU,True,6.0
Toxostoma ocellatum,Passeriformes,LC,False,0.5
Toxostoma curvirostre,Passeriformes,LC,False,0.5
Toxostoma redivivum,Passeriformes,LC,False,0.5
Toxostoma crissale,Passeriformes,LC,False,0.5
Toxostoma lecontei,Passeriformes,LC,False,0.5
Ramphocinclus brachyurus,Passeriformes,EN,False,2.0
Ramphocinclus sanctaeluciae,Passeriformes,,False,0.25
Melanotis caerulescens,Passeriformes,LC,False,0.5
Melanotis hypoleucus,Passeriformes,LC,False,0.5
Allenia fusca,Passeriformes,LC,False,0.5
Margarops fuscatus,Passeriformes,LC,False,0.5
Cinclocerthia ruficauda,Passeriformes,LC,False,0.5
Cinclocerthia gutturalis,Passeriformes,LC,False,0.5
Aplonis metallica,Passeriformes,LC,False,0.5
Aplonis circumscripta,Passeriformes,NT,False,1.0
Aplonis mystacea,Passeriformes,LC,False,0.5
Aplonis cantoroides,Passeriformes,LC,False,0.5
Aplonis crassa,Passeriformes,NT,False,1.0
Aplonis feadensis,Passeriformes,NT,False,1.0
Aplonis insularis,Passeriformes,LC,False,0.5
Aplonis magna,Passeriformes,LC,False,0.5
Aplonis brunneicapillus,Passeriformes,VU,False,1.5
Aplonis grandis,Passeriformes,LC,False,0.5
Aplonis dichroa,Passeriformes,LC,False,0.5
Aplonis zelandica,Passeriformes,LC,False,0.5
Aplonis striata,Passeriformes,LC,False,0.5
Aplonis fusca,Passeriformes,EX,False,0.25
Aplonis santovestris,Passeriformes,EN,False,2.0
Aplonis panayensis,Passeriformes,LC,False,0.5
Aplonis mysolensis,Passeriformes,LC,False,0.5
Aplonis minor,Passeriformes,LC,False,0.5
Aplonis opaca,Passeriformes,LC,False,0.5
Aplonis pelzelni,Passeriformes,CR,False,2.5
Aplonis tabuensis,Passeriformes,LC,False,0.5
Aplonis atrifusca,Passeriformes,LC,False,0.5
Aplonis corvina,Passeriformes,EX,False,0.25
Aplonis mavornata,Passeriformes,EX,False,0.25
Aplonis cinerascens,Passeriformes,NT,False,1.0
Mino dumontii,Passeriformes,LC,False,0.5
Mino kreffti,Passeriformes,LC,False,0.5
Mino anais,Passeriformes,LC,False,0.5
Basilornis celebensis,Passeriformes,LC,False,0.5
Basilornis galeatus,Passeriformes,NT,False,1.0
Basilornis corythaix,Passeriformes,LC,False,0.5
Goodfellowia miranda,Passeriformes,NT,False,1.0
Sarcops calvus,Passeriformes,LC,False,0.5
Streptocitta albicollis,Passeriformes,LC,False,0.5
Streptocitta torquata,Passeriformes,LC,False,0.5
Streptocitta albertinae,Passeriformes,NT,False,1.0
Enodes erythrophris,Passeriformes,LC,False,0.5
Scissirostrum dubium,Passeriformes,LC,False,0.5
Saroglossa spilopterus,Passeriformes,LC,True,2.0
Ampeliceps coronatus,Passeriformes,LC,False,0.5
Gracula ptilogenys,Passeriformes,NT,False,1.0
Gracula religiosa,Passeriformes,LC,False,0.5
Gracula robusta,Passeriformes,CR,False,2.5
Gracula venerata,Passeriformes,EN,False,2.0
Gracula indica,Passeriformes,LC,False,0.5
Acridotheres grandis,Passeriformes,LC,False,0.5
Acridotheres cristatellus,Passeriformes,LC,False,0.5
Acridotheres javanicus,Passeriformes,VU,False,1.5
Acridotheres cinereus,Passeriformes,VU,False,1.5
Acridotheres fuscus,Passeriformes,LC,False,0.5
Acridotheres albocinctus,Passeriformes,LC,False,0.5
Acridotheres ginginianus,Passeriformes,LC,False,0.5
Acridotheres tristis,Passeriformes,LC,False,0.5
Acridotheres burmannicus,Passeriformes,LC,False,0.5
Acridotheres leucocephalus,Passeriformes,LC,False,0.5
Acridotheres melanopterus,Passeriformes,EN,False,2.0
Spodiopsar sericeus,Passeriformes,LC,False,0.5
Spodiopsar cineraceus,Passeriformes,LC,True,2.0
Gracupica nigricollis,Passeriformes,LC,False,0.5
Gracupica contra,Passeriformes,LC,False,0.5
Gracupica floweri,Passeriformes,LC,False,0.5
Gracupica jalla,Passeriformes,CR,False,2.5
Agropsar sturninus,Passeriformes,LC,True,2.0
Agropsar philippensis,Passeriformes,LC,True,2.0
Sturnia sinensis,Passeriformes,LC,True,2.0
Sturnia malabarica,Passeriformes,LC,False,0.5
Sturnia erythropygia,Passeriformes,LC,False,0.5
Sturnia blythii,Passeriformes,,False,0.25
Sturnia pagodarum,Passeriformes,LC,True,2.0
Sturnornis albofrontatus,Passeriformes,VU,False,1.5
Leucopsar rothschildi,Passeriformes,CR,False,2.5
Fregilupus varius,Passeriformes,EX,False,0.25
Necropsar rodericanus,Passeriformes,EX,False,0.25
Pastor roseus,Passeriformes,LC,True,2.0
Sturnus vulgaris,Passeriformes,LC,True,2.0
Sturnus unicolor,Passeriformes,LC,False,0.5
Creatophora cinerea,Passeriformes,LC,False,0.5
Notopholia corusca,Passeriformes,LC,False,0.5
Hylopsar purpureiceps,Passeriformes,LC,False,0.5
Hylopsar cupreocauda,Passeriformes,NT,False,1.0
Lamprotornis nitens,Passeriformes,LC,False,0.5
Lamprotornis chalybaeus,Passeriformes,LC,False,0.5
Lamprotornis chloropterus,Passeriformes,LC,False,0.5
Lamprotornis chalcurus,Passeriformes,LC,False,0.5
Lamprotornis splendidus,Passeriformes,LC,False,0.5
Lamprotornis ornatus,Passeriformes,LC,False,0.5
Lamprotornis iris,Passeriformes,LC,False,0.5
Lamprotornis purpureus,Passeriformes,LC,False,0.5
Lamprotornis purpuroptera,Passeriformes,LC,False,0.5
Lamprotornis caudatus,Passeriformes,LC,False,0.5
Lamprotornis regius,Passeriformes,LC,False,0.5
Lamprotornis mevesii,Passeriformes,LC,False,0.5
Lamprotornis benguelensis,Passeriformes,LC,False,0.5
Lamprotornis violacior,Passeriformes,LC,False,0.5
Lamprotornis australis,Passeriformes,LC,False,0.5
Lamprotornis acuticaudus,Passeriformes,LC,False,0.5
Lamprotornis superbus,Passeriformes,LC,False,0.5
Lamprotornis hildebrandti,Passeriformes,LC,False,0.5
Lamprotornis shelleyi,Passeriformes,LC,True,2.0
Lamprotornis pulcher,Passeriformes,LC,False,0.5
Lamprotornis unicolor,Passeriformes,LC,False,0.5
Lamprotornis fischeri,Passeriformes,LC,False,0.5
Lamprotornis bicolor,Passeriformes,LC,False,0.5
Lamprotornis albicapillus,Passeriformes,LC,False,0.5
Hartlaubius auratus,Passeriformes,LC,False,0.5
Cinnyricinclus leucogaster,Passeriformes,LC,True,2.0
Onychognathus morio,Passeriformes,LC,False,0.5
Onychognathus tenuirostris,Passeriformes,LC,False,0.5
Onychognathus fulgidus,Passeriformes,LC,False,0.5
Onychognathus walleri,Passeriformes,LC,False,0.5
Onychognathus blythii,Passeriformes,LC,False,0.5
Onychognathus frater,Passeriformes,LC,False,0.5
Onychognathus tristramii,Passeriformes,LC,False,0.5
Onychognathus nabouroup,Passeriformes,LC,False,0.5
Onychognathus salvadorii,Passeriformes,LC,False,0.5
Onychognathus albirostris,Passeriformes,LC,False,0.5
Onychognathus neumanni,Passeriformes,LC,False,0.5
Poeoptera stuhlmanni,Passeriformes,LC,False,0.5
Poeoptera kenricki,Passeriformes,LC,False,0.5
Poeoptera lugubris,Passeriformes,LC,False,0.5
Pholia sharpii,Passeriformes,LC,False,0.5
Arizelopsar femoralis,Passeriformes,EN,False,2.0
Grafisia torquata,Passeriformes,LC,False,0.5
Speculipastor bicolor,Passeriformes,LC,False,0.5
Neocichla gutturalis,Passeriformes,LC,False,0.5
Rhabdornis mystacalis,Passeriformes,LC,False,0.5
Rhabdornis inornatus,Passeriformes,LC,False,0.5
Rhabdornis rabori,Passeriformes,LC,False,0.5
Rhabdornis grandis,Passeriformes,LC,False,0.5
Buphagus africanus,Passeriformes,LC,False,0.5
Buphagus erythrorynchus,Passeriformes,LC,False,0.5
Grandala coelicolor,Passeriformes,LC,False,0.5
Sialia currucoides,Passeriformes,LC,True,2.0
Sialia mexicana,Passeriformes,LC,False,0.5
Sialia sialis,Passeriformes,LC,False,0.5
Stizorhina finschi,Passeriformes,LC,False,0.5
Stizorhina fraseri,Passeriformes,LC,False,0.5
Neocossyphus poensis,Passeriformes,LC,False,0.5
Neocossyphus rufus,Passeriformes,LC,False,0.5
Pinarornis plumosus,Passeriformes,LC,False,0.5
Myadestes occidentalis,Passeriformes,LC,False,0.5
Myadestes unicolor,Passeriformes,LC,False,0.5
Myadestes townsendi,Passeriformes,LC,True,2.0
Myadestes myadestinus,Passeriformes,EX,False,0.25
Myadestes woahensis,Passeriformes,EX,False,0.25
Myadestes lanaiensis,Passeriformes,CR (PE),False,0.25
Myadestes obscurus,Passeriformes,NT,False,1.0
Myadestes palmeri,Passeriformes,CR,False,2.5
Myadestes elisabeth,Passeriformes,NT,False,1.0
Myadestes genibarbis,Passeriformes,LC,False,0.5
Myadestes melanops,Passeriformes,LC,False,0.5
Myadestes coloratus,Passeriformes,NT,False,1.0
Myadestes ralloides,Passeriformes,LC,False,0.5
Chlamydochaera jefferyi,Passeriformes,LC,False,0.5
Cochoa purpurea,Passeriformes,LC,False,0.5
Cochoa viridis,Passeriformes,LC,False,0.5
Cochoa beccarii,Passeriformes,LC,False,0.5
Cochoa azurea,Passeriformes,VU,False,1.5
Ixoreus naevius,Passeriformes,LC,False,0.5
Ridgwayia pinicola,Passeriformes,LC,False,0.5
Cichlopsis leucogenys,Passeriformes,EN,False,2.0
Cichlopsis gularis,Passeriformes,NT,False,1.0
Cichlopsis chubbi,Passeriformes,NT,False,1.0
Cichlopsis peruviana,Passeriformes,NT,False,1.0
Entomodestes coracinus,Passeriformes,LC,False,0.5
Entomodestes leucotis,Passeriformes,LC,False,0.5
Hylocichla mustelina,Passeriformes,LC,True,2.0
Catharus dryas,Passeriformes,LC,False,0.5
Catharus maculatus,Passeriformes,LC,False,0.5
Catharus aurantiirostris,Passeriformes,LC,False,0.5
Catharus mexicanus,Passeriformes,LC,False,0.5
Catharus fuscater,Passeriformes,LC,False,0.5
Catharus ustulatus,Passeriformes,LC,True,2.0
Catharus swainsoni,Passeriformes,LC,True,2.0
Catharus gracilirostris,Passeriformes,LC,False,0.5
Catharus guttatus,Passeriformes,LC,True,2.0
Catharus occidentalis,Passeriformes,LC,False,0.5
Catharus frantzii,Passeriformes,LC,False,0.5
Catharus minimus,Passeriformes,LC,True,2.0
Catharus bicknelli,Passeriformes,VU,True,6.0
Catharus fuscescens,Passeriformes,LC,True,2.0
Zoothera dixoni,Passeriformes,LC,False,0.5
Zoothera mollissima,Passeriformes,LC,False,0.5
Zoothera salimalii,Passeriformes,LC,True,2.0
Zoothera griseiceps,Passeriformes,LC,False,0.5
Zoothera monticola,Passeriformes,LC,False,0.5
Zoothera heinrichi,Passeriformes,LC,False,0.5
Zoothera marginata,Passeriformes,LC,False,0.5
Zoothera everetti,Passeriformes,NT,False,1.0
Zoothera andromedae,Passeriformes,LC,False,0.5
Zoothera aurea,Passeriformes,LC,True,2.0
Zoothera dauma,Passeriformes,LC,True,2.0
Zoothera neilgherriensis,Passeriformes,,False,0.25
Zoothera imbricata,Passeriformes,,False,0.25
Zoothera major,Passeriformes,LC,False,0.5
Zoothera terrestris,Passeriformes,EX,False,0.25
Zoothera turipavae,Passeriformes,NT,False,1.0
Zoothera margaretae,Passeriformes,NT,False,1.0
Zoothera heinei,Passeriformes,LC,False,0.5
Zoothera machiki,Passeriformes,NT,False,1.0
Zoothera lunulata,Passeriformes,LC,False,0.5
Zoothera talaseae,Passeriformes,LC,False,0.5
Zoothera atrigena,Passeriformes,NT,False,1.0
Geokichla sibirica,Passeriformes,LC,True,2.0
Geokichla wardii,Passeriformes,LC,True,2.0
Geokichla princei,Passeriformes,LC,False,0.5
Geokichla camaronensis,Passeriformes,LC,False,0.5
Geokichla guttata,Passeriformes,VU,True,6.0
Geokichla spiloptera,Passeriformes,NT,False,1.0
Geokichla crossleyi,Passeriformes,LC,False,0.5
Geokichla piaggiae,Passeriformes,LC,False,0.5
Geokichla oberlaenderi,Passeriformes,NT,False,1.0
Geokichla gurneyi,Passeriformes,LC,False,0.5
Geokichla citrina,Passeriformes,LC,True,2.0
Geokichla dumasi,Passeriformes,NT,False,1.0
Geokichla joiceyi,Passeriformes,NT,False,1.0
Geokichla peronii,Passeriformes,NT,False,1.0
Geokichla schistacea,Passeriformes,NT,False,1.0
Geokichla interpres,Passeriformes,EN,False,2.0
Geokichla leucolaema,Passeriformes,NT,False,1.0
Geokichla dohertyi,Passeriformes,NT,False,1.0
Geokichla cinerea,Passeriformes,VU,True,6.0
Geokichla erythronota,Passeriformes,NT,False,1.0
Geokichla mendeni,Passeriformes,NT,False,1.0
Psophocichla simensis,Passeriformes,LC,False,0.5
Psophocichla litsitsirupa,Passeriformes,LC,False,0.5
Otocichla mupinensis,Passeriformes,LC,False,0.5
Turdus philomelos,Passeriformes,LC,True,2.0
Turdus viscivorus,Passeriformes,LC,False,0.5
Turdus pelios,Passeriformes,LC,False,0.5
Turdus xanthorhynchus,Passeriformes,CR,False,2.5
Turdus olivaceofuscus,Passeriformes,LC,False,0.5
Turdus abyssinicus,Passeriformes,LC,False,0.5
Turdus helleri,Passeriformes,EN,False,2.0
Turdus roehli,Passeriformes,NT,False,1.0
Turdus olivaceus,Passeriformes,LC,False,0.5
Turdus libonyana,Passeriformes,LC,False,0.5
Turdus bewsheri,Passeriformes,NT,False,1.0
Turdus tephronotus,Passeriformes,LC,False,0.5
Turdus smithi,Passeriformes,LC,False,0.5
Turdus ludoviciae,Passeriformes,LC,False,0.5
Turdus mandarinus,Passeriformes,LC,False,0.5
Turdus iliacus,Passeriformes,NT,True,4.0
Turdus merula,Passeriformes,LC,True,2.0
Turdus menachensis,Passeriformes,NT,False,1.0
Turdus niveiceps,Passeriformes,LC,False,0.5
Turdus boulboul,Passeriformes,LC,False,0.5
Turdus simillimus,Passeriformes,LC,False,0.5
Turdus unicolor,Passeriformes,LC,True,2.0
Turdus dissimilis,Passeriformes,LC,False,0.5
Turdus cardis,Passeriformes,LC,True,2.0
Turdus hortulorum,Passeriformes,LC,True,2.0
Turdus obscurus,Passeriformes,LC,True,2.0
Turdus pallidus,Passeriformes,LC,True,2.0
Turdus feae,Passeriformes,VU,True,6.0
Turdus chrysolaus,Passeriformes,LC,True,2.0
Turdus celaenops,Passeriformes,VU,False,1.5
Turdus mindorensis,Passeriformes,,False,0.25
Turdus thomassoni,Passeriformes,,False,0.25
Turdus nigrorum,Passeriformes,,False,0.25
Turdus schlegelii,Passeriformes,,False,0.25
Turdus erythropleurus,Passeriformes,,False,0.25
Turdus javanicus,Passeriformes,,False,0.25
Turdus deningeri,Passeriformes,,False,0.25
Turdus papuensis,Passeriformes,,False,0.25
Turdus heinrothi,Passeriformes,,False,0.25
Turdus bougainvillei,Passeriformes,,False,0.25
Turdus kulambangrae,Passeriformes,,False,0.25
Turdus vanikorensis,Passeriformes,,False,0.25
Turdus pritzbueri,Passeriformes,,False,0.25
Turdus xanthopus,Passeriformes,,False,0.25
Turdus poliocephalus,Passeriformes,EX,False,0.25
Turdus samoensis,Passeriformes,,False,0.25
Turdus ruficeps,Passeriformes,,False,0.25
Turdus maximus,Passeriformes,LC,False,0.5
Turdus kessleri,Passeriformes,LC,False,0.5
Turdus pilaris,Passeriformes,LC,True,2.0
Turdus torquatus,Passeriformes,LC,True,2.0
Turdus atrogularis,Passeriformes,LC,True,2.0
Turdus ruficollis,Passeriformes,LC,True,2.0
Turdus eunomus,Passeriformes,LC,True,2.0
Turdus naumanni,Passeriformes,LC,True,2.0
Turdus rubrocanus,Passeriformes,LC,False,0.5
Turdus albocinctus,Passeriformes,LC,False,0.5
Cataponera turdoides,Passeriformes,LC,False,0.5
Turdus migratorius,Passeriformes,LC,True,2.0
Turdus confinis,Passeriformes,LC,False,0.5
Turdus infuscatus,Passeriformes,LC,False,0.5
Turdus rufitorques,Passeriformes,LC,False,0.5
Turdus nigrescens,Passeriformes,LC,False,0.5
Turdus plumbeus,Passeriformes,LC,False,0.5
Turdus rubripes,Passeriformes,LC,False,0.5
Turdus ardosiaceus,Passeriformes,LC,False,0.5
Aplonis ulietensis,Passeriformes,EX,False,0.25
Turdus ravidus,Passeriformes,EX,False,0.25
Turdus aurantius,Passeriformes,LC,False,0.5
Turdus lherminieri,Passeriformes,NT,False,1.0
Turdus plebejus,Passeriformes,LC,False,0.5
Turdus leucops,Passeriformes,LC,False,0.5
Turdus jamaicensis,Passeriformes,LC,False,0.5
Turdus swalesi,Passeriformes,VU,False,1.5
Turdus fulviventris,Passeriformes,LC,False,0.5
Turdus reevei,Passeriformes,LC,False,0.5
Turdus chiguanco,Passeriformes,LC,False,0.5
Turdus anthracinus,Passeriformes,LC,False,0.5
Turdus nigriceps,Passeriformes,LC,False,0.5
Turdus serranus,Passeriformes,LC,False,0.5
Turdus olivater,Passeriformes,LC,False,0.5
Turdus fuscater,Passeriformes,LC,False,0.5
Turdus falcklandii,Passeriformes,LC,False,0.5
Turdus lawrencii,Passeriformes,LC,False,0.5
Turdus murinus,Passeriformes,,False,0.25
Turdus subalaris,Passeriformes,LC,True,2.0
Turdus amaurochalinus,Passeriformes,LC,False,0.5
Turdus eremita,Passeriformes,NT,False,1.0
Turdus maranonicus,Passeriformes,LC,False,0.5
Turdus ignobilis,Passeriformes,LC,False,0.5
Turdus debilis,Passeriformes,LC,False,0.5
Turdus arthuri,Passeriformes,LC,False,0.5
Turdus flavipes,Passeriformes,LC,False,0.5
Turdus assimilis,Passeriformes,LC,False,0.5
Turdus daguae,Passeriformes,,False,0.25
Turdus albicollis,Passeriformes,LC,False,0.5
Turdus rufopalliatus,Passeriformes,LC,False,0.5
Turdus obsoletus,Passeriformes,LC,False,0.5
Turdus leucomelas,Passeriformes,LC,False,0.5
Turdus fumigatus,Passeriformes,LC,False,0.5
Turdus hauxwelli,Passeriformes,LC,False,0.5
Turdus rufiventris,Passeriformes,LC,False,0.5
Turdus grayi,Passeriformes,LC,False,0.5
Turdus nudigenis,Passeriformes,LC,False,0.5
Turdus maculirostris,Passeriformes,LC,False,0.5
Turdus sanchezorum,Passeriformes,LC,False,0.5
Turdus haplochrous,Passeriformes,NT,False,1.0
Alethe diademata,Passeriformes,LC,False,0.5
Alethe castanea,Passeriformes,LC,False,0.5
Tychaedon coryphoeus,Passeriformes,LC,False,0.5
Tychaedon signata,Passeriformes,LC,False,0.5
Tychaedon leucosticta,Passeriformes,LC,False,0.5
Tychaedon quadrivirgata,Passeriformes,LC,False,0.5
Tychaedon barbata,Passeriformes,LC,False,0.5
Cercotrichas paena,Passeriformes,LC,False,0.5
Cercotrichas podobe,Passeriformes,LC,False,0.5
Cercotrichas galactotes,Passeriformes,LC,True,2.0
Cercotrichas hartlaubi,Passeriformes,LC,False,0.5
Cercotrichas leucophrys,Passeriformes,LC,False,0.5
Copsychus saularis,Passeriformes,LC,False,0.5
Copsychus sechellarum,Passeriformes,EN,False,2.0
Copsychus mindanensis,Passeriformes,LC,False,0.5
Copsychus albospecularis,Passeriformes,LC,False,0.5
Copsychus pica,Passeriformes,LC,False,0.5
Copsychus pyrropygus,Passeriformes,NT,False,1.0
Copsychus fulicatus,Passeriformes,LC,False,0.5
Copsychus luzoniensis,Passeriformes,LC,False,0.5
Copsychus superciliaris,Passeriformes,LC,False,0.5
Copsychus niger,Passeriformes,LC,False,0.5
Copsychus cebuensis,Passeriformes,LC,False,0.5
Copsychus albiventris,Passeriformes,LC,False,0.5
Copsychus omissus,Passeriformes,,False,0.25
Copsychus stricklandii,Passeriformes,,False,0.25
Copsychus barbouri,Passeriformes,,False,0.25
Copsychus nigricauda,Passeriformes,,False,0.25
Copsychus leggei,Passeriformes,,False,0.25
Copsychus malabaricus,Passeriformes,LC,False,0.5
Agricola pallidus,Passeriformes,LC,True,2.0
Agricola infuscatus,Passeriformes,LC,False,0.5
Fraseria cinerascens,Passeriformes,LC,False,0.5
Fraseria ocreata,Passeriformes,LC,False,0.5
Fraseria griseigularis,Passeriformes,LC,False,0.5
Fraseria plumbea,Passeriformes,LC,False,0.5
Fraseria olivascens,Passeriformes,LC,False,0.5
Fraseria lendu,Passeriformes,VU,False,1.5
Fraseria caerulescens,Passeriformes,LC,False,0.5
Fraseria tessmanni,Passeriformes,LC,False,0.5
Melaenornis brunneus,Passeriformes,LC,False,0.5
Melaenornis fischeri,Passeriformes,LC,False,0.5
Melaenornis chocolatinus,Passeriformes,LC,False,0.5
Melaenornis annamarulae,Passeriformes,VU,False,1.5
Melaenornis ardesiacus,Passeriformes,LC,False,0.5
Melaenornis edolioides,Passeriformes,LC,False,0.5
Melaenornis pammelaina,Passeriformes,LC,False,0.5
Namibornis herero,Passeriformes,LC,False,0.5
Empidornis semipartitus,Passeriformes,LC,False,0.5
Sigelus silens,Passeriformes,LC,False,0.5
Bradornis comitatus,Passeriformes,LC,False,0.5
Bradornis microrhynchus,Passeriformes,LC,False,0.5
Bradornis mariquensis,Passeriformes,LC,False,0.5
Myopornis boehmi,Passeriformes,LC,False,0.5
Artomyias ussheri,Passeriformes,LC,False,0.5
Artomyias fuliginosa,Passeriformes,LC,False,0.5
Humblotia flavirostris,Passeriformes,VU,False,1.5
Muscicapa griseisticta,Passeriformes,LC,True,2.0
Muscicapa sibirica,Passeriformes,LC,True,2.0
Muscicapa ferruginea,Passeriformes,LC,True,2.0
Muscicapa muttui,Passeriformes,LC,True,2.0
Muscicapa randi,Passeriformes,VU,False,1.5
Muscicapa segregata,Passeriformes,NT,False,1.0
Muscicapa dauurica,Passeriformes,LC,True,2.0
Muscicapa williamsoni,Passeriformes,,False,0.25
Muscicapa sodhii,Passeriformes,,False,0.25
Muscicapa sethsmithi,Passeriformes,LC,False,0.5
Muscicapa epulata,Passeriformes,LC,False,0.5
Muscicapa adusta,Passeriformes,LC,False,0.5
Muscicapa striata,Passeriformes,LC,True,2.0
Muscicapa tyrrhenica,Passeriformes,,True,1.0
Muscicapa gambagae,Passeriformes,LC,False,0.5
Muscicapa cassini,Passeriformes,LC,False,0.5
Muscicapa aquatica,Passeriformes,LC,False,0.5
Cyornis concretus,Passeriformes,LC,False,0.5
Sholicola major,Passeriformes,NT,False,1.0
Sholicola albiventris,Passeriformes,NT,False,1.0
Niltava davidi,Passeriformes,LC,False,0.5
Niltava sundara,Passeriformes,LC,False,0.5
Niltava sumatrana,Passeriformes,LC,False,0.5
Niltava oatesi,Passeriformes,LC,True,2.0
Niltava vivida,Passeriformes,LC,False,0.5
Niltava macgrigoriae,Passeriformes,LC,False,0.5
Niltava grandis,Passeriformes,LC,False,0.5
Cyanoptila cyanomelana,Passeriformes,LC,True,2.0
Cyanoptila cumatilis,Passeriformes,NT,True,4.0
Eumyias albicaudatus,Passeriformes,LC,False,0.5
Eumyias indigo,Passeriformes,LC,False,0.5
Eumyias thalassinus,Passeriformes,LC,True,2.0
Eumyias additus,Passeriformes,NT,False,1.0
Eumyias panayensis,Passeriformes,LC,False,0.5
Eumyias sanfordi,Passeriformes,LC,False,0.5
Eumyias hoevelli,Passeriformes,LC,False,0.5
Eumyias hyacinthinus,Passeriformes,LC,False,0.5
Eumyias oscillans,Passeriformes,LC,False,0.5
Eumyias stresemanni,Passeriformes,LC,False,0.5
Eumyias sordidus,Passeriformes,NT,False,1.0
Anthipes monileger,Passeriformes,LC,False,0.5
Anthipes solitaris,Passeriformes,LC,False,0.5
Cyornis unicolor,Passeriformes,LC,False,0.5
Cyornis glaucicomans,Passeriformes,LC,True,2.0
Cyornis rubeculoides,Passeriformes,LC,True,2.0
Cyornis hainanus,Passeriformes,LC,False,0.5
Cyornis superbus,Passeriformes,LC,False,0.5
Cyornis turcosus,Passeriformes,NT,False,1.0
Cyornis lemprieri,Passeriformes,NT,False,1.0
Cyornis caerulatus,Passeriformes,VU,False,1.5
Cyornis herioti,Passeriformes,NT,False,1.0
Cyornis camarinensis,Passeriformes,VU,False,1.5
Cyornis ruficauda,Passeriformes,LC,False,0.5
Cyornis ocularis,Passeriformes,,False,0.25
Cyornis ruficrissa,Passeriformes,,False,0.25
Cyornis pallidipes,Passeriformes,LC,False,0.5
Cyornis brunneatus,Passeriformes,VU,True,6.0
Cyornis nicobaricus,Passeriformes,NT,False,1.0
Cyornis umbratilis,Passeriformes,NT,False,1.0
Cyornis magnirostris,Passeriformes,NT,True,4.0
Cyornis tickelliae,Passeriformes,LC,False,0.5
Cyornis sumatrensis,Passeriformes,LC,False,0.5
Cyornis whitei,Passeriformes,LC,False,0.5
Cyornis rufigastra,Passeriformes,LC,False,0.5
Cyornis omissus,Passeriformes,LC,False,0.5
Cyornis djampeanus,Passeriformes,NT,False,1.0
Cyornis kalaoensis,Passeriformes,,False,0.25
Cyornis banyumas,Passeriformes,CR,False,2.5
Cyornis montanus,Passeriformes,LC,False,0.5
Cyornis kadayangensis,Passeriformes,NT,False,1.0
Cyornis poliogenys,Passeriformes,LC,False,0.5
Cyornis olivaceus,Passeriformes,LC,False,0.5
Cyornis pelingensis,Passeriformes,NT,False,1.0
Cyornis colonus,Passeriformes,NT,False,1.0
Cyornis ruckii,Passeriformes,CR,False,2.5
Erithacus rubecula,Passeriformes,LC,True,2.0
Swynnertonia swynnertoni,Passeriformes,VU,False,1.5
Pogonocichla stellata,Passeriformes,LC,False,0.5
Stiphrornis erythrothorax,Passeriformes,LC,False,0.5
Stiphrornis xanthogaster,Passeriformes,LC,False,0.5
Stiphrornis mabirae,Passeriformes,,False,0.25
Stiphrornis pyrrholaemus,Passeriformes,NT,False,1.0
Cossyphicula roberti,Passeriformes,LC,False,0.5
Cossyphicula isabellae,Passeriformes,LC,False,0.5
Chamaetylas poliophrys,Passeriformes,LC,False,0.5
Chamaetylas poliocephala,Passeriformes,LC,False,0.5
Chamaetylas fuelleborni,Passeriformes,LC,False,0.5
Chamaetylas choloensis,Passeriformes,VU,False,1.5
Cossypha albicapillus,Passeriformes,LC,False,0.5
Cossypha heuglini,Passeriformes,LC,False,0.5
Cossypha dichroa,Passeriformes,LC,False,0.5
Cossypha semirufa,Passeriformes,LC,False,0.5
Cossypha niveicapilla,Passeriformes,LC,False,0.5
Cossypha natalensis,Passeriformes,LC,False,0.5
Cossypha heinrichi,Passeriformes,LC,False,0.5
Cossypha cyanocampter,Passeriformes,LC,False,0.5
Cichladusa arquata,Passeriformes,LC,False,0.5
Cichladusa ruficauda,Passeriformes,LC,False,0.5
Cichladusa guttata,Passeriformes,LC,False,0.5
Xenocopsychus ansorgei,Passeriformes,LC,False,0.5
Dessonornis humeralis,Passeriformes,LC,False,0.5
Dessonornis caffer,Passeriformes,LC,False,0.5
Dessonornis archeri,Passeriformes,LC,False,0.5
Dessonornis anomalus,Passeriformes,NT,False,1.0
Dessonornis macclounii,Passeriformes,LC,False,0.5
Dessonornis mbuluensis,Passeriformes,LC,False,0.5
Sheppardia montana,Passeriformes,EN,False,2.0
Sheppardia lowei,Passeriformes,VU,False,1.5
Sheppardia aurantiithorax,Passeriformes,EN,False,2.0
Sheppardia gunningi,Passeriformes,NT,False,1.0
Sheppardia sharpei,Passeriformes,LC,False,0.5
Sheppardia bocagei,Passeriformes,LC,False,0.5
Sheppardia poensis,Passeriformes,LC,False,0.5
Sheppardia cyornithopsis,Passeriformes,LC,False,0.5
Sheppardia aequatorialis,Passeriformes,LC,False,0.5
Sheppardia gabela,Passeriformes,EN,False,2.0
Sheppardia polioptera,Passeriformes,LC,False,0.5
Irania gutturalis,Passeriformes,LC,True,2.0
Luscinia luscinia,Passeriformes,LC,True,2.0
Luscinia megarhynchos,Passeriformes,LC,True,2.0
Luscinia svecica,Passeriformes,LC,True,2.0
Luscinia phaenicuroides,Passeriformes,LC,True,2.0
Myiomela leucura,Passeriformes,LC,False,0.5
Myiomela cambodiana,Passeriformes,LC,False,0.5
Myiomela sumatrana,Passeriformes,,False,0.25
Myiomela diana,Passeriformes,LC,False,0.5
Calliope obscura,Passeriformes,VU,True,6.0
Calliope pectardens,Passeriformes,NT,True,4.0
Calliope calliope,Passeriformes,LC,True,2.0
Calliope pectoralis,Passeriformes,LC,True,2.0
Calliope tschebaiewi,Passeriformes,LC,True,2.0
Enicurus scouleri,Passeriformes,LC,False,0.5
Enicurus immaculatus,Passeriformes,LC,False,0.5
Enicurus schistaceus,Passeriformes,LC,False,0.5
Enicurus maculatus,Passeriformes,LC,False,0.5
Enicurus leschenaulti,Passeriformes,LC,False,0.5
Enicurus borneensis,Passeriformes,,False,0.25
Enicurus ruficapillus,Passeriformes,NT,False,1.0
Enicurus velatus,Passeriformes,LC,False,0.5
Cinclidium frontale,Passeriformes,LC,False,0.5
Myophonus insularis,Passeriformes,LC,False,0.5
Myophonus melanurus,Passeriformes,LC,False,0.5
Myophonus castaneus,Passeriformes,LC,False,0.5
Myophonus caeruleus,Passeriformes,LC,False,0.5
Myophonus glaucinus,Passeriformes,LC,False,0.5
Myophonus borneensis,Passeriformes,LC,False,0.5
Myophonus robinsoni,Passeriformes,NT,False,1.0
Myophonus horsfieldii,Passeriformes,LC,False,0.5
Myophonus blighi,Passeriformes,EN,False,2.0
Heinrichia calligyna,Passeriformes,LC,False,0.5
Heinrichia simplex,Passeriformes,LC,False,0.5
Vauriella gularis,Passeriformes,LC,False,0.5
Vauriella albigularis,Passeriformes,EN,False,2.0
Vauriella insignis,Passeriformes,LC,False,0.5
Vauriella goodfellowi,Passeriformes,NT,False,1.0
Leonardina woodi,Passeriformes,LC,False,0.5
Brachypteryx cruralis,Passeriformes,LC,False,0.5
Brachypteryx sinensis,Passeriformes,LC,False,0.5
Brachypteryx goodfellowi,Passeriformes,LC,False,0.5
Brachypteryx hyperythra,Passeriformes,NT,False,1.0
Brachypteryx leucophris,Passeriformes,LC,False,0.5
Brachypteryx poliogyna,Passeriformes,LC,False,0.5
Brachypteryx erythrogyna,Passeriformes,LC,False,0.5
Brachypteryx saturata,Passeriformes,LC,False,0.5
Brachypteryx montana,Passeriformes,LC,False,0.5
Brachypteryx floris,Passeriformes,LC,False,0.5
Larvivora cyane,Passeriformes,LC,True,2.0
Larvivora brunnea,Passeriformes,LC,True,2.0
Larvivora akahige,Passeriformes,LC,True,2.0
Larvivora tanensis,Passeriformes,VU,False,1.5
Larvivora komadori,Passeriformes,NT,True,4.0
Larvivora namiyei,Passeriformes,NT,False,1.0
Larvivora sibilans,Passeriformes,LC,True,2.0
Larvivora ruficeps,Passeriformes,EN,True,8.0
Ficedula zanthopygia,Passeriformes,LC,True,2.0
Ficedula elisae,Passeriformes,LC,True,2.0
Ficedula narcissina,Passeriformes,LC,True,2.0
Ficedula owstoni,Passeriformes,LC,False,0.5
Ficedula tricolor,Passeriformes,LC,False,0.5
Ficedula hyperythra,Passeriformes,LC,False,0.5
Ficedula mugimaki,Passeriformes,LC,True,2.0
Ficedula erithacus,Passeriformes,LC,False,0.5
Ficedula hodgsoni,Passeriformes,LC,False,0.5
Ficedula strophiata,Passeriformes,LC,True,2.0
Ficedula sapphira,Passeriformes,LC,False,0.5
Ficedula superciliaris,Passeriformes,LC,True,2.0
Ficedula westermanni,Passeriformes,LC,False,0.5
Ficedula ruficauda,Passeriformes,LC,True,2.0
Ficedula subrubra,Passeriformes,VU,True,6.0
Ficedula parva,Passeriformes,LC,True,2.0
Ficedula albicilla,Passeriformes,LC,True,2.0
Ficedula semitorquata,Passeriformes,LC,True,2.0
Ficedula speculigera,Passeriformes,,False,0.25
Ficedula hypoleuca,Passeriformes,LC,True,2.0
Ficedula albicollis,Passeriformes,LC,True,2.0
Ficedula nigrorufa,Passeriformes,LC,False,0.5
Ficedula riedeli,Passeriformes,NT,False,1.0
Ficedula dumetoria,Passeriformes,LC,False,0.5
Ficedula disposita,Passeriformes,LC,False,0.5
Ficedula platenae,Passeriformes,VU,False,1.5
Ficedula rufigula,Passeriformes,NT,False,1.0
Ficedula buruensis,Passeriformes,LC,False,0.5
Ficedula harterti,Passeriformes,LC,False,0.5
Ficedula timorensis,Passeriformes,LC,False,0.5
Ficedula basilanica,Passeriformes,VU,False,1.5
Ficedula luzoniensis,Passeriformes,LC,False,0.5
Ficedula crypta,Passeriformes,LC,False,0.5
Ficedula bonthaina,Passeriformes,EN,False,2.0
Ficedula henrici,Passeriformes,NT,False,1.0
Tarsiger indicus,Passeriformes,LC,False,0.5
Tarsiger formosanus,Passeriformes,,False,0.25
Tarsiger chrysaeus,Passeriformes,LC,False,0.5
Tarsiger johnstoniae,Passeriformes,LC,False,0.5
Tarsiger hyperythrus,Passeriformes,LC,False,0.5
Tarsiger cyanurus,Passeriformes,LC,True,2.0
Tarsiger albocoeruleus,Passeriformes,,True,1.0
Tarsiger rufilatus,Passeriformes,LC,True,2.0
Heteroxenicus stellatus,Passeriformes,LC,False,0.5
Phoenicurus erythronotus,Passeriformes,LC,True,2.0
Phoenicurus frontalis,Passeriformes,LC,False,0.5
Phoenicurus coeruleocephala,Passeriformes,LC,False,0.5
Phoenicurus schisticeps,Passeriformes,LC,False,0.5
Phoenicurus fuliginosus,Passeriformes,LC,False,0.5
Phoenicurus bicolor,Passeriformes,NT,False,1.0
Phoenicurus leucocephalus,Passeriformes,LC,True,2.0
Phoenicurus alaschanicus,Passeriformes,NT,True,4.0
Phoenicurus ochruros,Passeriformes,LC,True,2.0
Phoenicurus phoenicurus,Passeriformes,LC,True,2.0
Phoenicurus moussieri,Passeriformes,LC,False,0.5
Phoenicurus auroreus,Passeriformes,LC,True,2.0
Phoenicurus hodgsoni,Passeriformes,LC,True,2.0
Phoenicurus erythrogastrus,Passeriformes,LC,True,2.0
Monticola cinclorhyncha,Passeriformes,LC,True,2.0
Monticola gularis,Passeriformes,LC,True,2.0
Monticola rufiventris,Passeriformes,LC,False,0.5
Monticola brevipes,Passeriformes,LC,False,0.5
Monticola explorator,Passeriformes,NT,False,1.0
Monticola erythronotus,Passeriformes,EN,False,2.0
Monticola sharpei,Passeriformes,LC,False,0.5
Monticola imerina,Passeriformes,LC,False,0.5
Monticola rufocinereus,Passeriformes,LC,False,0.5
Monticola saxatilis,Passeriformes,LC,True,2.0
Monticola solitarius,Passeriformes,LC,True,2.0
Monticola rupestris,Passeriformes,LC,False,0.5
Monticola angolensis,Passeriformes,LC,False,0.5
Monticola semirufus,Passeriformes,LC,False,0.5
Saxicola jerdoni,Passeriformes,LC,False,0.5
Saxicola ferreus,Passeriformes,LC,True,2.0
Saxicola rubetra,Passeriformes,LC,True,2.0
Saxicola macrorhynchus,Passeriformes,VU,False,1.5
Saxicola gutturalis,Passeriformes,LC,False,0.5
Saxicola caprata,Passeriformes,LC,True,2.0
Saxicola insignis,Passeriformes,VU,True,6.0
Saxicola leucurus,Passeriformes,LC,False,0.5
Saxicola stejnegeri,Passeriformes,,True,1.0
Saxicola torquatus,Passeriformes,LC,True,2.0
Saxicola tectes,Passeriformes,LC,False,0.5
Saxicola maurus,Passeriformes,,True,1.0
Saxicola rubicola,Passeriformes,,True,1.0
Saxicola dacotiae,Passeriformes,NT,False,1.0
Campicoloides bifasciatus,Passeriformes,LC,False,0.5
Emarginata schlegelii,Passeriformes,LC,False,0.5
Emarginata tractrac,Passeriformes,LC,False,0.5
Emarginata sinuata,Passeriformes,LC,False,0.5
Pinarochroa sordida,Passeriformes,LC,False,0.5
Thamnolaea cinnamomeiventris,Passeriformes,LC,False,0.5
Myrmecocichla aethiops,Passeriformes,LC,False,0.5
Myrmecocichla tholloni,Passeriformes,LC,False,0.5
Myrmecocichla formicivora,Passeriformes,LC,False,0.5
Myrmecocichla monticola,Passeriformes,LC,False,0.5
Myrmecocichla nigra,Passeriformes,LC,False,0.5
Myrmecocichla melaena,Passeriformes,LC,False,0.5
Myrmecocichla collaris,Passeriformes,,False,0.25
Myrmecocichla arnotti,Passeriformes,LC,False,0.5
Oenanthe oenanthe,Passeriformes,LC,True,2.0
Oenanthe seebohmi,Passeriformes,LC,True,2.0
Oenanthe pileata,Passeriformes,LC,True,2.0
Oenanthe bottae,Passeriformes,LC,False,0.5
Oenanthe frenata,Passeriformes,LC,False,0.5
Oenanthe isabellina,Passeriformes,LC,True,2.0
Oenanthe heuglinii,Passeriformes,LC,False,0.5
Oenanthe monacha,Passeriformes,LC,False,0.5
Oenanthe deserti,Passeriformes,LC,True,2.0
Oenanthe hispanica,Passeriformes,LC,True,2.0
Oenanthe pleschanka,Passeriformes,LC,True,2.0
Oenanthe melanoleuca,Passeriformes,,True,1.0
Oenanthe cypriaca,Passeriformes,LC,True,2.0
Oenanthe albifrons,Passeriformes,LC,False,0.5
Oenanthe phillipsi,Passeriformes,LC,False,0.5
Oenanthe moesta,Passeriformes,LC,False,0.5
Oenanthe melanura,Passeriformes,LC,False,0.5
Oenanthe familiaris,Passeriformes,LC,False,0.5
Oenanthe scotocerca,Passeriformes,LC,False,0.5
Oenanthe dubia,Passeriformes,DD,False,0.25
Oenanthe fusca,Passeriformes,LC,False,0.5
Oenanthe picata,Passeriformes,LC,True,2.0
Oenanthe finschii,Passeriformes,LC,True,2.0
Oenanthe halophila,Passeriformes,,False,0.25
Oenanthe lugens,Passeriformes,LC,False,0.5
Oenanthe warriae,Passeriformes,,False,0.25
Oenanthe xanthoprymna,Passeriformes,LC,True,2.0
Oenanthe chrysopygia,Passeriformes,LC,True,2.0
Oenanthe leucopyga,Passeriformes,LC,False,0.5
Oenanthe albonigra,Passeriformes,LC,False,0.5
Oenanthe leucura,Passeriformes,LC,True,2.0
Oenanthe lugentoides,Passeriformes,LC,False,0.5
Oenanthe lugubris,Passeriformes,LC,False,0.5
Cinclus cinclus,Passeriformes,LC,True,2.0
Cinclus pallasii,Passeriformes,LC,False,0.5
Cinclus mexicanus,Passeriformes,LC,False,0.5
Cinclus leucocephalus,Passeriformes,LC,False,0.5
Cinclus schulzii,Passeriformes,VU,False,1.5
Chloropsis flavipennis,Passeriformes,VU,False,1.5
Chloropsis palawanensis,Passeriformes,LC,False,0.5
Chloropsis sonnerati,Passeriformes,EN,False,2.0
Chloropsis cyanopogon,Passeriformes,NT,False,1.0
Chloropsis moluccensis,Passeriformes,LC,False,0.5
Chloropsis cochinchinensis,Passeriformes,EN,False,2.0
Chloropsis kinabaluensis,Passeriformes,LC,False,0.5
Chloropsis jerdoni,Passeriformes,LC,False,0.5
Chloropsis aurifrons,Passeriformes,LC,False,0.5
Chloropsis media,Passeriformes,EN,False,2.0
Chloropsis hardwickii,Passeriformes,LC,False,0.5
Chloropsis lazulina,Passeriformes,LC,False,0.5
Chloropsis venusta,Passeriformes,NT,False,1.0
Prionochilus maculatus,Passeriformes,LC,False,0.5
Prionochilus percussus,Passeriformes,LC,False,0.5
Prionochilus plateni,Passeriformes,LC,False,0.5
Prionochilus xanthopygius,Passeriformes,LC,False,0.5
Prionochilus thoracicus,Passeriformes,NT,False,1.0
Prionochilus olivaceus,Passeriformes,LC,False,0.5
Dicaeum proprium,Passeriformes,LC,False,0.5
Dicaeum chrysorrheum,Passeriformes,LC,False,0.5
Dicaeum melanozanthum,Passeriformes,LC,False,0.5
Dicaeum vincens,Passeriformes,NT,False,1.0
Dicaeum everetti,Passeriformes,NT,False,1.0
Dicaeum agile,Passeriformes,LC,False,0.5
Dicaeum dayakorum,Passeriformes,DD,False,0.25
Dicaeum annae,Passeriformes,LC,False,0.5
Dicaeum aureolimbatum,Passeriformes,LC,False,0.5
Dicaeum nigrilore,Passeriformes,LC,False,0.5
Dicaeum anthonyi,Passeriformes,LC,False,0.5
Dicaeum kampalili,Passeriformes,LC,False,0.5
Dicaeum bicolor,Passeriformes,LC,False,0.5
Dicaeum australe,Passeriformes,LC,False,0.5
Dicaeum haematostictum,Passeriformes,LC,False,0.5
Dicaeum retrocinctum,Passeriformes,NT,False,1.0
Dicaeum quadricolor,Passeriformes,CR,False,2.5
Dicaeum trigonostigma,Passeriformes,LC,False,0.5
Dicaeum hypoleucum,Passeriformes,LC,False,0.5
Dicaeum erythrorhynchos,Passeriformes,LC,False,0.5
Dicaeum concolor,Passeriformes,LC,False,0.5
Dicaeum minullum,Passeriformes,LC,False,0.5
Dicaeum virescens,Passeriformes,,False,0.25
Dicaeum pygmaeum,Passeriformes,LC,False,0.5
Dicaeum nehrkorni,Passeriformes,LC,False,0.5
Dicaeum erythrothorax,Passeriformes,LC,False,0.5
Dicaeum schistaceiceps,Passeriformes,LC,False,0.5
Dicaeum vulneratum,Passeriformes,LC,False,0.5
Dicaeum pectorale,Passeriformes,LC,False,0.5
Dicaeum geelvinkianum,Passeriformes,LC,False,0.5
Dicaeum nitidum,Passeriformes,LC,False,0.5
Dicaeum eximium,Passeriformes,LC,False,0.5
Dicaeum aeneum,Passeriformes,LC,False,0.5
Dicaeum tristrami,Passeriformes,LC,False,0.5
Dicaeum igniferum,Passeriformes,LC,False,0.5
Dicaeum maugei,Passeriformes,LC,False,0.5
Dicaeum keiense,Passeriformes,LC,False,0.5
Dicaeum hirundinaceum,Passeriformes,LC,False,0.5
Dicaeum ignicolle,Passeriformes,LC,False,0.5
Dicaeum celebicum,Passeriformes,LC,False,0.5
Dicaeum monticolum,Passeriformes,LC,False,0.5
Dicaeum ignipectus,Passeriformes,LC,False,0.5
Dicaeum cambodianum,Passeriformes,LC,False,0.5
Dicaeum beccarii,Passeriformes,LC,False,0.5
Dicaeum luzoniense,Passeriformes,LC,False,0.5
Dicaeum sanguinolentum,Passeriformes,LC,False,0.5
Dicaeum rhodopygiale,Passeriformes,LC,False,0.5
Dicaeum wilhelminae,Passeriformes,LC,False,0.5
Dicaeum hanieli,Passeriformes,LC,False,0.5
Dicaeum cruentatum,Passeriformes,LC,False,0.5
Dicaeum trochileum,Passeriformes,LC,False,0.5
Chalcoparia singalensis,Passeriformes,LC,False,0.5
Deleornis fraseri,Passeriformes,LC,False,0.5
Deleornis axillaris,Passeriformes,LC,False,0.5
Anthreptes reichenowi,Passeriformes,NT,False,1.0
Anthreptes anchietae,Passeriformes,LC,False,0.5
Anthreptes simplex,Passeriformes,LC,False,0.5
Anthreptes malacensis,Passeriformes,LC,False,0.5
Anthreptes griseigularis,Passeriformes,LC,False,0.5
Anthreptes rhodolaemus,Passeriformes,NT,False,1.0
Anthreptes gabonicus,Passeriformes,LC,False,0.5
Anthreptes longuemarei,Passeriformes,LC,False,0.5
Anthreptes orientalis,Passeriformes,LC,False,0.5
Anthreptes neglectus,Passeriformes,LC,False,0.5
Anthreptes aurantius,Passeriformes,LC,False,0.5
Anthreptes seimundi,Passeriformes,LC,False,0.5
Anthreptes rectirostris,Passeriformes,LC,False,0.5
Anthreptes tephrolaemus,Passeriformes,LC,False,0.5
Anthreptes rubritorques,Passeriformes,VU,False,1.5
Hedydipna collaris,Passeriformes,LC,False,0.5
Hedydipna platura,Passeriformes,LC,False,0.5
Hedydipna metallica,Passeriformes,LC,True,2.0
Hedydipna pallidigaster,Passeriformes,EN,False,2.0
Anabathmis reichenbachii,Passeriformes,LC,False,0.5
Anabathmis hartlaubii,Passeriformes,LC,False,0.5
Anabathmis newtonii,Passeriformes,LC,False,0.5
Dreptes thomensis,Passeriformes,VU,False,1.5
Anthobaphes violacea,Passeriformes,LC,False,0.5
Cyanomitra verticalis,Passeriformes,LC,False,0.5
Cyanomitra bannermani,Passeriformes,LC,False,0.5
Cyanomitra cyanolaema,Passeriformes,LC,False,0.5
Cyanomitra oritis,Passeriformes,LC,False,0.5
Cyanomitra alinae,Passeriformes,LC,False,0.5
Cyanomitra olivacea,Passeriformes,LC,False,0.5
Cyanomitra verreauxii,Passeriformes,LC,False,0.5
Chalcomitra adelberti,Passeriformes,LC,False,0.5
Chalcomitra fuliginosa,Passeriformes,LC,False,0.5
Chalcomitra rubescens,Passeriformes,LC,False,0.5
Chalcomitra amethystina,Passeriformes,LC,False,0.5
Chalcomitra senegalensis,Passeriformes,LC,False,0.5
Chalcomitra hunteri,Passeriformes,LC,False,0.5
Chalcomitra balfouri,Passeriformes,LC,False,0.5
Leptocoma zeylonica,Passeriformes,LC,False,0.5
Leptocoma minima,Passeriformes,LC,False,0.5
Leptocoma sperata,Passeriformes,LC,False,0.5
Leptocoma juliae,Passeriformes,LC,False,0.5
Leptocoma brasiliana,Passeriformes,LC,False,0.5
Leptocoma aspasia,Passeriformes,LC,False,0.5
Leptocoma calcostetha,Passeriformes,LC,False,0.5
Nectarinia bocagii,Passeriformes,LC,False,0.5
Nectarinia purpureiventris,Passeriformes,LC,False,0.5
Nectarinia tacazze,Passeriformes,LC,False,0.5
Nectarinia kilimensis,Passeriformes,LC,False,0.5
Nectarinia famosa,Passeriformes,LC,False,0.5
Nectarinia johnstoni,Passeriformes,LC,False,0.5
Drepanorhynchus reichenowi,Passeriformes,LC,False,0.5
Cinnyris chloropygius,Passeriformes,LC,False,0.5
Cinnyris minullus,Passeriformes,LC,False,0.5
Cinnyris manoensis,Passeriformes,LC,False,0.5
Cinnyris gertrudis,Passeriformes,LC,False,0.5
Cinnyris chalybeus,Passeriformes,LC,False,0.5
Cinnyris neergaardi,Passeriformes,NT,False,1.0
Cinnyris stuhlmanni,Passeriformes,LC,False,0.5
Cinnyris whytei,Passeriformes,,False,0.25
Cinnyris prigoginei,Passeriformes,NT,False,1.0
Cinnyris ludovicensis,Passeriformes,LC,False,0.5
Cinnyris reichenowi,Passeriformes,LC,False,0.5
Cinnyris afer,Passeriformes,LC,False,0.5
Cinnyris regius,Passeriformes,LC,False,0.5
Cinnyris rockefelleri,Passeriformes,VU,False,1.5
Cinnyris mediocris,Passeriformes,LC,False,0.5
Cinnyris usambaricus,Passeriformes,NT,False,1.0
Cinnyris fuelleborni,Passeriformes,LC,False,0.5
Cinnyris moreaui,Passeriformes,NT,False,1.0
Cinnyris loveridgei,Passeriformes,EN,False,2.0
Cinnyris pulchellus,Passeriformes,LC,False,0.5
Cinnyris melanogastrus,Passeriformes,LC,False,0.5
Cinnyris mariquensis,Passeriformes,LC,False,0.5
Cinnyris shelleyi,Passeriformes,LC,False,0.5
Cinnyris congensis,Passeriformes,LC,False,0.5
Cinnyris erythrocercus,Passeriformes,LC,False,0.5
Cinnyris nectarinioides,Passeriformes,LC,False,0.5
Cinnyris bifasciatus,Passeriformes,LC,False,0.5
Cinnyris tsavoensis,Passeriformes,LC,False,0.5
Cinnyris chalcomelas,Passeriformes,LC,False,0.5
Cinnyris pembae,Passeriformes,LC,False,0.5
Cinnyris bouvieri,Passeriformes,LC,False,0.5
Cinnyris osea,Passeriformes,LC,False,0.5
Cinnyris hellmayri,Passeriformes,LC,False,0.5
Cinnyris habessinicus,Passeriformes,LC,False,0.5
Cinnyris coccinigastrus,Passeriformes,LC,True,2.0
Cinnyris johannae,Passeriformes,LC,False,0.5
Cinnyris superbus,Passeriformes,LC,False,0.5
Cinnyris rufipennis,Passeriformes,VU,False,1.5
Cinnyris oustaleti,Passeriformes,LC,False,0.5
Cinnyris talatala,Passeriformes,LC,True,2.0
Cinnyris venustus,Passeriformes,LC,True,2.0
Cinnyris fuscus,Passeriformes,LC,False,0.5
Cinnyris ursulae,Passeriformes,LC,False,0.5
Cinnyris batesi,Passeriformes,LC,False,0.5
Cinnyris cupreus,Passeriformes,LC,False,0.5
Cinnyris asiaticus,Passeriformes,LC,False,0.5
Cinnyris ornatus,Passeriformes,,False,0.25
Cinnyris jugularis,Passeriformes,LC,False,0.5
Cinnyris aurora,Passeriformes,,False,0.25
Cinnyris frenatus,Passeriformes,,False,0.25
Cinnyris infrenatus,Passeriformes,,False,0.25
Cinnyris teysmanni,Passeriformes,,False,0.25
Cinnyris clementiae,Passeriformes,,False,0.25
Cinnyris idenburgi,Passeriformes,LC,False,0.5
Cinnyris buettikoferi,Passeriformes,LC,False,0.5
Cinnyris solaris,Passeriformes,LC,False,0.5
Cinnyris sovimanga,Passeriformes,LC,False,0.5
Cinnyris notatus,Passeriformes,LC,False,0.5
Cinnyris moebii,Passeriformes,LC,False,0.5
Cinnyris voeltzkowi,Passeriformes,LC,False,0.5
Cinnyris dussumieri,Passeriformes,LC,False,0.5
Cinnyris humbloti,Passeriformes,LC,False,0.5
Cinnyris comorensis,Passeriformes,LC,False,0.5
Cinnyris coquerellii,Passeriformes,LC,False,0.5
Cinnyris lotenius,Passeriformes,LC,False,0.5
Aethopyga primigenia,Passeriformes,LC,False,0.5
Aethopyga boltoni,Passeriformes,LC,False,0.5
Aethopyga tibolii,Passeriformes,,False,0.25
Aethopyga linaraborae,Passeriformes,NT,False,1.0
Aethopyga flagrans,Passeriformes,LC,False,0.5
Aethopyga guimarasensis,Passeriformes,LC,False,0.5
Aethopyga pulcherrima,Passeriformes,LC,False,0.5
Aethopyga duyvenbodei,Passeriformes,EN,False,2.0
Aethopyga shelleyi,Passeriformes,LC,False,0.5
Aethopyga bella,Passeriformes,LC,False,0.5
Aethopyga gouldiae,Passeriformes,LC,False,0.5
Aethopyga nipalensis,Passeriformes,LC,False,0.5
Aethopyga eximia,Passeriformes,LC,False,0.5
Aethopyga christinae,Passeriformes,LC,False,0.5
Aethopyga latouchii,Passeriformes,LC,False,0.5
Aethopyga saturata,Passeriformes,LC,False,0.5
Aethopyga siparaja,Passeriformes,LC,False,0.5
Aethopyga magnifica,Passeriformes,LC,False,0.5
Aethopyga vigorsii,Passeriformes,LC,False,0.5
Aethopyga mystacalis,Passeriformes,LC,False,0.5
Aethopyga temminckii,Passeriformes,LC,False,0.5
Aethopyga ignicauda,Passeriformes,LC,False,0.5
Kurochkinegramma hypogrammica,Passeriformes,LC,False,0.5
Arachnothera longirostra,Passeriformes,LC,False,0.5
Arachnothera flammifera,Passeriformes,LC,False,0.5
Arachnothera dilutior,Passeriformes,LC,False,0.5
Arachnothera crassirostris,Passeriformes,LC,False,0.5
Arachnothera robusta,Passeriformes,LC,False,0.5
Arachnothera flavigaster,Passeriformes,LC,False,0.5
Arachnothera chrysogenys,Passeriformes,LC,False,0.5
Arachnothera clarae,Passeriformes,LC,False,0.5
Arachnothera modesta,Passeriformes,LC,False,0.5
Arachnothera affinis,Passeriformes,LC,False,0.5
Arachnothera everetti,Passeriformes,,False,0.25
Arachnothera magna,Passeriformes,LC,False,0.5
Arachnothera juliae,Passeriformes,LC,False,0.5
Hypocryptadius cinnamomeus,Passeriformes,LC,False,0.5
Carpospiza brachydactyla,Passeriformes,LC,True,2.0
Petronia petronia,Passeriformes,LC,False,0.5
Onychostruthus taczanowskii,Passeriformes,LC,False,0.5
Montifringilla henrici,Passeriformes,LC,False,0.5
Montifringilla nivalis,Passeriformes,LC,False,0.5
Montifringilla adamsi,Passeriformes,LC,False,0.5
Pyrgilauda theresae,Passeriformes,LC,False,0.5
Pyrgilauda ruficollis,Passeriformes,LC,False,0.5
Pyrgilauda davidiana,Passeriformes,LC,False,0.5
Pyrgilauda blanfordi,Passeriformes,LC,False,0.5
Gymnoris pyrgita,Passeriformes,LC,False,0.5
Gymnoris superciliaris,Passeriformes,LC,False,0.5
Gymnoris dentata,Passeriformes,LC,True,2.0
Gymnoris xanthocollis,Passeriformes,LC,False,0.5
Passer melanurus,Passeriformes,LC,False,0.5
Passer eminibey,Passeriformes,LC,False,0.5
Passer cordofanicus,Passeriformes,LC,False,0.5
Passer shelleyi,Passeriformes,LC,False,0.5
Passer rufocinctus,Passeriformes,LC,False,0.5
Passer motitensis,Passeriformes,LC,False,0.5
Passer griseus,Passeriformes,LC,False,0.5
Passer swainsonii,Passeriformes,LC,False,0.5
Passer suahelicus,Passeriformes,LC,False,0.5
Passer gongonensis,Passeriformes,LC,False,0.5
Passer diffusus,Passeriformes,LC,False,0.5
Passer pyrrhonotus,Passeriformes,LC,False,0.5
Passer cinnamomeus,Passeriformes,LC,True,2.0
Passer montanus,Passeriformes,LC,True,2.0
Passer ammodendri,Passeriformes,LC,False,0.5
Passer flaveolus,Passeriformes,LC,False,0.5
Passer hemileucus,Passeriformes,VU,False,1.5
Passer insularis,Passeriformes,LC,False,0.5
Passer hispaniolensis,Passeriformes,LC,True,2.0
Passer italiae,Passeriformes,VU,False,1.5
Passer domesticus,Passeriformes,LC,False,0.5
Passer castanopterus,Passeriformes,LC,False,0.5
Passer iagoensis,Passeriformes,LC,False,0.5
Passer simplex,Passeriformes,LC,False,0.5
Passer zarudnyi,Passeriformes,LC,False,0.5
Passer euchlorus,Passeriformes,LC,False,0.5
Passer luteus,Passeriformes,LC,False,0.5
Passer moabiticus,Passeriformes,LC,True,2.0
Bubalornis albirostris,Passeriformes,LC,False,0.5
Bubalornis niger,Passeriformes,LC,False,0.5
Dinemellia dinemelli,Passeriformes,LC,False,0.5
Plocepasser mahali,Passeriformes,LC,False,0.5
Plocepasser superciliosus,Passeriformes,LC,False,0.5
Plocepasser donaldsoni,Passeriformes,LC,False,0.5
Plocepasser rufoscapulatus,Passeriformes,LC,False,0.5
Histurgops ruficauda,Passeriformes,LC,False,0.5
Pseudonigrita arnaudi,Passeriformes,LC,False,0.5
Pseudonigrita cabanisi,Passeriformes,LC,False,0.5
Philetairus socius,Passeriformes,LC,False,0.5
Sporopipes squamifrons,Passeriformes,LC,False,0.5
Sporopipes frontalis,Passeriformes,LC,False,0.5
Amblyospiza albifrons,Passeriformes,LC,False,0.5
Ploceus baglafecht,Passeriformes,LC,False,0.5
Ploceus bannermani,Passeriformes,VU,False,1.5
Ploceus batesi,Passeriformes,EN,False,2.0
Ploceus nigrimentus,Passeriformes,LC,False,0.5
Ploceus bertrandi,Passeriformes,LC,False,0.5
Ploceus pelzelni,Passeriformes,LC,False,0.5
Ploceus subpersonatus,Passeriformes,VU,False,1.5
Ploceus luteolus,Passeriformes,LC,False,0.5
Ploceus ocularis,Passeriformes,LC,False,0.5
Ploceus brachypterus,Passeriformes,LC,False,0.5
Ploceus nigricollis,Passeriformes,LC,False,0.5
Ploceus alienus,Passeriformes,LC,False,0.5
Ploceus melanogaster,Passeriformes,LC,False,0.5
Ploceus capensis,Passeriformes,LC,False,0.5
Ploceus temporalis,Passeriformes,LC,False,0.5
Ploceus subaureus,Passeriformes,LC,False,0.5
Ploceus xanthops,Passeriformes,LC,False,0.5
Ploceus aurantius,Passeriformes,LC,False,0.5
Ploceus heuglini,Passeriformes,LC,False,0.5
Ploceus bojeri,Passeriformes,LC,False,0.5
Ploceus castaneiceps,Passeriformes,LC,False,0.5
Ploceus princeps,Passeriformes,LC,False,0.5
Ploceus castanops,Passeriformes,LC,False,0.5
Ploceus xanthopterus,Passeriformes,LC,False,0.5
Ploceus holoxanthus,Passeriformes,NT,False,1.0
Ploceus burnieri,Passeriformes,VU,False,1.5
Ploceus galbula,Passeriformes,LC,False,0.5
Ploceus taeniopterus,Passeriformes,LC,False,0.5
Ploceus intermedius,Passeriformes,LC,False,0.5
Ploceus velatus,Passeriformes,LC,False,0.5
Ploceus katangae,Passeriformes,LC,False,0.5
Ploceus ruweti,Passeriformes,LC,False,0.5
Ploceus reichardi,Passeriformes,LC,False,0.5
Ploceus vitellinus,Passeriformes,LC,False,0.5
Ploceus spekei,Passeriformes,LC,False,0.5
Ploceus spekeoides,Passeriformes,NT,False,1.0
Ploceus cucullatus,Passeriformes,LC,False,0.5
Ploceus grandis,Passeriformes,NT,False,1.0
Ploceus castaneofuscus,Passeriformes,LC,False,0.5
Ploceus nigerrimus,Passeriformes,LC,False,0.5
Ploceus weynsi,Passeriformes,LC,False,0.5
Ploceus golandi,Passeriformes,EN,False,2.0
Ploceus dichrocephalus,Passeriformes,LC,False,0.5
Ploceus melanocephalus,Passeriformes,LC,False,0.5
Ploceus jacksoni,Passeriformes,LC,False,0.5
Ploceus badius,Passeriformes,LC,False,0.5
Ploceus rubiginosus,Passeriformes,LC,True,2.0
Ploceus aureonucha,Passeriformes,EN,False,2.0
Ploceus tricolor,Passeriformes,LC,False,0.5
Ploceus albinucha,Passeriformes,LC,False,0.5
Ploceus nelicourvi,Passeriformes,LC,False,0.5
Ploceus sakalava,Passeriformes,LC,False,0.5
Ploceus hypoxanthus,Passeriformes,NT,False,1.0
Ploceus superciliosus,Passeriformes,LC,False,0.5
Ploceus benghalensis,Passeriformes,LC,False,0.5
Ploceus manyar,Passeriformes,LC,False,0.5
Ploceus philippinus,Passeriformes,LC,False,0.5
Ploceus megarhynchus,Passeriformes,EN,False,2.0
Ploceus bicolor,Passeriformes,LC,False,0.5
Ploceus preussi,Passeriformes,LC,False,0.5
Ploceus dorsomaculatus,Passeriformes,LC,False,0.5
Ploceus olivaceiceps,Passeriformes,NT,False,1.0
Ploceus nicolli,Passeriformes,NT,False,1.0
Ploceus insignis,Passeriformes,LC,False,0.5
Ploceus angolensis,Passeriformes,LC,False,0.5
Ploceus sanctithomae,Passeriformes,LC,False,0.5
Ploceus flavipes,Passeriformes,VU,False,1.5
Malimbus coronatus,Passeriformes,LC,False,0.5
Malimbus cassini,Passeriformes,LC,False,0.5
Malimbus racheliae,Passeriformes,LC,False,0.5
Malimbus ballmanni,Passeriformes,NT,False,1.0
Malimbus scutatus,Passeriformes,LC,False,0.5
Malimbus ibadanensis,Passeriformes,EN,False,2.0
Malimbus nitens,Passeriformes,LC,False,0.5
Malimbus rubricollis,Passeriformes,LC,False,0.5
Malimbus erythrogaster,Passeriformes,LC,False,0.5
Malimbus malimbicus,Passeriformes,LC,False,0.5
Anaplectes rubriceps,Passeriformes,LC,False,0.5
Anaplectes leuconotos,Passeriformes,LC,False,0.5
Anaplectes jubaensis,Passeriformes,LC,False,0.5
Quelea cardinalis,Passeriformes,LC,False,0.5
Quelea erythrops,Passeriformes,LC,True,2.0
Quelea quelea,Passeriformes,LC,True,2.0
Foudia madagascariensis,Passeriformes,LC,False,0.5
Foudia eminentissima,Passeriformes,LC,False,0.5
Foudia consobrina,Passeriformes,NT,False,1.0
Foudia aldabrana,Passeriformes,EN,False,2.0
Foudia omissa,Passeriformes,LC,False,0.5
Foudia delloni,Passeriformes,EX,False,0.25
Foudia rubra,Passeriformes,EN,False,2.0
Foudia sechellarum,Passeriformes,NT,False,1.0
Foudia flavicans,Passeriformes,NT,False,1.0
Brachycope anomala,Passeriformes,LC,False,0.5
Euplectes afer,Passeriformes,LC,False,0.5
Euplectes diadematus,Passeriformes,LC,True,2.0
Euplectes gierowii,Passeriformes,LC,False,0.5
Euplectes nigroventris,Passeriformes,LC,False,0.5
Euplectes hordeaceus,Passeriformes,LC,False,0.5
Euplectes orix,Passeriformes,LC,False,0.5
Euplectes franciscanus,Passeriformes,LC,False,0.5
Euplectes aureus,Passeriformes,LC,False,0.5
Euplectes capensis,Passeriformes,LC,False,0.5
Euplectes axillaris,Passeriformes,LC,False,0.5
Euplectes macroura,Passeriformes,LC,False,0.5
Euplectes hartlaubi,Passeriformes,LC,False,0.5
Euplectes psammacromius,Passeriformes,LC,False,0.5
Euplectes albonotatus,Passeriformes,LC,False,0.5
Euplectes ardens,Passeriformes,LC,False,0.5
Euplectes laticauda,Passeriformes,LC,False,0.5
Euplectes progne,Passeriformes,LC,False,0.5
Euplectes jacksoni,Passeriformes,NT,False,1.0
Heteromunia pectoralis,Passeriformes,LC,False,0.5
Oreostruthus fuliginosus,Passeriformes,LC,False,0.5
Stagonopleura guttata,Passeriformes,VU,False,1.5
Stagonopleura oculata,Passeriformes,LC,False,0.5
Stagonopleura bella,Passeriformes,LC,False,0.5
Neochmia phaeton,Passeriformes,LC,False,0.5
Neochmia evangelinae,Passeriformes,LC,False,0.5
Neochmia temporalis,Passeriformes,LC,False,0.5
Emblema pictum,Passeriformes,LC,False,0.5
Neochmia ruficauda,Passeriformes,LC,False,0.5
Neochmia modesta,Passeriformes,LC,False,0.5
Taeniopygia bichenovii,Passeriformes,LC,False,0.5
Taeniopygia guttata,Passeriformes,LC,False,0.5
Taeniopygia castanotis,Passeriformes,LC,False,0.5
Poephila personata,Passeriformes,LC,False,0.5
Poephila acuticauda,Passeriformes,LC,False,0.5
Poephila cincta,Passeriformes,LC,False,0.5
Spermestes griseicapilla,Passeriformes,LC,False,0.5
Spermestes cucullata,Passeriformes,LC,False,0.5
Spermestes fringilloides,Passeriformes,LC,False,0.5
Spermestes bicolor,Passeriformes,LC,False,0.5
Lepidopygia nana,Passeriformes,LC,False,0.5
Euodice cantans,Passeriformes,LC,False,0.5
Euodice malabarica,Passeriformes,LC,False,0.5
Padda oryzivora,Passeriformes,EN,False,2.0
Padda fuscata,Passeriformes,NT,False,1.0
Lonchura tristissima,Passeriformes,LC,False,0.5
Lonchura leucosticta,Passeriformes,LC,False,0.5
Lonchura punctulata,Passeriformes,LC,False,0.5
Lonchura kelaarti,Passeriformes,LC,False,0.5
Lonchura molucca,Passeriformes,LC,False,0.5
Lonchura striata,Passeriformes,LC,False,0.5
Lonchura fuscans,Passeriformes,LC,False,0.5
Lonchura leucogastra,Passeriformes,LC,False,0.5
Lonchura leucogastroides,Passeriformes,LC,False,0.5
Lonchura malacca,Passeriformes,LC,False,0.5
Lonchura atricapilla,Passeriformes,LC,False,0.5
Lonchura ferruginosa,Passeriformes,LC,False,0.5
Lonchura maja,Passeriformes,LC,False,0.5
Lonchura pallida,Passeriformes,LC,False,0.5
Lonchura grandis,Passeriformes,LC,False,0.5
Lonchura teerinki,Passeriformes,LC,False,0.5
Lonchura montana,Passeriformes,LC,False,0.5
Lonchura monticola,Passeriformes,LC,False,0.5
Lonchura vana,Passeriformes,LC,False,0.5
Lonchura nevermanni,Passeriformes,LC,False,0.5
Lonchura caniceps,Passeriformes,LC,False,0.5
Lonchura spectabilis,Passeriformes,LC,False,0.5
Lonchura forbesi,Passeriformes,LC,False,0.5
Lonchura hunsteini,Passeriformes,LC,False,0.5
Lonchura nigerrima,Passeriformes,,False,0.25
Lonchura flaviprymna,Passeriformes,LC,True,2.0
Lonchura quinticolor,Passeriformes,LC,False,0.5
Lonchura castaneothorax,Passeriformes,LC,False,0.5
Lonchura stygia,Passeriformes,LC,False,0.5
Lonchura melaena,Passeriformes,LC,False,0.5
Chloebia gouldiae,Passeriformes,LC,False,0.5
Erythrura prasina,Passeriformes,LC,False,0.5
Erythrura viridifacies,Passeriformes,VU,False,1.5
Erythrura hyperythra,Passeriformes,LC,False,0.5
Erythrura psittacea,Passeriformes,LC,False,0.5
Erythrura pealii,Passeriformes,LC,False,0.5
Erythrura regia,Passeriformes,,False,0.25
Erythrura cyaneovirens,Passeriformes,LC,False,0.5
Erythrura kleinschmidti,Passeriformes,VU,False,1.5
Erythrura tricolor,Passeriformes,LC,False,0.5
Erythrura coloria,Passeriformes,LC,False,0.5
Erythrura papuana,Passeriformes,LC,False,0.5
Erythrura trichroa,Passeriformes,LC,False,0.5
Nesocharis shelleyi,Passeriformes,LC,False,0.5
Nesocharis ansorgei,Passeriformes,LC,False,0.5
Coccopygia quartinia,Passeriformes,LC,False,0.5
Coccopygia bocagei,Passeriformes,LC,False,0.5
Coccopygia melanotis,Passeriformes,LC,False,0.5
Mandingoa nitidula,Passeriformes,LC,False,0.5
Cryptospiza shelleyi,Passeriformes,EN,False,2.0
Cryptospiza jacksoni,Passeriformes,LC,False,0.5
Cryptospiza salvadorii,Passeriformes,LC,False,0.5
Cryptospiza reichenovii,Passeriformes,LC,False,0.5
Parmoptila rubrifrons,Passeriformes,NT,False,1.0
Parmoptila woodhousei,Passeriformes,LC,False,0.5
Parmoptila jamesoni,Passeriformes,LC,False,0.5
Nigrita fusconotus,Passeriformes,LC,False,0.5
Nigrita bicolor,Passeriformes,LC,False,0.5
Nigrita canicapillus,Passeriformes,LC,False,0.5
Nigrita luteifrons,Passeriformes,LC,False,0.5
Delacourella capistrata,Passeriformes,LC,False,0.5
Brunhilda charmosyna,Passeriformes,LC,False,0.5
Brunhilda erythronotos,Passeriformes,LC,False,0.5
Glaucestrilda coerulescens,Passeriformes,LC,False,0.5
Glaucestrilda perreini,Passeriformes,LC,False,0.5
Glaucestrilda thomensis,Passeriformes,LC,False,0.5
Estrilda nonnula,Passeriformes,LC,False,0.5
Estrilda atricapilla,Passeriformes,LC,False,0.5
Estrilda kandti,Passeriformes,LC,False,0.5
Estrilda melpoda,Passeriformes,LC,False,0.5
Estrilda poliopareia,Passeriformes,NT,False,1.0
Estrilda paludicola,Passeriformes,LC,False,0.5
Estrilda astrild,Passeriformes,LC,False,0.5
Estrilda nigriloris,Passeriformes,DD,False,0.25
Estrilda troglodytes,Passeriformes,LC,False,0.5
Estrilda rhodopyga,Passeriformes,LC,False,0.5
Estrilda rufibarba,Passeriformes,LC,False,0.5
Ortygospiza atricollis,Passeriformes,LC,False,0.5
Paludipasser locustella,Passeriformes,LC,False,0.5
Amadina fasciata,Passeriformes,LC,False,0.5
Amadina erythrocephala,Passeriformes,LC,False,0.5
Amandava formosa,Passeriformes,VU,False,1.5
Amandava subflava,Passeriformes,LC,False,0.5
Amandava amandava,Passeriformes,LC,False,0.5
Granatina ianthinogaster,Passeriformes,LC,False,0.5
Granatina granatina,Passeriformes,LC,False,0.5
Uraeginthus angolensis,Passeriformes,LC,False,0.5
Uraeginthus bengalus,Passeriformes,LC,False,0.5
Uraeginthus cyanocephalus,Passeriformes,LC,False,0.5
Spermophaga poliogenys,Passeriformes,LC,False,0.5
Spermophaga haematina,Passeriformes,LC,False,0.5
Spermophaga ruficapilla,Passeriformes,LC,False,0.5
Pyrenestes minor,Passeriformes,LC,False,0.5
Pyrenestes sanguineus,Passeriformes,LC,False,0.5
Pyrenestes ostrinus,Passeriformes,LC,False,0.5
Pytilia melba,Passeriformes,LC,False,0.5
Pytilia afra,Passeriformes,LC,False,0.5
Pytilia phoenicoptera,Passeriformes,LC,False,0.5
Pytilia lineata,Passeriformes,LC,False,0.5
Pytilia hypogrammica,Passeriformes,LC,False,0.5
Euschistospiza dybowskii,Passeriformes,LC,False,0.5
Euschistospiza cinereovinacea,Passeriformes,LC,False,0.5
Hypargos niveoguttatus,Passeriformes,LC,False,0.5
Hypargos margaritatus,Passeriformes,LC,False,0.5
Clytospiza monteiri,Passeriformes,LC,False,0.5
Lagonosticta senegala,Passeriformes,LC,False,0.5
Lagonosticta rubricata,Passeriformes,LC,False,0.5
Lagonosticta rhodopareia,Passeriformes,LC,False,0.5
Lagonosticta virata,Passeriformes,LC,False,0.5
Lagonosticta sanguinodorsalis,Passeriformes,LC,False,0.5
Lagonosticta umbrinodorsalis,Passeriformes,LC,False,0.5
Lagonosticta rara,Passeriformes,LC,False,0.5
Lagonosticta rufopicta,Passeriformes,LC,False,0.5
Lagonosticta nitidula,Passeriformes,LC,False,0.5
Lagonosticta larvata,Passeriformes,LC,False,0.5
Lagonosticta vinacea,Passeriformes,LC,False,0.5
Lagonosticta nigricollis,Passeriformes,LC,False,0.5
Vidua chalybeata,Passeriformes,LC,False,0.5
Vidua purpurascens,Passeriformes,LC,False,0.5
Vidua raricola,Passeriformes,LC,False,0.5
Vidua larvaticola,Passeriformes,LC,False,0.5
Vidua funerea,Passeriformes,LC,False,0.5
Vidua codringtoni,Passeriformes,LC,False,0.5
Vidua wilsoni,Passeriformes,LC,False,0.5
Vidua nigeriae,Passeriformes,LC,False,0.5
Vidua maryae,Passeriformes,LC,False,0.5
Vidua camerunensis,Passeriformes,LC,False,0.5
Vidua macroura,Passeriformes,LC,False,0.5
Vidua hypocherina,Passeriformes,LC,False,0.5
Vidua fischeri,Passeriformes,LC,False,0.5
Vidua regia,Passeriformes,LC,False,0.5
Vidua paradisaea,Passeriformes,LC,False,0.5
Vidua orientalis,Passeriformes,LC,False,0.5
Vidua interjecta,Passeriformes,LC,False,0.5
Vidua togoensis,Passeriformes,LC,False,0.5
Vidua obtusa,Passeriformes,LC,False,0.5
Anomalospiza imberbis,Passeriformes,LC,False,0.5
Peucedramus taeniatus,Passeriformes,LC,False,0.5
Prunella collaris,Passeriformes,LC,False,0.5
Prunella himalayana,Passeriformes,LC,False,0.5
Prunella rubeculoides,Passeriformes,LC,False,0.5
Prunella strophiata,Passeriformes,LC,False,0.5
Prunella montanella,Passeriformes,LC,True,2.0
Prunella fulvescens,Passeriformes,LC,False,0.5
Prunella ocularis,Passeriformes,LC,False,0.5
Prunella atrogularis,Passeriformes,LC,True,2.0
Prunella koslowi,Passeriformes,LC,True,2.0
Prunella modularis,Passeriformes,LC,True,2.0
Prunella rubida,Passeriformes,LC,False,0.5
Prunella immaculata,Passeriformes,LC,False,0.5
Dendronanthus indicus,Passeriformes,LC,True,2.0
Motacilla flava,Passeriformes,LC,True,2.0
Motacilla tschutschensis,Passeriformes,LC,True,2.0
Motacilla citreola,Passeriformes,LC,True,2.0
Motacilla capensis,Passeriformes,LC,False,0.5
Motacilla flaviventris,Passeriformes,LC,False,0.5
Amaurocichla bocagii,Passeriformes,VU,False,1.5
Motacilla cinerea,Passeriformes,LC,True,2.0
Motacilla clara,Passeriformes,LC,False,0.5
Motacilla alba,Passeriformes,LC,True,2.0
Motacilla aguimp,Passeriformes,LC,False,0.5
Motacilla samveasnae,Passeriformes,NT,False,1.0
Motacilla grandis,Passeriformes,LC,False,0.5
Motacilla maderaspatensis,Passeriformes,LC,False,0.5
Tmetothylacus tenellus,Passeriformes,LC,True,2.0
Macronyx sharpei,Passeriformes,EN,False,2.0
Macronyx flavicollis,Passeriformes,NT,False,1.0
Macronyx fuelleborni,Passeriformes,LC,False,0.5
Macronyx capensis,Passeriformes,LC,False,0.5
Macronyx croceus,Passeriformes,LC,False,0.5
Macronyx aurantiigula,Passeriformes,LC,False,0.5
Macronyx ameliae,Passeriformes,LC,False,0.5
Macronyx grimwoodi,Passeriformes,LC,False,0.5
Anthus richardi,Passeriformes,LC,True,2.0
Anthus rufulus,Passeriformes,LC,False,0.5
Anthus australis,Passeriformes,,False,0.25
Anthus novaeseelandiae,Passeriformes,LC,False,0.5
Anthus cinnamomeus,Passeriformes,LC,True,2.0
Anthus hoeschi,Passeriformes,NT,True,4.0
Anthus godlewskii,Passeriformes,LC,True,2.0
Anthus campestris,Passeriformes,LC,True,2.0
Anthus similis,Passeriformes,LC,True,2.0
Anthus nicholsoni,Passeriformes,,False,0.25
Anthus nyassae,Passeriformes,LC,False,0.5
Anthus vaalensis,Passeriformes,LC,False,0.5
Anthus leucophrys,Passeriformes,LC,False,0.5
Anthus pallidiventris,Passeriformes,LC,False,0.5
Anthus pratensis,Passeriformes,LC,True,2.0
Anthus trivialis,Passeriformes,LC,True,2.0
Anthus hodgsoni,Passeriformes,LC,True,2.0
Anthus gustavi,Passeriformes,LC,True,2.0
Anthus roseatus,Passeriformes,LC,True,2.0
Anthus cervinus,Passeriformes,LC,True,2.0
Anthus japonicus,Passeriformes,,True,1.0
Anthus rubescens,Passeriformes,LC,True,2.0
Anthus spinoletta,Passeriformes,LC,True,2.0
Anthus petrosus,Passeriformes,LC,True,2.0
Anthus nilghiriensis,Passeriformes,VU,False,1.5
Anthus sylvanus,Passeriformes,LC,False,0.5
Anthus berthelotii,Passeriformes,LC,False,0.5
Anthus lineiventris,Passeriformes,LC,True,2.0
Anthus crenatus,Passeriformes,NT,False,1.0
Anthus brachyurus,Passeriformes,LC,True,2.0
Anthus caffer,Passeriformes,LC,False,0.5
Anthus sokokensis,Passeriformes,EN,False,2.0
Anthus melindae,Passeriformes,LC,False,0.5
Hemimacronyx chloris,Passeriformes,VU,False,1.5
Anthus gutturalis,Passeriformes,LC,False,0.5
Madanga ruficollis,Passeriformes,EN,False,2.0
Anthus spragueii,Passeriformes,VU,True,6.0
Anthus chii,Passeriformes,LC,False,0.5
Anthus peruvianus,Passeriformes,LC,False,0.5
Anthus furcatus,Passeriformes,LC,False,0.5
Anthus brevirostris,Passeriformes,LC,False,0.5
Anthus chacoensis,Passeriformes,LC,False,0.5
Anthus correndera,Passeriformes,LC,False,0.5
Anthus antarcticus,Passeriformes,LC,False,0.5
Anthus nattereri,Passeriformes,VU,False,1.5
Anthus hellmayri,Passeriformes,LC,False,0.5
Anthus bogotensis,Passeriformes,LC,False,0.5
Urocynchramus pylzowi,Passeriformes,LC,False,0.5
Fringilla coelebs,Passeriformes,LC,True,2.0
Fringilla spodiogenys,Passeriformes,,False,0.25
Fringilla moreletti,Passeriformes,,False,0.25
Fringilla maderensis,Passeriformes,,False,0.25
Fringilla canariensis,Passeriformes,,False,0.25
Fringilla teydea,Passeriformes,NT,False,1.0
Fringilla polatzeki,Passeriformes,EN,False,2.0
Fringilla montifringilla,Passeriformes,LC,True,2.0
Mycerobas icterioides,Passeriformes,LC,False,0.5
Mycerobas affinis,Passeriformes,LC,False,0.5
Mycerobas melanozanthos,Passeriformes,LC,False,0.5
Mycerobas carnipes,Passeriformes,LC,False,0.5
Hesperiphona vespertina,Passeriformes,VU,False,1.5
Hesperiphona abeillei,Passeriformes,LC,False,0.5
Coccothraustes coccothraustes,Passeriformes,LC,True,2.0
Eophona migratoria,Passeriformes,LC,True,2.0
Eophona personata,Passeriformes,LC,True,2.0
Pinicola enucleator,Passeriformes,LC,True,2.0
Pyrrhula nipalensis,Passeriformes,LC,False,0.5
Pyrrhula waterstradti,Passeriformes,VU,False,1.5
Pyrrhula aurantiaca,Passeriformes,LC,False,0.5
Pyrrhula erythrocephala,Passeriformes,LC,False,0.5
Pyrrhula erythaca,Passeriformes,LC,False,0.5
Pyrrhula owstoni,Passeriformes,,False,0.25
Pyrrhula leucogenis,Passeriformes,LC,False,0.5
Pyrrhula pyrrhula,Passeriformes,LC,True,2.0
Pyrrhula murina,Passeriformes,VU,False,1.5
Rhodopechys sanguineus,Passeriformes,LC,True,2.0
Rhodopechys alienus,Passeriformes,LC,False,0.5
Bucanetes githagineus,Passeriformes,LC,False,0.5
Bucanetes mongolicus,Passeriformes,LC,False,0.5
Agraphospiza rubescens,Passeriformes,LC,False,0.5
Callacanthis burtoni,Passeriformes,LC,False,0.5
Pyrrhoplectes epauletta,Passeriformes,LC,False,0.5
Procarduelis nipalensis,Passeriformes,LC,False,0.5
Leucosticte nemoricola,Passeriformes,LC,False,0.5
Leucosticte brandti,Passeriformes,LC,False,0.5
Leucosticte arctoa,Passeriformes,LC,True,2.0
Leucosticte tephrocotis,Passeriformes,LC,True,2.0
Leucosticte atrata,Passeriformes,EN,True,8.0
Leucosticte australis,Passeriformes,EN,True,8.0
Carpodacus erythrinus,Passeriformes,LC,True,2.0
Carpodacus sipahi,Passeriformes,LC,False,0.5
Carpodacus ferreorostris,Passeriformes,EX,False,0.25
Carpodacus rubicilloides,Passeriformes,LC,False,0.5
Carpodacus rubicilla,Passeriformes,LC,False,0.5
Carpodacus grandis,Passeriformes,,False,0.25
Carpodacus rhodochlamys,Passeriformes,LC,False,0.5
Carpodacus pulcherrimus,Passeriformes,LC,False,0.5
Carpodacus davidianus,Passeriformes,,False,0.25
Carpodacus waltoni,Passeriformes,LC,False,0.5
Carpodacus rodochroa,Passeriformes,LC,False,0.5
Carpodacus edwardsii,Passeriformes,LC,False,0.5
Carpodacus rodopeplus,Passeriformes,LC,False,0.5
Carpodacus verreauxii,Passeriformes,LC,False,0.5
Carpodacus vinaceus,Passeriformes,LC,False,0.5
Carpodacus formosanus,Passeriformes,LC,False,0.5
Carpodacus synoicus,Passeriformes,LC,False,0.5
Carpodacus stoliczkae,Passeriformes,LC,False,0.5
Carpodacus roborowskii,Passeriformes,LC,False,0.5
Carpodacus sillemi,Passeriformes,DD,False,0.25
Carpodacus sibiricus,Passeriformes,LC,True,2.0
Carpodacus lepidus,Passeriformes,LC,False,0.5
Carpodacus roseus,Passeriformes,LC,True,2.0
Carpodacus trifasciatus,Passeriformes,LC,False,0.5
Carpodacus thura,Passeriformes,LC,False,0.5
Carpodacus dubius,Passeriformes,LC,False,0.5
Carpodacus puniceus,Passeriformes,LC,False,0.5
Carpodacus subhimachalus,Passeriformes,LC,False,0.5
Melamprosops phaeosoma,Passeriformes,EX,False,0.25
Paroreomyza maculata,Passeriformes,CR (PE),False,0.25
Paroreomyza flammea,Passeriformes,EX,False,0.25
Paroreomyza montana,Passeriformes,EN,False,2.0
Oreomystis bairdi,Passeriformes,CR,False,2.5
Telespiza cantans,Passeriformes,VU,False,1.5
Telespiza ultima,Passeriformes,CR,False,2.5
Loxioides bailleui,Passeriformes,CR,False,2.5
Rhodacanthis flaviceps,Passeriformes,EX,False,0.25
Rhodacanthis palmeri,Passeriformes,EX,False,0.25
Chloridops kona,Passeriformes,EX,False,0.25
Psittirostra psittacea,Passeriformes,EX,False,0.25
Dysmorodrepanis munroi,Passeriformes,EX,False,0.25
Drepanis coccinea,Passeriformes,VU,False,1.5
Drepanis pacifica,Passeriformes,EX,False,0.25
Drepanis funerea,Passeriformes,EX,False,0.25
Ciridops anna,Passeriformes,EX,False,0.25
Palmeria dolei,Passeriformes,CR,False,2.5
Himatione sanguinea,Passeriformes,LC,False,0.5
Himatione fraithii,Passeriformes,EX,False,0.25
Viridonia sagittirostris,Passeriformes,EX,False,0.25
Akialoa obscura,Passeriformes,EX,False,0.25
Akialoa ellisiana,Passeriformes,EX,False,0.25
Akialoa stejnegeri,Passeriformes,EX,False,0.25
Akialoa lanaiensis,Passeriformes,EX,False,0.25
Hemignathus lucidus,Passeriformes,EX,False,0.25
Hemignathus hanapepe,Passeriformes,EX,False,0.25
Hemignathus affinis,Passeriformes,EX,False,0.25
Hemignathus wilsoni,Passeriformes,EN,False,2.0
Pseudonestor xanthophrys,Passeriformes,CR,False,2.5
Magumma parva,Passeriformes,EN,False,2.0
Manucerthia mana,Passeriformes,EN,False,2.0
Loxops caeruleirostris,Passeriformes,CR,False,2.5
Loxops coccineus,Passeriformes,EN,False,2.0
Loxops wolstenholmei,Passeriformes,EX,False,0.25
Loxops ochraceus,Passeriformes,EX,False,0.25
Chlorodrepanis virens,Passeriformes,LC,False,0.5
Chlorodrepanis flava,Passeriformes,NT,False,1.0
Chlorodrepanis stejnegeri,Passeriformes,EN,False,2.0
Haemorhous purpureus,Passeriformes,LC,True,2.0
Haemorhous cassinii,Passeriformes,LC,True,2.0
Haemorhous mexicanus,Passeriformes,LC,True,2.0
Chloris chloris,Passeriformes,LC,True,2.0
Chloris sinica,Passeriformes,LC,True,2.0
Chloris kittlitzi,Passeriformes,,False,0.25
Chloris spinoides,Passeriformes,LC,False,0.5
Chloris monguilloti,Passeriformes,LC,False,0.5
Chloris ambigua,Passeriformes,LC,False,0.5
Rhodospiza obsoleta,Passeriformes,LC,False,0.5
Rhynchostruthus socotranus,Passeriformes,LC,False,0.5
Rhynchostruthus percivali,Passeriformes,NT,False,1.0
Rhynchostruthus louisae,Passeriformes,NT,False,1.0
Linurgus olivaceus,Passeriformes,LC,False,0.5
Crithagra rufobrunnea,Passeriformes,LC,False,0.5
Crithagra concolor,Passeriformes,CR,False,2.5
Crithagra citrinelloides,Passeriformes,LC,False,0.5
Crithagra frontalis,Passeriformes,LC,False,0.5
Crithagra hyposticta,Passeriformes,LC,False,0.5
Crithagra capistrata,Passeriformes,LC,False,0.5
Crithagra koliensis,Passeriformes,LC,False,0.5
Crithagra scotops,Passeriformes,LC,False,0.5
Crithagra leucopygia,Passeriformes,LC,False,0.5
Crithagra atrogularis,Passeriformes,LC,False,0.5
Crithagra xanthopygia,Passeriformes,LC,False,0.5
Crithagra reichenowi,Passeriformes,LC,False,0.5
Crithagra rothschildi,Passeriformes,LC,False,0.5
Crithagra flavigula,Passeriformes,EN,False,2.0
Crithagra xantholaema,Passeriformes,NT,False,1.0
Crithagra citrinipectus,Passeriformes,LC,False,0.5
Crithagra mozambica,Passeriformes,LC,False,0.5
Crithagra dorsostriata,Passeriformes,LC,False,0.5
Crithagra ankoberensis,Passeriformes,VU,False,1.5
Crithagra menachensis,Passeriformes,LC,False,0.5
Crithagra totta,Passeriformes,LC,False,0.5
Crithagra symonsi,Passeriformes,LC,False,0.5
Crithagra donaldsoni,Passeriformes,LC,False,0.5
Crithagra buchanani,Passeriformes,LC,False,0.5
Crithagra flaviventris,Passeriformes,LC,False,0.5
Crithagra sulphurata,Passeriformes,LC,False,0.5
Crithagra striatipectus,Passeriformes,LC,False,0.5
Crithagra reichardi,Passeriformes,LC,False,0.5
Crithagra gularis,Passeriformes,LC,False,0.5
Crithagra canicapilla,Passeriformes,LC,False,0.5
Crithagra mennelli,Passeriformes,LC,False,0.5
Crithagra tristriata,Passeriformes,LC,False,0.5
Crithagra albogularis,Passeriformes,LC,False,0.5
Crithagra burtoni,Passeriformes,LC,False,0.5
Crithagra striolata,Passeriformes,LC,False,0.5
Crithagra whytii,Passeriformes,,False,0.25
Crithagra melanochroa,Passeriformes,LC,False,0.5
Crithagra leucoptera,Passeriformes,NT,False,1.0
Linaria flavirostris,Passeriformes,LC,True,2.0
Linaria cannabina,Passeriformes,LC,True,2.0
Linaria yemenensis,Passeriformes,LC,False,0.5
Linaria johannis,Passeriformes,NT,False,1.0
Acanthis flammea,Passeriformes,LC,True,2.0
Loxia pytyopsittacus,Passeriformes,LC,True,2.0
Loxia scotica,Passeriformes,LC,False,0.5
Loxia curvirostra,Passeriformes,LC,False,0.5
Loxia sinesciuris,Passeriformes,,False,0.25
Loxia leucoptera,Passeriformes,LC,False,0.5
Loxia megaplaga,Passeriformes,EN,False,2.0
Chrysocorythus estherae,Passeriformes,LC,False,0.5
Chrysocorythus mindanensis,Passeriformes,LC,False,0.5
Carduelis carduelis,Passeriformes,LC,True,2.0
Carduelis caniceps,Passeriformes,LC,False,0.5
Carduelis citrinella,Passeriformes,LC,False,0.5
Carduelis corsicana,Passeriformes,LC,False,0.5
Serinus pusillus,Passeriformes,LC,True,2.0
Serinus serinus,Passeriformes,LC,True,2.0
Serinus syriacus,Passeriformes,VU,False,1.5
Serinus canaria,Passeriformes,LC,False,0.5
Serinus canicollis,Passeriformes,LC,False,0.5
Serinus flavivertex,Passeriformes,LC,False,0.5
Serinus nigriceps,Passeriformes,LC,False,0.5
Serinus alario,Passeriformes,LC,False,0.5
Spinus thibetanus,Passeriformes,LC,False,0.5
Spinus lawrencei,Passeriformes,LC,False,0.5
Spinus tristis,Passeriformes,LC,True,2.0
Spinus psaltria,Passeriformes,LC,False,0.5
Spinus spinus,Passeriformes,LC,True,2.0
Spinus dominicensis,Passeriformes,LC,False,0.5
Spinus pinus,Passeriformes,LC,True,2.0
Spinus atriceps,Passeriformes,LC,False,0.5
Spinus notatus,Passeriformes,LC,False,0.5
Spinus barbatus,Passeriformes,LC,False,0.5
Spinus xanthogastrus,Passeriformes,LC,False,0.5
Spinus olivaceus,Passeriformes,LC,False,0.5
Spinus magellanicus,Passeriformes,LC,False,0.5
Spinus siemiradzkii,Passeriformes,LC,False,0.5
Spinus yarrellii,Passeriformes,VU,False,1.5
Spinus cucullatus,Passeriformes,EN,False,2.0
Spinus atratus,Passeriformes,LC,False,0.5
Spinus uropygialis,Passeriformes,LC,False,0.5
Spinus crassirostris,Passeriformes,LC,False,0.5
Spinus spinescens,Passeriformes,LC,False,0.5
Euphonia elegantissima,Passeriformes,LC,True,2.0
Euphonia musica,Passeriformes,LC,False,0.5
Euphonia sclateri,Passeriformes,LC,False,0.5
Euphonia flavifrons,Passeriformes,LC,False,0.5
Euphonia cyanocephala,Passeriformes,LC,False,0.5
Chlorophonia cyanea,Passeriformes,LC,False,0.5
Chlorophonia pyrrhophrys,Passeriformes,LC,False,0.5
Chlorophonia flavirostris,Passeriformes,LC,False,0.5
Chlorophonia occipitalis,Passeriformes,LC,False,0.5
Chlorophonia callophrys,Passeriformes,LC,False,0.5
Euphonia jamaica,Passeriformes,LC,False,0.5
Euphonia saturata,Passeriformes,LC,False,0.5
Euphonia plumbea,Passeriformes,LC,False,0.5
Euphonia chlorotica,Passeriformes,LC,False,0.5
Euphonia finschi,Passeriformes,LC,False,0.5
Euphonia concinna,Passeriformes,LC,False,0.5
Euphonia trinitatis,Passeriformes,LC,False,0.5
Euphonia godmani,Passeriformes,,False,0.25
Euphonia affinis,Passeriformes,LC,False,0.5
Euphonia luteicapilla,Passeriformes,LC,False,0.5
Euphonia chrysopasta,Passeriformes,LC,False,0.5
Euphonia minuta,Passeriformes,LC,False,0.5
Euphonia chalybea,Passeriformes,LC,False,0.5
Euphonia violacea,Passeriformes,LC,False,0.5
Euphonia hirundinacea,Passeriformes,LC,False,0.5
Euphonia laniirostris,Passeriformes,LC,False,0.5
Euphonia imitans,Passeriformes,LC,False,0.5
Euphonia gouldi,Passeriformes,LC,False,0.5
Euphonia fulvicrissa,Passeriformes,LC,False,0.5
Euphonia anneae,Passeriformes,LC,False,0.5
Euphonia xanthogaster,Passeriformes,LC,False,0.5
Euphonia mesochrysa,Passeriformes,LC,False,0.5
Euphonia cayennensis,Passeriformes,LC,False,0.5
Euphonia rufiventris,Passeriformes,LC,False,0.5
Euphonia pectoralis,Passeriformes,LC,False,0.5
Rhynchophanes mccownii,Passeriformes,LC,True,2.0
Calcarius lapponicus,Passeriformes,LC,True,2.0
Calcarius pictus,Passeriformes,LC,True,2.0
Calcarius ornatus,Passeriformes,VU,True,6.0
Plectrophenax nivalis,Passeriformes,LC,True,2.0
Plectrophenax hyperboreus,Passeriformes,LC,True,2.0
Rhodinocichla rosea,Passeriformes,LC,False,0.5
Emberiza lathami,Passeriformes,LC,False,0.5
Emberiza siemsseni,Passeriformes,LC,True,2.0
Emberiza calandra,Passeriformes,LC,False,0.5
Emberiza citrinella,Passeriformes,LC,False,0.5
Emberiza leucocephalos,Passeriformes,LC,True,2.0
Emberiza cia,Passeriformes,LC,True,2.0
Emberiza godlewskii,Passeriformes,LC,False,0.5
Emberiza cioides,Passeriformes,LC,False,0.5
Emberiza stewarti,Passeriformes,LC,True,2.0
Emberiza jankowskii,Passeriformes,EN,False,2.0
Emberiza buchanani,Passeriformes,LC,True,2.0
Emberiza cineracea,Passeriformes,NT,True,4.0
Emberiza hortulana,Passeriformes,LC,True,2.0
Emberiza caesia,Passeriformes,LC,True,2.0
Emberiza cirlus,Passeriformes,LC,False,0.5
Emberiza striolata,Passeriformes,LC,False,0.5
Emberiza sahari,Passeriformes,LC,False,0.5
Emberiza impetuani,Passeriformes,LC,True,2.0
Emberiza tahapisi,Passeriformes,LC,False,0.5
Emberiza goslingi,Passeriformes,LC,False,0.5
Emberiza socotrana,Passeriformes,NT,False,1.0
Emberiza capensis,Passeriformes,LC,False,0.5
Emberiza tristrami,Passeriformes,LC,True,2.0
Emberiza fucata,Passeriformes,LC,True,2.0
Emberiza pusilla,Passeriformes,LC,True,2.0
Emberiza chrysophrys,Passeriformes,LC,True,2.0
Emberiza rustica,Passeriformes,VU,True,6.0
Emberiza elegans,Passeriformes,LC,True,2.0
Emberiza aureola,Passeriformes,CR,True,10.0
Emberiza poliopleura,Passeriformes,LC,False,0.5
Emberiza flaviventris,Passeriformes,LC,False,0.5
Emberiza affinis,Passeriformes,LC,False,0.5
Emberiza cabanisi,Passeriformes,LC,False,0.5
Emberiza rutila,Passeriformes,LC,True,2.0
Emberiza koslowi,Passeriformes,LC,False,0.5
Emberiza melanocephala,Passeriformes,LC,True,2.0
Emberiza bruniceps,Passeriformes,LC,True,2.0
Emberiza sulphurata,Passeriformes,LC,True,2.0
Emberiza spodocephala,Passeriformes,LC,True,2.0
Emberiza personata,Passeriformes,LC,True,2.0
Emberiza variabilis,Passeriformes,LC,True,2.0
Emberiza pallasi,Passeriformes,LC,True,2.0
Emberiza yessoensis,Passeriformes,NT,True,4.0
Emberiza schoeniclus,Passeriformes,LC,True,2.0
Oreothraupis arremonops,Passeriformes,LC,False,0.5
Chlorospingus flavigularis,Passeriformes,LC,False,0.5
Chlorospingus hypophaeus,Passeriformes,LC,False,0.5
Chlorospingus parvirostris,Passeriformes,LC,False,0.5
Chlorospingus canigularis,Passeriformes,LC,False,0.5
Chlorospingus pileatus,Passeriformes,LC,False,0.5
Chlorospingus flavopectus,Passeriformes,LC,False,0.5
Chlorospingus tacarcunae,Passeriformes,LC,False,0.5
Chlorospingus inornatus,Passeriformes,LC,False,0.5
Chlorospingus semifuscus,Passeriformes,LC,False,0.5
Rhynchospiza stolzmanni,Passeriformes,LC,False,0.5
Rhynchospiza dabbenei,Passeriformes,LC,False,0.5
Rhynchospiza strigiceps,Passeriformes,LC,False,0.5
Peucaea carpalis,Passeriformes,LC,False,0.5
Peucaea sumichrasti,Passeriformes,NT,False,1.0
Peucaea ruficauda,Passeriformes,LC,False,0.5
Peucaea humeralis,Passeriformes,LC,False,0.5
Peucaea mystacalis,Passeriformes,LC,False,0.5
Peucaea botterii,Passeriformes,LC,False,0.5
Peucaea cassinii,Passeriformes,LC,False,0.5
Peucaea aestivalis,Passeriformes,NT,False,1.0
Ammodramus savannarum,Passeriformes,LC,True,2.0
Ammodramus humeralis,Passeriformes,LC,False,0.5
Ammodramus aurifrons,Passeriformes,LC,False,0.5
Arremonops rufivirgatus,Passeriformes,LC,False,0.5
Arremonops chloronotus,Passeriformes,LC,False,0.5
Arremonops conirostris,Passeriformes,LC,False,0.5
Arremonops tocuyensis,Passeriformes,LC,False,0.5
Amphispiza quinquestriata,Passeriformes,LC,False,0.5
Amphispiza bilineata,Passeriformes,LC,False,0.5
Chondestes grammacus,Passeriformes,LC,False,0.5
Calamospiza melanocorys,Passeriformes,LC,True,2.0
Spizella passerina,Passeriformes,LC,False,0.5
Spizella pallida,Passeriformes,LC,True,2.0
Spizella atrogularis,Passeriformes,LC,False,0.5
Spizella pusilla,Passeriformes,LC,False,0.5
Spizella breweri,Passeriformes,LC,True,2.0
Spizella wortheni,Passeriformes,EN,False,2.0
Arremon basilicus,Passeriformes,NT,False,1.0
Arremon perijanus,Passeriformes,LC,False,0.5
Arremon costaricensis,Passeriformes,LC,False,0.5
Arremon atricapillus,Passeriformes,LC,False,0.5
Arremon phaeopleurus,Passeriformes,LC,False,0.5
Arremon phygas,Passeriformes,VU,False,1.5
Arremon assimilis,Passeriformes,LC,False,0.5
Arremon torquatus,Passeriformes,LC,False,0.5
Arremon aurantiirostris,Passeriformes,LC,False,0.5
Arremon abeillei,Passeriformes,LC,False,0.5
Arremon nigriceps,Passeriformes,NT,False,1.0
Arremon schlegeli,Passeriformes,LC,False,0.5
Arremon axillaris,Passeriformes,LC,False,0.5
Arremon taciturnus,Passeriformes,LC,False,0.5
Arremon franciscanus,Passeriformes,NT,False,1.0
Arremon semitorquatus,Passeriformes,LC,False,0.5
Arremon dorbignii,Passeriformes,LC,False,0.5
Arremon flavirostris,Passeriformes,LC,False,0.5
Arremon virenticeps,Passeriformes,LC,False,0.5
Arremon brunneinucha,Passeriformes,LC,False,0.5
Arremon crassirostris,Passeriformes,LC,False,0.5
Arremon castaneiceps,Passeriformes,NT,False,1.0
Passerella unalaschcensis,Passeriformes,LC,True,2.0
Passerella schistacea,Passeriformes,LC,True,2.0
Passerella megarhyncha,Passeriformes,LC,True,2.0
Passerella iliaca,Passeriformes,LC,True,2.0
Passerella arborea,Passeriformes,LC,True,2.0
Junco vulcani,Passeriformes,LC,False,0.5
Junco insularis,Passeriformes,EN,False,2.0
Junco hyemalis,Passeriformes,LC,True,2.0
Junco phaeonotus,Passeriformes,LC,False,0.5
Junco bairdi,Passeriformes,NT,False,1.0
Zonotrichia capensis,Passeriformes,LC,True,2.0
Zonotrichia leucophrys,Passeriformes,LC,True,2.0
Zonotrichia atricapilla,Passeriformes,LC,True,2.0
Zonotrichia querula,Passeriformes,NT,True,4.0
Zonotrichia albicollis,Passeriformes,LC,True,2.0
Artemisiospiza nevadensis,Passeriformes,LC,True,2.0
Artemisiospiza belli,Passeriformes,LC,True,2.0
Oriturus superciliosus,Passeriformes,LC,False,0.5
Pooecetes gramineus,Passeriformes,LC,False,0.5
Ammospiza leconteii,Passeriformes,LC,True,2.0
Ammospiza maritima,Passeriformes,LC,False,0.5
Ammospiza nelsoni,Passeriformes,LC,True,2.0
Ammospiza caudacuta,Passeriformes,EN,True,8.0
Passerculus bairdii,Passeriformes,LC,True,2.0
Passerculus henslowii,Passeriformes,LC,True,2.0
Passerculus sandwichensis,Passeriformes,LC,True,2.0
Passerculus guttatus,Passeriformes,LC,True,2.0
Passerculus sanctorum,Passeriformes,NT,False,1.0
Passerculus rostratus,Passeriformes,LC,True,2.0
Xenospiza baileyi,Passeriformes,EN,False,2.0
Melospiza melodia,Passeriformes,LC,True,2.0
Melospiza lincolnii,Passeriformes,LC,True,2.0
Melospiza georgiana,Passeriformes,LC,True,2.0
Pezopetes capitalis,Passeriformes,LC,False,0.5
Torreornis inexpectata,Passeriformes,NT,False,1.0
Melozone kieneri,Passeriformes,LC,False,0.5
Melozone fusca,Passeriformes,LC,False,0.5
Melozone albicollis,Passeriformes,LC,False,0.5
Melozone aberti,Passeriformes,LC,False,0.5
Melozone crissalis,Passeriformes,LC,False,0.5
Melozone leucotis,Passeriformes,LC,False,0.5
Melozone occipitalis,Passeriformes,LC,False,0.5
Melozone biarcuata,Passeriformes,LC,False,0.5
Melozone cabanisi,Passeriformes,NT,False,1.0
Aimophila rufescens,Passeriformes,LC,False,0.5
Aimophila ruficeps,Passeriformes,LC,False,0.5
Aimophila notosticta,Passeriformes,LC,False,0.5
Pipilo chlorurus,Passeriformes,LC,True,2.0
Pipilo maculatus,Passeriformes,LC,True,2.0
Pipilo socorroensis,Passeriformes,EN,False,2.0
Pipilo erythrophthalmus,Passeriformes,LC,True,2.0
Pipilo naufragus,Passeriformes,EX,False,0.25
Pipilo ocai,Passeriformes,LC,False,0.5
Atlapetes pileatus,Passeriformes,LC,False,0.5
Atlapetes albinucha,Passeriformes,LC,False,0.5
Pselliophorus tibialis,Passeriformes,LC,False,0.5
Pselliophorus luteoviridis,Passeriformes,VU,False,1.5
Atlapetes albofrenatus,Passeriformes,LC,False,0.5
Atlapetes meridae,Passeriformes,LC,False,0.5
Atlapetes personatus,Passeriformes,LC,False,0.5
Atlapetes melanocephalus,Passeriformes,LC,False,0.5
Atlapetes semirufus,Passeriformes,LC,False,0.5
Atlapetes flaviceps,Passeriformes,NT,False,1.0
Atlapetes fuscoolivaceus,Passeriformes,NT,False,1.0
Atlapetes leucopis,Passeriformes,LC,False,0.5
Atlapetes albiceps,Passeriformes,LC,False,0.5
Atlapetes rufigenis,Passeriformes,LC,False,0.5
Atlapetes crassus,Passeriformes,LC,False,0.5
Atlapetes tricolor,Passeriformes,LC,False,0.5
Atlapetes schistaceus,Passeriformes,LC,False,0.5
Atlapetes taczanowskii,Passeriformes,LC,False,0.5
Atlapetes pallidinucha,Passeriformes,LC,False,0.5
Atlapetes blancae,Passeriformes,CR,False,2.5
Atlapetes latinuchus,Passeriformes,LC,False,0.5
Atlapetes nigrifrons,Passeriformes,LC,False,0.5
Atlapetes leucopterus,Passeriformes,LC,False,0.5
Atlapetes paynteri,Passeriformes,LC,False,0.5
Atlapetes pallidiceps,Passeriformes,EN,False,2.0
Atlapetes seebohmi,Passeriformes,LC,False,0.5
Atlapetes nationi,Passeriformes,LC,False,0.5
Atlapetes forbesi,Passeriformes,LC,False,0.5
Atlapetes melanopsis,Passeriformes,NT,False,1.0
Atlapetes terborghi,Passeriformes,NT,False,1.0
Atlapetes canigenis,Passeriformes,LC,False,0.5
Atlapetes melanolaemus,Passeriformes,LC,False,0.5
Atlapetes rufinucha,Passeriformes,LC,False,0.5
Atlapetes fulviceps,Passeriformes,LC,False,0.5
Atlapetes citrinellus,Passeriformes,LC,False,0.5
Calyptophilus tertius,Passeriformes,VU,False,1.5
Calyptophilus frugivorus,Passeriformes,NT,False,1.0
Phaenicophilus palmarum,Passeriformes,LC,False,0.5
Phaenicophilus poliocephalus,Passeriformes,NT,False,1.0
Microligea palustris,Passeriformes,LC,False,0.5
Xenoligea montana,Passeriformes,VU,False,1.5
Nesospingus speculiferus,Passeriformes,VU,False,1.5
Spindalis zena,Passeriformes,LC,False,0.5
Spindalis dominicensis,Passeriformes,LC,False,0.5
Spindalis portoricensis,Passeriformes,LC,False,0.5
Spindalis nigricephala,Passeriformes,LC,False,0.5
Zeledonia coronata,Passeriformes,LC,False,0.5
Teretistris fernandinae,Passeriformes,LC,False,0.5
Teretistris fornsi,Passeriformes,LC,False,0.5
Icteria virens,Passeriformes,LC,True,2.0
Xanthocephalus xanthocephalus,Passeriformes,LC,True,2.0
Dolichonyx oryzivorus,Passeriformes,LC,True,2.0
Sturnella neglecta,Passeriformes,LC,True,2.0
Sturnella magna,Passeriformes,NT,True,4.0
Sturnella lilianae,Passeriformes,,False,0.25
Leistes militaris,Passeriformes,LC,False,0.5
Leistes superciliaris,Passeriformes,LC,False,0.5
Leistes bellicosus,Passeriformes,LC,False,0.5
Leistes loyca,Passeriformes,LC,True,2.0
Leistes defilippii,Passeriformes,VU,True,6.0
Amblycercus holosericeus,Passeriformes,LC,False,0.5
Cassiculus melanicterus,Passeriformes,LC,False,0.5
Psarocolius wagleri,Passeriformes,LC,False,0.5
Psarocolius angustifrons,Passeriformes,LC,False,0.5
Psarocolius oleagineus,Passeriformes,LC,False,0.5
Psarocolius atrovirens,Passeriformes,LC,False,0.5
Psarocolius decumanus,Passeriformes,LC,False,0.5
Psarocolius viridis,Passeriformes,LC,False,0.5
Psarocolius bifasciatus,Passeriformes,LC,False,0.5
Psarocolius montezuma,Passeriformes,LC,False,0.5
Psarocolius guatimozinus,Passeriformes,LC,False,0.5
Psarocolius cassini,Passeriformes,VU,False,1.5
Cacicus solitarius,Passeriformes,LC,False,0.5
Cacicus chrysopterus,Passeriformes,LC,False,0.5
Cacicus koepckeae,Passeriformes,NT,False,1.0
Cacicus sclateri,Passeriformes,LC,False,0.5
Cacicus cela,Passeriformes,LC,False,0.5
Cacicus flavicrissus,Passeriformes,LC,False,0.5
Cacicus microrhynchus,Passeriformes,LC,False,0.5
Cacicus pacificus,Passeriformes,LC,False,0.5
Cacicus uropygialis,Passeriformes,LC,False,0.5
Cacicus chrysonotus,Passeriformes,LC,False,0.5
Cacicus latirostris,Passeriformes,LC,False,0.5
Cacicus oseryi,Passeriformes,LC,False,0.5
Cacicus haemorrhous,Passeriformes,LC,False,0.5
Icterus parisorum,Passeriformes,LC,True,2.0
Icterus chrysater,Passeriformes,LC,False,0.5
Icterus graduacauda,Passeriformes,LC,False,0.5
Icterus leucopteryx,Passeriformes,LC,False,0.5
Icterus auratus,Passeriformes,LC,False,0.5
Icterus gularis,Passeriformes,LC,False,0.5
Icterus nigrogularis,Passeriformes,LC,False,0.5
Icterus bullockiorum,Passeriformes,LC,True,2.0
Icterus pustulatus,Passeriformes,LC,False,0.5
Icterus abeillei,Passeriformes,LC,True,2.0
Icterus galbula,Passeriformes,LC,True,2.0
Icterus mesomelas,Passeriformes,LC,False,0.5
Icterus pectoralis,Passeriformes,LC,False,0.5
Icterus graceannae,Passeriformes,LC,False,0.5
Icterus jamacaii,Passeriformes,LC,False,0.5
Icterus icterus,Passeriformes,LC,False,0.5
Icterus croconotus,Passeriformes,LC,False,0.5
Icterus maculialatus,Passeriformes,LC,False,0.5
Icterus wagleri,Passeriformes,LC,False,0.5
Icterus cucullatus,Passeriformes,LC,True,2.0
Icterus prosthemelas,Passeriformes,LC,False,0.5
Icterus spurius,Passeriformes,LC,True,2.0
Icterus fuertesi,Passeriformes,LC,False,0.5
Icterus melanopsis,Passeriformes,LC,False,0.5
Icterus northropi,Passeriformes,EN,False,2.0
Icterus bonana,Passeriformes,VU,False,1.5
Icterus portoricensis,Passeriformes,LC,False,0.5
Icterus oberi,Passeriformes,VU,False,1.5
Icterus laudabilis,Passeriformes,EN,False,2.0
Icterus dominicensis,Passeriformes,LC,False,0.5
Icterus auricapillus,Passeriformes,LC,False,0.5
Icterus pyrrhopterus,Passeriformes,LC,False,0.5
Icterus cayanensis,Passeriformes,LC,False,0.5
Icterus chrysocephalus,Passeriformes,LC,False,0.5
Nesopsar nigerrimus,Passeriformes,EN,False,2.0
Agelaius xanthomus,Passeriformes,EN,False,2.0
Agelaius humeralis,Passeriformes,LC,False,0.5
Agelaius tricolor,Passeriformes,EN,True,8.0
Agelaius phoeniceus,Passeriformes,LC,True,2.0
Agelaius assimilis,Passeriformes,LC,False,0.5
Molothrus rufoaxillaris,Passeriformes,LC,False,0.5
Molothrus oryzivorus,Passeriformes,LC,False,0.5
Molothrus bonariensis,Passeriformes,LC,True,2.0
Molothrus aeneus,Passeriformes,LC,False,0.5
Molothrus armenti,Passeriformes,NT,False,1.0
Molothrus ater,Passeriformes,LC,True,2.0
Dives warczewiczi,Passeriformes,LC,False,0.5
Dives dives,Passeriformes,LC,False,0.5
Ptiloxena atroviolacea,Passeriformes,LC,False,0.5
Euphagus carolinus,Passeriformes,VU,True,6.0
Euphagus cyanocephalus,Passeriformes,LC,False,0.5
Quiscalus quiscula,Passeriformes,NT,False,1.0
Quiscalus nicaraguensis,Passeriformes,LC,False,0.5
Quiscalus lugubris,Passeriformes,LC,False,0.5
Quiscalus niger,Passeriformes,LC,False,0.5
Quiscalus major,Passeriformes,LC,False,0.5
Quiscalus mexicanus,Passeriformes,LC,False,0.5
Quiscalus palustris,Passeriformes,EX,False,0.25
Hypopyrrhus pyrohypogaster,Passeriformes,VU,False,1.5
Lampropsar tanagrinus,Passeriformes,LC,False,0.5
Gymnomystax mexicanus,Passeriformes,LC,False,0.5
Macroagelaius subalaris,Passeriformes,EN,False,2.0
Macroagelaius imthurni,Passeriformes,LC,False,0.5
Curaeus curaeus,Passeriformes,LC,True,2.0
Amblyramphus holosericeus,Passeriformes,LC,False,0.5
Anumara forbesi,Passeriformes,VU,False,1.5
Gnorimopsar chopi,Passeriformes,LC,False,0.5
Oreopsar bolivianus,Passeriformes,LC,False,0.5
Agelaioides badius,Passeriformes,LC,False,0.5
Agelaioides fringillarius,Passeriformes,LC,False,0.5
Agelasticus thilius,Passeriformes,LC,True,2.0
Agelasticus xanthophthalmus,Passeriformes,LC,False,0.5
Agelasticus cyanopus,Passeriformes,LC,False,0.5
Chrysomus ruficapillus,Passeriformes,LC,True,2.0
Chrysomus icterocephalus,Passeriformes,LC,False,0.5
Xanthopsar flavus,Passeriformes,EN,False,2.0
Pseudoleistes virescens,Passeriformes,LC,False,0.5
Pseudoleistes guirahuro,Passeriformes,LC,False,0.5
Seiurus aurocapilla,Passeriformes,LC,True,2.0
Helmitheros vermivorum,Passeriformes,LC,True,2.0
Parkesia motacilla,Passeriformes,LC,True,2.0
Parkesia noveboracensis,Passeriformes,LC,True,2.0
Vermivora bachmanii,Passeriformes,CR (PE),True,1.0
Vermivora chrysoptera,Passeriformes,NT,True,4.0
Vermivora cyanoptera,Passeriformes,LC,True,2.0
Mniotilta varia,Passeriformes,LC,True,2.0
Protonotaria citrea,Passeriformes,LC,True,2.0
Limnothlypis swainsonii,Passeriformes,LC,True,2.0
Oreothlypis superciliosa,Passeriformes,LC,False,0.5
Oreothlypis gutturalis,Passeriformes,LC,False,0.5
Leiothlypis peregrina,Passeriformes,LC,True,2.0
Leiothlypis celata,Passeriformes,LC,True,2.0
Leiothlypis crissalis,Passeriformes,LC,True,2.0
Leiothlypis luciae,Passeriformes,LC,True,2.0
Leiothlypis ruficapilla,Passeriformes,LC,True,2.0
Leiothlypis virginiae,Passeriformes,LC,True,2.0
Leucopeza semperi,Passeriformes,CR,False,2.5
Oporornis agilis,Passeriformes,LC,True,2.0
Geothlypis poliocephala,Passeriformes,LC,False,0.5
Geothlypis aequinoctialis,Passeriformes,LC,False,0.5
Geothlypis chiriquensis,Passeriformes,LC,False,0.5
Geothlypis auricularis,Passeriformes,LC,False,0.5
Geothlypis velata,Passeriformes,,False,0.25
Geothlypis tolmiei,Passeriformes,LC,True,2.0
Geothlypis philadelphia,Passeriformes,LC,True,2.0
Geothlypis formosa,Passeriformes,LC,True,2.0
Geothlypis semiflava,Passeriformes,LC,False,0.5
Geothlypis bairdi,Passeriformes,LC,False,0.5
Geothlypis speciosa,Passeriformes,VU,False,1.5
Geothlypis beldingi,Passeriformes,VU,False,1.5
Geothlypis rostrata,Passeriformes,LC,False,0.5
Geothlypis flavovelata,Passeriformes,NT,False,1.0
Geothlypis trichas,Passeriformes,LC,True,2.0
Geothlypis nelsoni,Passeriformes,LC,False,0.5
Catharopeza bishopi,Passeriformes,EN,False,2.0
Setophaga plumbea,Passeriformes,LC,False,0.5
Setophaga angelae,Passeriformes,EN,False,2.0
Setophaga pharetra,Passeriformes,LC,False,0.5
Setophaga citrina,Passeriformes,LC,True,2.0
Setophaga ruticilla,Passeriformes,LC,True,2.0
Setophaga kirtlandii,Passeriformes,NT,True,4.0
Setophaga tigrina,Passeriformes,LC,True,2.0
Setophaga cerulea,Passeriformes,NT,True,4.0
Setophaga americana,Passeriformes,LC,True,2.0
Setophaga pitiayumi,Passeriformes,LC,True,2.0
Setophaga graysoni,Passeriformes,NT,False,1.0
Setophaga magnolia,Passeriformes,LC,True,2.0
Setophaga castanea,Passeriformes,LC,True,2.0
Setophaga fusca,Passeriformes,LC,True,2.0
Setophaga aestiva,Passeriformes,,True,1.0
Setophaga petechia,Passeriformes,LC,False,0.5
Setophaga pensylvanica,Passeriformes,LC,True,2.0
Setophaga striata,Passeriformes,NT,True,4.0
Setophaga caerulescens,Passeriformes,LC,True,2.0
Setophaga palmarum,Passeriformes,LC,True,2.0
Setophaga pityophila,Passeriformes,LC,False,0.5
Setophaga pinus,Passeriformes,LC,True,2.0
Setophaga coronata,Passeriformes,LC,True,2.0
Setophaga auduboni,Passeriformes,LC,True,2.0
Setophaga goldmani,Passeriformes,,False,0.25
Setophaga dominica,Passeriformes,LC,True,2.0
Setophaga flavescens,Passeriformes,EN,False,2.0
Setophaga vitellina,Passeriformes,NT,False,1.0
Setophaga discolor,Passeriformes,LC,True,2.0
Setophaga adelaidae,Passeriformes,LC,False,0.5
Setophaga subita,Passeriformes,VU,False,1.5
Setophaga delicata,Passeriformes,LC,False,0.5
Setophaga graciae,Passeriformes,LC,True,2.0
Setophaga nigrescens,Passeriformes,LC,True,2.0
Setophaga townsendi,Passeriformes,LC,True,2.0
Setophaga occidentalis,Passeriformes,LC,True,2.0
Setophaga chrysoparia,Passeriformes,EN,True,8.0
Setophaga virens,Passeriformes,LC,True,2.0
Myiothlypis luteoviridis,Passeriformes,LC,False,0.5
Myiothlypis striaticeps,Passeriformes,LC,False,0.5
Myiothlypis euophrys,Passeriformes,LC,False,0.5
Myiothlypis basilica,Passeriformes,NT,False,1.0
Myiothlypis leucophrys,Passeriformes,LC,False,0.5
Myiothlypis flaveola,Passeriformes,LC,False,0.5
Myiothlypis leucoblephara,Passeriformes,LC,False,0.5
Myiothlypis signata,Passeriformes,LC,False,0.5
Myiothlypis nigrocristata,Passeriformes,LC,False,0.5
Myiothlypis fulvicauda,Passeriformes,LC,False,0.5
Myiothlypis rivularis,Passeriformes,LC,False,0.5
Myiothlypis mesoleuca,Passeriformes,LC,False,0.5
Myiothlypis bivittata,Passeriformes,LC,False,0.5
Myiothlypis roraimae,Passeriformes,LC,False,0.5
Myiothlypis chlorophrys,Passeriformes,LC,False,0.5
Myiothlypis chrysogaster,Passeriformes,LC,False,0.5
Myiothlypis conspicillata,Passeriformes,NT,False,1.0
Myiothlypis cinereicollis,Passeriformes,LC,False,0.5
Myiothlypis fraseri,Passeriformes,LC,False,0.5
Myiothlypis coronata,Passeriformes,LC,False,0.5
Basileuterus griseiceps,Passeriformes,EN,False,2.0
Basileuterus lachrymosus,Passeriformes,LC,False,0.5
Basileuterus rufifrons,Passeriformes,LC,False,0.5
Basileuterus delattrii,Passeriformes,,False,0.25
Basileuterus melanogenys,Passeriformes,LC,False,0.5
Basileuterus ignotus,Passeriformes,VU,False,1.5
Basileuterus belli,Passeriformes,LC,False,0.5
Basileuterus culicivorus,Passeriformes,LC,False,0.5
Basileuterus cabanisi,Passeriformes,LC,False,0.5
Basileuterus auricapilla,Passeriformes,LC,False,0.5
Basileuterus hypoleucus,Passeriformes,LC,False,0.5
Basileuterus melanotis,Passeriformes,LC,False,0.5
Basileuterus tacarcunae,Passeriformes,LC,False,0.5
Basileuterus trifasciatus,Passeriformes,LC,False,0.5
Basileuterus punctipectus,Passeriformes,LC,False,0.5
Basileuterus tristriatus,Passeriformes,LC,False,0.5
Cardellina canadensis,Passeriformes,LC,True,2.0
Cardellina pusilla,Passeriformes,LC,True,2.0
Cardellina rubrifrons,Passeriformes,LC,True,2.0
Cardellina rubra,Passeriformes,LC,False,0.5
Cardellina versicolor,Passeriformes,LC,False,0.5
Myioborus pictus,Passeriformes,LC,True,2.0
Myioborus miniatus,Passeriformes,LC,False,0.5
Myioborus brunniceps,Passeriformes,LC,False,0.5
Myioborus flavivertex,Passeriformes,LC,False,0.5
Myioborus albifrons,Passeriformes,NT,False,1.0
Myioborus ornatus,Passeriformes,LC,False,0.5
Myioborus chrysops,Passeriformes,LC,False,0.5
Myioborus melanocephalus,Passeriformes,LC,False,0.5
Myioborus torquatus,Passeriformes,LC,False,0.5
Myioborus pariae,Passeriformes,EN,False,2.0
Myioborus albifacies,Passeriformes,LC,False,0.5
Myioborus cardonai,Passeriformes,NT,False,1.0
Myioborus castaneocapilla,Passeriformes,LC,False,0.5
Mitrospingus cassinii,Passeriformes,LC,False,0.5
Mitrospingus oleagineus,Passeriformes,LC,False,0.5
Orthogonys chloricterus,Passeriformes,LC,False,0.5
Lamprospiza melanoleuca,Passeriformes,LC,False,0.5
Piranga bidentata,Passeriformes,LC,False,0.5
Piranga lutea,Passeriformes,,False,0.25
Piranga flava,Passeriformes,LC,True,2.0
Piranga hepatica,Passeriformes,LC,True,2.0
Piranga rubra,Passeriformes,LC,True,2.0
Piranga roseogularis,Passeriformes,LC,False,0.5
Piranga olivacea,Passeriformes,LC,True,2.0
Piranga ludoviciana,Passeriformes,LC,True,2.0
Piranga leucoptera,Passeriformes,LC,False,0.5
Piranga erythrocephala,Passeriformes,LC,False,0.5
Piranga rubriceps,Passeriformes,LC,False,0.5
Habia rubica,Passeriformes,LC,False,0.5
Habia fuscicauda,Passeriformes,LC,False,0.5
Habia atrimaxillaris,Passeriformes,NT,False,1.0
Habia gutturalis,Passeriformes,LC,False,0.5
Habia cristata,Passeriformes,LC,False,0.5
Habia carmioli,Passeriformes,LC,False,0.5
Habia frenata,Passeriformes,LC,False,0.5
Habia olivacea,Passeriformes,LC,False,0.5
Habia stolzmanni,Passeriformes,LC,False,0.5
Pheucticus chrysopeplus,Passeriformes,LC,False,0.5
Pheucticus tibialis,Passeriformes,LC,False,0.5
Pheucticus chrysogaster,Passeriformes,LC,False,0.5
Pheucticus aureoventris,Passeriformes,LC,False,0.5
Pheucticus ludovicianus,Passeriformes,LC,True,2.0
Pheucticus melanocephalus,Passeriformes,LC,True,2.0
Granatellus venustus,Passeriformes,LC,False,0.5
Granatellus francescae,Passeriformes,NT,False,1.0
Granatellus sallaei,Passeriformes,LC,False,0.5
Granatellus pelzelni,Passeriformes,LC,False,0.5
Granatellus paraensis,Passeriformes,LC,False,0.5
Cardinalis cardinalis,Passeriformes,LC,False,0.5
Cardinalis phoeniceus,Passeriformes,LC,False,0.5
Cardinalis sinuatus,Passeriformes,LC,False,0.5
Caryothraustes poliogaster,Passeriformes,LC,False,0.5
Caryothraustes canadensis,Passeriformes,LC,False,0.5
Caryothraustes celaeno,Passeriformes,LC,False,0.5
Caryothraustes erythromelas,Passeriformes,LC,False,0.5
Amaurospiza concolor,Passeriformes,,False,0.25
Amaurospiza relicta,Passeriformes,LC,False,0.5
Amaurospiza aequatorialis,Passeriformes,,False,0.25
Amaurospiza moesta,Passeriformes,LC,False,0.5
Amaurospiza carrizalensis,Passeriformes,,False,0.25
Spiza americana,Passeriformes,LC,True,2.0
Cyanoloxia glaucocaerulea,Passeriformes,LC,False,0.5
Cyanoloxia cyanoides,Passeriformes,LC,False,0.5
Cyanoloxia rothschildii,Passeriformes,LC,False,0.5
Cyanoloxia brissonii,Passeriformes,LC,False,0.5
Cyanocompsa parellina,Passeriformes,LC,False,0.5
Passerina caerulea,Passeriformes,LC,True,2.0
Passerina cyanea,Passeriformes,LC,True,2.0
Passerina amoena,Passeriformes,LC,True,2.0
Passerina versicolor,Passeriformes,LC,True,2.0
Passerina ciris,Passeriformes,LC,True,2.0
Passerina rositae,Passeriformes,NT,False,1.0
Passerina leclancherii,Passeriformes,LC,False,0.5
Catamblyrhynchus diadema,Passeriformes,LC,False,0.5
Charitospiza eucosma,Passeriformes,NT,False,1.0
Orchesticus abeillei,Passeriformes,NT,False,1.0
Parkerthraustes humeralis,Passeriformes,LC,False,0.5
Nemosia pileata,Passeriformes,LC,False,0.5
Nemosia rourei,Passeriformes,CR,False,2.5
Cyanicterus cyanicterus,Passeriformes,LC,False,0.5
Sericossypha albocristata,Passeriformes,VU,False,1.5
Compsothraupis loricata,Passeriformes,LC,False,0.5
Coryphaspiza melanotis,Passeriformes,VU,False,1.5
Embernagra platensis,Passeriformes,LC,False,0.5
Embernagra longicauda,Passeriformes,LC,False,0.5
Emberizoides ypiranganus,Passeriformes,LC,False,0.5
Emberizoides herbicola,Passeriformes,LC,False,0.5
Emberizoides duidae,Passeriformes,DD,False,0.25
Incaspiza pulchra,Passeriformes,LC,False,0.5
Incaspiza personata,Passeriformes,LC,False,0.5
Incaspiza ortizi,Passeriformes,LC,False,0.5
Incaspiza laeta,Passeriformes,LC,False,0.5
Incaspiza watkinsi,Passeriformes,VU,False,1.5
Rhopospina fruticeti,Passeriformes,LC,False,0.5
Porphyrospiza caerulescens,Passeriformes,NT,False,1.0
Corydospiza alaudina,Passeriformes,LC,False,0.5
Corydospiza carbonaria,Passeriformes,LC,False,0.5
Chlorophanes spiza,Passeriformes,LC,False,0.5
Iridophanes pulcherrimus,Passeriformes,LC,False,0.5
Chrysothlypis salmoni,Passeriformes,LC,False,0.5
Chrysothlypis chrysomelas,Passeriformes,LC,False,0.5
Heterospingus rubrifrons,Passeriformes,LC,False,0.5
Heterospingus xanthopygius,Passeriformes,LC,False,0.5
Hemithraupis flavicollis,Passeriformes,LC,False,0.5
Hemithraupis guira,Passeriformes,LC,False,0.5
Hemithraupis ruficapilla,Passeriformes,LC,False,0.5
Tersina viridis,Passeriformes,LC,True,2.0
Cyanerpes caeruleus,Passeriformes,LC,False,0.5
Cyanerpes cyaneus,Passeriformes,LC,False,0.5
Cyanerpes nitidus,Passeriformes,LC,False,0.5
Cyanerpes lucidus,Passeriformes,LC,False,0.5
Dacnis berlepschi,Passeriformes,VU,False,1.5
Dacnis venusta,Passeriformes,LC,False,0.5
Dacnis cayana,Passeriformes,LC,False,0.5
Dacnis flaviventer,Passeriformes,LC,False,0.5
Dacnis hartlaubi,Passeriformes,NT,False,1.0
Dacnis lineata,Passeriformes,LC,False,0.5
Dacnis egregia,Passeriformes,LC,False,0.5
Dacnis viguieri,Passeriformes,LC,False,0.5
Dacnis nigripes,Passeriformes,NT,False,1.0
Dacnis albiventris,Passeriformes,LC,False,0.5
Saltator multicolor,Passeriformes,LC,False,0.5
Saltator atricollis,Passeriformes,LC,False,0.5
Saltator orenocensis,Passeriformes,LC,False,0.5
Saltator similis,Passeriformes,LC,False,0.5
Saltator grandis,Passeriformes,LC,False,0.5
Saltator olivascens,Passeriformes,LC,False,0.5
Saltator coerulescens,Passeriformes,LC,False,0.5
Saltator striatipectus,Passeriformes,LC,False,0.5
Saltator albicollis,Passeriformes,LC,False,0.5
Saltator maximus,Passeriformes,LC,False,0.5
Saltator atripennis,Passeriformes,LC,False,0.5
Saltator atriceps,Passeriformes,LC,False,0.5
Saltator nigriceps,Passeriformes,LC,False,0.5
Saltator fuliginosus,Passeriformes,LC,False,0.5
Saltator grossus,Passeriformes,LC,False,0.5
Saltator cinctus,Passeriformes,LC,False,0.5
Saltator maxillosus,Passeriformes,LC,False,0.5
Saltator aurantiirostris,Passeriformes,LC,False,0.5
Coereba flaveola,Passeriformes,LC,False,0.5
Tiaris olivaceus,Passeriformes,LC,False,0.5
Euneornis campestris,Passeriformes,LC,False,0.5
Melopyrrha portoricensis,Passeriformes,VU,False,1.5
Melopyrrha grandis,Passeriformes,CR,False,2.5
Melopyrrha violacea,Passeriformes,LC,False,0.5
Melopyrrha nigra,Passeriformes,NT,False,1.0
Melopyrrha taylori,Passeriformes,NT,False,1.0
Loxipasser anoxanthus,Passeriformes,LC,False,0.5
Phonipara canora,Passeriformes,LC,False,0.5
Loxigilla barbadensis,Passeriformes,LC,False,0.5
Loxigilla noctis,Passeriformes,LC,False,0.5
Melanospiza richardsoni,Passeriformes,EN,False,2.0
Melanospiza bicolor,Passeriformes,LC,False,0.5
Asemospiza fuliginosa,Passeriformes,LC,False,0.5
Asemospiza obscura,Passeriformes,LC,False,0.5
Certhidea olivacea,Passeriformes,VU,False,1.5
Certhidea fusca,Passeriformes,LC,False,0.5
Platyspiza crassirostris,Passeriformes,LC,False,0.5
Pinaroloxias inornata,Passeriformes,LC,False,0.5
Geospiza heliobates,Passeriformes,CR,False,2.5
Geospiza pauper,Passeriformes,CR,False,2.5
Geospiza pallida,Passeriformes,NT,False,1.0
Geospiza parvula,Passeriformes,LC,False,0.5
Geospiza psittacula,Passeriformes,VU,False,1.5
Geospiza fuliginosa,Passeriformes,LC,False,0.5
Geospiza difficilis,Passeriformes,LC,False,0.5
Geospiza acutirostris,Passeriformes,VU,False,1.5
Geospiza septentrionalis,Passeriformes,VU,False,1.5
Geospiza conirostris,Passeriformes,VU,False,1.5
Geospiza propinqua,Passeriformes,VU,False,1.5
Geospiza magnirostris,Passeriformes,LC,False,0.5
Geospiza scandens,Passeriformes,LC,False,0.5
Geospiza fortis,Passeriformes,LC,False,0.5
Volatinia jacarina,Passeriformes,LC,False,0.5
Conothraupis speculigera,Passeriformes,LC,False,0.5
Conothraupis mesoleuca,Passeriformes,EN,False,2.0
Creurgops verticalis,Passeriformes,LC,False,0.5
Creurgops dentatus,Passeriformes,LC,False,0.5
Eucometis penicillata,Passeriformes,LC,False,0.5
Trichothraupis melanops,Passeriformes,LC,False,0.5
Heliothraupis oneilli,Passeriformes,LC,True,2.0
Islerothraupis cristata,Passeriformes,LC,False,0.5
Islerothraupis luctuosa,Passeriformes,LC,False,0.5
Islerothraupis rufiventer,Passeriformes,LC,False,0.5
Coryphospingus pileatus,Passeriformes,LC,False,0.5
Coryphospingus cucullatus,Passeriformes,LC,False,0.5
Maschalethraupis surinama,Passeriformes,LC,False,0.5
Chrysocorypha delatrii,Passeriformes,LC,False,0.5
Tachyphonus rufus,Passeriformes,LC,False,0.5
Tachyphonus phoenicius,Passeriformes,LC,False,0.5
Tachyphonus coronatus,Passeriformes,LC,False,0.5
Rhodospingus cruentus,Passeriformes,LC,False,0.5
Lanio versicolor,Passeriformes,LC,False,0.5
Lanio fulvus,Passeriformes,LC,False,0.5
Lanio aurantius,Passeriformes,LC,False,0.5
Lanio leucothorax,Passeriformes,NT,False,1.0
Ramphocelus sanguinolentus,Passeriformes,LC,False,0.5
Ramphocelus flammigerus,Passeriformes,LC,False,0.5
Ramphocelus icteronotus,Passeriformes,,False,0.25
Ramphocelus passerinii,Passeriformes,LC,False,0.5
Ramphocelus bresilius,Passeriformes,LC,False,0.5
Ramphocelus dimidiatus,Passeriformes,LC,False,0.5
Ramphocelus nigrogularis,Passeriformes,LC,False,0.5
Ramphocelus melanogaster,Passeriformes,LC,False,0.5
Ramphocelus carbo,Passeriformes,LC,False,0.5
Sporophila bouvronides,Passeriformes,LC,True,2.0
Sporophila lineola,Passeriformes,LC,True,2.0
Sporophila torqueola,Passeriformes,LC,False,0.5
Sporophila morelleti,Passeriformes,LC,False,0.5
Sporophila corvina,Passeriformes,LC,False,0.5
Sporophila ophthalmica,Passeriformes,LC,False,0.5
Sporophila intermedia,Passeriformes,LC,False,0.5
Sporophila americana,Passeriformes,LC,False,0.5
Sporophila murallae,Passeriformes,LC,False,0.5
Sporophila fringilloides,Passeriformes,LC,False,0.5
Sporophila luctuosa,Passeriformes,LC,False,0.5
Sporophila caerulescens,Passeriformes,LC,True,2.0
Sporophila nigricollis,Passeriformes,LC,False,0.5
Sporophila ardesiaca,Passeriformes,LC,False,0.5
Sporophila funerea,Passeriformes,LC,False,0.5
Sporophila angolensis,Passeriformes,LC,False,0.5
Sporophila nuttingi,Passeriformes,LC,False,0.5
Sporophila maximiliani,Passeriformes,EN,False,2.0
Sporophila crassirostris,Passeriformes,LC,False,0.5
Sporophila atrirostris,Passeriformes,LC,False,0.5
Sporophila schistacea,Passeriformes,LC,False,0.5
Sporophila falcirostris,Passeriformes,VU,False,1.5
Sporophila frontalis,Passeriformes,VU,False,1.5
Sporophila plumbea,Passeriformes,LC,False,0.5
Sporophila beltoni,Passeriformes,VU,True,6.0
Sporophila collaris,Passeriformes,LC,False,0.5
Sporophila albogularis,Passeriformes,LC,False,0.5
Sporophila leucoptera,Passeriformes,LC,False,0.5
Sporophila peruviana,Passeriformes,LC,False,0.5
Sporophila telasco,Passeriformes,LC,False,0.5
Sporophila simplex,Passeriformes,LC,False,0.5
Sporophila castaneiventris,Passeriformes,LC,False,0.5
Sporophila minuta,Passeriformes,LC,False,0.5
Sporophila bouvreuil,Passeriformes,LC,False,0.5
Sporophila nigrorufa,Passeriformes,VU,True,6.0
Sporophila hypoxantha,Passeriformes,LC,True,2.0
Sporophila ruficollis,Passeriformes,NT,True,4.0
Sporophila iberaensis,Passeriformes,NT,True,4.0
Sporophila pileata,Passeriformes,LC,True,2.0
Sporophila hypochroma,Passeriformes,NT,False,1.0
Sporophila cinnamomea,Passeriformes,VU,True,6.0
Sporophila palustris,Passeriformes,EN,True,8.0
Sporophila melanogaster,Passeriformes,NT,True,4.0
Piezorina cinerea,Passeriformes,LC,False,0.5
Xenospingus concolor,Passeriformes,NT,False,1.0
Cnemoscopus rubrirostris,Passeriformes,LC,False,0.5
Cnemoscopus chrysogaster,Passeriformes,LC,False,0.5
Pseudospingus verticalis,Passeriformes,LC,False,0.5
Pseudospingus xanthophthalmus,Passeriformes,LC,False,0.5
Poospiza boliviana,Passeriformes,LC,False,0.5
Poospiza ornata,Passeriformes,LC,True,2.0
Poospiza nigrorufa,Passeriformes,LC,False,0.5
Poospiza whitii,Passeriformes,LC,False,0.5
Poospiza hispaniolensis,Passeriformes,LC,False,0.5
Poospiza rubecula,Passeriformes,NT,False,1.0
Poospiza baeri,Passeriformes,LC,False,0.5
Poospiza garleppi,Passeriformes,NT,False,1.0
Poospiza goeringi,Passeriformes,NT,False,1.0
Poospiza rufosuperciliaris,Passeriformes,LC,False,0.5
Kleinothraupis reyi,Passeriformes,NT,False,1.0
Kleinothraupis atropileus,Passeriformes,LC,False,0.5
Kleinothraupis auricularis,Passeriformes,LC,False,0.5
Kleinothraupis calophrys,Passeriformes,LC,False,0.5
Kleinothraupis parodii,Passeriformes,NT,False,1.0
Sphenopsis frontalis,Passeriformes,LC,False,0.5
Sphenopsis melanotis,Passeriformes,LC,False,0.5
Sphenopsis ochracea,Passeriformes,LC,False,0.5
Sphenopsis piurae,Passeriformes,LC,False,0.5
Thlypopsis fulviceps,Passeriformes,LC,False,0.5
Thlypopsis inornata,Passeriformes,LC,False,0.5
Thlypopsis sordida,Passeriformes,LC,False,0.5
Thlypopsis pyrrhocoma,Passeriformes,LC,False,0.5
Thlypopsis ruficeps,Passeriformes,LC,False,0.5
Thlypopsis superciliaris,Passeriformes,LC,False,0.5
Thlypopsis ornata,Passeriformes,LC,False,0.5
Thlypopsis pectoralis,Passeriformes,LC,False,0.5
Castanozoster thoracicus,Passeriformes,LC,False,0.5
Donacospiza albifrons,Passeriformes,LC,False,0.5
Cypsnagra hirundinacea,Passeriformes,LC,False,0.5
Poospizopsis hypocondria,Passeriformes,LC,False,0.5
Poospizopsis caesar,Passeriformes,LC,False,0.5
Urothraupis stolzmanni,Passeriformes,LC,False,0.5
Nephelornis oneilli,Passeriformes,LC,False,0.5
Microspingus lateralis,Passeriformes,LC,False,0.5
Microspingus cabanisi,Passeriformes,LC,False,0.5
Microspingus erythrophrys,Passeriformes,LC,False,0.5
Microspingus alticola,Passeriformes,NT,False,1.0
Microspingus torquatus,Passeriformes,LC,True,2.0
Microspingus pectoralis,Passeriformes,LC,True,2.0
Microspingus trifasciatus,Passeriformes,LC,False,0.5
Microspingus melanoleucus,Passeriformes,LC,False,0.5
Microspingus cinereus,Passeriformes,LC,False,0.5
Conirostrum margaritae,Passeriformes,VU,False,1.5
Conirostrum bicolor,Passeriformes,NT,False,1.0
Conirostrum speciosum,Passeriformes,LC,False,0.5
Conirostrum leucogenys,Passeriformes,LC,False,0.5
Conirostrum albifrons,Passeriformes,LC,False,0.5
Conirostrum binghami,Passeriformes,NT,False,1.0
Conirostrum sitticolor,Passeriformes,LC,False,0.5
Conirostrum ferrugineiventre,Passeriformes,LC,False,0.5
Conirostrum tamarugense,Passeriformes,LC,False,0.5
Conirostrum rufum,Passeriformes,LC,False,0.5
Conirostrum cinereum,Passeriformes,LC,False,0.5
Sicalis citrina,Passeriformes,LC,False,0.5
Sicalis taczanowskii,Passeriformes,LC,False,0.5
Sicalis uropigyalis,Passeriformes,LC,False,0.5
Sicalis flaveola,Passeriformes,LC,False,0.5
Sicalis columbiana,Passeriformes,LC,False,0.5
Sicalis luteola,Passeriformes,LC,True,2.0
Sicalis luteocephala,Passeriformes,LC,False,0.5
Sicalis lebruni,Passeriformes,LC,False,0.5
Sicalis olivascens,Passeriformes,LC,False,0.5
Sicalis mendozae,Passeriformes,LC,False,0.5
Sicalis auriventris,Passeriformes,LC,False,0.5
Sicalis raimondii,Passeriformes,LC,False,0.5
Sicalis lutea,Passeriformes,LC,False,0.5
Phrygilus gayi,Passeriformes,LC,True,2.0
Phrygilus patagonicus,Passeriformes,LC,False,0.5
Phrygilus atriceps,Passeriformes,LC,False,0.5
Phrygilus punensis,Passeriformes,LC,False,0.5
Nesospiza acunhae,Passeriformes,VU,False,1.5
Nesospiza wilkinsi,Passeriformes,CR,False,2.5
Nesospiza questi,Passeriformes,VU,False,1.5
Rowettia goughensis,Passeriformes,CR,False,2.5
Melanodera melanodera,Passeriformes,LC,False,0.5
Melanodera xanthogramma,Passeriformes,LC,False,0.5
Geospizopsis plebejus,Passeriformes,LC,False,0.5
Geospizopsis unicolor,Passeriformes,LC,False,0.5
Haplospiza unicolor,Passeriformes,LC,False,0.5
Spodiornis rusticus,Passeriformes,LC,False,0.5
Acanthidops bairdi,Passeriformes,LC,False,0.5
Xenodacnis petersi,Passeriformes,LC,False,0.5
Xenodacnis parina,Passeriformes,LC,False,0.5
Ephippiospingus dorsalis,Passeriformes,LC,False,0.5
Ephippiospingus erythronotus,Passeriformes,LC,False,0.5
Chionodacryon speculiferum,Passeriformes,LC,False,0.5
Idiopsar brachyurus,Passeriformes,LC,False,0.5
Catamenia analis,Passeriformes,LC,False,0.5
Catamenia inornata,Passeriformes,LC,False,0.5
Catamenia homochroa,Passeriformes,LC,False,0.5
Diglossa glauca,Passeriformes,LC,False,0.5
Diglossa caerulescens,Passeriformes,LC,False,0.5
Diglossa cyanea,Passeriformes,LC,False,0.5
Diglossa indigotica,Passeriformes,LC,False,0.5
Diglossa sittoides,Passeriformes,LC,False,0.5
Diglossa plumbea,Passeriformes,LC,False,0.5
Diglossa baritula,Passeriformes,LC,False,0.5
Diglossa mystacalis,Passeriformes,LC,False,0.5
Diglossa lafresnayii,Passeriformes,LC,False,0.5
Diglossa gloriosissima,Passeriformes,NT,False,1.0
Diglossa duidae,Passeriformes,LC,False,0.5
Diglossa major,Passeriformes,LC,False,0.5
Diglossa venezuelensis,Passeriformes,EN,False,2.0
Diglossa albilatera,Passeriformes,LC,False,0.5
Diglossa carbonaria,Passeriformes,LC,False,0.5
Diglossa brunneiventris,Passeriformes,LC,False,0.5
Diglossa gloriosa,Passeriformes,LC,False,0.5
Diglossa humeralis,Passeriformes,LC,False,0.5
Calochaetes coccineus,Passeriformes,LC,False,0.5
Iridosornis porphyrocephalus,Passeriformes,NT,False,1.0
Iridosornis analis,Passeriformes,LC,False,0.5
Iridosornis jelskii,Passeriformes,LC,False,0.5
Iridosornis reinhardti,Passeriformes,LC,False,0.5
Iridosornis rufivertex,Passeriformes,LC,False,0.5
Pipraeidea melanonota,Passeriformes,LC,False,0.5
Pipraeidea bonariensis,Passeriformes,LC,True,2.0
Pipraeidea darwinii,Passeriformes,LC,False,0.5
Pseudosaltator rufiventris,Passeriformes,LC,False,0.5
Dubusia carrikeri,Passeriformes,NT,False,1.0
Dubusia taeniata,Passeriformes,LC,False,0.5
Dubusia stictocephala,Passeriformes,LC,False,0.5
Dubusia castaneoventris,Passeriformes,LC,False,0.5
Buthraupis montana,Passeriformes,LC,False,0.5
Sporathraupis cyanocephala,Passeriformes,LC,False,0.5
Tephrophilus wetmorei,Passeriformes,VU,False,1.5
Chlorornis riefferii,Passeriformes,LC,False,0.5
Cnemathraupis eximia,Passeriformes,LC,False,0.5
Cnemathraupis aureodorsalis,Passeriformes,EN,False,2.0
Anisognathus somptuosus,Passeriformes,LC,False,0.5
Anisognathus flavinucha,Passeriformes,LC,False,0.5
Anisognathus notabilis,Passeriformes,LC,False,0.5
Anisognathus melanogenys,Passeriformes,LC,False,0.5
Anisognathus igniventris,Passeriformes,LC,False,0.5
Anisognathus lunulatus,Passeriformes,LC,False,0.5
Anisognathus lacrymosus,Passeriformes,LC,False,0.5
Chlorochrysa phoenicotis,Passeriformes,LC,False,0.5
Chlorochrysa nitidissima,Passeriformes,NT,False,1.0
Chlorochrysa calliparaea,Passeriformes,LC,False,0.5
Chlorochrysa fulgentissima,Passeriformes,LC,False,0.5
Wetmorethraupis sterrhopteron,Passeriformes,VU,False,1.5
Bangsia flavovirens,Passeriformes,VU,False,1.5
Bangsia arcaei,Passeriformes,NT,False,1.0
Bangsia aureocincta,Passeriformes,VU,False,1.5
Bangsia edwardsi,Passeriformes,LC,False,0.5
Bangsia rothschildi,Passeriformes,LC,False,0.5
Bangsia melanochlamys,Passeriformes,VU,False,1.5
Lophospingus griseocristatus,Passeriformes,LC,False,0.5
Lophospingus pusillus,Passeriformes,LC,False,0.5
Neothraupis fasciata,Passeriformes,NT,False,1.0
Diuca diuca,Passeriformes,LC,True,2.0
Gubernatrix cristata,Passeriformes,EN,False,2.0
Stephanophorus diadematus,Passeriformes,LC,False,0.5
Cissopis leverianus,Passeriformes,LC,False,0.5
Schistochlamys melanopis,Passeriformes,LC,False,0.5
Schistochlamys ruficapillus,Passeriformes,LC,False,0.5
Paroaria coronata,Passeriformes,LC,False,0.5
Paroaria dominicana,Passeriformes,LC,False,0.5
Paroaria baeri,Passeriformes,LC,False,0.5
Paroaria capitata,Passeriformes,LC,False,0.5
Paroaria nigrogenis,Passeriformes,LC,False,0.5
Paroaria gularis,Passeriformes,LC,False,0.5
Tangara varia,Passeriformes,LC,False,0.5
Tangara rufigula,Passeriformes,LC,False,0.5
Tangara punctata,Passeriformes,LC,False,0.5
Tangara guttata,Passeriformes,LC,False,0.5
Tangara xanthogastra,Passeriformes,LC,False,0.5
Tangara ruficervix,Passeriformes,LC,False,0.5
Tangara fulvicervix,Passeriformes,LC,False,0.5
Tangara cabanisi,Passeriformes,VU,False,1.5
Tangara palmeri,Passeriformes,LC,False,0.5
Tangara episcopus,Passeriformes,LC,False,0.5
Tangara sayaca,Passeriformes,LC,False,0.5
Tangara glaucocolpa,Passeriformes,LC,False,0.5
Tangara cyanoptera,Passeriformes,LC,False,0.5
Tangara abbas,Passeriformes,LC,False,0.5
Tangara ornata,Passeriformes,LC,False,0.5
Tangara palmarum,Passeriformes,LC,False,0.5
Tangara argentea,Passeriformes,LC,False,0.5
Tangara whitelyi,Passeriformes,LC,False,0.5
Tangara viridicollis,Passeriformes,LC,False,0.5
Tangara phillipsi,Passeriformes,LC,False,0.5
Tangara argyrofenges,Passeriformes,VU,False,1.5
Tangara heinei,Passeriformes,LC,False,0.5
Tangara larvata,Passeriformes,LC,False,0.5
Tangara cyanicollis,Passeriformes,LC,False,0.5
Tangara nigrocincta,Passeriformes,LC,False,0.5
Tangara peruviana,Passeriformes,VU,True,6.0
Tangara preciosa,Passeriformes,LC,True,2.0
Tangara meyerdeschauenseei,Passeriformes,NT,False,1.0
Tangara vitriolina,Passeriformes,LC,False,0.5
Tangara cayana,Passeriformes,LC,False,0.5
Tangara flava,Passeriformes,LC,False,0.5
Tangara cucullata,Passeriformes,LC,False,0.5
Tangara versicolor,Passeriformes,LC,False,0.5
Tangara vassorii,Passeriformes,LC,False,0.5
Tangara atrocoerulea,Passeriformes,LC,False,0.5
Tangara nigroviridis,Passeriformes,LC,False,0.5
Tangara dowii,Passeriformes,LC,False,0.5
Tangara fucosa,Passeriformes,LC,False,0.5
Tangara cyanotis,Passeriformes,LC,False,0.5
Tangara rufigenis,Passeriformes,LC,False,0.5
Tangara labradorides,Passeriformes,LC,False,0.5
Tangara gyrola,Passeriformes,LC,False,0.5
Tangara lavinia,Passeriformes,LC,False,0.5
Tangara chrysotis,Passeriformes,LC,False,0.5
Tangara xanthocephala,Passeriformes,LC,False,0.5
Tangara parzudakii,Passeriformes,LC,False,0.5
Tangara lunigera,Passeriformes,LC,False,0.5
Tangara johannae,Passeriformes,LC,False,0.5
Tangara schrankii,Passeriformes,LC,False,0.5
Tangara arthus,Passeriformes,LC,False,0.5
Tangara aurulenta,Passeriformes,LC,False,0.5
Tangara florida,Passeriformes,LC,False,0.5
Tangara icterocephala,Passeriformes,LC,False,0.5
Tangara fastuosa,Passeriformes,VU,False,1.5
Tangara seledon,Passeriformes,LC,False,0.5
Tangara cyanocephala,Passeriformes,LC,False,0.5
Tangara desmaresti,Passeriformes,LC,False,0.5
Tangara cyanoventris,Passeriformes,LC,False,0.5
Tangara inornata,Passeriformes,LC,False,0.5
Tangara mexicana,Passeriformes,LC,False,0.5
Tangara brasiliensis,Passeriformes,LC,False,0.5
Tangara chilensis,Passeriformes,LC,False,0.5
Tangara callophrys,Passeriformes,LC,False,0.5
Tangara velia,Passeriformes,LC,False,0.5
Tangara cyanomelas,Passeriformes,LC,False,0.5
