farm_id,n_turbines,pc1_angle,explained_var_ratio,centroid_lat,centroid_lon,lat_range_km,lon_range_km,med_hub_height,med_rotor_diam,med_capacity_kw,med_start_year,n_hub_height,n_rotor,n_capacity,n_start_year
1346,746,165.9,0.5518,43.5306,-7.7393,32.19,22.82,78.0,46.0,0.7,,4,0,180,0
2712,623,114.78,0.6347,43.4705,-7.5504,20.41,15.29,114.0,74.0,750.0,,5,0,52,0
736,480,36.36,0.9468,56.8683,8.5154,39.18,31.83,46.0,44.0,0.6,1997.0,56,56,56,56
1012,475,27.01,0.6942,41.7331,-1.3213,23.76,21.47,105.0,52.0,850.0,2025.0,70,418,428,7
171,458,27.79,0.7497,51.5965,8.818,22.71,20.26,149.0,92.0,3000.0,2013.0,278,122,310,69
2725,442,70.18,0.859,41.2537,-0.9813,45.71,20.91,85.0,130.0,3650.0,2023.0,230,289,408,9
3602,421,166.3,0.8762,65.3713,20.777,22.27,18.73,131.0,137.0,3600.0,2019.0,408,408,408,408
183,415,6.79,0.6543,54.213,8.9618,20.31,15.1,100.2,104.0,2300.0,2016.5,68,10,195,8
2205,410,142.68,0.7133,41.5672,-1.1156,15.29,14.93,85.0,130.0,950.0,,46,83,110,0
680,397,27.45,0.9543,42.5874,-1.5177,14.63,23.81,33.4,47.0,660.0,,0,117,155,0
1080,370,0.36,0.957,53.6307,7.4002,14.2,22.05,135.0,101.0,2300.0,,28,0,85,0
269,362,168.36,0.8204,53.9636,9.0083,15.47,16.43,92.0,115.0,3.2,2016.0,47,15,168,52
1567,342,3.8,0.6945,36.1605,-5.7755,9.55,10.72,56.2,74.0,0.8,,0,0,342,0
404,342,135.53,0.7213,54.7305,9.196,28.72,18.04,92.5,72.0,3000.0,2011.0,102,16,233,21
844,282,52.57,0.7746,27.8327,-15.436,9.36,7.47,30.4,40.0,0.9,,0,0,21,0
934,273,9.43,0.8387,38.9937,-1.4199,7.1,15.02,35.7,47.0,660.0,,0,0,0,0
51,272,17.11,0.8271,52.3674,5.4423,17.79,19.64,98.0,104.0,3400.0,2020.0,53,62,45,25
3246,270,132.2,0.7805,55.021,-4.8119,21.51,11.33,88.0,114.0,5400.0,2028.0,0,0,63,21
1704,264,0.39,0.8658,55.6763,-4.2798,9.78,11.31,130.0,99.8,2300.0,,30,0,246,0
32,262,49.85,0.7132,53.4324,7.1317,26.85,14.75,135.0,71.0,2300.0,,31,0,47,0
1517,260,55.07,0.7108,41.7481,-5.0255,25.16,16.18,114.0,90.0,3465.0,,27,0,35,0
1310,255,14.17,0.9372,42.2171,-4.151,14.98,18.66,55.0,58.0,850.0,,116,175,173,0
4086,240,159.94,0.734,55.5973,-3.9656,22.56,15.67,150.0,103.0,4800.0,,13,0,114,0
4109,222,175.39,0.8454,55.304,-4.2279,8.75,10.25,82.0,133.0,4350.0,,121,84,222,0
2869,216,158.78,0.718,48.6649,4.0326,18.43,18.6,115.0,150.0,3000.0,2021.0,167,167,216,139
1010,215,22.62,0.9251,41.888,-1.5574,13.76,15.83,101.5,47.0,660.0,,64,201,215,0
4032,213,71.42,0.6439,55.4552,-3.5795,16.26,9.42,85.8,113.0,3200.0,,0,0,34,0
2113,202,28.13,0.8451,53.3864,13.9656,14.84,12.42,167.0,164.0,2300.0,2011.0,27,23,187,152
1516,201,30.5,0.8743,41.8834,-4.7933,18.9,20.57,114.0,77.0,1.9,,24,0,120,0
2610,199,147.11,0.8839,54.0173,-3.4998,20.03,16.45,80.0,120.0,3600.0,,0,0,199,0
14,195,154.38,0.8191,52.5639,12.8647,13.87,10.65,105.0,71.0,2000.0,2009.0,81,81,187,68
2964,187,13.42,0.7932,37.0524,-4.9714,9.35,11.61,84.0,90.0,2000.0,,10,0,187,0
1303,186,158.91,0.9327,42.8553,-9.0371,8.4,11.11,35.0,44.0,600.0,,0,0,0,0
997,182,44.69,0.5923,41.5038,-0.925,10.64,6.53,60.7,80.0,1670.0,,0,0,1,0
985,181,146.3,0.9476,42.6851,-3.5833,10.79,11.5,55.0,48.0,0.8,,0,181,181,0
1348,181,175.74,0.9881,41.2942,-3.1279,4.24,20.25,67.0,46.0,660.0,,124,148,148,0
1056,179,147.27,0.8293,42.0118,-6.8205,12.72,9.94,66.0,87.0,2000.0,,0,0,0,0
1001,174,13.16,0.6742,42.4336,-3.795,16.03,13.91,85.0,77.0,1500.0,,57,145,170,0
2282,174,175.74,0.9574,38.6929,-2.1139,6.3,18.76,55.0,52.0,850.0,,0,0,0,0
2766,173,14.22,0.9469,55.7843,-3.6943,16.53,16.61,58.4,77.0,2300.0,2005.0,0,0,89,61
2284,171,28.6,0.9619,38.7583,-1.5279,11.88,15.76,35.7,47.0,660.0,,0,0,0,0
279,171,142.5,0.9545,54.619,8.9128,14.6,8.89,91.0,82.0,3300.0,2013.0,30,0,118,9
3208,170,150.22,0.9118,41.9766,-2.2971,12.18,13.84,39.5,52.0,800.0,,0,71,71,0
1260,170,125.99,0.8769,42.3046,-8.2891,15.82,8.62,33.4,44.0,600.0,,0,0,0,0
1114,166,5.59,0.8741,39.4631,-2.2148,5.68,8.76,53.5,70.5,1500.0,,0,0,0,0
609,162,56.21,0.9693,28.1385,-16.4691,15.59,8.41,40.0,52.0,0.3,,73,0,59,0
5159,160,4.93,0.9202,53.4584,-3.5855,8.06,15.17,98.0,107.0,3600.0,,0,0,160,0
2066,159,3.39,0.9183,53.2803,6.4748,18.77,38.11,15.0,31.0,0.0,,23,0,1,0
2876,158,118.8,0.6947,48.7798,4.4177,16.56,10.52,90.0,100.0,2200.0,2018.0,149,144,158,144
3346,157,33.5,0.954,41.0998,0.3963,20.44,19.17,68.3,93.0,2300.0,,0,29,122,0
2063,152,37.64,0.8255,56.7944,8.7373,26.67,22.71,89.5,101.0,3.0,2014.0,11,11,11,11
2838,152,177.29,0.9629,55.9058,-2.5113,6.45,12.81,71.0,82.0,2300.0,,2,60,84,0
1011,150,37.1,0.8859,41.8258,-1.4156,12.27,14.31,85.0,130.0,2000.0,,55,67,141,0
1330,150,80.37,0.7116,43.6919,-7.9503,8.0,3.97,32.6,43.0,600.0,,0,0,0,0
1045,148,24.05,0.7933,42.0615,-6.9307,9.24,7.77,60.7,80.0,850.0,,0,0,31,0
2298,146,145.43,0.7661,38.9423,-2.4326,12.02,12.03,68.3,90.0,850.0,,0,0,49,0
1317,140,25.25,0.7065,52.5573,5.5967,20.31,13.33,128.0,127.0,5600.0,2014.0,39,8,52,2
1385,140,167.21,0.7582,50.3235,6.4406,10.43,10.62,85.0,71.0,1.5,2007.0,138,129,140,97
1732,140,51.48,0.5615,56.4774,8.2603,26.6,15.89,80.0,107.0,3.1,2010.0,39,39,39,39
1036,136,0.65,0.9982,40.6324,-4.4167,1.77,16.38,34.9,46.0,0.7,,0,0,136,0
2738,136,33.83,0.9058,38.993,-0.9501,9.59,10.52,58.4,77.0,2000.0,,0,0,39,0
4068,134,153.21,0.8652,55.3386,-4.0741,11.36,10.45,69.0,47.0,7200.0,2018.0,16,0,69,19
1030,132,4.94,0.9666,42.5789,-3.7835,7.63,19.22,112.0,87.0,2.0,2020.0,10,132,132,3
2309,131,166.77,0.9837,40.7734,-0.8314,5.29,15.67,34.9,46.0,3000.0,,0,131,12,0
2287,129,40.71,0.8923,38.8021,-1.7005,9.41,8.15,39.5,52.0,850.0,,0,120,129,0
5161,129,69.27,0.6678,53.1794,0.4738,13.49,5.82,100.0,107.0,3600.0,,0,0,129,0
376,128,99.34,0.6954,53.4687,13.8417,15.73,7.68,148.0,150.0,1900.0,2006.0,3,3,128,113
2293,127,160.05,0.8119,38.7093,-2.3629,9.54,10.78,58.4,77.0,1500.0,,0,0,0,0
3837,127,164.15,0.8892,41.9217,-0.5864,4.35,7.6,35.7,47.0,0.7,,0,0,127,0
179,125,162.39,0.9303,54.6232,9.0737,11.19,11.06,113.5,115.7,2000.0,2013.0,18,0,51,4
494,123,37.77,0.7445,37.4109,-2.5527,6.72,8.31,68.3,90.0,2000.0,,0,0,121,0
1556,123,165.17,0.9174,42.5927,-2.378,6.17,8.48,108.0,163.0,5900.0,,6,6,6,0
713,123,10.02,0.8919,51.6872,-3.5954,9.95,13.76,89.5,90.0,3000.0,2013.0,76,9,106,8
2289,123,37.97,0.8852,38.7504,-1.0291,9.62,8.56,35.7,47.0,660.0,,0,0,0,0
2009,119,75.08,0.8551,53.1117,5.4697,35.02,9.76,109.0,62.0,1300.0,2007.0,9,40,42,14
319,119,179.07,0.6769,53.6389,7.7755,13.77,11.82,135.0,71.0,0.6,,25,29,35,0
564,118,27.79,0.7738,50.0526,7.5637,16.46,12.07,136.0,92.0,2.4,2012.0,118,118,118,113
2674,118,178.91,0.834,48.8497,4.5955,11.26,13.54,80.0,92.5,2050.0,2016.0,67,67,112,39
368,118,171.92,0.8664,51.8747,13.5285,6.47,6.6,98.0,70.0,1800.0,2002.0,0,0,43,43
2767,117,54.11,0.5798,36.514,-5.8937,13.09,10.86,70.6,93.0,2000.0,,0,0,117,0
170,117,69.06,0.816,54.5512,9.4108,18.46,7.76,115.5,82.0,2525.0,2022.0,30,0,82,11
5160,116,6.81,0.9112,50.6697,-0.2783,7.71,11.8,140.0,112.0,3450.0,,20,20,116,0
271,115,11.39,0.9345,52.0078,12.8581,5.13,7.21,130.0,90.0,2000.0,2013.0,39,10,102,21
187,114,3.77,0.9017,51.7236,11.5971,8.39,8.0,108.0,92.0,1500.0,2016.0,0,0,66,6
375,113,16.14,0.9153,53.3285,13.7489,4.21,5.37,164.0,149.0,800.0,2002.0,18,18,112,105
2302,113,75.45,0.9117,38.7223,-1.397,21.17,9.21,56.2,74.0,1.7,,0,0,49,0
1688,109,36.13,0.8333,52.4379,-3.426,6.0,5.61,30.0,28.0,275.0,,0,0,0,0
2055,109,169.17,0.9415,53.441,6.8268,8.01,10.55,200.0,106.0,3000.0,2020.0,2,0,79,64
2772,108,1.5,0.9314,52.9557,17.2027,7.75,15.69,100.0,90.0,2000.0,,0,0,49,0
4770,108,171.22,0.944,65.284,17.2067,6.85,9.29,100.0,100.0,3200.0,2014.0,108,108,0,108
136,108,66.68,0.6348,53.7167,8.6586,6.91,4.48,32.0,40.0,0.5,,88,106,88,0
3806,108,13.59,0.8875,42.2536,-2.2362,6.26,8.27,45.0,47.0,660.0,,0,108,108,0
1909,107,36.64,0.8958,51.1278,11.9518,7.66,6.64,160.0,127.0,3050.0,2024.0,20,0,53,5
5620,107,17.9,0.7809,42.0612,-0.8925,13.04,13.47,85.0,130.0,3800.0,,107,107,107,0
1175,106,28.04,0.8565,42.0006,-4.242,9.19,12.23,125.0,90.0,2000.0,,10,0,50,0
2731,106,10.71,0.919,37.5505,-7.2911,9.23,17.05,68.3,90.0,2000.0,,0,0,106,0
1062,106,28.48,0.7545,39.9848,-0.6623,6.75,7.72,66.0,87.0,2000.0,,0,0,1,0
1767,105,107.03,0.9192,42.9661,-9.0602,11.15,4.77,33.4,44.0,1300.0,,0,0,56,0
1076,104,158.55,0.7337,50.0036,7.385,11.38,10.31,135.0,82.0,2.3,2011.0,104,102,104,96
1052,104,169.67,0.9268,41.0456,-2.1936,7.05,15.16,67.0,86.0,2000.0,,104,104,74,0
6573,103,10.75,0.8933,60.3031,-1.2484,9.44,9.52,39.5,52.0,4200.0,,0,0,103,0
363,101,30.42,0.8533,54.4861,9.1989,10.11,9.29,93.0,82.0,3.4,2010.5,50,0,86,2
1529,101,6.75,0.5937,37.2407,-2.9725,8.12,7.24,68.3,90.0,2000.0,,0,0,101,0
3202,101,160.5,0.7819,52.708,11.9121,6.39,4.68,160.0,82.0,3300.0,,15,0,58,0
1302,100,137.59,0.593,42.6648,-8.964,6.02,4.97,34.9,46.0,660.0,,0,0,0,0
3349,100,161.34,0.8361,51.4304,1.6321,5.97,7.16,70.0,90.0,3000.0,,0,0,100,0
3123,100,116.84,0.7011,56.5958,11.2224,21.56,10.05,81.6,120.0,3600.0,,100,100,100,0
3514,99,44.35,0.8375,43.4841,-6.2889,8.79,6.55,39.5,52.0,850.0,,0,0,0,0
359,99,15.18,0.9227,51.726,8.8811,6.9,7.8,138.0,82.0,2300.0,2013.0,74,34,84,43
1331,97,50.77,0.9063,42.478,-8.3837,6.84,4.5,35.7,47.0,660.0,,0,0,0,0
168,97,177.01,0.9874,51.5132,8.3048,5.75,14.64,70.0,52.9,800.0,,67,67,86,0
1149,96,23.34,0.7398,43.0619,-3.8208,5.27,6.67,39.5,52.0,0.8,,0,96,96,0
2084,96,3.73,0.9803,40.7141,-4.4629,2.24,8.67,35.7,47.0,6000.0,,0,0,4,0
3616,96,158.87,0.7289,55.5573,-5.5918,7.21,6.9,58.5,82.0,3000.0,,0,0,3,0
3840,94,17.49,0.9311,42.677,-1.5783,3.71,5.26,86.5,114.0,3400.0,,0,0,5,0
1483,94,16.73,0.956,41.5019,1.216,7.98,14.97,68.3,90.0,2000.0,,0,0,0,0
3929,94,15.9,0.7082,39.62,-1.7246,12.38,13.26,53.5,70.5,1500.0,,0,0,0,0
1942,94,169.09,0.9402,43.1397,-3.518,3.84,10.17,39.5,61.0,1.3,,0,93,93,0
2548,94,12.64,0.7341,42.6328,-1.6988,7.01,7.85,35.7,132.0,3000.0,,0,18,22,0
756,93,37.47,0.5741,53.1392,11.805,8.24,5.17,161.0,77.0,2000.0,2020.0,16,0,79,5
373,92,142.29,0.7948,54.7947,8.8998,7.54,6.61,93.0,113.0,3000.0,2019.0,40,0,57,19
2394,91,44.29,0.9297,55.8051,-2.8463,7.41,4.24,40.0,47.0,660.0,,0,0,0,0
2385,90,65.45,0.9087,52.7491,5.6008,15.4,5.23,95.0,108.0,3000.0,,78,78,78,0
3902,90,143.25,0.8872,63.4131,16.1646,11.69,6.43,115.0,113.0,3200.0,,0,0,90,0
3809,90,150.95,0.589,53.0672,19.9727,10.76,8.87,100.0,92.5,2200.0,,0,0,85,0
615,90,147.72,0.8652,52.8119,4.9364,16.23,13.78,23.0,51.5,3600.0,,1,0,73,0
1213,90,19.98,0.9918,42.0849,-1.7161,6.4,10.16,120.9,158.0,5800.0,,5,5,5,0
1774,90,148.59,0.9573,42.3624,-7.6405,7.69,7.34,35.7,47.0,0.8,,0,0,1,0
3120,90,168.37,0.9518,54.5569,11.5438,6.29,10.33,115.0,93.0,2300.0,2010.0,90,90,90,90
2816,90,160.14,0.9904,41.7545,-2.0019,3.44,7.5,34.9,30.0,330.0,,0,90,90,0
3552,90,94.52,0.9392,41.1285,0.89,3.07,0.88,21.3,28.0,225.0,,0,0,0,0
5845,89,178.85,0.7179,53.0016,5.2635,6.7,6.76,109.0,130.0,4300.0,,89,89,89,0
1796,88,168.48,0.9924,42.7358,-1.75,3.5,10.12,31.9,42.0,0.5,,0,0,58,0
338,87,115.09,0.6404,54.3034,10.9945,10.52,6.79,119.0,47.0,6000.0,,28,0,45,0
3528,86,62.01,0.8291,40.8552,0.6015,5.13,2.65,34.9,46.0,750.0,,0,0,0,0
1607,86,153.51,0.8754,57.0581,9.1822,12.12,11.44,85.0,113.0,3.2,2015.0,45,45,45,45
5984,86,27.31,0.9056,52.4823,5.7168,16.71,13.13,166.0,164.0,6200.0,,25,15,72,0
2658,86,102.4,0.9288,51.3857,11.7148,15.09,3.63,76.7,101.0,2000.0,,0,0,72,0
4746,86,157.46,0.8884,53.1348,1.1489,7.78,8.6,82.0,107.0,3600.0,2012.0,0,0,86,86
1515,85,163.7,0.9382,37.1597,-2.7311,7.83,14.77,66.8,88.0,2100.0,,0,0,85,0
2269,84,125.33,0.8755,48.4389,4.0476,16.5,9.04,92.5,112.0,2050.0,2016.0,47,47,84,32
5352,84,29.88,0.8726,58.2569,-2.8848,15.66,13.0,116.9,154.0,7000.0,,0,0,84,0
2995,84,20.02,0.8517,50.1957,2.9069,11.6,13.96,94.0,117.0,3600.0,2020.0,62,62,84,55
1069,83,142.36,0.7101,52.7497,8.8087,13.07,10.9,166.6,71.0,5560.0,2023.0,10,0,17,10
22,82,49.17,0.8812,52.1162,7.0407,20.0,11.97,138.0,40.3,2325.0,2013.0,11,0,14,5
1960,80,63.69,0.7175,42.5552,-8.204,7.58,4.98,33.4,44.0,600.0,,0,0,0,0
5930,80,169.92,0.9038,47.1587,-2.608,9.78,14.99,57.0,80.0,6000.0,,0,0,80,0
2832,80,115.31,0.7684,59.0383,-3.0483,20.95,10.38,45.0,44.0,0.9,,0,0,6,0
2613,80,177.18,0.8357,55.4861,7.8406,3.96,5.56,70.0,80.0,2000.0,2002.0,80,80,80,20
336,80,74.54,0.777,53.5812,8.0145,18.39,6.71,119.0,61.0,3000.0,,24,12,47,0
281,79,2.54,0.8454,53.829,9.5476,7.21,10.68,93.0,113.0,1300.0,2016.0,65,65,79,47
3116,79,47.83,0.8392,39.8765,-1.5652,8.7,5.69,39.5,52.0,850.0,,0,0,0,0
4905,79,60.51,0.7773,58.4609,-4.0496,9.83,5.13,119.0,162.0,6200.0,,35,35,46,0
3417,78,75.78,0.9504,39.7267,-1.3755,11.09,3.28,39.5,52.0,850.0,,0,0,0,0
738,78,176.67,0.9946,42.9604,-2.4585,1.18,9.02,55.0,47.0,660.0,,78,78,78,0
2296,78,32.87,0.928,39.0869,-1.3094,6.67,7.07,50.0,52.0,800.0,,0,0,62,0
5265,78,64.39,0.5351,55.2502,-3.5588,6.92,4.3,80.0,82.0,2000.0,,0,0,78,0
322,78,14.47,0.9397,53.3739,7.3394,10.26,9.53,92.0,71.0,3000.0,,1,0,44,0
3990,78,142.92,0.704,41.3579,-2.5443,6.18,6.85,66.0,58.0,850.0,,0,78,78,0
1160,78,111.22,0.9412,52.3348,14.3787,10.71,3.92,164.0,149.0,3300.0,2016.0,18,18,78,78
347,77,139.0,0.9659,52.5059,14.3799,10.72,8.58,160.0,138.0,2300.0,2013.0,30,31,75,65
2283,77,64.92,0.9071,38.8926,-1.3053,6.88,4.57,35.7,47.0,660.0,,0,0,0,0
3364,77,169.79,0.9407,41.3588,0.6462,6.97,16.9,80.0,100.0,2200.0,,77,77,77,0
1395,77,64.56,0.8997,43.6719,-7.7462,9.26,4.73,31.9,42.0,0.8,,0,0,52,0
1755,76,33.8,0.9247,40.4724,-0.2072,4.21,5.48,58.4,77.0,1500.0,,0,76,76,0
2797,76,51.35,0.8109,40.9,0.6819,4.92,3.78,132.0,135.0,3450.0,2025.0,3,3,3,3
3744,75,11.55,0.939,42.0089,-2.0617,3.16,8.06,67.0,58.0,850.0,,0,75,75,0
2754,75,176.91,0.9268,54.0515,15.7558,4.77,9.39,78.0,80.0,1500.0,,0,0,75,0
1959,75,73.05,0.8107,42.5906,-8.2772,6.56,2.38,35.7,47.0,660.0,,0,0,0,0
1746,75,126.66,0.6978,42.2651,-3.6205,10.31,8.05,80.0,90.0,2000.0,,60,0,75,0
1468,75,76.24,0.6364,57.2137,9.915,10.66,4.88,45.0,48.2,0.8,2000.0,58,58,58,58
202,74,15.21,0.618,51.8988,13.7595,5.98,4.0,105.0,90.0,2000.0,2010.0,0,0,74,72
484,74,9.0,0.8928,51.7908,6.9491,8.17,12.23,161.0,115.7,5500.0,2023.0,41,0,45,5
1569,73,114.83,0.8683,53.0944,-3.4873,10.57,4.27,110.0,52.0,3000.0,,16,0,16,0
5162,73,18.95,0.6948,53.6439,0.2928,6.08,4.9,80.0,112.0,3000.0,,0,0,73,0
1375,73,34.76,0.7727,42.1486,-1.9573,3.13,3.16,55.0,47.0,660.0,,0,73,73,0
2709,73,16.68,0.9181,43.5976,-7.4496,7.35,11.57,41.7,55.0,1300.0,,0,0,0,0
138,73,26.55,0.8303,52.1702,11.2752,6.27,5.89,60.7,80.0,1300.0,,0,0,19,0
6989,72,151.69,0.7042,56.4918,-2.1923,18.72,14.36,62.2,82.0,15000.0,,0,0,72,0
4529,71,35.08,0.909,56.8572,-2.3588,19.9,14.57,50.0,62.0,1.3,,16,52,52,0
902,71,155.57,0.6691,51.36,8.8556,8.85,6.34,100.0,92.0,1500.0,2004.0,2,2,69,59
2285,71,165.62,0.8712,39.0257,-1.2497,3.36,5.78,35.7,47.0,660.0,,0,0,0,0
2207,71,29.85,0.9949,41.8803,-1.1104,3.78,4.62,45.0,47.0,660.0,,0,61,61,0
6645,71,29.3,0.777,57.0961,15.3414,12.63,9.97,116.0,150.0,4290.0,2022.0,71,47,71,71
6448,71,44.59,0.7948,49.8956,0.2345,12.78,8.63,49.0,154.0,7000.0,2023.0,0,71,71,71
18,70,92.3,0.605,52.0561,7.1639,12.88,7.22,159.0,70.0,2750.0,2021.5,22,0,46,14
1196,70,173.67,0.8781,54.547,11.7137,4.92,5.97,68.8,82.4,2300.0,2003.0,70,70,70,70
3961,70,11.45,0.9604,55.234,-4.753,4.34,9.18,70.0,80.0,2300.0,,52,62,70,0
2239,70,6.54,0.9217,43.6522,2.887,2.77,6.5,68.0,62.0,2200.0,2013.0,39,39,70,17
476,70,155.78,0.6654,51.8359,8.8989,8.18,6.26,136.7,52.0,2650.0,2022.0,12,7,30,19
2270,69,104.59,0.9537,43.122,-7.1459,9.23,2.65,34.9,46.0,660.0,,0,0,0,0
3422,69,5.8,0.8954,56.5761,-3.7312,4.6,6.0,79.5,101.0,2300.0,,0,0,69,0
1891,68,25.78,0.9799,43.7512,2.869,5.55,7.44,64.0,70.0,2300.0,2011.0,41,43,68,68
495,68,7.34,0.8845,51.9633,11.6002,3.73,4.85,105.0,90.0,2000.0,,0,0,64,0
1782,68,148.31,0.6317,52.5511,-3.6009,3.39,2.61,32.0,44.0,600.0,,0,0,0,0
4756,68,167.21,0.9424,49.4343,4.4847,5.95,11.45,101.0,117.0,3000.0,2016.0,58,52,68,47
3860,68,24.24,0.9229,38.9595,-0.8993,5.26,7.7,39.5,52.0,850.0,,0,0,0,0
1729,68,4.18,0.6442,43.1156,-9.0773,3.61,3.73,36.4,48.0,750.0,,0,0,0,0
4711,68,174.6,0.9092,60.8049,16.3652,6.94,10.0,119.0,112.0,3070.0,2012.5,68,68,68,68
2949,67,43.09,0.9391,54.3368,16.3847,10.68,7.1,85.0,100.0,2500.0,,0,0,0,0
1671,67,1.19,0.9649,51.0346,10.6479,2.05,5.99,150.0,90.0,2000.0,2011.0,66,0,67,62
2497,67,47.83,0.6741,43.3718,-6.9424,8.13,6.46,67.0,80.0,2000.0,,0,0,0,0
1526,67,126.03,0.7013,54.9205,8.9313,12.11,8.52,87.0,126.0,1300.0,2018.0,10,6,18,6
4852,67,111.98,0.591,57.6044,-2.4058,19.44,10.32,53.9,71.0,2300.0,,0,0,7,0
1328,67,51.07,0.8419,51.1454,3.7752,12.73,6.79,177.5,119.5,3200.0,2017.0,8,6,27,3
1060,66,164.26,0.7464,51.8359,12.8761,2.99,2.92,165.0,40.0,6600.0,2025.0,9,0,21,9
2145,66,128.1,0.7808,-22.33,166.773,5.45,3.98,50.0,26.0,220.0,,0,0,0,0
1414,66,12.77,0.901,51.4375,8.6734,6.2,7.93,160.0,115.7,3000.0,2017.0,38,36,42,26
1096,66,174.1,0.9706,40.6739,-0.1044,1.78,5.71,58.4,77.0,1500.0,,0,66,66,0
3484,65,83.75,0.8281,41.6893,1.4477,11.92,5.43,60.7,80.0,2350.0,,0,0,1,0
3846,65,112.32,0.936,42.0321,-0.6886,9.8,4.37,93.0,52.0,900.0,,0,65,65,0
5344,65,177.89,0.9537,57.099,-4.4424,3.67,7.99,125.0,117.0,3600.0,,0,0,65,0
1397,65,26.14,0.6843,53.5401,11.8075,5.2,3.22,164.9,163.0,6800.0,2026.0,8,5,8,5
3945,65,6.51,0.9003,54.5022,16.7156,7.17,8.38,95.0,90.0,2000.0,2013.0,0,0,41,47
2222,64,48.07,0.7332,58.8057,-2.9494,14.33,7.9,45.0,52.0,850.0,,0,0,0,0
6929,64,162.28,0.9212,49.4584,-0.5089,7.61,12.03,78.0,82.0,2300.0,,0,0,0,0
20,64,7.46,0.8767,52.6899,13.6748,3.45,6.21,212.0,162.0,3300.0,2013.0,15,6,64,51
1251,64,15.07,0.9272,42.4278,-6.4337,5.32,10.31,39.5,52.0,850.0,,0,0,0,0
1071,63,156.17,0.973,41.2755,-2.4289,8.39,11.93,100.0,90.0,2000.0,,0,63,63,0
5383,63,35.41,0.7975,43.421,-6.6393,11.06,10.39,93.0,80.0,2625.0,,45,0,45,0
2242,63,6.51,0.7894,43.1967,2.8441,6.79,6.69,54.3,70.0,2300.0,2011.0,58,58,63,51
231,63,33.02,0.9885,51.5316,9.3024,8.78,9.05,149.0,72.0,550.0,,3,0,48,0
6396,62,134.53,0.8005,48.8566,-2.5419,13.88,10.78,80.0,90.0,8000.0,,0,0,62,0
1897,62,11.51,0.9158,42.7558,-4.0462,2.59,4.61,60.7,80.0,1.7,,0,62,62,0
6936,62,27.83,0.8269,50.1541,1.1281,13.91,12.7,65.0,66.0,8000.0,,0,0,62,0
4309,62,145.9,0.7617,58.9247,-2.8888,14.43,8.11,45.0,52.0,850.0,,0,0,0,0
2683,62,111.49,0.6856,38.9905,-2.579,6.85,4.02,68.3,90.0,1500.0,,0,0,62,0
2311,62,153.07,0.9665,40.6999,-0.8838,7.35,10.07,44.0,58.0,850.0,,0,62,0,0
5864,61,155.64,0.8088,62.845,17.236,9.08,6.37,145.0,149.0,4500.0,2021.0,61,61,60,61
1327,61,41.94,0.9046,42.3125,-7.4187,7.08,6.27,44.0,58.0,850.0,,0,0,0,0
398,61,159.34,0.6733,52.8511,12.4798,3.17,2.27,140.0,112.0,0.8,2025.0,0,0,47,6
367,61,74.91,0.7305,53.4811,12.0046,6.9,2.87,141.0,40.0,900.0,,1,0,6,0
1162,61,170.5,0.8736,52.0635,14.3369,4.44,6.62,165.0,163.0,2400.0,2014.0,8,8,60,47
3958,61,20.14,0.6323,42.0702,-1.5397,3.53,2.76,50.0,44.0,600.0,,60,60,61,0
7036,61,147.07,0.7507,46.8767,-2.5067,14.21,11.99,,,8000.0,,0,0,61,0
308,61,135.13,0.8202,51.5383,13.8558,5.95,3.94,196.0,126.0,3.3,2026.0,6,1,10,1
1371,61,111.71,0.5724,53.2948,6.9813,8.97,5.92,145.0,71.0,3300.0,2021.0,14,0,40,18
2969,61,159.37,0.9962,41.6716,-5.9441,7.05,15.31,60.7,80.0,1.6,,0,0,59,0
3180,60,10.05,0.9615,41.0157,-1.8945,5.54,12.29,80.0,90.0,1800.0,,51,51,51,0
602,60,4.61,0.5675,53.3271,12.0176,6.17,4.49,132.0,90.0,3600.0,,1,0,1,0
3439,60,9.73,0.7309,54.7536,-3.7128,4.02,3.8,80.0,90.0,3000.0,,0,0,60,0
5350,60,44.35,0.8345,57.3424,-3.1323,6.27,4.2,80.5,106.0,3000.0,,0,0,59,0
1111,60,3.14,0.801,42.4463,-3.4995,4.62,5.66,44.0,58.0,0.8,2004.0,0,60,60,1
135,60,150.57,0.9349,52.6151,9.4705,8.36,7.61,108.0,56.0,1300.0,,2,0,35,0
6793,60,29.09,0.6646,62.3747,15.7744,11.18,7.26,155.0,113.0,6200.0,2023.0,60,0,60,60
137,60,149.61,0.7971,52.1214,11.1572,3.02,2.9,108.0,82.0,2000.0,2013.0,3,3,31,4
1596,60,25.84,0.9916,40.6754,-0.2781,4.61,7.69,58.4,77.0,1500.0,,0,47,60,0
2325,60,168.77,0.8802,42.5494,-6.4137,3.13,6.22,39.5,52.0,850.0,,0,0,0,0
4760,60,171.79,0.8785,57.3307,-4.1066,3.28,4.57,60.0,82.4,2300.0,,0,0,40,0
2711,60,128.39,0.7171,41.191,-5.8544,11.6,7.08,68.3,90.0,2000.0,,0,0,60,0
943,59,29.34,0.9756,52.9466,7.6195,8.06,8.98,159.0,70.0,4200.0,2020.0,52,0,57,21
3848,59,55.14,0.9933,43.2347,-6.6872,6.42,3.27,39.5,52.0,850.0,,0,0,0,0
2951,59,52.34,0.8683,43.3838,-6.4003,7.38,5.4,45.0,46.0,0.7,,0,0,59,0
2991,58,25.77,0.7846,49.1544,6.5397,10.53,7.94,84.0,100.0,2500.0,2012.0,53,50,58,39
4519,58,119.09,0.9367,39.8735,-1.2431,6.95,3.9,39.5,52.0,850.0,,0,0,0,0
5234,58,4.38,0.8645,38.6039,-1.3116,5.02,9.89,53.5,70.5,1500.0,,0,0,58,0
3302,58,63.33,0.7955,52.9948,12.0974,4.19,2.19,120.9,52.9,2000.0,2024.5,11,0,31,2
3424,58,144.95,0.5763,42.1513,-8.3565,5.07,3.78,39.5,52.0,900.0,,0,0,0,0
1768,58,59.19,0.6791,42.9365,-9.1222,4.25,2.06,41.7,55.0,1300.0,,0,0,0,0
2343,58,136.68,0.6887,51.4575,3.7051,7.5,6.04,64.0,40.0,2300.0,2022.0,22,17,33,15
3470,58,10.97,0.9891,57.118,-4.8959,3.82,8.96,80.0,90.0,2500.0,,0,0,26,0
2105,58,108.71,0.9865,43.2067,-7.2451,6.78,2.25,44.0,58.0,850.0,,0,0,58,0
350,58,6.4,0.8885,53.9155,9.2757,5.09,7.79,122.5,64.0,2300.0,,3,0,20,0
1457,58,33.57,0.9223,53.7111,13.319,4.96,4.02,135.0,82.0,7500.0,,27,0,27,0
3300,57,168.6,0.9141,41.5479,-0.7749,7.67,10.33,85.0,130.0,3800.0,,31,31,57,0
264,57,160.67,0.7121,52.2123,7.5916,6.65,4.99,162.0,141.0,4200.0,2013.0,19,15,30,7
993,57,168.6,0.9358,41.4119,-2.693,5.22,11.02,60.7,58.0,850.0,,0,57,57,0
4596,57,174.38,0.7798,58.4295,-3.4289,5.02,4.33,62.5,82.4,4300.0,2026.0,0,0,3,1
5156,57,177.63,0.963,53.486,-3.2424,4.17,14.7,123.0,164.0,8000.0,,0,0,57,0
4583,57,155.54,0.9718,57.4647,-3.5056,6.6,6.46,58.5,82.4,2300.0,,0,0,56,0
3141,57,25.03,0.7947,50.031,3.0431,7.41,7.66,94.0,117.0,3000.0,2019.0,53,53,57,53
465,56,121.63,0.9284,51.5434,13.3155,7.48,3.81,76.0,48.0,1500.0,,0,0,16,0
1565,56,104.62,0.8531,36.506,-6.0751,9.41,4.9,68.3,90.0,2000.0,,0,0,56,0
956,56,166.05,0.8968,50.6006,9.1991,8.52,11.29,138.0,150.0,2300.0,2013.0,12,5,54,11
697,56,111.63,0.7297,52.053,7.4182,9.32,4.89,73.2,60.0,1.5,2024.0,33,22,38,3
2234,56,58.16,0.8752,56.685,9.0059,17.82,6.86,82.0,136.0,4.2,2022.0,12,12,12,12
56,55,173.22,0.8777,53.1201,8.6595,7.68,10.55,135.0,82.0,4200.0,2014.0,11,1,16,3
2710,55,56.79,0.7123,49.9487,2.0015,11.37,6.48,100.0,100.0,2300.0,2015.0,49,49,55,49
908,55,171.15,0.7569,52.0171,13.183,2.8,2.55,149.0,115.7,2000.0,,0,0,46,0
3763,55,163.35,0.8805,52.6213,18.538,7.3,10.13,19.0,25.0,2000.0,,0,0,21,0
3507,55,22.89,0.8191,53.6317,19.208,8.31,8.91,53.5,70.5,2000.0,,0,0,20,0
441,55,106.68,0.6033,51.9735,14.0924,6.64,4.06,140.0,112.0,3000.0,2013.0,41,41,55,54
2085,55,75.62,0.9155,48.2052,1.9092,14.89,4.61,78.0,95.0,2300.0,2009.0,30,30,55,30
4561,55,26.34,0.8611,58.4218,-3.2483,5.76,5.41,80.0,80.0,3600.0,,0,0,13,0
2889,54,38.01,0.8935,37.3514,-7.3925,6.53,7.38,121.0,90.0,2000.0,,6,30,54,0
1745,54,112.71,0.8013,42.188,-3.6673,6.35,3.95,66.0,87.0,2000.0,,0,44,19,0
1653,54,160.51,0.989,54.0773,13.0287,4.81,7.52,135.0,82.0,2000.0,2022.0,1,21,26,1
3275,54,80.94,0.7751,53.253,13.9684,7.45,3.81,163.0,150.0,4200.0,2021.0,16,16,54,53
3665,54,25.85,0.7272,55.8982,-2.2746,7.8,4.1,46.0,60.0,2000.0,,0,0,11,0
6133,54,167.17,0.7068,56.2654,-2.2463,13.23,10.73,46.0,60.0,8000.0,,0,0,4,0
888,54,37.22,0.6849,53.0798,7.7542,7.2,5.46,68.0,62.0,1300.0,,0,0,0,0
5546,53,10.83,0.8749,53.9658,19.2831,7.79,10.21,,,3385.0,,0,0,0,0
1861,53,176.79,0.817,51.7997,11.4962,1.74,2.38,138.0,92.0,2350.0,2017.0,0,0,3,2
2300,53,15.33,0.9344,38.9719,-1.5694,3.64,6.06,35.7,47.0,1500.0,,0,0,53,0
3838,53,171.01,0.9983,42.4412,-1.1028,1.12,5.2,35.7,47.0,660.0,,0,0,53,0
1006,53,18.89,0.8442,41.8489,-2.2133,5.0,6.85,85.0,72.0,1500.0,,0,53,53,0
3408,53,33.59,0.8612,40.5124,-4.6978,2.94,2.84,55.0,52.0,850.0,,0,0,0,0
378,53,163.5,0.8824,54.2189,10.9424,4.64,5.19,92.0,64.0,1500.0,,4,0,33,0
6497,53,119.0,0.6012,61.74,13.9675,11.51,5.51,105.0,149.0,5400.0,2022.0,53,53,39,53
1972,53,92.54,0.6617,49.6495,6.9157,10.61,6.96,141.0,115.0,3.4,2017.0,49,35,53,39
1165,53,151.9,0.6911,48.6027,4.1745,9.86,7.99,101.3,103.0,2500.0,2015.0,22,22,53,16
4520,52,99.32,0.7182,51.6353,18.5815,14.61,7.68,100.0,90.0,2000.0,2022.0,0,0,31,14
2212,52,29.11,0.8483,49.7994,1.9291,8.44,8.6,88.5,103.0,2500.0,2017.0,52,52,52,49
1383,52,74.82,0.8272,50.5636,2.2085,12.85,4.44,78.0,82.0,2200.0,2019.0,42,41,52,43
2955,52,160.58,0.7413,41.419,-2.3404,6.74,6.78,62.2,82.0,1500.0,2025.0,0,46,46,6
1644,52,177.14,0.9533,52.5218,11.7821,3.49,8.1,140.0,126.0,3300.0,,0,0,48,0
3117,52,71.91,0.5597,53.2671,14.0438,3.91,2.63,100.0,77.0,1650.0,2003.0,0,0,52,52
3359,52,170.27,0.839,51.1738,11.3444,2.23,3.07,140.0,40.3,2000.0,2013.0,43,0,52,21
4446,51,157.13,0.9553,46.4757,-0.9563,7.36,11.68,60.0,53.0,800.0,2018.0,43,43,51,34
3143,51,82.19,0.7097,42.2285,-4.2713,3.42,2.14,44.0,58.0,850.0,,0,51,51,0
1453,51,6.7,0.5321,50.2289,7.1866,7.57,6.14,100.0,82.0,2.0,2009.0,51,50,51,21
6072,50,162.41,0.9002,61.0501,16.4736,8.02,9.05,112.0,136.0,4200.0,2019.0,50,50,50,50
3834,50,5.49,0.5352,41.4603,-1.6394,4.19,3.2,44.8,59.0,800.0,,0,50,50,0
3351,50,15.55,0.9162,51.7293,1.23,5.14,7.25,84.0,107.0,3600.0,,0,48,50,0
1336,50,67.5,0.816,54.0841,9.363,11.99,5.2,112.0,92.0,4200.0,2023.0,29,10,34,9
2717,50,21.56,0.888,41.6619,1.6155,3.46,4.67,58.4,77.0,1500.0,,0,0,0,0
2737,50,4.88,0.6792,41.6815,-0.672,6.29,7.52,93.0,114.0,2625.0,,40,40,50,0
1965,50,161.18,0.6955,28.1629,-14.249,0.82,1.22,31.0,23.0,180.0,,50,0,0,0
1549,50,83.72,0.9588,36.394,-5.2855,5.9,1.37,35.7,47.0,0.7,,0,0,50,0
702,50,88.56,0.6632,57.0783,18.2175,5.39,2.55,80.0,90.0,2200.0,2009.0,50,50,49,50
2133,50,75.28,0.9737,42.6407,-7.8969,11.49,3.01,56.2,74.0,1670.0,,0,0,0,0
500,50,16.62,0.7981,51.0404,6.5157,4.57,4.91,143.0,114.0,3200.0,,0,0,0,0
3798,50,164.99,0.908,57.7127,-4.4385,2.62,3.16,33.4,44.0,500.0,,0,0,0,0
751,49,40.12,0.8726,53.2684,12.304,7.57,4.44,137.0,80.0,2950.0,2025.0,12,0,34,5
4237,49,22.49,0.8735,42.136,-0.595,2.86,3.02,44.0,58.0,850.0,,0,49,49,0
3103,49,30.99,0.6177,54.9633,-7.0306,3.39,2.28,116.0,93.0,2300.0,,10,0,20,0
4101,49,7.5,0.8381,54.6756,17.7538,5.12,6.03,68.3,90.0,3000.0,,0,0,44,0
1637,49,111.81,0.8974,55.0289,8.6734,8.0,2.86,45.0,42.0,0.6,1995.0,46,40,46,46
4780,49,176.57,0.9733,51.9719,13.3267,2.52,6.64,139.0,120.0,3200.0,2025.0,21,0,32,7
1721,49,1.21,0.9313,42.924,-8.839,2.13,4.29,39.5,52.0,900.0,,0,0,0,0
141,49,159.73,0.8355,52.9876,7.7517,6.27,6.71,64.0,66.0,1800.0,,0,3,4,0
6426,49,152.5,0.9077,39.5311,-2.1747,8.94,11.19,120.0,149.0,4800.0,,48,48,48,0
7040,49,18.05,0.8813,55.381,-4.3509,5.27,6.24,85.8,113.0,4500.0,,0,0,49,0
3416,48,12.2,0.7691,55.5124,12.7808,2.7,2.65,70.0,90.0,2300.0,2007.0,48,48,48,48
937,48,53.33,0.964,52.172,11.4467,11.05,5.17,98.0,77.0,2.5,2003.0,26,26,47,26
1171,48,8.56,0.8334,52.9808,7.4113,7.06,7.14,139.0,43.0,3000.0,,14,0,18,0
526,48,72.47,0.684,52.1134,7.2677,10.21,5.79,169.0,48.0,5100.0,2021.0,21,0,22,3
4926,48,3.02,0.748,55.8291,-2.6683,3.16,2.9,80.0,90.0,3000.0,,0,0,0,0
822,48,19.53,0.8984,51.5772,11.7013,3.12,4.1,149.0,74.0,1500.0,,2,0,5,0
2129,48,171.64,0.8417,52.1975,11.3737,2.25,3.76,80.0,80.0,2500.0,,0,0,0,0
1038,48,21.16,0.8244,52.1918,7.3949,6.57,7.94,134.0,70.5,1500.0,,6,0,31,0
1798,48,35.84,0.9928,41.9318,-7.6669,4.5,5.25,44.0,58.0,850.0,,0,0,0,0
1448,47,159.35,0.9628,55.1224,8.9836,6.33,7.19,45.0,43.0,0.6,1999.0,36,36,31,36
2295,47,75.21,0.9548,38.78,-1.9939,9.91,2.89,60.7,80.0,2000.0,,0,0,0,0
6379,47,9.34,0.7292,65.5632,20.2703,5.94,4.06,131.0,138.0,4200.0,2020.0,47,47,47,47
3181,47,156.14,0.9397,37.5468,-7.4622,2.94,5.1,44.0,58.0,0.8,,0,0,47,0
2398,47,158.84,0.8013,48.4723,3.8392,3.92,4.64,100.0,100.0,2500.0,2015.0,47,47,47,41
1613,47,165.39,0.5882,54.8432,8.649,8.78,5.91,91.0,82.0,3.4,,19,0,26,0
3256,47,17.47,0.8785,48.8979,4.2042,4.54,5.74,100.0,100.0,2.5,2016.0,47,47,47,17
4703,47,147.37,0.9806,39.8314,-0.8626,5.28,6.27,58.4,77.0,1500.0,,0,0,0,0
2648,47,19.71,0.704,48.1208,1.6312,3.97,3.5,81.0,110.0,2000.0,2023.0,17,17,47,17
6918,46,137.12,0.8326,50.7544,17.3152,9.08,7.23,80.0,92.5,3600.0,,0,0,46,0
951,46,113.38,0.9026,52.8444,5.0604,17.07,4.58,150.0,85.0,3600.0,1997.0,7,2,29,1
4752,46,167.3,0.9047,56.6692,10.3037,3.01,5.0,87.0,126.0,3.6,2008.0,46,46,46,14
2111,46,162.98,0.7699,52.9027,12.2587,3.43,3.19,109.0,82.0,1500.0,,0,0,0,0
3477,46,16.89,0.8171,58.1069,-3.9359,3.45,3.61,69.0,82.0,3400.0,,0,0,11,0
2032,46,23.45,0.7319,51.4238,11.862,3.56,3.45,105.0,90.0,2000.0,,29,29,29,0
2795,46,105.62,0.9832,43.0766,-7.2922,5.46,1.25,100.2,132.0,3300.0,,0,0,0,0
62,46,165.46,0.7974,51.4755,6.4121,7.66,7.01,85.0,58.0,1500.0,2009.0,42,38,42,42
988,46,12.35,0.9571,52.0896,12.7706,3.62,8.76,160.0,40.0,3625.0,,15,0,16,0
2194,46,172.54,0.8297,49.8599,1.4706,8.25,9.86,87.0,100.0,2500.0,2017.0,46,46,46,43
1201,45,7.58,0.626,51.6634,4.3874,8.28,7.38,90.0,108.0,3200.0,2015.0,19,27,27,7
1200,45,27.81,0.6436,51.958,4.0038,7.74,7.33,150.0,220.0,4300.0,2019.0,15,1,45,1
1253,45,58.54,0.9781,51.4502,4.7138,18.4,7.25,135.0,149.0,3200.0,,11,10,37,0
853,45,127.48,0.5391,49.8587,6.533,4.88,3.87,100.0,82.0,2.0,2007.0,45,45,45,39
4195,45,3.32,0.9023,40.7931,-0.9792,1.73,3.9,44.0,58.0,850.0,,0,45,0,0
4166,45,10.86,0.9522,42.7178,2.7627,2.79,6.33,82.0,90.0,3000.0,2015.0,35,35,35,35
3350,45,175.53,0.9049,51.4575,1.0879,3.45,6.97,70.0,90.0,3000.0,,0,45,45,0
399,45,160.26,0.8983,53.1454,12.4368,2.35,2.88,98.0,52.0,0.8,,1,0,25,0
5342,45,12.7,0.8728,57.2475,-4.2534,3.39,3.49,60.0,82.4,3000.0,,0,0,45,0
2997,45,31.28,0.8002,42.9874,-8.0148,3.85,3.63,39.5,52.0,850.0,,0,0,0,0
2177,44,46.31,0.9119,42.5509,-6.2623,8.7,5.71,68.3,90.0,2000.0,,0,0,0,0
4476,44,4.77,0.875,54.1363,21.2167,6.08,9.14,,,2000.0,,0,0,28,0
2873,44,5.99,0.9501,54.6428,-7.7542,4.18,6.61,63.3,93.0,2300.0,,0,0,37,0
34,44,81.71,0.6155,51.6675,4.162,5.53,3.04,122.0,115.7,3000.0,2017.0,34,34,44,34
1070,44,170.5,0.9425,53.7923,9.268,3.5,5.13,69.0,73.2,2.0,2020.0,39,28,44,3
1084,44,165.02,0.8778,51.6445,11.6587,2.15,3.36,137.0,52.9,3300.0,2021.0,8,0,12,3
1762,44,87.95,0.854,40.5251,-0.2782,4.7,1.96,58.4,77.0,1500.0,,0,44,44,0
3112,44,36.5,0.6551,43.3775,-7.3995,8.71,8.03,84.0,80.0,3465.0,,18,0,18,0
1174,44,14.79,0.9906,42.1537,-2.0311,2.14,5.11,61.5,70.0,1500.0,,0,44,44,0
369,44,147.36,0.8339,52.9246,12.7159,5.58,4.14,142.0,100.0,1.5,2013.0,2,0,21,1
1507,44,129.69,0.9724,42.232,-4.703,8.54,6.08,101.0,80.0,3300.0,,11,0,7,0
3952,44,38.98,0.6177,42.074,-1.4723,1.74,1.79,55.0,48.0,700.0,,44,44,44,0
3247,44,7.62,0.7167,39.157,-1.1333,3.34,3.19,80.0,77.0,1500.0,,0,0,0,0
2783,44,113.21,0.8725,54.3817,16.9847,13.87,5.2,89.5,93.0,2000.0,2008.0,0,0,42,42
5621,44,53.28,0.8297,36.7547,-6.2633,6.54,4.29,58.4,77.0,1500.0,,0,0,44,0
2714,44,146.13,0.7014,54.801,8.7582,6.27,3.96,91.0,120.0,3600.0,,7,0,11,0
4380,44,9.7,0.9088,49.8388,7.0112,4.67,7.45,149.0,115.0,3.0,2018.0,43,43,44,42
1469,43,8.78,0.9865,53.5457,9.0014,3.26,7.96,160.0,48.0,3000.0,,20,0,39,0
2208,43,153.49,0.9523,42.3003,-1.6298,2.04,2.81,36.4,48.0,750.0,,0,0,0,0
2206,43,175.74,0.9019,48.9364,5.2189,5.5,8.51,80.0,90.0,3000.0,2019.0,33,33,43,9
752,43,144.54,0.7958,53.2238,12.2239,4.05,3.69,165.0,152.0,2000.0,2023.0,8,3,43,6
1156,43,124.87,0.6998,42.6655,-3.7578,4.1,2.82,58.4,77.0,1.5,,0,43,43,0
1458,43,15.67,0.8258,57.3996,10.0501,9.76,7.44,45.0,47.0,0.7,1998.0,23,23,23,23
357,43,169.77,0.9454,54.1489,10.8926,3.38,4.18,98.5,92.5,1800.0,,10,0,21,0
5085,43,36.33,0.916,53.0899,14.7957,7.82,5.85,64.5,85.0,2000.0,,0,0,43,0
5129,43,123.42,0.7512,57.6132,-2.6091,14.43,5.92,68.0,48.0,0.8,,0,3,4,0
5739,43,0.18,0.8321,54.501,17.4326,4.85,6.45,98.0,82.0,2750.0,2020.0,0,0,20,20
5872,43,22.31,0.8963,62.7622,16.5194,8.43,6.0,112.0,136.0,3800.0,2019.0,43,43,43,43
2123,43,7.04,0.8407,57.4672,9.8972,8.91,7.28,45.0,48.2,0.8,2000.0,13,13,13,13
1391,43,157.08,0.8328,53.5443,-1.7001,8.24,6.5,60.0,80.0,0.5,,0,0,13,0
3482,43,140.44,0.7487,41.295,0.4128,4.66,3.76,68.3,90.0,2000.0,,0,0,0,0
1589,43,170.04,0.7789,56.6447,8.5178,7.79,6.38,84.0,132.0,5.0,2020.0,3,3,3,3
862,43,166.19,0.9709,53.7777,8.8222,1.8,3.3,55.0,44.0,0.6,,0,43,43,0
1223,43,122.82,0.8056,52.6701,11.7042,3.54,2.25,104.0,71.0,2350.0,,6,0,8,0
551,43,35.45,0.8227,51.0442,11.6285,3.36,2.48,30.6,40.3,500.0,,0,0,0,0
2741,43,26.11,0.8947,39.2774,-4.0679,5.07,6.29,80.0,90.0,2000.0,,43,43,43,0
2719,43,138.8,0.9181,43.6469,-7.5458,4.2,3.34,41.7,55.0,1300.0,,0,0,0,0
6449,43,35.78,0.9705,52.2558,4.0817,18.33,15.29,81.0,200.0,11000.0,2022.0,0,43,43,43
3418,42,118.17,0.8559,51.8168,11.8773,4.72,2.26,166.0,70.5,6800.0,2025.0,2,0,14,7
2665,42,112.55,0.9159,37.1175,-4.1682,5.13,2.17,44.0,58.0,0.8,,0,0,42,0
1240,42,104.45,0.8904,42.4394,-4.9354,10.08,3.45,68.3,90.0,2000.0,,0,0,0,0
1243,42,51.98,0.9188,-21.039,164.7301,2.4,1.86,55.0,32.0,275.0,,0,0,0,0
6144,42,72.45,0.6963,53.8384,16.8097,8.94,3.49,117.0,126.0,3450.0,,42,42,42,0
2187,42,125.78,0.8045,48.2967,1.6574,7.58,5.26,94.0,112.0,3000.0,2014.0,42,42,42,38
2106,42,176.34,0.9416,49.8422,2.7556,3.05,6.57,100.0,100.0,2000.0,2020.0,31,31,42,31
2926,42,16.9,0.8995,48.3342,1.7807,3.38,4.55,91.0,117.0,3300.0,2022.0,18,18,42,24
1396,42,167.28,0.9782,51.7743,12.6976,2.74,5.47,56.2,74.0,2000.0,2025.0,0,0,35,2
1608,42,42.39,0.8274,53.8722,12.1123,6.42,4.23,180.0,40.0,3.0,,11,0,12,0
1619,42,140.15,0.69,55.4851,11.3744,11.94,7.43,90.0,106.0,3000.0,,0,0,0,0
2050,41,135.98,0.8094,48.5577,5.4104,9.38,6.11,80.0,90.0,2000.0,2007.0,31,31,41,31
6070,41,141.65,0.9034,60.8224,16.1766,12.63,7.82,112.0,136.0,3600.0,2018.0,41,41,41,41
638,41,155.51,0.9623,51.956,13.1579,3.43,4.14,98.0,71.0,2000.0,,1,0,14,0
3836,41,161.43,0.9742,41.7164,-1.919,2.75,3.47,45.0,47.0,660.0,,0,41,41,0
2600,41,144.46,0.9666,42.9309,-3.6493,4.27,5.2,44.0,47.0,0.7,,0,41,41,0
2950,41,53.6,0.9651,43.3027,-6.2741,3.48,1.84,44.0,58.0,850.0,,0,0,0,0
1418,41,2.53,0.912,51.5094,7.9902,5.48,7.19,74.0,70.0,0.8,2007.5,32,22,32,22
3025,41,155.34,0.9116,53.9188,18.7254,7.69,10.2,78.0,90.0,2000.0,2024.0,0,0,24,16
3667,41,56.21,0.8634,54.5812,-6.9919,15.94,8.01,80.0,90.0,2500.0,2017.0,0,0,21,3
272,41,141.73,0.9098,51.4288,8.9378,7.21,6.59,140.5,100.0,2.4,,14,9,34,0
1864,41,19.89,0.9292,49.7343,8.1871,3.58,4.05,128.0,101.0,3.0,2013.0,40,40,40,26
6442,41,178.6,0.9065,62.8434,17.5173,5.31,6.88,145.0,149.0,4000.0,2021.0,41,41,36,41
3358,41,9.64,0.9841,41.4501,-3.7445,1.72,4.92,39.5,52.0,0.8,,0,0,41,0
4584,40,20.9,0.7703,57.5333,-3.3738,2.82,2.19,70.0,82.4,2300.0,,37,0,0,0
3440,40,151.99,0.9891,43.221,-2.5849,3.09,4.32,74.0,58.0,850.0,,40,40,40,0
1285,40,147.56,0.9901,36.9076,-2.6269,1.66,2.4,23.1,30.0,0.3,,0,40,40,0
4570,40,5.32,0.6379,64.229,18.3758,4.35,2.79,95.0,90.0,2000.0,2010.0,40,40,40,40
3465,40,168.33,0.8733,63.5419,19.2586,4.2,3.99,108.0,82.0,2300.0,2011.0,40,40,0,40
2680,40,158.52,0.9972,42.1896,-3.4489,2.38,4.73,65.0,52.0,850.0,,40,40,40,0
1277,40,172.62,0.9804,41.8664,-5.9138,1.83,6.23,44.0,58.0,850.0,,0,0,40,0
1464,40,10.89,0.8439,42.7454,-8.7701,3.55,4.82,44.0,58.0,850.0,,0,0,0,0
211,40,0.12,0.8319,51.0166,11.7647,2.1,3.03,70.0,60.0,1500.0,,0,0,19,0
1023,40,155.84,0.7193,50.1748,6.2356,4.73,4.65,93.0,82.0,2.3,2006.0,40,40,40,37
1399,40,122.77,0.8317,52.7486,8.6557,8.73,5.06,85.0,70.0,1800.0,2004.0,9,1,23,1
3845,40,3.83,0.8891,41.9746,-0.6024,1.92,3.32,39.5,52.0,0.9,,0,0,40,0
2290,40,126.78,0.787,38.8171,-1.1395,3.52,2.25,44.0,58.0,850.0,,0,0,40,0
1138,40,112.42,0.9313,51.2404,10.2899,8.15,2.43,138.0,70.0,1800.0,2009.0,5,31,40,33
3795,40,11.52,0.8411,57.6616,-4.7964,3.18,3.26,74.5,101.0,3000.0,,0,0,19,0
3365,40,153.28,0.9684,41.7893,-6.0835,5.1,6.72,68.3,90.0,2.0,,0,0,19,0
407,40,19.75,0.8128,51.6604,13.3696,5.54,3.96,93.0,100.0,2000.0,2011.0,16,0,19,7
6437,40,2.51,0.9826,63.8089,17.924,2.32,6.65,140.0,120.0,,2021.0,40,40,0,40
6440,40,167.94,0.7575,63.5351,15.1864,6.67,4.39,112.0,136.0,3450.0,2019.0,40,40,0,40
2815,39,109.91,0.676,39.1518,-2.1987,5.32,2.09,58.4,77.0,1500.0,,0,0,0,0
2068,39,173.75,0.8381,52.3956,-3.7427,3.14,3.74,65.0,70.5,1500.0,,0,0,39,0
2098,39,159.78,0.8214,53.6983,13.207,2.34,2.1,137.0,70.0,3600.0,,2,0,2,0
3069,39,179.74,0.9342,46.0944,-0.6093,6.13,10.61,80.0,100.0,2050.0,2020.0,39,31,39,21
1280,39,173.79,0.6997,42.8974,2.9379,4.12,4.43,49.0,62.0,1500.0,2023.0,22,31,39,22
4181,39,175.42,0.9723,58.004,-4.5399,2.09,4.83,59.0,82.0,2000.0,,0,0,19,0
744,39,136.97,0.8006,52.1843,10.3962,8.09,4.93,166.0,136.0,4200.0,,17,8,15,0
754,39,170.95,0.7951,53.1339,12.1136,2.97,3.06,140.0,80.0,2100.0,,1,0,36,0
2532,39,9.51,0.7254,51.979,11.4515,2.27,2.43,141.5,70.0,2000.0,,3,0,39,0
3984,39,89.04,0.681,54.5022,-7.1036,6.63,3.0,92.0,80.0,2350.0,,14,12,26,0
268,39,152.87,0.7278,54.0517,9.5538,5.74,4.01,105.0,116.8,1650.0,,9,0,20,0
1199,39,156.57,0.8463,51.9351,4.1681,7.08,6.73,112.0,110.0,3000.0,,6,8,39,0
2132,39,10.46,0.9738,42.2025,-2.3563,3.32,7.46,67.0,83.0,2000.0,,0,39,39,0
1307,39,132.51,0.6891,42.1746,-4.281,2.41,1.99,44.0,58.0,850.0,,0,39,39,0
3609,39,53.39,0.8066,45.1417,3.2854,7.74,5.62,85.0,75.0,1500.0,2005.0,39,39,39,39
1016,38,179.98,0.9772,42.4406,-1.7434,2.14,7.35,58.4,77.0,1500.0,2008.0,0,38,38,3
5992,38,66.27,0.7151,41.0812,-0.7299,6.73,4.01,105.0,150.0,3300.0,,38,38,38,0
4723,38,148.09,0.9728,49.7575,2.5563,8.39,8.42,93.0,115.7,3000.0,2017.0,38,38,38,36
173,38,1.63,0.7657,51.9472,6.9381,5.66,7.08,140.0,115.7,3300.0,2023.0,15,0,19,3
3329,38,146.15,0.801,51.8999,13.3169,4.59,3.74,118.0,82.0,6800.0,2025.0,4,0,4,3
1638,38,162.14,0.8818,55.213,8.8047,6.74,7.47,45.0,48.0,0.8,1998.0,22,22,22,22
1730,38,118.79,0.7792,55.993,8.3826,6.69,3.19,31.0,29.0,0.2,1997.0,30,30,30,10
2768,38,9.85,0.5639,36.5826,-5.9935,3.75,2.98,79.0,88.0,2100.0,,0,0,38,0
252,38,47.05,0.7559,52.2083,14.2321,6.16,2.99,166.5,160.0,2000.0,2005.0,16,16,38,38
2986,38,145.41,0.6957,52.0275,11.3702,4.03,2.83,61.5,81.0,2300.0,,0,0,0,0
3631,38,177.96,0.9674,51.0151,6.3093,1.85,5.06,126.0,92.0,1300.0,,3,0,10,0
2075,38,133.84,0.7797,48.8305,5.2771,10.57,5.83,78.0,90.0,2000.0,2007.0,20,20,38,2
3389,38,164.07,0.9547,51.5639,-3.4624,1.7,2.98,126.0,52.0,2500.0,,1,0,1,0
15,38,171.08,0.8291,51.7033,6.2264,4.08,4.6,69.8,92.0,2300.0,,0,0,18,0
1411,38,148.23,0.6773,50.4247,6.4638,8.95,5.77,155.0,30.0,3000.0,,5,2,23,0
2088,37,131.74,0.9337,48.6074,5.4934,8.45,5.79,102.0,92.5,2000.0,2012.0,21,21,37,27
810,37,177.39,0.7956,43.4806,-8.0369,1.76,2.73,35.7,47.0,0.7,,0,0,37,0
1952,37,179.22,0.8738,42.7372,-8.1606,1.89,3.48,44.0,58.0,850.0,,0,0,0,0
3409,37,150.3,0.9927,40.6929,-5.7853,4.35,5.91,44.0,58.0,0.8,,0,0,37,0
4405,37,131.06,0.8662,47.7706,3.7112,9.74,6.25,92.8,117.0,2050.0,2015.0,9,9,37,37
1292,37,61.84,0.8479,50.0626,1.5687,5.67,3.01,84.0,82.0,2300.0,2014.0,37,37,37,37
2936,37,141.22,0.8035,43.4496,-7.8034,2.12,2.01,24.3,32.0,330.0,,0,0,0,0
1438,37,154.59,0.8426,53.8858,11.9354,4.91,3.07,149.0,101.0,3000.0,2022.0,3,0,3,1
2967,37,19.21,0.8653,36.3239,-5.9428,5.39,6.97,68.3,90.0,2000.0,,0,16,37,0
2266,37,6.58,0.7322,51.9719,-4.2127,3.7,3.69,70.6,93.0,2300.0,,0,0,0,0
1466,37,32.64,0.8869,57.3697,9.7726,14.52,10.64,30.0,26.0,0.2,1993.5,6,6,6,6
4095,37,177.94,0.8428,53.3628,18.9006,6.35,8.06,115.0,108.0,3000.0,,0,0,15,0
2793,37,12.54,0.7624,53.7334,-2.1453,7.83,6.97,68.3,90.0,2000.0,,0,0,8,0
1085,37,133.6,0.8008,51.7043,11.4722,5.36,4.18,160.0,70.5,1500.0,2016.0,3,0,19,3
239,37,11.03,0.7604,51.0758,11.7901,2.88,2.85,108.0,82.0,1650.0,2002.0,0,0,16,16
244,37,78.88,0.8337,54.3863,9.8668,9.07,3.66,93.0,114.0,1650.0,2026.0,0,0,30,8
1117,37,133.83,0.9854,39.6494,-3.3896,4.62,3.78,100.0,58.0,850.0,,37,37,37,0
1381,37,166.08,0.8422,53.3585,-4.4559,7.02,4.33,31.0,44.0,600.0,,0,0,0,0
5000,37,163.31,0.8858,52.372,21.8451,10.48,12.55,117.0,126.0,3300.0,,0,0,23,0
4483,37,2.93,0.9203,62.7227,15.9414,3.44,4.41,115.0,113.0,2300.0,2014.0,37,37,0,37
1680,37,156.16,0.9112,51.1934,10.731,2.52,2.85,138.0,82.0,2400.0,2021.0,31,0,35,2
6768,37,138.46,0.7939,62.7853,17.0301,12.59,6.95,123.0,112.0,6200.0,2023.0,37,0,37,37
6496,36,168.04,0.9305,62.4985,15.0559,4.86,6.43,155.0,130.0,4200.0,2020.0,36,36,36,36
2862,36,157.88,0.8389,56.272,-4.0658,2.66,2.45,60.0,80.0,2000.0,,0,36,36,0
2116,36,175.61,0.8683,51.3029,10.9158,1.68,2.74,105.0,90.0,3300.0,,34,23,25,0
2647,36,92.81,0.6221,52.3911,11.8194,4.03,2.07,62.2,82.0,2300.0,,0,0,0,0
4283,36,7.89,0.9098,52.4414,8.0762,4.45,6.2,137.0,122.0,3300.0,,0,20,36,0
6516,36,176.23,0.9519,57.1049,16.3551,3.72,7.47,125.0,150.0,4440.0,2021.0,36,36,36,36
1946,36,8.36,0.7388,53.0813,14.0802,3.24,2.82,164.0,149.0,3300.0,2012.0,14,14,36,36
8,36,145.68,0.8699,42.3986,-1.8339,3.46,3.55,75.9,77.0,1500.0,,0,36,36,0
3209,36,158.96,0.9942,41.9717,-2.3696,2.53,5.08,39.5,52.0,800.0,,0,36,36,0
983,36,157.9,0.8211,52.6067,4.4203,5.77,6.28,70.0,90.0,3000.0,2007.0,36,36,36,36
1425,36,157.5,0.8345,51.0415,10.327,2.91,3.08,145.0,62.0,2500.0,2014.0,36,0,36,33
770,36,95.79,0.9598,49.5918,7.2103,11.61,1.72,105.0,82.0,2.0,2008.0,36,36,36,36
3905,36,128.24,0.692,50.4772,-4.9546,7.42,5.37,33.4,44.0,600.0,,0,0,0,0
6269,36,11.22,0.8386,59.1188,-3.2598,6.19,8.14,33.4,44.0,900.0,,0,0,0,0
5852,36,172.64,0.8774,54.2487,16.5444,3.57,5.26,75.9,100.0,2750.0,2020.0,0,0,36,36
1008,36,49.78,0.8478,51.6268,3.7034,7.27,4.0,97.5,127.0,4200.0,2021.0,36,30,36,29
1812,36,31.99,0.875,49.9386,6.3444,7.78,5.39,80.0,63.0,1.3,2005.0,36,36,36,32
3368,36,21.93,0.8459,54.4412,-7.3448,2.66,2.48,35.7,47.0,2500.0,,0,0,1,0
1318,36,112.67,0.7869,51.3212,3.2213,8.06,4.93,100.0,82.0,3600.0,2021.0,0,0,31,14
250,36,110.57,0.73,49.3272,7.6155,10.07,4.93,125.5,97.0,2.4,2008.0,34,34,35,23
2814,36,10.26,0.7049,51.6231,11.8476,4.77,3.34,103.0,93.0,2200.0,,1,1,30,0
310,35,1.67,0.9203,52.8071,7.5427,5.37,8.02,135.0,82.0,4200.0,,24,0,26,0
6406,35,132.22,0.5719,52.8695,16.8905,8.67,5.17,64.5,85.0,2000.0,,0,0,35,0
4454,35,145.07,0.8842,52.3847,14.7995,5.91,4.15,95.0,100.0,2000.0,,0,0,29,0
3560,35,141.12,0.9177,51.2761,4.3688,8.9,6.84,192.0,115.7,3000.0,2017.0,25,0,32,31
5163,35,2.48,0.746,53.8054,0.1494,7.93,7.92,100.0,154.0,6000.0,,0,0,35,0
949,35,179.48,0.9912,42.1485,-2.192,0.53,3.82,55.0,58.0,850.0,,0,35,35,0
4815,35,169.78,0.8797,50.1534,3.0285,5.87,7.6,94.0,112.0,3300.0,2019.0,35,35,35,35
3004,35,86.61,0.7841,48.4867,-3.2739,10.93,4.63,91.5,103.5,2000.0,2015.5,18,10,35,10
2286,35,19.34,0.9935,38.7302,-1.9158,1.9,4.3,55.0,50.0,750.0,,0,0,0,0
2643,35,42.02,0.8239,39.0642,-1.4855,7.93,6.58,58.4,77.0,1500.0,,0,0,0,0
2780,35,1.49,0.9205,51.6363,13.8112,2.47,4.76,165.0,163.0,3300.0,,1,1,6,0
3215,35,37.03,0.7935,56.041,-5.1521,2.18,1.62,45.0,52.0,850.0,,0,0,0,0
1007,35,97.43,0.907,51.4318,4.2315,6.97,1.64,80.0,100.0,2500.0,2000.0,0,0,35,2
6915,35,19.78,0.9188,53.3521,18.1697,5.84,7.77,30.4,40.0,2000.0,,0,0,35,0
923,34,52.55,0.9176,53.6553,8.5781,4.15,2.76,45.0,44.0,0.6,,27,27,27,0
4825,34,64.34,0.6058,53.6059,-0.7651,4.07,2.22,80.0,90.0,2.0,,34,34,34,0
2831,34,29.39,0.8241,49.3533,4.5505,5.61,6.63,91.5,115.0,3000.0,2018.0,34,34,34,34
3330,34,26.57,0.947,52.6951,13.8265,3.87,4.45,166.0,150.0,2000.0,2006.0,10,10,30,29
380,34,149.62,0.7243,52.9458,12.1782,2.78,2.17,65.0,70.0,2000.0,,0,0,34,0
411,34,167.39,0.9196,53.4284,8.0425,2.41,4.62,50.1,66.0,2.5,,0,0,23,0
355,34,4.14,0.9245,51.4038,8.4881,4.79,8.43,169.0,160.0,5560.0,2025.0,18,29,31,6
2877,34,171.4,0.6254,53.0686,12.0534,2.93,2.18,125.0,70.0,3900.0,,12,0,23,0
2966,34,118.88,0.8572,51.7567,11.3878,6.23,2.44,98.0,72.0,1500.0,,0,0,0,0
11,34,145.46,0.9933,42.3314,-1.8477,4.18,4.63,61.0,70.5,1500.0,,0,0,0,0
3288,34,1.81,0.9298,52.5302,12.058,1.69,3.29,140.0,112.0,1500.0,,0,0,31,0
1575,34,146.22,0.9635,54.7297,11.2989,9.88,8.08,91.5,117.0,3.4,2016.0,30,30,30,30
6353,34,43.2,0.84,64.2108,18.4759,5.92,3.28,112.0,136.0,1800.0,2021.0,34,34,0,34
4468,34,83.12,0.7383,47.0347,1.9766,9.1,4.15,100.0,100.0,2450.0,2018.0,24,27,34,27
2834,34,165.03,0.9516,51.9985,11.129,2.57,3.77,117.0,82.0,3600.0,,1,0,1,0
3717,34,69.02,0.9398,54.0909,9.249,9.82,3.06,175.0,82.0,3.4,2014.0,7,0,16,8
2413,34,133.06,0.7988,51.8868,7.1411,8.98,6.44,149.0,58.0,4100.0,2022.0,29,0,29,4
1533,34,162.09,0.7549,36.0561,-5.5778,3.29,4.15,21.3,28.0,2000.0,,0,0,34,0
4321,34,8.56,0.9574,49.7247,2.8879,3.76,7.23,98.0,101.0,2300.0,2015.0,34,34,34,34
5083,34,154.34,0.8027,61.5906,16.0962,6.05,4.52,91.0,59.0,3300.0,2016.0,34,34,34,34
2118,34,136.4,0.795,55.0428,8.7752,13.02,8.16,49.0,44.0,600.0,,0,0,0,0
5318,34,98.54,0.7437,54.9222,-6.7343,8.46,2.32,50.0,90.0,2.5,,1,0,30,0
3839,34,157.86,0.992,42.4765,-1.2348,4.79,8.96,39.5,52.0,850.0,,0,0,23,0
67,33,168.53,0.8038,41.8414,-2.1153,3.5,4.51,54.7,72.0,1500.0,,0,33,33,0
3190,33,20.91,0.886,52.7274,11.4365,2.21,2.95,196.0,40.0,3000.0,2013.0,5,0,14,5
6439,33,157.5,0.8467,63.4165,16.0077,4.28,3.35,141.0,158.0,3000.0,2021.0,33,33,0,33
7068,33,17.74,0.9008,53.6443,17.4217,4.65,5.97,68.3,90.0,2000.0,,0,0,0,0
1970,33,173.39,0.9815,51.2114,3.5375,5.14,9.82,150.0,96.0,2200.0,,12,18,27,0
374,33,165.92,0.8098,53.4588,14.1554,1.66,1.95,60.0,43.0,0.6,,0,0,33,0
5009,33,163.03,0.8337,53.6641,-0.8795,2.89,3.13,125.0,92.5,2.0,,28,0,28,0
631,33,166.35,0.7979,52.3915,10.1348,2.43,2.35,140.0,150.0,2300.0,2023.0,19,6,33,8
4592,33,7.55,0.9263,57.2465,-4.7169,2.76,4.13,135.0,71.0,3430.0,,33,0,33,0
5168,33,172.57,0.8606,56.9654,-2.4843,2.33,2.8,36.4,93.0,2300.0,,0,33,33,0
3289,33,1.67,0.8833,52.7519,13.8403,2.7,4.34,164.0,149.0,1500.0,2005.0,7,7,33,31
200,33,174.24,0.9768,51.2067,10.9618,1.31,4.13,105.0,77.0,2000.0,2020.0,17,0,33,2
3339,33,116.41,0.6798,49.5695,4.2615,5.57,3.06,105.0,150.0,2350.0,2018.0,18,18,33,33
2074,33,59.44,0.8744,49.912,3.2837,7.43,4.03,110.0,117.0,2500.0,2023.0,24,24,33,24
59,33,0.49,0.7683,50.6565,6.3094,5.46,5.35,149.0,112.0,2000.0,2004.0,7,0,29,24
963,33,100.82,0.7898,52.902,7.1939,8.39,3.73,149.0,117.0,2.4,,7,0,7,0
1197,33,173.81,0.7977,52.8712,7.1412,2.15,2.19,138.0,82.0,2300.0,,0,0,0,0
5485,33,166.33,0.665,63.5087,15.9634,5.26,3.05,115.0,113.0,3200.0,,0,0,33,0
455,33,10.51,0.9083,50.8733,6.2898,5.4,7.07,175.0,158.0,3200.0,2017.0,31,2,33,30
3224,33,29.45,0.9599,52.0049,12.144,5.83,5.19,40.2,53.0,2050.0,2015.0,0,0,33,25
2198,33,6.31,0.9461,49.6988,3.832,2.81,5.17,91.0,116.8,2100.0,2018.0,23,23,33,17
4769,33,33.79,0.9575,39.6386,-1.8056,4.06,4.43,53.5,70.5,1500.0,,0,0,0,0
3651,33,9.66,0.7671,40.0006,-3.3539,2.39,2.46,55.0,58.0,850.0,,33,33,33,0
1088,33,166.87,0.6999,51.9648,13.9802,2.4,2.79,169.0,136.0,2000.0,2011.0,2,2,33,33
1873,33,23.88,0.6292,51.7842,14.4627,4.02,2.27,105.0,90.0,2000.0,,0,0,0,0
3898,33,134.03,0.8204,58.8817,11.4239,6.13,3.86,105.0,90.0,2000.0,2012.0,33,33,33,33
6075,33,9.49,0.8949,63.2478,18.034,5.49,6.25,115.0,113.0,3000.0,2015.0,33,33,27,33
184,33,0.69,0.9166,53.2997,12.1911,2.52,4.23,100.0,48.0,1800.0,2025.0,5,3,33,5
2920,33,81.71,0.7581,36.0853,-5.6593,2.29,0.89,33.4,44.0,0.7,,0,0,33,0
1728,32,48.23,0.7826,49.7673,8.2896,5.14,3.8,135.0,82.0,2.3,2013.0,32,32,32,32
6037,32,129.17,0.7063,42.2318,-1.6433,4.25,2.62,101.5,132.0,4465.0,,32,32,32,0
2601,32,167.77,0.7201,52.1614,11.8001,2.0,2.25,166.0,90.0,2000.0,,3,0,12,0
6194,32,166.14,0.878,41.6106,-4.9991,5.38,7.86,105.0,90.0,2000.0,,0,0,0,0
4407,32,21.53,0.8926,47.6418,3.9247,5.26,5.84,91.5,117.0,2000.0,2017.0,7,7,32,29
2747,32,135.28,0.8815,40.9724,-2.1615,5.17,4.01,78.0,90.0,2000.0,,32,32,32,0
2326,32,24.37,0.7043,50.1284,2.7404,5.78,5.17,80.0,90.0,2300.0,2015.0,32,32,32,32
225,32,36.89,0.9378,52.4992,13.9507,3.97,3.03,174.0,168.5,2000.0,2009.0,2,2,32,31
747,32,2.58,0.8117,52.1736,10.2643,4.0,4.03,164.0,71.0,5700.0,,11,0,11,0
3983,32,40.68,0.9067,53.8185,14.6498,4.96,3.67,95.0,90.0,1800.0,2003.0,0,0,32,15
3880,32,177.43,0.9257,54.1149,15.8631,4.36,8.08,134.0,131.0,3900.0,,15,15,15,0
1281,32,49.18,0.893,43.0211,2.8754,3.36,1.94,58.0,71.0,2300.0,2010.0,29,5,32,5
6058,32,128.19,0.6289,52.7159,18.0621,9.18,4.41,105.0,90.0,2000.0,,0,0,29,0
3612,32,175.52,0.817,51.1793,21.1806,4.58,4.51,105.0,90.0,2000.0,,27,0,27,0
221,32,27.52,0.8293,51.642,12.172,4.27,4.5,64.5,85.0,2000.0,,0,0,17,0
5244,32,137.44,0.7552,55.1693,-3.1471,4.42,2.93,80.0,80.0,2300.0,,0,0,22,0
6011,32,93.85,0.5435,43.0561,-9.2315,6.01,3.52,80.0,97.0,2.0,,0,32,32,0
178,32,46.42,0.8528,51.6181,9.3484,4.35,2.91,164.0,115.7,800.0,2024.0,1,0,27,1
3189,32,9.56,0.7904,51.7051,12.2345,2.66,2.62,98.0,71.0,2000.0,2005.0,0,0,1,1
286,32,165.79,0.7782,52.0638,10.302,4.3,4.93,105.0,80.0,2.0,,5,6,8,0
3828,32,2.74,0.9969,43.0667,-1.866,0.52,4.35,31.9,42.0,600.0,,0,32,32,0
1086,32,35.85,0.9122,52.3231,12.6181,3.98,4.02,96.0,70.5,1500.0,,0,0,0,0
1786,31,167.21,0.9716,51.0406,6.0011,3.01,5.58,118.0,80.0,2400.0,2021.0,3,0,11,1
3474,31,31.18,0.8372,51.7649,-3.9346,3.79,4.44,63.0,93.0,2300.0,,0,0,0,0
2724,31,25.68,0.7947,41.4709,-1.1503,1.66,1.77,32.6,43.0,750.0,,0,0,31,0
4419,31,3.62,0.7623,51.261,4.2555,5.43,7.02,135.0,115.0,4000.0,,5,1,7,0
2753,31,114.61,0.656,54.1739,22.7785,8.71,4.76,78.0,90.0,2000.0,,0,0,31,0
2924,31,53.74,0.9717,42.9269,-7.9219,4.91,2.29,34.9,46.0,660.0,,0,0,0,0
3903,31,12.5,0.9783,57.7971,-4.3505,2.55,3.83,64.0,71.0,1750.0,,0,0,19,0
1539,31,158.39,0.8091,52.8671,17.6329,10.4,8.5,32.6,43.0,600.0,,0,0,0,0
2318,31,14.67,0.7122,50.2912,-5.137,6.6,6.63,30.0,33.0,300.0,,0,0,0,0
5816,31,158.71,0.7675,53.1626,6.9099,4.3,3.57,133.0,130.0,4300.0,2020.0,27,27,27,14
2890,31,49.72,0.7263,48.4626,4.1912,6.89,5.53,92.5,113.0,2500.0,2018.0,5,5,31,3
2867,31,140.97,0.9397,40.362,-2.6141,4.96,6.04,68.3,90.0,2000.0,,0,0,13,0
354,31,164.44,0.9428,51.5257,8.5761,4.47,5.39,179.0,82.0,2000.0,2013.0,7,28,13,5
2209,31,46.16,0.963,50.5934,2.1219,8.68,5.39,69.0,90.0,2000.0,2013.0,31,31,31,31
2937,31,118.02,0.7251,54.1703,-7.6172,5.97,4.33,80.0,90.0,3000.0,,0,0,18,0
2641,31,146.35,0.8071,51.4005,11.2656,3.24,3.03,150.0,60.0,2000.0,2017.0,6,0,16,2
2159,31,74.31,0.9969,48.3108,1.858,18.7,3.61,84.0,92.0,2050.0,2008.0,31,31,31,31
1929,31,14.88,0.9093,43.5356,3.6221,2.46,3.8,67.0,70.0,2000.0,2009.0,31,5,31,31
1558,31,157.28,0.7821,53.1281,5.6038,11.33,10.78,35.7,47.0,750.0,,0,0,0,0
3158,31,164.29,0.9556,54.7563,-1.7857,5.15,9.01,46.0,52.0,2000.0,,3,0,4,0
1563,31,25.95,0.7855,36.5978,-6.1052,2.66,2.95,88.1,116.0,1500.0,,0,0,31,0
521,31,62.64,0.9695,50.7198,6.7809,7.32,3.05,98.3,103.0,2750.0,2013.0,31,31,31,31
29,31,10.02,0.8294,51.0075,6.1182,7.65,7.23,91.0,92.5,2400.0,2017.0,3,0,11,1
30,31,110.69,0.6506,50.9859,6.2285,4.35,2.37,120.0,70.0,3600.0,,13,0,21,0
1724,31,108.14,0.7829,45.9797,0.1697,11.14,5.3,93.0,117.0,2300.0,2021.0,31,22,31,18
1,30,176.74,0.7853,55.691,12.657,3.86,3.15,50.0,44.0,2.0,1996.0,11,10,30,7
1683,30,149.7,0.8178,53.4909,9.3517,4.29,3.44,85.0,71.0,3000.0,1996.0,1,0,9,1
3233,30,173.07,0.7692,51.6121,-3.5039,3.55,2.86,125.0,90.0,2500.0,,24,0,0,0
1896,30,136.78,0.996,42.9058,-4.2615,2.5,1.99,40.2,53.0,850.0,,0,0,0,0
4122,30,69.85,0.7168,52.6454,1.7876,3.35,1.54,68.0,80.0,2000.0,,0,0,30,0
4859,30,166.33,0.9448,58.7701,11.4118,4.18,4.11,90.0,100.0,3000.0,2014.0,30,30,30,30
237,30,140.89,0.9184,52.9578,8.5097,6.5,5.43,137.0,126.0,3.3,2016.0,6,6,17,14
3530,30,163.84,0.7349,49.8233,2.8935,7.71,6.54,85.0,131.0,2735.0,2021.0,24,24,30,24
3585,30,13.65,0.619,57.2445,15.2532,5.57,3.65,129.0,112.0,3000.0,2013.0,30,30,30,30
778,30,175.13,0.6953,53.3644,7.5919,6.9,3.82,135.0,82.0,3000.0,,5,0,5,0
3741,30,162.05,0.9969,41.6926,-1.8312,1.86,3.67,45.0,47.0,660.0,,0,30,30,0
3824,30,32.52,0.9372,41.4437,1.0514,2.47,2.55,58.4,77.0,1500.0,,0,0,0,0
2181,30,172.82,0.7593,46.9867,2.0571,3.7,4.43,98.0,117.0,2500.0,2021.0,16,16,30,11
1578,30,85.11,0.8356,54.9048,11.0786,9.05,2.83,91.5,44.0,3.6,2017.0,9,0,9,9
5157,30,5.35,0.9061,53.418,-3.4483,2.33,3.46,58.0,80.0,2000.0,2004.0,30,30,30,30
370,30,150.1,0.9295,53.2171,12.4404,4.23,3.66,75.0,48.0,0.6,,0,0,19,0
2760,30,27.39,0.8203,55.8549,-3.7643,8.76,7.37,80.0,103.0,4200.0,,0,0,3,0
3293,30,13.73,0.9353,65.0563,19.0152,4.16,4.31,95.0,100.0,1800.0,2012.0,30,30,0,30
6515,30,131.37,0.6334,61.7561,14.4679,7.12,3.74,102.0,155.0,6600.0,2022.0,30,30,30,30
1252,30,79.73,0.7031,53.8879,9.379,6.86,2.53,82.0,61.0,1.9,,2,0,14,0
3438,30,167.57,0.7887,54.0882,-3.4365,3.98,4.17,97.0,126.5,5000.0,,0,0,30,0
4737,30,170.24,0.8204,49.7761,2.7658,6.03,6.57,98.0,103.0,2500.0,2020.0,13,13,30,15
2929,30,7.5,0.9654,53.6924,6.4754,2.31,5.1,90.0,120.0,3600.0,2014.0,30,30,30,30
966,30,38.27,0.8787,50.4224,11.9059,4.33,3.32,138.0,82.0,3400.0,,0,0,19,0
4199,30,175.03,0.8317,63.8005,17.3988,2.75,3.46,100.0,101.0,2300.0,2012.0,30,30,0,30
435,30,158.72,0.8408,53.4762,8.3793,7.44,7.1,67.0,66.0,1.5,,6,6,13,0
2620,30,79.44,0.8745,53.3969,8.9332,6.66,2.27,149.0,40.0,3050.0,,2,0,10,0
433,30,174.69,0.8553,50.7468,13.3656,2.54,3.13,122.5,66.0,5600.0,,4,0,5,0
1083,30,19.69,0.687,42.8514,-2.8627,3.99,3.75,80.0,80.0,1670.0,,30,30,30,0
1072,30,15.63,0.9311,41.3044,-0.6926,1.74,3.38,62.2,82.0,1650.0,,0,30,30,0
2846,30,147.58,0.9043,52.6902,14.0664,2.62,2.36,140.0,112.0,2000.0,2006.0,0,0,30,29
2830,30,0.2,0.8731,53.7797,13.758,2.0,2.41,105.0,90.0,2000.0,,0,0,0,0
6123,30,80.82,0.6714,56.9502,12.7651,7.27,3.32,93.0,113.0,3000.0,2014.0,30,30,30,30
3437,30,169.83,0.7679,53.9923,-3.2981,3.84,3.9,75.0,90.0,3000.0,,0,0,30,0
3494,30,60.34,0.8581,57.4075,-2.6544,11.03,3.67,47.0,62.0,1300.0,,0,0,0,0
2328,30,179.18,0.7462,48.4485,5.5696,5.65,6.22,98.0,82.0,2000.0,2017.0,20,25,30,20
2373,30,8.99,0.8845,50.6383,-4.5335,3.63,7.1,25.0,33.0,300.0,,0,0,0,0
895,30,92.99,0.957,50.3916,9.4799,10.77,1.99,149.0,115.0,3000.0,,9,9,30,0
1132,30,150.24,0.6434,53.9981,11.6999,4.74,3.06,78.0,62.0,2350.0,,12,0,26,0
4084,30,164.09,0.8848,62.145,13.5721,2.71,2.76,80.0,90.0,3000.0,2014.0,30,30,30,30
2916,30,86.64,0.7012,59.3089,-2.9862,8.78,3.52,33.4,44.0,900.0,,0,0,0,0
1401,30,9.61,0.9102,53.4974,11.8512,1.75,3.12,62.2,82.0,2300.0,,0,0,9,0
3448,30,171.81,0.9297,67.6249,20.1414,2.38,2.95,80.0,100.0,2600.0,2012.0,30,30,30,30
1054,30,128.67,0.9525,41.1018,-2.471,5.39,3.44,80.0,90.0,2.1,,0,0,12,0
1703,29,161.08,0.8312,52.7466,11.8118,3.98,3.6,166.0,92.0,3050.0,2026.0,2,0,21,1
3211,29,9.19,0.8249,52.4414,7.5566,2.4,3.24,159.0,82.0,3000.0,,6,0,27,0
3605,29,113.89,0.6214,39.9364,-0.9229,3.24,2.09,75.9,100.0,2500.0,,0,0,0,0
3139,29,37.12,0.6302,54.6333,-7.5962,5.9,3.64,47.1,62.0,1750.0,,0,0,15,0
2616,29,21.21,0.7425,42.3402,-4.0438,2.67,2.76,60.7,80.0,1600.0,,0,29,29,0
2833,29,164.61,0.9608,51.9889,10.8413,2.09,3.12,125.0,71.0,2300.0,,1,0,19,0
692,29,86.55,0.981,49.5655,9.518,9.32,1.09,200.0,61.0,4200.0,,9,0,9,0
3258,29,168.25,0.7729,58.4552,13.5002,10.27,7.94,98.0,80.0,2000.0,2009.0,29,29,29,29
3257,29,75.97,0.7317,50.1004,6.3119,9.03,2.88,113.0,71.0,1.8,2008.0,29,29,29,27
1890,29,21.25,0.9354,44.1506,2.7931,3.31,5.59,82.0,90.0,3000.0,2008.0,29,29,29,29
4377,29,150.87,0.8452,54.8388,-5.8709,11.14,7.79,21.3,28.0,2300.0,,0,0,7,0
2762,29,11.75,0.6974,53.6593,-2.2488,5.48,3.42,60.0,80.0,2500.0,,0,0,26,0
652,29,73.5,0.6632,52.9451,9.0275,5.47,2.47,95.3,125.5,1925.0,,0,0,0,0
349,29,23.47,0.9378,52.451,14.5122,4.36,3.88,166.0,160.0,1300.0,2003.0,7,7,29,29
2502,29,63.48,0.9037,53.9632,9.4029,5.78,2.69,135.0,64.0,3500.0,,12,0,12,0
1739,29,158.28,0.9989,42.6096,-1.3115,1.81,3.26,35.7,47.0,660.0,,0,0,0,0
1626,29,71.53,0.6775,42.0534,-4.4442,7.7,4.92,68.3,90.0,1500.0,2014.0,0,0,0,9
814,29,7.4,0.7929,49.6722,4.0354,2.1,2.53,98.0,90.0,2000.0,2009.0,17,17,29,17
3628,29,5.58,0.8841,54.1588,18.9989,4.72,5.66,100.0,92.5,2000.0,,0,0,7,0
1451,29,150.86,0.8201,57.3315,9.9393,9.34,8.38,32.0,27.0,150.0,,0,0,0,0
3827,29,116.33,0.8012,51.1945,15.892,5.99,3.2,105.0,90.0,2000.0,,17,0,29,0
3521,29,158.37,0.7768,54.0445,15.1049,5.31,4.99,,,2300.0,,0,0,23,0
728,29,161.38,0.9579,51.2022,14.9646,1.73,2.47,113.5,70.5,2.0,2009.0,1,6,29,1
1956,29,65.78,0.9245,36.4215,-5.7684,5.87,2.67,62.2,82.0,2000.0,,0,0,29,0
3263,29,81.97,0.9463,43.2777,-7.9914,5.22,1.17,66.0,87.0,2000.0,,0,0,0,0
106,29,127.5,0.8834,53.5063,9.4693,3.98,2.02,98.0,70.0,4.2,,0,0,13,0
2946,29,163.32,0.8415,43.4554,-7.4053,1.86,2.41,56.2,74.0,1.7,,0,0,29,0
5867,29,7.9,0.8654,62.705,16.9438,5.72,5.97,127.0,126.0,3450.0,2018.0,28,22,29,28
234,29,156.87,0.9398,51.5759,7.9917,4.14,5.48,75.6,45.8,0.6,,29,29,29,0
769,29,24.33,0.8973,49.7314,9.7064,3.72,5.12,95.0,80.0,2400.0,2025.0,20,15,25,7
3480,28,16.89,0.9128,58.0407,-4.0498,2.88,3.45,80.0,90.0,2500.0,,0,0,0,0
2468,28,179.69,0.8274,56.0165,8.613,6.79,8.01,73.5,85.0,2.5,2014.0,6,6,6,6
2646,28,51.91,0.7081,52.8122,11.6655,3.17,1.99,166.0,80.0,5600.0,,1,0,1,0
6435,28,177.49,0.6683,64.0343,18.1224,4.38,3.2,112.0,136.0,1800.0,2021.0,28,28,0,28
1048,28,32.23,0.8095,50.7744,6.6951,4.03,3.4,91.0,52.9,3600.0,2025.0,10,0,19,10
2167,28,11.22,0.858,54.1837,15.8023,4.74,5.37,60.7,80.0,2000.0,,0,0,17,0
1059,28,150.51,0.9549,54.475,11.239,3.0,3.19,64.0,71.0,2.3,,27,12,27,0
4620,28,79.41,0.5129,37.1362,-5.1411,4.79,4.16,80.0,77.0,1500.0,,0,0,28,0
4081,28,8.66,0.6473,55.1323,-4.7448,2.76,1.99,66.0,87.0,2000.0,,0,28,28,0
2441,28,14.89,0.9017,56.3797,8.3869,4.44,3.58,50.0,44.0,0.6,1997.0,27,27,27,27
4941,28,148.42,0.9426,55.5053,-1.7783,3.91,3.4,80.0,90.0,3000.0,,0,0,0,0
2729,28,83.69,0.7229,42.5305,-3.4052,3.26,1.69,63.0,83.0,2.0,,0,28,28,0
2903,28,12.64,0.9885,49.6389,4.1081,3.44,7.93,100.0,92.0,2050.0,2015.0,9,9,28,19
3893,28,45.86,0.6865,50.6986,-4.578,13.14,7.35,40.0,52.0,500.0,,0,0,0,0
5287,28,134.5,0.7567,55.6276,-3.8362,8.74,5.79,50.0,54.0,4800.0,,0,0,9,0
2866,28,104.75,0.7541,53.371,8.4093,6.44,2.7,76.7,101.0,3050.0,,0,0,0,0
393,28,36.22,0.8395,53.2737,8.3803,4.26,2.29,142.0,80.0,1650.0,2020.0,1,0,14,2
731,28,153.5,0.8329,52.0781,10.7875,2.84,2.41,164.0,85.0,6800.0,,12,0,12,0
3526,28,145.07,0.8556,55.7427,-4.7871,3.17,2.23,60.0,90.0,3000.0,,0,0,6,0
2501,28,68.41,0.7985,53.4274,11.8984,3.43,1.45,137.0,126.0,3300.0,,0,0,0,0
2182,28,16.88,0.8375,47.1206,1.953,3.66,3.73,120.0,115.0,3000.0,2022.0,17,17,28,17
3626,28,9.77,0.7445,52.8343,18.8409,5.91,5.81,67.6,89.0,0.2,,0,0,4,0
994,28,68.41,0.9851,42.9983,2.2308,3.26,0.85,39.5,52.0,850.0,2008.0,0,0,28,28
280,28,25.84,0.9193,51.5432,14.4195,3.09,3.45,132.0,104.0,2500.0,,3,0,23,0
296,28,80.93,0.6699,51.7935,9.1591,3.08,1.51,149.0,76.0,2300.0,2021.5,7,0,12,2
3282,28,166.94,0.583,53.9394,10.5555,4.79,3.23,104.0,101.0,3.0,2016.0,2,0,28,26
2244,28,79.99,0.8913,43.4216,2.2821,6.85,2.72,78.0,82.0,2300.0,2014.0,22,14,28,22
5778,28,18.23,0.7401,58.9396,-2.7405,4.74,3.56,33.4,44.0,900.0,,0,0,0,0
2609,28,17.77,0.8484,63.6127,15.03,5.81,4.24,110.0,129.5,5500.0,2016.5,22,22,16,22
3277,28,148.06,0.7118,50.6106,7.7639,2.54,2.19,138.0,92.0,2.4,2009.0,28,28,28,25
6223,28,160.55,0.9631,54.8191,13.656,7.23,10.88,194.0,174.0,9500.0,,27,27,27,0
289,28,173.54,0.8404,54.0058,9.8618,4.64,4.53,125.0,71.0,2350.0,2026.0,2,3,6,2
163,28,33.13,0.9359,51.8075,8.1826,8.31,7.69,164.0,52.9,2650.0,2016.0,7,0,14,4
3624,28,78.51,0.7909,16.4283,-61.4184,7.8,3.66,67.0,26.0,275.0,,10,0,21,0
4449,27,66.75,0.9534,51.9455,7.0425,14.63,5.19,133.5,51.0,4200.0,2019.0,16,0,26,8
142,27,171.64,0.8774,51.8761,11.6627,1.8,2.95,45.5,60.0,3650.0,2025.0,0,0,10,5
1877,27,177.87,0.8184,55.3384,11.2471,5.58,5.1,40.0,44.0,600.0,,0,0,0,0
223,27,167.64,0.8807,51.8234,9.284,4.91,4.5,135.0,58.0,4200.0,,7,0,9,0
1180,27,96.42,0.6396,54.7449,18.3608,6.21,2.82,,,2000.0,,0,0,27,0
2836,27,6.21,0.6854,51.4571,11.4724,2.08,1.83,102.5,77.0,1500.0,2008.5,20,0,25,20
3822,27,149.26,0.9228,51.1461,4.9145,7.17,7.44,150.0,100.0,3000.0,,3,1,16,0
2654,27,1.85,0.9697,44.668,3.971,1.95,8.19,78.0,82.0,2350.0,2018.0,24,15,27,27
253,27,130.95,0.9421,54.1746,13.1828,6.43,3.28,94.0,90.0,2000.0,,1,0,16,0
6265,27,157.17,0.9022,61.1183,16.5025,5.9,6.47,112.0,136.0,4200.0,2020.0,27,27,27,27
869,27,163.5,0.8336,52.0773,6.8373,5.16,6.35,164.0,70.0,3200.0,,6,0,15,0
856,27,113.58,0.9232,52.6548,9.1073,7.23,2.56,100.0,82.0,1.0,2002.0,4,0,4,4
1944,27,63.82,0.6394,52.9189,7.6953,5.57,3.31,138.0,40.3,500.0,2018.0,4,0,13,1
1570,27,174.27,0.7927,36.167,-5.6594,2.18,2.95,60.7,80.0,1800.0,,0,0,27,0
5693,27,166.32,0.9164,54.6452,-1.0942,2.13,3.4,80.0,93.0,2300.0,,27,27,27,0
3702,27,34.7,0.9997,-21.1549,55.8061,1.29,1.71,60.0,32.0,0.3,,0,0,27,0
3106,27,46.08,0.7295,43.1487,-6.9527,2.49,1.6,35.7,47.0,660.0,,0,0,0,0
343,27,32.41,0.8741,54.5259,9.1062,5.0,3.38,100.0,82.0,2000.0,2002.0,4,1,17,3
1365,27,172.07,0.948,53.4064,-4.4148,2.35,3.2,31.0,33.0,300.0,,0,0,0,0
392,27,177.11,0.8242,52.7027,14.186,1.88,2.69,78.0,66.0,2.0,2001.0,1,1,27,27
3855,27,5.17,0.7138,51.0699,5.1717,3.3,3.32,98.0,103.0,2775.0,2020.0,4,1,6,1
6150,27,172.4,0.9445,60.097,16.1182,4.43,6.91,125.0,150.0,4200.0,2021.0,27,27,27,27
688,27,13.99,0.9354,50.1012,7.5176,4.17,5.68,135.0,101.0,3.0,2013.0,27,27,27,27
654,27,144.96,0.5923,52.0452,7.5797,6.12,3.56,132.0,126.0,1500.0,,6,0,15,0
1145,27,16.05,0.9727,50.5877,5.2568,2.84,5.66,85.0,77.0,2725.0,,0,0,26,0
1273,27,170.37,0.7183,49.6871,8.1138,3.0,4.12,140.0,112.0,3.1,2012.0,27,27,27,27
104,27,59.0,0.6129,53.2094,8.4172,5.8,3.31,64.5,85.0,3400.0,,0,0,8,0
3304,27,11.94,0.6755,53.2507,12.1327,1.9,1.78,150.0,82.0,1500.0,2025.0,6,0,26,2
4702,27,159.62,0.9163,43.7517,3.2264,2.37,3.0,93.0,71.0,2300.0,,27,0,27,0
933,27,123.88,0.6116,49.8286,8.1489,5.37,3.85,138.0,100.0,2.5,2011.0,27,23,27,22
53,27,114.91,0.8539,50.9128,6.1486,5.05,2.61,100.0,82.0,2.0,2023.0,13,11,14,1
6707,27,164.77,0.9236,46.056,0.3227,4.72,8.09,85.0,110.0,2200.0,2024.0,24,24,27,17
65,27,111.05,0.7849,53.3134,8.5985,3.75,1.58,50.0,44.0,600.0,,0,0,0,0
6561,27,177.05,0.9245,42.7336,-7.5969,2.23,5.29,93.0,90.0,2000.0,,6,0,21,0
1723,26,30.43,0.9235,43.1122,-8.8328,6.32,6.52,68.3,90.0,2400.0,,0,0,8,0
57,26,16.18,0.9769,53.5081,9.8788,3.14,5.26,120.0,113.0,2450.0,,7,0,24,0
466,26,144.3,0.9568,52.3867,8.3613,5.51,5.59,125.0,71.0,4500.0,2024.0,10,0,15,10
499,26,108.79,0.7818,50.925,6.2749,3.98,1.87,138.0,70.5,3200.0,2016.0,13,0,13,12
1367,26,56.7,0.8459,52.2593,10.1262,6.04,3.41,148.0,82.4,5600.0,,13,0,15,0
4806,26,133.96,0.9159,49.6285,3.9924,5.56,4.65,100.0,100.0,2000.0,2018.0,18,18,26,26
3366,26,73.48,0.965,43.3463,-6.8885,3.31,1.03,39.5,52.0,850.0,,0,0,0,0
4288,26,178.3,0.8117,43.417,2.3663,2.05,2.43,85.0,82.0,2000.0,2016.0,26,26,26,26
1374,26,170.58,0.9109,53.5814,8.305,5.43,5.35,85.0,82.0,2300.0,,0,0,9,0
839,26,21.81,0.8735,52.2032,13.2964,2.09,2.37,105.0,90.0,2000.0,2016.0,22,22,23,10
3407,26,179.95,0.8822,53.3624,7.7109,1.62,2.72,98.0,66.0,4200.0,,0,0,5,0
1566,26,97.12,0.8456,36.2252,-5.9755,1.23,0.35,85.0,112.0,0.3,,0,0,26,0
4840,26,72.35,0.8052,48.6139,3.8721,5.06,2.05,105.0,90.0,2000.0,2012.0,20,20,26,20
1325,26,103.11,0.7448,52.6006,7.5355,4.26,2.49,135.0,80.0,2300.0,2017.0,12,0,23,1
2962,26,89.36,0.9359,36.936,-5.0609,8.15,1.96,60.7,80.0,2000.0,,0,14,26,0
2197,26,96.63,0.856,49.552,2.2884,5.86,1.87,80.0,110.0,2300.0,2025.0,16,10,26,10
1467,26,102.23,0.6915,52.8693,10.0396,6.18,2.86,109.0,82.0,1500.0,,26,0,26,0
1482,26,156.8,0.913,57.2408,9.7012,5.24,3.83,40.0,43.0,0.6,1999.5,20,20,20,20
968,26,40.59,0.9621,53.7823,8.9703,5.45,3.68,60.0,76.0,2000.0,,13,8,21,0
970,26,145.63,0.9259,57.0772,10.0414,6.36,5.18,46.0,44.0,0.8,1997.0,22,22,22,22
1618,26,158.72,0.7386,53.4964,7.6015,2.76,2.63,108.0,70.0,2300.0,,3,0,5,0
6986,26,19.02,0.9595,54.5769,17.2871,4.31,6.03,98.0,82.0,2200.0,,0,0,26,0
5285,26,48.23,0.7993,42.3035,-2.0076,2.31,1.63,53.5,70.0,1500.0,,0,26,26,0
5510,26,5.67,0.8493,62.4405,14.7004,5.01,5.78,122.0,113.0,3000.0,2014.0,26,26,26,26
4958,26,164.04,0.9293,63.6591,15.8222,3.92,4.3,115.0,113.0,2300.0,,0,0,26,0
5166,26,9.98,0.7473,55.5077,-3.819,2.68,2.6,82.7,109.0,3400.0,,0,0,15,0
226,26,159.21,0.5847,49.7151,7.7185,5.65,4.04,139.0,120.0,2.5,2014.0,26,26,26,24
2099,26,108.54,0.7428,51.6674,12.0449,2.94,1.49,153.0,126.0,4450.0,2022.0,2,0,2,1
2108,26,166.39,0.589,51.7419,13.8805,2.73,1.99,125.0,90.0,2000.0,,0,0,0,0
4164,26,146.37,0.7082,51.1544,16.2939,5.62,4.21,100.0,92.5,2050.0,,0,0,0,0
2779,26,36.28,0.8012,36.9251,-4.8874,3.54,3.7,78.0,87.0,2000.0,,0,0,26,0
389,26,172.15,0.944,54.0574,13.2461,1.92,3.92,105.0,90.0,3000.0,1998.0,0,0,10,1
408,26,169.53,0.6437,54.4841,11.1104,2.57,1.75,64.0,71.0,2.3,,26,26,26,0
1406,26,164.39,0.8481,50.9594,0.8161,1.85,2.2,70.0,90.0,2300.0,,26,26,26,0
2922,26,132.52,0.7674,49.7412,2.9871,6.18,3.92,100.0,95.0,2000.0,2012.0,26,26,26,26
3722,26,178.2,0.8251,54.4061,16.5302,6.09,6.32,75.9,100.0,2500.0,,0,0,26,0
6392,26,177.87,0.804,43.1685,-9.1182,1.78,2.37,36.4,55.0,1300.0,,0,26,21,0
3841,26,90.33,0.6595,40.0245,-1.4698,4.71,2.79,68.3,90.0,2000.0,,0,0,0,0
2891,26,83.21,0.5902,48.8646,4.1044,5.03,3.65,93.0,92.0,2050.0,2014.0,20,20,26,20
2837,26,14.43,0.7176,51.4089,11.5778,4.11,3.94,94.0,82.0,1500.0,,0,0,0,0
2276,26,6.86,0.5278,52.5822,0.1449,2.88,2.5,60.0,80.0,2000.0,,0,0,0,0
672,26,0.59,0.8581,51.5635,13.1816,1.73,2.43,144.8,82.0,1500.0,,2,1,22,0
637,26,176.78,0.9552,54.1024,13.6109,1.45,3.31,119.0,60.0,3450.0,2020.0,1,0,1,1
3557,26,176.29,0.7414,55.1602,-6.631,9.38,9.15,56.0,48.0,800.0,,0,0,0,0
501,25,126.69,0.8172,49.4035,11.4667,9.13,5.78,144.5,79.5,3000.0,,14,4,16,0
4493,25,39.51,0.81,56.464,13.2838,6.37,3.94,100.0,92.0,2300.0,2010.0,25,25,25,25
1856,25,81.3,0.8818,53.4266,10.5609,5.32,1.59,68.0,62.0,1.3,2003.0,0,0,20,20
3250,25,127.11,0.8485,59.1536,-2.9863,6.03,2.85,36.4,48.0,900.0,,0,0,0,0
6432,25,0.22,0.6717,64.2836,20.2981,4.38,2.7,125.0,150.0,,2021.0,25,25,0,25
1116,25,158.0,0.9876,39.4498,-0.8282,1.27,1.98,39.5,52.0,850.0,,0,25,25,0
5682,25,118.48,0.7754,53.019,6.8774,10.19,4.97,145.0,130.0,3900.0,2021.0,23,2,23,23
81,25,77.14,0.6329,51.8043,7.8827,4.2,2.47,162.0,40.0,6000.0,,3,0,3,0
2684,25,161.58,0.9021,38.9759,-2.649,2.53,3.65,62.2,82.0,2000.0,,0,0,25,0
478,25,139.21,0.895,51.7771,12.1262,3.19,2.16,113.5,70.0,1800.0,,0,0,0,0
4180,25,128.08,0.7232,41.3958,-2.4281,4.16,2.85,66.0,87.0,2000.0,,0,25,25,0
1032,25,31.67,0.9051,43.0003,2.9963,2.01,2.23,59.0,70.0,0.7,2000.0,10,10,25,24
5278,25,8.31,0.9727,54.5773,9.2304,1.8,4.4,111.0,100.0,3.4,2021.0,15,0,25,1
1417,25,171.91,0.9448,53.7795,13.6283,1.59,3.34,105.0,90.0,1000.8,,0,0,12,0
3467,25,106.09,0.722,54.9876,-6.4347,6.32,2.39,64.0,71.0,3.0,,0,0,5,0
4102,25,49.35,0.8268,54.6762,17.6453,5.55,2.71,95.0,90.0,2000.0,,0,0,5,0
2010,25,152.13,0.9741,49.4483,6.5047,4.37,6.52,100.0,100.0,2.5,2011.0,25,25,25,17
185,25,141.24,0.6116,54.4038,8.9442,4.19,3.36,88.8,80.0,2000.0,,10,0,21,0
5158,25,176.86,0.9256,53.38,-3.6514,2.51,5.34,75.0,107.0,3600.0,,0,0,25,0
1412,25,86.49,0.896,43.58,-8.1238,4.22,1.27,36.4,48.0,750.0,,0,0,0,0
1380,25,155.82,0.9119,43.0937,-8.6981,2.0,2.74,35.7,47.0,660.0,,0,0,0,0
1216,25,139.18,0.7198,52.8959,12.3807,2.51,1.54,98.0,90.0,2000.0,,0,0,11,0
3401,25,8.45,0.9323,54.1057,15.6841,3.12,5.35,105.0,90.0,2000.0,,0,0,25,0
4348,25,151.73,0.8822,59.4158,12.042,3.03,2.57,124.0,112.0,3000.0,2014.0,17,17,17,17
3367,25,32.04,0.9733,43.3372,-6.7224,5.45,5.7,60.7,80.0,2000.0,,0,0,0,0
960,25,32.71,1.0,43.4466,4.7909,2.41,2.72,49.0,52.0,0.8,2005.0,25,25,25,25
1359,25,150.81,0.815,51.7747,11.6579,1.91,1.7,160.0,81.0,3450.0,,1,0,3,0
2707,25,127.24,0.7981,51.9048,11.2409,2.8,1.72,113.0,71.0,2000.0,,0,0,0,0
3193,25,156.48,0.8782,52.771,11.2944,2.12,2.28,138.0,92.0,2350.0,,0,0,7,0
3384,25,172.41,0.8723,39.7553,-2.0415,2.67,3.95,66.0,87.0,2000.0,,0,0,0,0
855,25,1.74,0.8971,53.3293,5.8243,6.26,8.34,39.5,52.0,850.0,,0,0,0,0
3412,25,16.23,0.666,41.1023,-2.2684,2.43,2.52,66.0,87.0,2000.0,,0,25,25,0
6006,25,98.12,0.8681,37.5376,-2.0233,6.21,2.96,80.0,87.0,2000.0,,0,0,25,0
442,25,177.18,0.9792,49.1707,8.2348,1.49,5.55,137.0,120.0,2.5,2011.0,25,25,25,24
2233,25,34.46,0.9194,50.6254,-4.7044,9.15,7.72,64.0,71.0,2300.0,,0,0,0,0
811,25,39.21,0.5768,53.2279,11.8864,3.72,1.82,108.0,90.0,2000.0,,7,0,24,0
2842,25,46.88,0.8646,51.1374,-4.1045,7.39,3.26,65.0,90.0,3000.0,,0,0,0,0
1431,25,21.21,0.944,53.8897,13.3354,3.84,4.06,140.0,112.0,2000.0,,0,0,10,0
2237,25,155.36,0.8543,47.4222,4.7402,4.38,4.21,80.0,90.0,2000.0,2009.0,25,25,25,25
3991,25,158.75,0.7155,56.1005,8.3698,4.51,3.44,150.0,112.0,3.3,2013.0,25,25,25,16
2863,25,82.96,0.9816,43.3522,-7.8842,3.52,0.6,34.9,46.0,660.0,,0,0,0,0
2864,25,84.22,0.8486,43.2798,-7.9203,6.59,2.28,63.0,83.0,2000.0,,0,0,0,0
3301,25,168.41,0.8227,52.9765,12.3238,1.98,2.31,78.0,44.0,1000.0,,0,0,24,0
5468,25,23.27,0.9649,51.5164,3.0175,6.0,8.38,124.5,164.0,8400.0,,0,0,0,0
2170,25,49.82,0.6857,42.6698,-6.2175,5.78,3.67,68.3,90.0,2000.0,,0,0,0,0
3652,25,178.58,0.8367,53.4174,19.0472,3.9,3.77,105.0,90.0,2000.0,,0,0,0,0
824,25,18.57,0.951,53.962,11.8771,2.1,4.04,105.0,71.0,4650.0,,4,0,6,0
828,25,47.15,0.8812,51.1218,12.3714,5.16,3.34,100.0,101.0,6200.0,,0,0,15,0
3513,25,172.9,0.6448,52.5308,8.9541,2.54,2.89,135.0,82.0,4000.0,,9,0,14,0
6935,24,1.5,0.8875,58.5226,-3.7435,2.32,3.06,149.5,136.0,4500.0,,24,24,24,0
4694,24,69.26,0.752,50.2511,2.2564,9.57,3.43,84.0,103.0,2050.0,2014.0,20,20,24,24
4459,24,63.92,0.7985,47.4252,6.3941,8.1,2.95,112.0,120.0,2780.0,2017.0,23,23,23,23
54,24,8.16,0.874,53.4569,9.5963,1.68,2.23,141.0,66.0,1650.0,,3,0,24,0
1738,24,174.06,0.915,55.7129,-3.1319,1.38,2.09,50.0,60.0,1300.0,,0,0,0,0
6792,24,57.91,0.6278,62.4289,16.1316,7.81,3.36,121.0,113.0,6100.0,2023.0,24,0,24,24
1989,24,165.87,0.8402,56.077,-4.1128,3.22,3.14,70.0,90.0,2500.0,2017.0,0,24,24,17
2614,24,22.22,0.9968,43.1063,-3.6444,1.64,2.52,46.3,61.0,1.3,,0,24,24,0
4326,24,25.52,0.8971,56.2234,-5.2158,2.57,1.95,56.0,44.0,900.0,,0,0,0,0
2602,24,147.55,0.9965,42.8285,-3.6392,1.78,1.9,35.7,47.0,0.7,,0,24,24,0
4872,24,169.88,0.8545,57.5084,-3.0725,3.48,4.01,70.6,93.0,2300.0,,0,0,0,0
3357,24,2.16,0.756,56.2067,-3.7724,1.96,1.94,62.2,82.0,2000.0,,0,0,9,0
3086,24,140.01,0.8839,49.6475,2.0434,5.0,4.69,80.0,100.0,2200.0,2018.0,24,24,24,19
887,24,137.65,0.9026,53.1776,9.069,6.15,4.76,164.0,82.0,4500.0,,9,0,10,0
1265,24,92.42,0.8533,53.0973,7.2109,4.91,1.7,149.0,90.8,3000.0,2017.0,1,2,1,1
4334,24,22.5,0.8544,51.6201,13.9826,3.08,3.24,140.6,117.0,2400.0,,24,0,24,0
1364,24,27.28,0.9163,53.8795,11.3694,2.36,2.36,138.0,82.0,1900.0,,4,2,6,0
5626,24,0.5,0.9474,64.2939,19.9473,2.67,4.7,94.0,112.0,3300.0,2015.0,24,24,24,24
4213,24,5.23,0.9151,53.382,7.7923,2.01,3.32,64.5,85.0,2300.0,,0,0,13,0
4995,24,21.38,0.6052,48.8486,6.3661,4.47,4.07,91.0,117.0,2400.0,2018.0,24,24,24,19
5089,24,29.52,0.8234,51.8305,17.3818,7.73,6.64,40.2,52.9,800.0,,0,0,0,0
2003,24,18.69,0.8667,50.8544,9.0571,2.53,2.6,166.0,160.0,2300.0,2026.0,5,5,24,5
3622,24,57.83,0.7044,55.4924,-5.6804,3.45,1.39,40.0,52.0,850.0,,0,0,0,0
2040,24,28.55,0.8894,48.6869,5.4025,5.12,6.14,95.0,90.0,2200.0,2009.0,24,24,24,19
2785,24,171.93,0.9447,53.6098,-0.9061,1.6,2.95,80.0,90.0,2000.0,,0,0,0,0
3084,24,147.53,0.9832,50.2346,1.9933,3.11,3.91,98.0,71.0,2300.0,2013.0,24,24,24,24
2420,24,71.43,0.8887,53.1868,11.5614,4.61,1.62,118.5,82.0,3600.0,,24,12,22,0
5072,24,78.05,0.5897,46.3151,0.447,9.33,4.88,114.0,131.0,3000.0,2022.5,15,10,24,10
3629,24,155.47,0.7809,52.5361,18.5165,4.44,4.18,35.7,47.0,750.0,,0,0,0,0
3043,24,146.92,0.9262,47.9139,-2.6889,3.76,3.9,95.0,100.0,2050.0,2020.0,20,20,24,19
820,24,2.79,0.7913,51.1038,11.1908,1.64,2.22,166.0,71.0,2650.0,,2,0,24,0
2292,24,7.6,0.9926,38.759,-2.0553,0.8,2.79,39.5,52.0,850.0,,0,0,0,0
353,24,44.2,0.7601,52.9067,7.3764,4.95,4.31,179.0,64.0,4200.0,2012.0,1,0,20,1
2908,24,128.04,0.9186,43.0997,-7.9173,4.34,2.67,60.7,80.0,2000.0,,0,0,0,0
3847,24,166.28,0.8635,42.1159,-5.9374,1.52,2.37,44.0,58.0,850.0,,0,0,0,0
656,24,37.38,0.8992,49.0405,11.2247,3.67,2.85,140.6,116.8,2500.0,2015.0,7,6,18,11
2215,24,169.92,0.7589,41.9909,-4.4836,2.94,2.81,68.3,90.0,2000.0,,0,0,0,0
2243,24,30.71,0.8948,43.2958,2.7959,1.29,1.28,52.0,70.0,900.0,,24,9,24,0
620,24,47.72,0.8755,51.9478,9.3353,4.68,3.33,160.0,82.0,5560.0,,3,0,3,0
1480,24,176.53,0.9332,53.0491,10.3291,1.48,3.15,138.0,90.0,1.5,,23,0,24,0
3831,24,128.1,0.6998,55.0274,-6.2579,4.56,2.58,39.0,37.0,2500.0,,0,0,10,0
5671,24,163.3,0.9592,63.8836,17.4573,4.48,5.11,117.0,126.0,2300.0,2018.0,22,22,0,22
1672,24,7.64,0.6342,52.9787,7.214,1.67,1.45,164.0,70.0,5700.0,,6,0,6,0
928,24,179.52,0.9134,52.8649,8.6662,1.71,4.67,150.0,16.0,3000.0,,15,1,22,0
918,24,179.82,0.9522,52.2252,11.1646,1.31,2.7,60.7,80.0,2000.0,,0,0,0,0
85,24,12.29,0.7366,52.4965,10.2232,4.1,3.31,105.0,112.0,3450.0,2017.0,24,6,24,9
972,24,61.01,0.7306,51.8746,7.9777,5.43,4.07,167.0,58.0,6000.0,2026.0,4,0,5,4
38,24,176.73,0.9067,53.3724,9.5015,1.51,2.36,108.4,82.0,2300.0,,0,0,0,0
1790,24,4.58,0.6841,57.3841,10.2836,9.03,6.55,45.0,48.0,0.8,2000.0,14,14,14,14
1893,23,10.51,0.7387,53.3239,12.4934,2.52,2.05,164.0,101.0,3050.0,2026.0,9,0,23,6
4511,23,109.76,0.9577,37.5229,-3.7399,2.74,0.95,35.7,47.0,0.7,,0,0,23,0
6210,23,179.61,0.9283,63.5405,14.9703,2.45,3.72,125.0,110.0,800.0,2019.0,23,23,0,23
148,23,140.24,0.8429,51.518,7.7757,6.58,3.91,30.6,40.3,0.2,,0,0,9,0
3210,23,142.98,0.9829,42.0134,-2.4555,3.78,3.4,39.5,52.0,800.0,,0,23,23,0
6522,23,112.36,0.7165,57.6216,14.5514,7.47,3.26,107.0,82.0,1600.0,2013.0,23,23,23,23
2850,23,25.25,0.5334,49.814,8.0154,4.27,3.23,166.6,160.0,5560.0,2024.0,23,23,23,23
703,23,178.99,0.9677,50.6503,8.1179,1.49,3.62,100.0,77.0,1.5,2004.0,23,23,23,22
1120,23,144.6,0.8281,50.601,4.7974,3.4,2.81,100.0,100.0,2000.0,,0,0,7,0
3265,23,16.59,0.762,53.1226,9.5139,2.11,2.48,164.0,82.0,5700.0,,4,0,4,0
914,23,32.19,0.6945,52.662,7.0761,3.37,1.74,98.0,70.0,1800.0,,22,0,22,0
107,23,125.66,0.7053,51.3096,7.5679,7.21,4.92,149.0,126.0,3250.0,2022.0,9,0,16,3
2913,23,35.6,0.7256,42.9857,-7.8974,2.08,1.54,39.5,52.0,900.0,,0,0,0,0
1476,23,23.32,0.8866,49.6208,8.1424,2.6,3.23,139.0,114.0,3.0,2014.0,23,23,23,23
5359,23,27.56,0.9474,55.1245,-4.0237,3.15,3.36,63.5,93.0,2300.0,,0,0,0,0
5343,23,7.31,0.9254,57.1879,-4.3601,1.35,2.65,125.0,117.0,3000.0,,0,0,23,0
2852,23,17.94,0.9713,37.584,-7.1362,2.32,4.8,78.0,90.0,2000.0,,0,0,23,0
3932,23,162.89,0.901,51.7866,20.1811,3.0,5.18,,,3000.0,,0,0,23,0
3873,23,177.91,0.9017,56.9594,16.266,5.77,8.58,128.0,126.0,3300.0,2015.0,23,23,23,23
1129,23,77.21,0.9369,48.3485,5.0587,10.27,2.43,80.0,90.0,2000.0,2010.0,23,23,23,23
301,23,133.02,0.7472,53.1982,10.7797,6.11,3.87,100.0,80.0,2000.0,,0,0,17,0
4968,23,78.77,0.5196,55.9168,-3.7839,6.91,3.46,30.4,90.0,2000.0,,0,13,13,0
5869,23,14.51,0.9248,55.3073,-4.4922,2.11,2.76,85.8,113.0,3000.0,,0,0,0,0
773,23,166.66,0.9973,44.4885,4.8758,1.4,4.34,50.0,50.0,0.8,,0,0,23,0
3697,23,158.44,0.9563,38.7422,-1.1758,2.87,4.76,60.7,80.0,1670.0,,0,0,0,0
1058,23,12.18,0.7007,54.5096,11.061,4.11,1.95,64.0,71.0,2.3,,23,18,18,0
623,23,170.4,0.8722,52.65,9.7041,2.2,2.74,105.0,90.0,2000.0,,0,0,0,0
2811,23,6.24,0.8301,53.3968,14.1684,2.05,2.36,113.0,71.0,2000.0,2008.0,0,0,23,23
3456,23,37.97,0.9902,38.5199,-1.2425,2.25,2.4,39.5,52.0,850.0,,0,0,0,0
2423,23,174.59,0.9546,57.0152,9.3641,3.25,6.74,80.0,93.0,2.3,2009.0,13,13,13,13
3191,23,0.92,0.8574,52.5771,11.5116,1.49,2.17,138.0,82.0,2300.0,,0,0,0,0
3204,23,153.78,0.5721,52.6977,11.5833,2.62,1.87,68.3,90.0,2000.0,,0,0,0,0
4373,23,10.04,0.9613,51.6158,4.6159,3.0,4.56,98.0,136.0,2300.0,,0,3,23,0
2071,23,138.53,0.8777,47.7106,5.1856,3.98,3.35,88.5,92.5,2000.0,2010.0,23,23,23,15
540,23,113.13,0.8243,51.9037,7.22,7.78,2.99,64.7,70.5,1500.0,,0,0,0,0
996,23,158.77,0.772,52.034,12.9704,2.67,2.12,149.0,82.0,2000.0,,3,0,23,0
4846,23,176.47,0.8408,48.1045,5.3106,5.12,5.87,117.0,136.0,2000.0,2025.0,13,13,23,13
431,23,107.49,0.565,53.1339,12.2186,5.04,2.16,160.0,117.0,1800.0,,1,0,23,0
7171,23,150.72,0.9898,43.0689,-3.9302,5.64,7.34,82.0,136.0,4200.0,,23,23,23,0
2637,23,156.72,0.9802,51.0361,6.4011,3.2,3.86,166.0,92.5,5600.0,2026.0,3,0,3,3
439,23,100.38,0.8856,50.9629,6.4882,4.99,1.61,164.0,70.5,4400.0,2025.0,2,0,4,2
1324,23,35.51,0.8243,53.4955,11.4378,2.94,1.77,134.0,77.0,3300.0,,3,0,3,0
4803,23,5.98,0.889,49.7126,3.4299,2.33,4.08,100.0,100.0,2500.0,2016.0,23,23,23,23
2693,23,177.14,0.9311,46.1597,-0.1568,1.68,4.14,101.0,100.0,2000.0,2018.0,19,19,23,19
4050,23,125.33,0.9321,55.0095,-6.8161,5.29,3.01,39.0,37.0,1425.0,,0,0,20,0
3080,23,27.12,0.6838,47.0159,1.7933,5.63,4.66,90.0,100.0,2200.0,2010.0,23,23,23,18
4423,23,32.66,0.8203,51.2885,9.7551,4.35,3.58,149.0,115.7,3000.0,,23,23,23,0
2847,22,165.78,0.9257,52.6476,14.0128,2.44,3.62,135.0,115.0,3000.0,2020.0,21,22,22,22
644,22,137.05,0.8333,53.3839,9.3901,5.04,2.95,149.0,70.0,3000.0,,15,0,21,0
2911,22,162.5,0.9492,48.2709,-3.3185,2.4,3.83,368.0,117.0,2000.0,2021.0,8,8,22,3
5425,22,176.58,0.6737,49.6395,3.8722,3.26,3.13,117.0,126.0,3300.0,2018.0,22,22,22,22
5366,22,28.13,0.8821,50.782,9.7384,4.05,3.92,149.0,126.0,3450.0,2018.0,22,22,22,22
3280,22,22.38,0.9346,41.5585,1.379,3.24,4.15,68.3,90.0,2000.0,,0,0,0,0
2723,22,161.92,0.9912,41.8602,-1.7266,1.43,3.56,36.4,47.5,750.0,,0,22,22,0
1019,22,89.41,0.9253,52.7557,4.6876,5.54,1.12,20.0,52.0,0.5,1992.0,2,0,18,9
3608,22,11.15,0.6453,55.7994,-2.431,1.91,1.42,102.0,62.0,1300.0,,0,0,0,0
3464,22,24.51,0.6673,53.5014,12.2358,1.85,1.33,92.0,82.3,3500.0,2020.0,1,0,22,2
2583,22,178.43,0.9354,52.0159,8.0108,2.16,4.3,166.0,160.0,5560.0,2026.0,16,6,16,13
416,22,94.89,0.6924,53.7914,8.5798,1.61,0.53,53.0,44.0,0.6,,16,16,16,0
1053,22,112.9,0.9117,41.1207,-2.4293,3.38,1.55,80.0,90.0,2270.0,,0,22,22,0
1173,22,7.35,0.9049,54.118,12.8528,1.16,2.13,64.7,70.5,1500.0,,0,0,0,0
1177,22,2.15,0.9058,52.9858,10.4152,1.5,2.88,166.0,150.0,2000.0,,3,3,21,0
3660,22,2.94,0.8963,53.3237,14.3795,1.58,2.42,166.0,90.0,2000.0,2020.5,1,0,21,6
3685,22,65.46,0.9176,53.9845,11.9442,4.38,1.57,180.0,104.0,3.4,,2,0,2,0
229,22,90.68,0.9212,52.0827,8.9784,6.29,1.62,121.5,112.0,2300.0,2016.0,2,0,3,11
5633,22,13.24,0.9182,53.9417,15.0198,4.14,5.02,85.0,112.0,2000.0,,0,0,22,0
128,22,4.46,0.7494,51.0327,13.1965,2.65,2.99,64.7,70.5,1500.0,,0,0,1,0
6711,22,25.39,0.9535,53.0775,14.5413,3.47,3.38,78.0,90.0,2000.0,,0,0,0,0
5670,22,42.56,0.7176,43.5507,5.8073,3.46,3.36,80.0,90.0,2200.0,2020.0,22,22,22,22
5662,22,174.47,0.7967,53.7878,9.1514,1.9,2.49,142.0,115.0,3050.0,,3,0,22,0
6356,22,150.66,0.9096,59.1214,-2.6026,6.87,5.94,36.4,48.0,900.0,,0,0,0,0
45,22,164.56,0.7024,51.4573,12.384,1.67,1.48,65.0,44.0,0.6,,0,0,16,0
6436,22,171.36,0.9429,63.8887,17.9803,2.49,3.62,140.0,120.0,,2021.0,22,22,0,22
2301,22,44.07,0.7145,39.0803,-2.4399,4.11,2.29,68.3,90.0,1800.0,,0,0,0,0
383,22,10.61,0.9327,53.2135,11.8099,1.29,2.37,100.0,77.0,2000.0,,0,0,22,0
2365,22,168.52,0.9838,53.8205,8.7199,1.73,4.04,93.0,90.0,3.0,,9,9,9,0
1014,22,0.6,0.8333,49.778,6.9492,3.46,4.5,139.0,101.0,2.3,2017.0,22,22,22,17
906,22,168.97,0.8475,51.7551,14.1033,2.01,2.47,199.0,117.0,2.4,2015.0,21,1,21,21
2701,22,106.55,0.9156,53.4725,9.0596,5.8,1.48,160.0,70.0,4200.0,,12,4,12,0
1290,22,38.94,0.5677,54.9259,10.7589,4.9,2.82,72.8,48.0,0.6,1998.0,22,0,22,22
6869,22,149.49,0.6112,52.8809,8.9477,2.66,1.86,166.0,160.0,5560.0,2024.0,22,15,22,22
4586,22,1.89,0.8403,53.7061,15.7479,3.78,4.41,83.5,110.0,2000.0,,0,0,22,0
5994,22,13.44,0.873,56.8726,14.342,4.6,5.31,135.0,150.0,4380.0,2021.0,22,22,22,22
5955,22,10.1,0.7461,59.1439,14.2363,3.17,2.67,132.0,136.0,4200.0,2020.0,22,22,22,22
3383,22,131.65,0.7115,52.3642,-3.5687,2.09,1.21,30.0,37.0,450.0,,0,0,0,0
6433,22,0.53,0.8774,64.0914,18.0679,2.29,2.86,112.0,136.0,1800.0,2021.0,22,22,0,22
3241,22,108.59,0.8175,54.6297,-3.4985,4.57,2.01,45.0,47.0,660.0,,0,0,0,0
6226,22,20.46,0.8359,54.6458,17.8767,5.34,4.86,61.5,81.0,2000.0,,0,0,22,0
6244,22,138.7,0.6065,54.0312,19.6259,5.07,3.33,,,2600.0,2022.0,0,0,20,14
130,22,54.16,0.6948,52.3649,-0.6516,2.96,1.85,65.0,71.0,2000.0,,0,0,0,0
3203,22,80.55,0.8399,52.1713,12.8312,3.68,1.37,138.0,82.0,2300.0,,0,0,0,0
6454,22,56.5,0.7066,58.2208,-4.5123,2.85,1.27,125.0,82.0,3300.0,,22,0,22,0
1212,22,42.01,0.7366,53.1985,7.3058,2.02,1.49,98.0,71.0,1500.0,,0,0,22,0
5827,22,46.23,0.704,58.7721,14.0257,3.96,2.23,137.0,126.0,3450.0,2017.0,22,22,22,22
3413,22,12.53,0.6241,51.4906,12.1443,1.83,1.42,161.0,70.0,5530.0,2026.0,1,0,2,1
5612,22,179.39,0.9958,65.1119,18.7425,1.79,9.18,105.0,90.0,2000.0,2011.0,22,22,22,22
1541,22,144.83,0.6282,52.5949,11.6472,1.52,0.98,56.2,74.0,0.7,2024.0,0,0,13,2
3093,22,27.39,0.7584,49.6711,2.7948,3.14,3.12,105.0,90.0,2000.0,2011.0,11,11,22,16
208,22,152.52,0.7267,51.6046,14.0692,2.44,2.06,138.5,85.0,3000.0,2010.0,12,0,13,5
191,22,179.9,0.7709,51.1269,10.7557,1.73,2.0,100.0,77.0,1500.0,2010.0,0,0,22,2
1966,22,170.81,0.8584,51.255,3.2039,3.32,4.46,10.0,70.0,1800.0,,2,0,0,0
850,22,18.82,0.7084,52.8511,9.065,2.27,2.14,149.0,115.0,3.0,2017.0,9,9,16,9
1183,21,141.45,0.6402,54.2719,12.633,4.43,2.01,53.5,70.5,2400.0,,0,0,3,0
4004,21,172.11,0.9226,51.5644,6.1993,4.05,7.51,85.0,82.0,2300.0,2014.0,21,21,21,21
4231,21,107.96,0.7963,53.2469,14.1884,3.48,1.19,140.0,112.0,3000.0,2015.0,0,0,21,21
1571,21,7.0,0.9005,54.7965,11.1135,5.48,6.81,35.0,37.0,0.5,1996.0,12,12,12,11
2671,21,49.52,0.7916,52.594,11.0661,3.9,1.86,70.0,60.0,3050.0,2014.0,0,0,12,1
3176,21,137.47,0.7892,52.6488,11.9838,2.18,1.77,110.0,120.0,1500.0,,0,0,19,0
4492,21,178.2,0.8086,58.5658,-3.6736,1.54,1.74,65.0,90.0,2500.0,,19,19,0,0
2624,21,99.32,0.684,49.1318,3.2516,5.41,2.94,80.0,100.0,2000.0,2016.0,15,15,21,15
1377,21,98.36,0.7131,51.2141,5.2553,5.38,2.41,106.0,80.0,3600.0,2022.0,16,0,16,16
4461,21,167.71,0.8742,64.1017,15.7296,2.33,2.55,95.0,90.0,2000.0,2010.0,21,21,18,21
6005,21,16.82,0.8005,53.9797,16.2052,4.44,4.8,138.0,100.0,2500.0,,8,0,0,0
4472,21,96.24,0.9564,43.7772,3.1696,5.1,1.09,60.0,70.0,850.0,2019.0,21,21,21,7
1998,21,156.69,0.8677,58.8545,11.8338,3.94,3.92,100.0,100.0,2300.0,2011.0,21,21,21,21
2617,21,9.79,0.9208,51.3773,10.7109,1.51,3.21,62.2,82.0,1500.0,2003.0,0,0,20,20
4328,21,160.29,0.8522,57.3866,-2.4013,7.38,6.89,45.0,52.0,850.0,,0,0,0,0
421,21,168.36,0.8055,53.9445,10.8039,2.84,3.09,67.0,66.0,0.6,1996.0,0,0,21,21
2558,21,154.15,0.8774,50.3864,3.958,5.69,6.72,120.0,82.0,3600.0,,1,0,4,0
415,21,154.35,0.8365,54.7498,9.6647,4.55,4.97,91.0,80.0,3600.0,,14,0,20,0
4349,21,16.99,0.9257,52.1294,9.5141,2.38,3.9,185.0,101.0,3000.0,2015.0,1,0,15,15
2938,21,149.27,0.9167,50.9266,5.5038,4.38,4.7,150.0,100.0,3000.0,,19,10,21,0
1436,21,24.35,0.8301,53.6903,7.9193,5.09,3.94,93.0,113.0,0.8,,0,0,1,0
5297,21,155.22,0.763,56.132,-5.3382,3.03,2.55,80.0,92.5,2050.0,,0,0,0,0
6677,21,90.78,1.0,56.5929,8.0257,14.17,0.1,109.0,167.0,8400.0,,21,21,21,0
1691,21,178.31,0.9496,52.6425,8.7827,2.17,4.8,138.0,82.0,2.0,2009.0,21,21,21,21
698,21,33.85,0.7503,50.9439,14.8268,4.94,4.03,160.0,138.0,4260.0,,4,4,4,0
3268,21,25.22,0.9355,40.651,-4.9864,2.91,4.56,68.3,90.0,2.0,,0,0,4,0
1843,21,31.16,0.9246,54.6094,12.6506,5.18,3.98,67.0,93.0,2300.0,2011.0,21,21,21,21
6188,21,11.5,0.8858,53.2953,6.7925,6.31,6.54,40.0,54.0,900.0,,0,0,0,0
6156,21,170.71,0.8935,63.5417,15.0801,3.08,3.29,112.0,136.0,2000.0,2019.0,21,21,0,21
6165,21,175.81,0.911,49.7984,2.6382,2.79,5.22,150.0,131.0,3850.0,2021.0,13,4,21,4
1153,21,13.98,0.6566,51.856,6.3172,4.21,3.46,44.0,58.0,3675.0,,0,0,16,0
5436,21,7.15,0.8857,54.9348,-6.2057,2.16,2.97,61.5,81.0,2300.0,,0,0,0,0
5348,21,13.68,0.8739,57.408,-4.0114,2.08,2.47,75.0,100.0,2000.0,,0,0,21,0
5781,21,1.53,0.7592,59.2588,-2.5726,5.37,4.28,60.7,80.0,2000.0,,0,0,0,0
4076,21,9.96,0.92,56.1122,-3.5159,2.82,3.98,60.0,77.0,1500.0,,0,0,0,0
1135,21,109.11,0.7263,53.9674,9.9324,3.7,1.89,91.0,70.0,3600.0,2024.0,11,0,21,4
5174,21,169.96,0.6364,55.0906,-6.8223,2.1,1.43,125.0,82.0,3000.0,,7,0,21,0
333,21,18.49,0.6012,53.578,7.1265,5.06,3.33,23.5,31.0,0.2,,0,0,2,0
1819,21,172.48,0.8469,42.4548,-3.4116,0.98,1.6,44.0,58.0,0.8,,0,21,21,0
117,21,107.42,0.915,51.6886,8.6554,6.5,1.93,108.4,92.0,2325.0,2019.0,3,1,8,4
1625,21,179.35,0.8005,56.6033,8.8238,5.37,5.97,41.0,44.0,600.0,,0,0,0,0
4947,21,149.46,0.743,56.3518,8.8458,2.06,1.51,72.0,100.0,2.2,2016.0,21,21,21,21
3483,21,1.54,0.8431,49.8466,4.3285,4.62,5.33,100.0,100.0,2.5,2014.0,21,21,21,15
1208,21,8.05,0.9109,53.9099,13.1449,1.47,2.41,108.0,66.0,2350.0,,8,0,8,0
3655,21,120.6,0.5404,53.1645,14.272,2.23,1.26,100.0,82.0,2000.0,2009.0,0,0,21,21
805,21,163.56,0.7549,51.0313,12.3893,1.73,1.67,65.0,70.0,2000.0,,0,0,21,0
2977,21,61.28,0.5958,56.5611,13.0247,7.21,4.2,55.0,44.0,600.0,1999.0,21,21,21,21
2921,21,128.12,0.8935,49.4407,2.3041,4.19,2.16,68.5,92.0,2000.0,2009.0,21,13,21,13
2963,21,9.62,0.7523,37.1008,-4.8816,1.36,2.19,66.0,82.0,2000.0,,0,21,21,0
1673,21,102.45,0.8194,53.0202,7.2539,3.6,1.13,166.0,70.0,1800.0,,8,0,0,0
1100,21,64.68,0.8496,52.4982,-0.1089,6.15,2.95,59.0,82.0,2000.0,,0,0,0,0
1191,21,93.45,0.959,49.4997,9.5746,9.6,1.84,199.0,92.0,2.8,2017.0,4,0,4,4
222,21,22.91,0.7993,51.3452,13.3754,1.81,1.78,137.0,136.0,3050.0,,16,4,21,0
3694,21,11.65,0.7846,54.6991,18.0237,1.53,1.72,36.4,48.0,800.0,,0,0,0,0
5126,21,18.76,0.8878,45.7189,2.6761,2.44,3.08,95.0,110.0,2200.0,,15,15,21,0
4175,21,21.4,0.7886,52.3621,18.2209,4.73,4.71,100.0,103.0,2850.0,,0,0,0,0
6073,21,131.04,0.9311,61.0354,16.5983,7.12,3.38,100.0,101.0,2300.0,2013.0,21,21,21,21
1557,21,77.15,0.5786,55.5294,11.2348,9.89,5.24,46.0,44.0,750.0,,0,0,0,0
4215,21,20.98,0.9538,51.7176,16.9283,4.66,5.86,120.0,116.0,3000.0,2013.0,0,0,21,21
213,21,168.21,0.8401,52.9332,12.5991,1.72,1.93,164.0,90.0,1500.0,,7,0,17,0
6676,20,90.25,1.0,56.0787,7.9535,12.98,0.04,109.0,167.0,8400.0,2023.0,20,20,20,20
6779,20,103.14,0.7304,50.1157,18.121,7.67,3.77,141.0,116.8,3200.0,2024.0,19,13,20,12
309,20,64.08,0.7813,52.9686,7.9786,4.13,1.88,67.0,62.0,0.7,,0,1,5,0
3842,20,116.4,0.9825,40.7106,-1.5524,5.79,2.2,60.7,80.0,2000.0,,0,0,0,0
1126,20,8.15,0.9957,48.157,4.4878,2.28,8.26,100.0,92.0,2000.0,2009.0,20,20,20,20
2859,20,171.39,0.772,53.8354,13.0264,2.66,2.2,108.0,82.0,2300.0,,0,0,0,0
2196,20,62.5,0.6776,49.6566,2.2961,2.55,1.28,99.0,100.0,2350.0,2024.0,10,10,20,15
5783,20,98.73,0.8813,59.201,-2.7652,9.42,2.26,60.7,80.0,2000.0,,0,0,0,0
3716,20,160.74,0.9101,55.853,8.4241,1.83,2.21,91.5,117.0,3.6,2017.0,20,20,20,20
3813,20,166.73,0.9125,48.9978,9.8379,3.01,5.16,149.0,136.0,3600.0,2017.0,13,13,20,20
127,20,145.06,0.7042,52.3437,13.7456,6.12,4.29,166.0,150.0,3300.0,2016.0,8,9,20,18
1849,20,36.27,0.9275,51.2611,11.9913,2.85,2.14,88.0,93.0,2300.0,,0,0,0,0
1810,20,104.98,0.9778,36.7806,-3.4246,2.75,0.78,44.0,58.0,0.8,,0,0,20,0
1627,20,18.39,0.8987,55.6076,8.6323,3.48,4.4,91.0,117.0,3.4,2016.0,19,19,19,19
6206,20,124.5,0.8824,62.5512,14.9375,6.11,1.89,155.0,130.0,4200.0,2020.0,20,20,20,20
1615,20,136.99,0.6681,57.042,8.8217,7.33,3.9,49.0,52.2,0.9,2000.0,6,6,6,6
3223,20,15.58,0.8214,50.9042,-4.446,8.97,8.93,60.0,48.0,800.0,,0,3,3,0
6596,20,7.68,0.8873,53.4463,22.1542,2.09,2.91,,,2200.0,,0,0,1,0
3286,20,8.56,0.9229,52.4316,12.0393,1.62,2.91,85.0,62.0,1300.0,,0,0,0,0
6672,20,107.16,0.9126,54.2128,21.0091,6.57,2.3,,,,2022.0,0,0,0,20
6626,20,1.65,0.9185,42.2926,-3.787,2.02,5.19,107.5,77.0,5200.0,,20,0,20,0
1674,20,172.41,0.6579,56.4278,8.5442,7.7,3.71,46.0,43.0,0.6,1996.0,12,8,8,8
5644,20,170.76,0.6102,50.0758,2.8489,3.07,2.43,93.0,117.0,3600.0,2021.0,20,20,20,20
3796,20,163.82,0.9517,57.5321,-4.6473,1.46,2.19,59.0,82.0,2050.0,,0,0,0,0
4268,20,14.13,0.9868,38.8354,-3.6101,2.77,7.63,100.0,90.0,2000.0,,20,20,20,0
650,20,34.0,0.9834,51.2439,12.8309,4.67,4.1,150.0,70.5,2.0,2005.0,11,0,19,11
1545,20,172.85,0.5799,51.7357,7.9816,8.67,4.61,155.5,158.0,3000.0,,2,5,11,0
1530,20,94.87,0.9134,56.6135,8.9146,8.86,2.1,45.0,54.2,1000.0,,0,0,0,0
2078,20,173.66,0.904,52.3399,12.3272,1.55,2.28,80.0,64.0,1500.0,,0,0,0,0
2022,20,156.02,0.6788,55.2443,10.0781,5.73,4.3,50.0,47.0,0.7,1999.0,19,19,19,19
2047,20,153.83,0.7325,42.385,-3.3528,1.78,1.71,60.7,80.0,1670.0,,0,0,0,0
2749,20,84.03,0.9471,42.0899,-7.9889,4.08,1.04,66.0,87.0,2000.0,,0,0,0,0
4097,20,6.97,0.6973,54.2502,19.1094,2.46,2.95,83.5,110.0,2000.0,,0,0,0,0
583,20,157.36,0.5623,54.0665,13.7437,1.57,0.83,30.6,40.3,500.0,,0,0,0,0
4045,20,29.22,0.9583,59.3737,-2.4114,3.75,3.52,36.4,48.0,900.0,,0,0,0,0
627,20,168.32,0.8389,51.0054,10.3805,1.2,1.56,100.0,82.3,750.4,2006.0,17,0,20,14
3995,20,166.51,0.9452,56.9462,12.4832,1.29,2.68,60.0,47.0,660.0,2000.5,20,20,20,20
3618,20,134.86,0.7916,53.7454,-2.2691,7.3,5.27,55.0,70.0,1500.0,,0,0,0,0
3683,20,17.87,0.9253,56.1084,-3.2913,4.83,5.33,75.0,103.0,2750.0,,0,0,13,0
3644,20,9.56,0.7126,54.3652,16.7994,4.04,4.22,100.0,90.0,2500.0,2009.0,0,0,0,20
3571,20,23.68,0.7788,42.5446,-3.9207,2.47,2.34,56.2,90.0,2.0,,0,20,20,0
5915,20,63.29,0.615,51.0359,16.4208,5.66,3.72,100.0,92.5,2050.0,2021.0,0,0,0,20
3475,20,14.85,0.7839,54.5619,-7.5529,3.18,2.33,53.0,77.0,1500.0,,0,0,0,0
1159,20,44.44,0.7624,50.9698,12.2588,6.23,4.12,138.0,82.0,2300.0,,0,0,9,0
4556,20,102.89,0.9101,41.2088,-2.4844,5.37,2.29,66.0,87.0,2100.0,,0,9,11,0
555,20,127.99,0.853,49.2231,11.5866,4.4,2.4,143.0,114.0,3000.0,,6,5,5,0
5070,20,136.16,0.6592,46.166,0.1576,5.32,2.54,150.0,100.0,2000.0,2019.0,16,7,20,14
3426,20,129.13,0.9086,54.1598,22.8744,5.47,2.96,103.0,101.0,2000.0,,20,0,1,0
3052,20,155.67,0.9183,58.3655,13.2254,6.28,5.69,105.0,86.0,2000.0,2012.0,20,20,20,20
2436,20,167.34,0.9108,56.1548,8.5721,1.96,2.86,40.5,39.0,0.5,1994.0,18,18,18,18
3363,20,25.31,0.7166,53.4268,0.0819,1.44,1.16,65.0,48.0,800.0,,0,0,0,0
1955,20,161.4,0.8543,53.9147,13.6424,1.73,2.09,113.5,71.0,2300.0,,0,0,0,0
4914,20,173.1,0.8553,56.335,-5.2818,1.68,2.31,80.0,93.0,2300.0,,0,20,20,0
4661,20,90.35,0.6302,53.2692,20.1053,4.94,1.93,61.5,81.0,2300.0,,0,0,20,0
4439,20,6.71,0.861,41.5577,-2.2785,3.87,4.55,66.8,88.0,1800.0,,0,20,20,0
508,20,119.94,0.9345,51.8488,13.14,4.54,2.16,120.0,120.0,2250.0,,0,0,8,0
3,20,14.8,0.8124,53.0205,8.9252,3.32,3.65,166.0,82.0,3200.0,,3,0,7,0
1712,20,23.6,0.8486,60.1119,14.9166,3.84,4.31,105.0,90.0,2000.0,2008.0,20,20,20,20
55,19,52.35,0.9543,53.4391,10.2519,4.8,2.43,100.0,30.0,2000.0,,12,0,14,0
6962,19,21.63,0.8589,52.1775,10.6324,2.26,2.2,64.5,85.0,6200.0,2026.0,0,0,6,6
1708,19,148.73,0.9558,52.9492,14.0518,2.05,1.72,100.0,70.5,1500.0,2004.0,0,0,19,19
3156,19,6.42,0.9566,53.6433,13.1752,1.17,2.92,119.0,112.0,3.0,,0,0,8,0
3185,19,40.79,0.9418,52.8804,9.4689,3.13,2.53,100.0,100.0,2500.0,,0,0,0,0
3381,19,158.49,0.8017,52.4651,-3.9637,1.28,1.26,32.6,43.0,500.0,,0,0,0,0
3420,19,2.12,0.6924,52.9666,10.7441,1.62,1.4,163.1,100.0,2300.0,2021.0,6,0,18,6
3374,19,151.0,0.9503,54.9064,-7.2442,3.56,3.56,65.0,82.0,2300.0,,0,0,12,0
6329,19,110.02,0.6688,39.9858,-2.5253,7.63,4.43,68.3,90.0,5500.0,,0,0,19,0
4381,19,17.76,0.967,53.2944,-2.7687,2.55,3.37,80.0,90.0,2650.0,,0,0,0,0
4149,19,144.99,0.953,52.0488,17.7323,5.49,4.63,75.9,100.0,2000.0,,0,0,18,0
3098,19,82.55,0.8814,49.5444,2.4018,6.29,1.34,98.0,82.0,2300.0,2012.0,19,19,19,19
2065,19,17.26,0.6909,57.5519,10.1318,5.81,4.39,45.0,47.0,0.7,2000.0,10,10,10,10
190,19,35.09,0.6443,53.9074,10.4012,4.23,2.4,118.0,70.0,3.4,2007.5,5,0,19,14
198,19,169.0,0.8807,53.9927,13.6167,1.15,1.76,61.4,77.0,1500.0,,0,0,18,0
1534,19,81.22,0.8187,52.9956,8.2197,4.11,1.76,131.0,82.0,1.8,1999.0,9,0,10,6
1532,19,153.66,0.9068,56.3985,8.7227,6.17,4.51,67.0,66.0,1650.0,,0,0,0,0
2634,19,8.31,0.8208,51.6617,11.9568,1.42,1.67,68.0,62.0,1300.0,,0,0,0,0
2628,19,86.66,0.8473,52.3747,-1.156,5.32,1.69,75.0,100.0,2000.0,,0,0,0,0
4704,19,36.64,0.9888,39.8031,-0.8979,1.6,1.81,58.4,77.0,1500.0,,0,0,0,0
4800,19,161.07,0.9456,50.0965,2.516,2.91,4.74,78.0,82.0,2300.0,2018.0,19,19,19,19
5501,19,148.26,0.8173,49.6916,3.942,2.71,2.46,91.0,117.0,3000.0,2018.0,19,19,19,19
663,19,107.07,0.6626,52.346,13.2538,3.07,1.73,119.0,114.5,4200.0,2016.5,18,8,19,8
3819,19,166.75,0.7782,55.6827,-4.8064,2.56,2.9,60.0,80.0,2000.0,,0,0,15,0
3805,19,25.14,0.9506,54.4553,17.4745,4.78,4.75,98.0,82.0,2000.0,,0,0,0,0
1124,19,10.22,0.8605,51.8176,13.9425,1.61,2.25,103.2,136.0,16000.0,,0,0,1,0
5332,19,38.26,0.9832,40.3319,-0.9451,5.05,4.48,68.3,90.0,2000.0,,0,13,19,0
2904,19,54.96,0.8931,48.9716,4.8095,3.59,2.3,55.0,58.0,850.0,2005.0,19,19,19,19
2801,19,169.03,0.9917,50.6973,5.1624,2.74,7.71,105.0,90.0,2000.0,,0,0,17,0
3274,19,7.35,0.9726,54.7284,8.8322,1.81,4.07,93.5,112.0,3.4,,6,0,12,0
6434,19,177.87,0.8165,63.6365,18.9974,3.98,3.62,133.0,133.0,2300.0,2021.0,19,19,0,19
6411,19,135.01,0.7396,51.9712,13.465,3.09,2.31,179.0,175.0,6800.0,2026.0,10,10,10,10
2080,19,164.49,0.9553,57.119,10.257,4.2,6.15,54.0,54.2,1.0,2005.0,14,14,14,14
2128,19,151.63,0.7796,52.8574,8.2089,2.23,1.76,62.2,82.0,2300.0,,0,0,0,0
2103,19,136.83,0.9253,53.0922,7.52,4.5,2.87,108.0,82.0,1500.0,,5,5,14,0
2008,19,37.44,0.9664,54.6655,-3.5508,2.85,2.27,90.0,66.0,0.6,2015.0,1,0,8,1
2023,19,5.85,0.8926,51.0541,12.0043,1.93,3.0,145.5,138.0,1750.0,2025.0,4,4,16,5
4228,19,70.19,0.5958,52.8227,18.7111,5.42,2.95,67.6,89.0,2050.0,,0,0,0,0
3435,19,135.78,0.8258,42.9577,-3.8753,1.45,1.28,44.0,52.0,0.8,,0,19,19,0
5834,19,60.9,0.8461,52.3592,18.1239,10.33,3.75,110.0,113.0,2750.0,,0,0,0,0
3569,19,82.46,0.8258,57.4386,-6.4134,6.78,1.73,64.0,71.0,2300.0,,0,0,0,0
4036,19,37.03,0.8726,50.0515,22.2943,3.74,2.85,98.0,,2500.0,,19,0,19,0
220,19,150.96,0.7435,49.5049,7.3378,7.83,5.88,105.0,90.0,2.5,2010.0,19,15,19,15
5938,19,171.44,0.9494,51.7968,4.0846,1.55,3.97,40.0,44.0,4200.0,,0,0,19,0
5616,19,155.38,0.6797,48.7357,9.9156,3.14,2.79,139.0,120.0,2750.0,2016.0,0,0,19,19
3703,19,174.22,0.7497,54.4419,-8.0149,3.06,3.22,47.1,62.0,1300.0,2006.0,0,0,13,13
3650,19,178.94,0.9397,53.6445,-1.8966,2.99,4.65,60.0,80.0,0.0,,0,0,1,0
1312,19,43.66,0.9089,50.5132,6.37,2.7,1.81,85.0,70.5,1500.0,,0,0,0,0
529,19,122.28,0.7255,52.1898,10.9987,2.77,1.47,140.0,77.0,2000.0,2014.5,5,0,5,4
2706,19,47.7,0.9885,43.207,2.7142,1.39,0.91,64.0,71.0,2300.0,2003.0,9,4,9,14
401,19,24.07,0.7818,51.6159,8.5562,1.82,1.59,65.0,44.0,0.6,2012.0,19,19,19,1
2421,19,152.23,0.8888,49.7647,7.8638,2.27,2.4,135.0,100.5,3.0,2013.0,16,16,19,16
419,19,86.56,0.7404,54.6197,9.6615,7.51,2.68,105.0,150.0,3400.0,2025.0,2,2,10,2
2775,19,6.79,0.8957,52.6586,19.3378,3.58,5.42,95.0,90.0,2000.0,,0,0,17,0
567,19,170.98,0.8653,52.4053,7.4651,1.22,2.11,138.0,92.0,2350.0,,0,0,0,0
4978,19,156.65,0.7949,52.7394,14.5797,4.13,3.62,100.0,100.0,2500.0,,0,0,19,0
4970,19,104.38,0.9884,40.0059,-2.76,4.32,0.81,68.3,90.0,2000.0,,0,0,0,0
403,19,14.44,0.6893,52.9964,14.0528,1.97,1.6,164.0,149.0,2000.0,2002.0,6,6,19,12
5423,19,40.11,0.9103,47.2318,4.4466,4.43,3.8,80.0,114.0,2000.0,2019.0,19,19,19,19
3790,19,173.01,0.9264,52.9962,13.2838,1.05,1.93,105.0,90.0,2000.0,2005.0,0,0,19,19
5429,19,161.77,0.9445,42.0845,-5.8683,1.4,2.27,44.0,58.0,850.0,,0,0,0,0
2813,19,19.47,0.6573,51.4474,11.7637,1.72,1.4,125.5,70.0,3000.0,2002.0,10,7,19,7
362,19,157.01,0.8123,52.6178,10.3631,1.76,1.75,108.0,82.0,2000.0,,18,0,18,0
3959,19,168.91,0.8343,55.6705,-2.8335,1.62,1.87,59.0,82.0,2000.0,2009.0,19,19,19,19
1670,19,23.27,0.8105,51.7643,11.8312,2.71,2.42,88.8,117.0,2400.0,2026.0,0,0,10,2
891,19,101.11,0.5926,52.5616,9.0536,2.41,1.36,64.0,71.0,2000.0,,0,0,0,0
4450,19,66.51,0.5769,52.4289,14.6805,2.99,1.74,100.0,90.0,2000.0,,0,0,19,0
4741,19,69.15,0.95,49.8977,2.882,6.46,1.89,112.0,136.0,2050.0,2021.0,9,9,19,9
6281,19,170.03,0.8315,53.613,22.3996,4.68,5.3,137.0,126.0,3450.0,,12,12,19,0
4804,18,81.98,0.8961,49.7262,3.3183,5.27,1.42,110.0,110.0,2300.0,2015.0,18,18,18,12
4811,18,12.69,0.9643,50.2315,2.3431,2.44,4.83,69.0,92.0,2050.0,2017.0,6,6,18,6
4279,18,9.02,0.8784,50.3546,1.9241,1.94,3.16,80.0,90.0,2800.0,2017.0,8,8,18,8
6335,18,11.23,0.8398,50.0345,22.8887,2.86,3.66,78.0,87.0,2000.0,,0,0,18,0
159,18,137.83,0.9285,51.5175,8.0763,5.18,4.5,55.0,138.0,1050.0,,18,4,18,0
1590,18,29.92,0.8935,55.248,9.0701,3.34,3.69,46.0,48.0,600.0,,0,0,0,0
3406,18,1.16,0.8879,54.7152,9.0445,1.99,2.46,93.0,113.0,3.0,,11,0,13,0
905,18,93.75,0.8695,42.9181,2.6782,1.24,0.38,40.0,43.0,600.0,2002.0,18,18,18,18
3177,18,32.49,0.5812,52.3281,11.1271,2.46,1.42,30.4,40.0,600.0,,0,0,0,0
1700,18,37.47,0.6893,56.7955,9.3971,10.31,4.91,50.0,44.0,750.0,,0,0,0,0
1785,18,16.51,0.8294,49.6516,6.6706,1.76,1.74,73.0,66.0,1.4,2010.0,18,18,18,17
4141,18,169.98,0.9673,49.2946,9.4137,1.84,4.27,149.0,115.7,3200.0,2015.0,18,18,18,18
2024,18,6.33,0.9119,51.2132,10.8594,1.02,1.91,140.0,112.0,2000.0,2015.0,0,0,18,5
3088,18,126.16,0.7964,49.5991,2.1645,4.61,2.32,85.0,82.0,2000.0,2018.0,18,18,18,12
3135,18,154.33,0.9493,52.8131,9.4291,2.34,2.75,119.0,112.0,3.0,,0,18,18,0
1024,18,146.27,0.7,55.2113,8.7116,3.33,2.17,36.0,31.0,0.4,1992.0,12,12,12,12
4017,18,11.16,0.8849,53.0279,7.9257,2.23,4.48,135.0,101.0,3.0,2015.0,0,0,15,15
5920,18,147.99,0.8269,48.1963,6.2173,3.52,3.7,95.0,110.0,2200.0,,18,18,18,0
5923,18,114.7,0.8108,53.7833,-1.8788,5.31,2.34,60.0,80.0,2000.0,,0,0,0,0
240,18,10.92,0.7658,54.3873,9.4596,1.74,1.82,76.7,101.0,3000.0,,0,0,16,0
3451,18,12.37,0.79,53.0773,12.2088,1.5,1.32,125.0,92.0,1500.0,2021.0,1,0,18,1
760,18,174.22,0.8723,51.5199,13.2238,1.62,2.19,140.0,48.0,2050.0,,7,0,13,0
5814,18,2.24,0.7034,61.7146,15.5979,4.13,2.7,142.0,126.0,3800.0,2018.0,18,18,18,18
5789,18,101.06,0.8504,50.1587,3.4028,3.83,1.33,80.0,105.0,3000.0,2019.0,10,10,18,10
3581,18,72.7,0.898,48.957,10.288,5.97,2.06,146.0,44.0,2.0,,5,0,7,0
1366,18,12.73,0.9692,53.192,10.2802,1.91,4.0,134.0,120.0,2780.0,2015.0,17,18,18,18
2444,18,54.02,0.7659,56.3799,8.4749,1.4,0.69,46.0,48.0,0.8,2002.0,18,18,18,18
4145,18,168.57,0.7895,55.8805,13.9545,2.84,2.65,101.0,97.0,2000.0,2016.0,18,18,18,18
4543,18,87.76,0.8299,46.8636,-0.1176,4.15,1.69,81.0,100.0,2000.0,2017.0,18,18,18,18
2702,18,163.18,0.9243,46.9095,-0.3769,2.51,3.69,93.0,92.0,2050.0,2011.0,18,14,18,18
1234,18,144.51,0.8886,52.2597,7.257,3.57,3.29,134.0,131.0,3000.0,,0,0,0,0
3637,18,75.65,0.9627,-22.2683,166.7275,1.53,0.56,50.0,26.0,220.0,,0,0,0,0
4099,18,160.61,0.7038,53.8353,8.1683,2.6,2.12,84.0,126.0,6150.0,2017.0,0,18,18,18
1355,18,107.98,0.7775,55.7209,13.131,7.75,2.86,55.0,48.0,750.0,2001.0,17,17,17,17
207,18,65.67,0.8842,48.6479,9.9332,4.42,1.9,175.0,117.0,1500.0,2026.0,5,4,17,5
4587,18,80.8,0.6338,53.7096,15.6172,6.07,2.31,83.5,110.0,2000.0,,0,0,16,0
1270,18,63.56,0.9629,45.4391,3.033,5.61,2.01,56.0,48.0,800.0,2009.0,18,18,18,18
565,18,34.71,0.8752,50.5269,6.2985,2.66,2.08,53.1,70.0,1800.0,,0,0,0,0
4798,18,96.61,0.8256,49.89,1.8074,3.64,0.95,85.0,92.0,2350.0,2017.0,18,18,18,18
4838,18,43.22,0.88,48.5907,3.7167,3.71,2.57,108.0,82.0,2000.0,2015.0,18,18,18,18
6078,18,1.95,0.9405,63.3017,18.1298,3.27,4.26,115.0,113.0,3000.0,2015.0,17,17,17,17
2112,18,166.17,0.96,56.2454,-3.6499,1.56,2.04,60.0,77.0,1500.0,,0,0,18,0
2038,18,149.29,0.9128,50.0026,6.2687,4.02,3.27,65.0,40.0,0.5,1994.0,18,13,18,13
2782,18,22.82,0.7706,64.6417,15.5593,2.2,1.52,80.0,90.0,2000.0,2009.0,18,18,18,18
571,18,164.36,0.6488,52.5434,6.8947,1.74,1.33,149.0,70.0,3.0,,2,0,2,0
2752,18,178.22,0.8907,50.6325,8.487,1.94,3.45,140.0,117.0,2750.0,2017.0,0,0,18,18
5015,18,112.04,0.7191,52.4097,-3.2704,4.41,1.78,30.0,28.0,275.0,,0,0,0,0
386,18,142.05,0.8124,53.9977,10.6527,3.91,2.87,74.0,52.0,1650.0,,0,0,18,0
2899,18,111.72,0.9891,-22.2682,166.6634,1.57,0.58,24.3,32.0,275.0,,0,0,0,0
1143,18,159.52,0.9674,53.9121,12.0179,2.62,3.7,129.0,142.0,3150.0,,2,2,2,0
5403,18,43.9,0.8812,50.5478,3.6294,3.85,2.88,150.0,82.0,2300.0,,3,0,11,0
2200,18,149.48,0.9702,45.125,3.0972,3.52,4.69,74.5,87.0,2250.0,2008.0,18,14,18,18
2976,18,166.89,0.8056,56.4815,13.0139,6.64,5.07,50.0,42.0,600.0,1998.0,18,18,18,18
5720,18,16.8,0.7796,57.3627,-2.9641,2.28,1.79,78.0,92.0,2050.0,,0,0,18,0
266,18,146.61,0.9464,51.2254,12.9179,2.6,2.44,68.0,64.0,1.5,1999.0,0,0,15,8
3026,18,95.95,0.7662,49.0774,5.2484,6.23,2.74,67.0,90.0,2000.0,2008.0,6,6,18,6
2933,18,124.4,0.9136,42.7433,-7.9406,3.02,1.5,56.2,74.0,1670.0,,0,0,0,0
3821,18,105.92,0.6733,50.125,7.3189,5.05,2.74,149.0,126.0,3.3,2015.0,18,18,18,15
1227,18,151.53,0.8037,51.4308,10.8064,1.93,1.97,149.0,115.7,2300.0,2017.0,0,0,18,1
4959,18,173.55,0.8243,55.1331,-2.1243,1.48,2.05,60.0,80.0,2000.0,,0,0,0,0
1198,18,155.22,0.924,51.757,4.2098,2.37,3.65,60.0,80.0,3600.0,,0,0,4,0
5241,18,2.7,0.6449,51.8024,14.5696,2.18,1.68,139.0,122.0,6200.0,2026.0,0,0,18,12
2288,18,39.2,0.9324,38.8078,-0.9504,1.6,1.47,39.5,52.0,850.0,,0,0,0,0
5176,18,46.5,0.666,54.137,9.8583,2.6,1.51,119.0,60.0,6000.0,,14,0,14,0
1853,18,28.73,0.6897,50.4081,3.7262,2.03,1.89,98.0,82.0,2000.0,,0,0,0,0
1621,18,86.46,0.6035,53.8649,12.217,2.32,1.36,150.0,112.0,3000.0,2013.0,8,0,10,6
1632,18,10.71,0.9131,57.1217,9.6544,2.2,3.08,43.7,44.0,0.6,1997.0,13,13,13,13
7051,18,3.16,0.8871,41.3124,0.255,3.46,6.11,115.0,170.0,5550.0,,18,18,18,0
1649,18,125.57,0.9468,50.8871,8.3914,7.49,3.64,140.0,112.0,3000.0,2013.0,14,8,15,14
139,18,91.87,0.7664,51.7933,9.0645,4.94,2.15,43.3,57.0,1300.0,,0,0,9,0
1800,18,72.4,0.9425,52.6512,-3.6713,3.39,0.84,40.0,52.0,850.0,,0,0,0,0
2804,18,167.9,0.5651,46.7062,0.7672,2.21,1.66,100.0,113.0,2500.0,2017.0,18,13,18,8
6538,18,151.52,0.5698,42.3153,-3.8791,4.29,2.84,95.0,120.0,2200.0,,13,10,18,0
3327,18,47.43,0.9197,53.033,10.7053,5.57,2.9,100.0,77.0,1500.0,,10,0,12,0
3427,18,13.09,0.9878,36.8551,-4.7789,0.6,1.49,39.5,52.0,0.8,,0,0,18,0
909,18,43.78,0.9698,50.3109,12.0162,3.92,2.83,62.2,82.0,2300.0,,0,0,0,0
7207,18,136.33,0.943,51.5757,9.5463,6.51,3.58,166.0,92.0,5600.0,,18,0,18,0
3328,18,15.39,0.81,53.5505,13.542,1.38,1.52,62.2,82.0,2300.0,,0,0,0,0
3299,18,48.68,0.822,50.1865,6.3333,2.72,1.5,105.0,90.0,2.0,2007.0,18,18,18,18
3303,18,11.59,0.9564,53.1786,12.2796,1.24,2.36,150.0,90.0,1650.0,,1,0,18,0
3321,17,46.58,0.873,52.213,19.4561,5.7,3.38,150.0,90.0,2000.0,,10,0,0,0
3307,17,17.83,0.7516,50.2137,4.3216,2.36,2.35,100.0,100.0,2500.0,,0,0,15,0
6422,17,2.39,0.817,48.0261,-2.5401,1.96,2.68,137.0,126.0,3800.0,2023.0,17,17,17,17
6378,17,2.91,0.9391,65.5325,20.1708,2.69,4.02,140.0,138.0,3500.0,2021.0,17,17,16,17
6415,17,8.31,0.8358,54.4364,17.3181,2.31,2.43,98.0,82.0,2200.0,,0,0,17,0
6408,17,16.84,0.7191,53.2635,20.2888,4.16,3.68,68.3,90.0,2200.0,,0,0,17,0
4445,17,59.46,0.7837,37.0006,-3.6826,3.68,2.56,68.3,90.0,2000.0,,0,0,17,0
4528,17,166.83,0.9859,55.5797,-4.1514,1.88,4.08,47.1,62.0,5600.0,,0,0,6,0
536,17,76.34,0.9709,49.9234,8.2361,8.46,1.51,108.0,82.0,2.0,2010.0,17,17,17,11
6723,17,59.17,0.5905,53.1714,20.4509,5.01,2.57,68.3,90.0,2200.0,,0,0,17,0
910,17,141.92,0.9183,55.211,11.5575,5.23,4.81,43.5,43.0,0.6,1997.0,14,14,14,14
6509,17,168.72,0.8938,39.5356,-1.9368,1.93,3.4,53.5,70.5,3000.0,,0,0,17,0
5270,17,10.5,0.9496,36.9556,-3.6664,1.02,2.88,75.9,100.0,1800.0,,0,0,17,0
332,17,124.86,0.8027,49.5629,7.2702,3.0,2.14,105.0,90.0,2.3,2010.0,17,17,17,17
3232,17,158.35,0.7171,54.6693,-1.383,1.81,1.41,69.0,82.0,2050.0,,0,0,0,0
1592,17,16.21,0.9324,55.1046,9.2128,3.76,5.0,46.0,43.0,0.6,1997.0,8,8,8,8
1842,17,168.51,0.7332,59.1198,-3.142,2.21,1.86,60.0,80.0,2500.0,,0,0,4,0
1597,17,34.41,0.9848,40.6256,-0.3649,1.43,1.58,58.4,77.0,1500.0,,0,17,17,0
3325,17,145.59,0.9016,52.9567,17.0099,4.9,4.34,,,2000.0,,0,0,13,0
3245,17,32.18,0.5883,54.8728,-5.0945,3.25,2.01,60.0,80.0,2000.0,,0,0,0,0
3333,17,38.13,0.6899,54.115,15.4179,3.14,2.32,68.3,90.0,3000.0,,0,0,17,0
3353,17,174.83,0.9903,51.582,1.4889,1.67,8.01,90.0,120.0,3600.0,,17,17,17,0
2817,17,15.4,0.6251,39.0185,-2.5047,2.25,1.89,68.3,90.0,1800.0,,0,0,0,0
334,17,147.82,0.8747,53.6933,9.3692,3.88,3.09,53.0,42.0,1.5,,9,9,16,0
282,17,32.71,0.8758,49.9197,9.6753,6.29,5.32,64.5,85.0,2.0,,0,0,8,0
5213,17,120.22,0.989,39.6221,-2.3856,6.4,3.56,53.1,70.0,1500.0,,0,0,17,0
1650,17,5.6,0.7282,37.5029,-2.8547,2.16,2.89,66.0,87.0,2000.0,,0,0,17,0
1392,17,27.78,0.6252,53.923,11.5569,1.45,1.03,85.0,77.0,1500.0,,0,0,0,0
3974,17,174.91,0.7962,48.4765,5.2486,3.14,3.72,84.0,129.0,2000.0,2020.0,6,6,17,6
4007,17,146.97,0.9049,51.1482,17.6297,4.19,3.71,119.0,112.0,3000.0,2012.0,0,0,17,17
1313,17,120.66,0.5118,52.7559,13.9376,2.46,1.45,80.0,90.0,2000.0,2010.0,0,0,17,17
1357,17,106.4,0.8621,52.5897,7.3454,4.65,1.73,98.0,70.0,1800.0,,0,0,11,0
2478,17,26.65,0.959,56.7361,8.9677,4.77,4.57,32.0,27.0,225.0,,0,0,0,0
2527,17,89.22,0.7599,54.7746,10.7081,9.6,3.47,74.9,52.0,0.9,2001.0,17,0,17,17
746,17,140.71,0.803,49.7492,6.775,1.97,1.21,138.0,82.0,2.3,2010.0,17,13,17,13
3591,17,144.72,0.6523,39.9451,-1.1018,2.19,1.79,68.3,90.0,2000.0,,0,0,0,0
3575,17,165.25,0.6862,50.2534,9.2378,2.69,2.61,140.0,112.0,3000.0,2013.0,17,12,17,17
243,17,147.49,0.9501,54.0128,13.1218,3.88,2.89,35.7,47.0,0.7,1996.0,0,0,11,1
388,17,147.05,0.8819,51.1918,12.9944,3.34,3.05,67.0,65.0,0.7,,0,0,2,0
720,17,40.94,0.7828,51.2624,7.9987,3.7,2.48,65.0,40.3,5560.0,,0,0,14,0
2979,17,88.14,0.7517,52.1734,11.8858,2.14,0.67,138.0,82.0,2000.0,,0,0,6,0
251,17,143.93,0.8782,52.59,8.5788,4.26,3.08,100.0,80.0,2.3,2002.0,17,17,17,11
1121,17,72.89,0.7044,51.3642,4.2902,3.62,2.03,120.0,117.0,2000.0,2008.0,8,8,12,5
5630,17,138.82,0.8575,53.8781,19.0311,2.74,1.93,75.9,100.0,2000.0,,0,0,17,0
3799,17,177.43,0.6466,51.2438,13.1468,1.33,1.17,89.0,113.0,3000.0,,0,0,7,0
277,17,65.72,0.9154,51.0835,13.3591,3.36,1.52,80.0,80.0,1650.0,,10,10,17,0
2195,17,19.46,0.8201,49.5867,2.0463,2.44,2.55,80.0,92.0,2300.0,2015.5,8,12,17,12
2987,17,62.67,0.6168,49.7619,8.0601,1.82,1.04,128.0,104.0,3.4,2012.0,17,17,17,13
2984,17,173.2,0.8881,51.9639,13.7844,1.28,2.36,140.0,112.0,2000.0,2007.0,0,0,17,17
5424,17,6.24,0.8827,49.7649,3.725,2.38,2.89,99.5,103.0,2350.0,2019.0,13,9,17,9
5455,17,173.67,0.8949,46.4496,-0.6875,2.96,5.48,100.0,100.0,2000.0,2018.0,17,17,17,17
5449,17,40.58,0.7955,49.8228,3.3992,3.57,2.64,94.0,112.0,3000.0,2022.0,17,17,17,13
2886,17,28.0,0.6666,51.6845,11.7988,1.81,1.34,90.0,82.4,2300.0,,0,0,0,0
3843,17,168.91,0.6966,40.8132,-1.585,2.76,2.56,68.3,90.0,1800.0,,0,0,0,0
550,17,156.4,0.9632,52.4307,-0.0182,3.61,4.48,59.0,82.0,2000.0,,0,0,12,0
4350,17,25.54,0.8082,53.4472,12.1756,1.57,1.78,85.0,112.0,3450.0,,0,0,3,0
2011,17,53.42,0.9717,49.5038,6.4308,5.13,2.69,149.0,113.5,3.1,2013.5,17,14,17,6
1990,17,152.91,0.5932,52.4064,4.7937,3.86,2.61,82.5,90.0,3000.0,,2,0,0,0
180,17,11.14,0.5759,54.1084,12.2406,2.86,2.37,135.0,92.0,1000.0,2021.0,1,0,4,1
157,17,6.14,0.9055,50.6644,8.0296,2.33,5.39,65.0,40.0,0.5,1996.0,17,17,17,14
6344,17,5.18,0.8178,65.1376,20.0993,2.92,2.62,155.0,150.0,3600.0,2020.0,17,17,0,17
1974,17,179.18,0.9813,42.8739,-3.6414,0.46,1.93,35.7,47.0,0.7,,0,17,17,0
1780,17,22.15,0.6224,53.0916,14.1818,1.51,1.24,100.0,70.5,1500.0,2001.0,0,0,17,17
7065,17,179.13,0.9484,50.365,17.4986,1.77,4.62,180.0,,2200.0,,17,0,17,0
7120,17,2.76,0.7319,52.0783,10.9472,1.96,2.1,164.0,94.0,6800.0,2026.0,17,0,17,5
1760,17,34.4,0.8009,52.7186,7.5348,2.29,1.66,159.0,115.7,4200.0,,9,0,9,0
3385,17,18.2,0.9561,52.5816,-3.4333,1.0,1.4,39.5,52.0,850.0,,0,0,0,0
3187,17,14.13,0.9568,38.8701,-3.1147,1.5,3.38,67.0,82.0,2000.0,,17,17,17,0
3163,17,65.42,0.7383,52.7389,8.5283,2.33,1.36,108.4,82.0,2300.0,2013.0,4,4,4,3
4900,17,130.78,0.7449,54.3179,16.5573,4.47,3.55,75.9,100.0,2500.0,2015.0,0,0,16,16
196,17,3.01,0.9617,50.8977,11.5066,0.88,2.21,166.0,100.0,1500.0,2024.0,3,0,14,4
6043,17,100.11,0.7801,58.9959,-3.2897,10.26,3.36,33.4,44.0,900.0,,0,0,0,0
4742,17,165.33,0.9985,48.1432,2.5495,2.94,6.96,80.0,90.0,2000.0,2015.0,17,17,17,17
4843,17,173.94,0.9729,48.8229,3.671,2.09,5.09,75.0,100.0,2000.0,2019.0,7,7,17,7
4774,17,78.75,0.9968,39.7595,-2.8391,4.3,0.68,66.0,87.0,2000.0,,0,0,0,0
2612,17,114.98,0.9548,42.8325,-3.7021,1.46,0.78,105.0,40.0,0.6,,2,17,17,0
1486,17,140.74,0.8258,48.1802,-4.1195,3.91,3.37,120.0,54.0,2500.0,2004.0,17,8,17,8
2102,17,114.85,0.8676,56.4373,16.3825,3.02,0.88,40.0,42.0,600.0,1998.0,17,17,17,17
3089,17,108.66,0.8838,46.9157,2.1574,5.9,2.23,106.0,100.0,2500.0,2019.0,14,14,17,12
6094,17,155.95,0.7225,60.0798,18.5578,3.11,2.26,129.0,112.0,3000.0,2014.0,17,17,17,17
4127,17,32.2,0.9158,51.6505,0.8782,3.97,4.26,75.0,100.0,2300.0,2014.0,0,0,16,3
1512,17,169.85,0.8786,56.2815,10.2574,3.22,4.45,45.0,48.0,750.0,,0,0,0,0
2355,17,110.91,0.9523,53.2443,5.5808,4.95,1.52,30.4,40.0,500.0,,0,0,11,0
2372,17,9.23,0.9693,44.453,4.7754,1.65,4.39,65.0,66.0,1750.0,2006.0,17,17,17,12
2387,17,132.56,0.8221,50.0614,2.1047,2.56,1.64,80.0,90.0,2000.0,2013.0,17,17,17,17
868,17,24.27,0.9585,51.0264,11.0881,1.53,2.18,160.0,80.0,900.0,,1,1,17,0
2406,17,131.89,0.8398,51.2387,6.3083,5.56,3.69,120.0,160.0,1650.0,,4,4,10,0
4225,17,168.78,0.7928,49.604,21.8534,3.8,3.79,100.0,92.5,2000.0,,0,0,13,0
1428,16,169.87,0.7407,53.3964,8.6505,1.5,1.73,135.0,70.5,3000.0,,6,2,6,0
5490,16,175.93,0.9094,53.4657,11.3464,1.62,3.19,140.0,112.0,3300.0,,0,0,0,0
675,16,8.66,0.7232,49.5147,10.7388,4.05,3.97,179.0,112.0,2000.0,2010.0,5,0,13,4
143,16,51.19,0.8454,54.0189,12.179,4.16,1.84,68.0,60.0,1300.0,,0,0,11,0
590,16,27.53,0.7099,52.4952,7.0576,1.73,1.28,108.0,82.0,2000.0,,0,0,0,0
593,16,9.25,0.9085,49.4802,9.9683,1.18,2.21,98.0,71.0,2000.0,,0,0,0,0
1679,16,52.4,0.9003,53.0222,9.9223,5.39,2.24,68.0,62.0,1300.0,,0,0,0,0
953,16,24.37,0.7893,43.3885,2.4477,1.06,1.08,99.0,62.0,1300.0,2006.0,16,0,16,16
897,16,38.48,0.8388,54.8025,-6.1012,2.6,1.65,39.0,39.0,500.0,,0,0,15,0
5209,16,28.65,0.5962,59.2914,14.2321,5.13,2.34,130.0,112.0,3000.0,2016.0,16,16,16,16
5249,16,108.76,0.7968,53.8688,9.6079,2.04,0.75,143.7,112.0,3450.0,2016.0,16,16,16,16
6252,16,35.93,0.7788,54.4345,17.1619,2.96,2.44,49.3,65.0,2000.0,,0,0,15,0
1874,16,95.96,0.9409,46.5988,-1.7821,5.49,1.3,65.0,48.0,0.8,,5,0,16,0
1829,16,10.34,0.5945,51.5869,9.1529,2.03,1.53,160.0,40.3,4880.0,2025.0,15,0,16,6
3236,16,160.98,0.6162,55.1128,-3.2259,1.73,1.3,70.6,93.0,2300.0,,0,0,0,0
6621,16,24.95,0.9632,52.1327,22.7521,3.99,4.89,120.0,117.0,3000.0,,16,16,16,0
80,16,1.65,0.9759,51.096,12.2676,0.92,3.44,80.0,40.0,1500.0,2001.0,0,3,16,13
6381,16,1.0,0.9614,52.8591,17.4216,1.61,5.87,100.0,90.0,2000.0,,0,0,0,0
6574,16,90.08,0.7126,52.7346,4.3391,9.02,2.98,125.0,80.0,11000.0,2023.0,16,16,16,16
503,16,171.3,0.9648,50.5341,4.5218,1.54,3.53,78.0,82.0,2000.0,,0,0,0,0
1668,16,174.39,0.8298,56.2816,8.733,3.33,3.51,77.0,126.0,3.6,2021.0,13,13,13,13
941,16,110.09,0.7777,50.8199,10.0657,1.89,0.83,90.0,69.0,1.4,2004.0,16,16,16,16
938,16,122.25,0.8998,52.0184,9.5316,4.5,1.91,98.0,70.0,1800.0,,0,0,0,0
4514,16,173.84,0.9839,51.2968,5.0699,1.1,4.0,108.0,82.0,2300.0,,0,0,0,0
4473,16,43.39,0.9411,52.8453,11.5979,3.38,2.38,149.0,115.7,3000.0,,0,0,0,0
3341,16,155.69,0.5948,56.6805,-3.3432,2.11,1.28,70.6,93.0,2300.0,,0,0,0,0
6219,16,3.0,0.8771,67.0678,22.0626,3.27,3.3,121.0,126.0,3600.0,2018.0,16,16,16,16
2161,16,9.99,0.929,55.2091,14.7455,3.08,5.01,40.0,47.0,0.7,2002.0,13,13,13,13
1475,16,175.68,0.6044,51.4723,13.2507,1.56,1.48,105.0,90.0,2000.0,,0,0,1,0
1474,16,4.52,0.9925,55.7631,11.5701,0.64,3.96,68.0,72.0,2000.0,,0,0,0,0
1350,16,47.78,0.7538,52.9014,9.118,2.51,1.46,99.0,175.0,2350.0,,6,1,10,0
2726,16,139.57,0.9769,52.2253,18.6511,5.12,3.57,150.0,47.0,1000.4,,3,0,4,0
1264,16,179.62,0.7666,53.3202,0.2324,0.74,0.77,65.0,44.0,600.0,,0,0,0,0
2564,16,142.23,0.8054,54.7909,11.557,3.76,2.82,42.0,41.0,550.0,,0,0,0,0
3657,16,27.52,0.8101,53.3607,14.2867,2.06,1.85,140.0,112.0,3000.0,,0,0,1,0
3046,16,34.93,0.8078,48.083,-2.4933,3.96,3.51,78.0,80.0,2000.0,2006.0,6,6,16,6
1082,16,4.32,0.927,49.6551,8.2888,1.3,2.34,119.0,112.0,3.1,2010.0,16,16,16,14
834,16,23.21,0.9575,52.3459,9.9938,1.83,2.31,64.5,85.0,2.0,,0,0,2,0
3539,16,178.19,0.9759,51.4793,19.7992,2.04,6.78,80.5,106.0,3000.0,,0,0,0,0
3550,16,3.85,0.9278,43.1499,-9.1902,1.21,2.56,41.7,55.0,1300.0,,0,16,13,0
3544,16,168.05,0.9724,53.8785,14.8644,1.53,3.21,95.0,90.0,2000.0,,0,0,16,0
2299,16,133.44,0.9255,39.0644,-2.6762,3.36,2.28,62.2,82.0,1500.0,,0,0,0,0
1509,16,8.47,0.9694,55.3061,9.3371,3.65,6.9,46.0,54.2,1000.0,,0,0,0,0
2139,16,26.54,0.9153,52.0295,6.8948,2.51,3.35,134.0,131.0,3300.0,2025.0,15,0,15,4
230,16,78.84,0.6397,51.0144,13.0325,2.76,1.22,78.0,40.0,0.7,,0,0,7,0
795,16,87.87,0.963,55.7389,9.3542,9.93,1.58,48.0,48.0,750.0,,0,0,0,0
2305,16,46.55,0.9421,50.3366,9.2643,5.26,3.02,149.0,77.0,1500.0,2017.0,3,0,16,3
2313,16,11.22,0.8376,42.631,-8.7031,2.44,3.61,60.7,80.0,1800.0,,0,0,16,0
1182,16,25.3,0.6822,53.9706,9.7682,1.41,1.05,100.0,80.0,2000.0,,0,0,0,0
2199,16,99.88,0.7695,48.8476,6.4605,5.56,1.62,92.7,117.0,2300.0,,6,6,16,0
5471,16,178.25,0.9616,59.2123,14.6841,1.52,3.46,117.0,136.0,3800.0,2019.0,16,16,16,16
667,16,19.62,0.7721,49.9964,7.7304,1.41,1.63,142.0,101.0,3.0,2013.5,16,16,16,16
2959,16,128.26,0.8826,50.0255,5.5949,5.29,3.17,100.0,100.0,3300.0,,5,0,5,0
3816,16,159.34,0.9384,50.3158,8.3482,3.49,4.44,145.0,117.0,2.7,2015.5,14,14,14,14
3777,16,138.44,0.9521,56.9859,17.0187,4.52,2.58,80.0,112.0,3000.0,2013.0,16,16,16,16
5725,16,0.06,0.609,52.7913,7.0843,1.76,1.32,160.0,82.0,4200.0,,16,0,16,0
1206,16,19.22,0.9191,51.4101,6.2907,4.33,5.43,58.4,77.0,1.8,,0,0,12,0
562,16,141.98,0.7533,49.0424,11.0614,2.79,2.51,80.0,77.0,1.8,,0,0,7,0
5036,16,38.01,0.8208,55.1718,-2.0741,3.22,2.49,73.0,104.0,3400.0,,0,0,0,0
4976,16,45.97,0.6763,46.304,2.4686,4.77,4.19,97.5,105.0,2100.0,2018.0,16,16,16,16
4925,16,7.63,0.9169,53.7695,16.3808,2.78,4.63,85.8,113.0,3000.0,2020.0,0,0,14,14
5154,16,150.91,0.8563,51.5076,22.2928,5.92,5.41,,,3200.0,,0,0,16,0
5378,16,89.09,0.9554,43.7922,3.0519,3.85,0.83,71.0,76.0,2300.0,2017.0,16,16,16,16
566,16,99.85,0.8095,56.1145,9.2373,5.65,2.02,30.0,24.0,150.0,,0,0,0,0
2623,16,139.07,0.9933,49.0238,3.305,3.99,2.94,78.0,80.0,2000.0,,11,11,16,0
4824,16,117.11,0.8959,49.7542,1.8341,4.49,2.62,80.7,103.0,2200.0,2019.0,10,10,16,10
4725,16,160.02,0.9396,49.7189,2.7401,2.31,3.92,99.0,103.0,2850.0,2015.0,16,16,16,16
4650,16,19.37,0.9323,50.3481,-5.0496,3.95,5.3,60.0,80.0,2000.0,,0,0,0,0
4568,16,91.78,0.7005,48.3821,3.9299,3.34,1.7,105.0,90.0,2000.0,2012.0,16,16,16,16
1288,16,7.89,0.7617,53.6291,10.6233,1.03,1.09,74.0,52.0,0.9,2002.0,0,0,16,16
195,16,99.2,0.9045,52.1865,14.1715,5.02,1.55,58.4,77.0,1500.0,2002.5,0,0,16,16
3076,16,161.19,0.8908,49.6842,1.6358,4.3,4.17,87.0,103.0,2350.0,2018.0,16,16,16,16
3445,16,88.69,0.9225,52.628,9.5512,6.07,1.23,118.0,60.0,5700.0,2025.0,10,0,11,1
4077,16,153.71,0.9359,54.8096,-7.3396,0.95,1.05,30.4,40.0,500.0,,0,0,0,0
1503,16,143.5,0.7091,36.7348,-3.4145,1.05,0.88,44.0,58.0,0.8,,0,0,16,0
2020,16,50.08,0.945,52.5629,9.143,3.54,2.38,76.0,48.0,800.0,,0,0,0,0
3138,16,2.66,0.9726,54.679,-7.3986,0.73,2.1,40.0,39.0,500.0,,0,0,16,0
4552,16,165.82,0.7571,48.971,11.1094,2.4,2.13,134.0,131.0,3300.0,,0,0,16,0
866,16,176.29,0.8895,51.8474,7.7824,2.0,3.11,98.0,71.0,2000.0,,0,0,0,0
6318,16,137.47,0.5655,55.3158,-4.7488,4.69,3.01,70.0,92.0,2350.0,2024.0,8,8,8,8
1980,16,10.55,0.9511,52.0666,10.6477,1.04,1.97,64.5,85.0,2000.0,,0,0,0,0
1975,16,85.7,0.801,50.2135,7.9603,6.02,2.04,139.0,120.0,2.5,2015.0,16,16,16,16
4312,16,72.64,0.9447,48.6508,4.4543,6.93,2.26,67.0,87.0,2000.0,2013.0,16,16,16,16
4327,16,154.77,0.9159,58.3001,-3.4362,1.66,1.59,39.5,52.0,850.0,,0,0,15,0
2734,16,65.45,0.7258,49.9646,7.6703,4.64,2.63,135.0,101.0,3.0,2013.0,16,16,16,16
4289,16,34.46,0.7475,39.0395,-1.1266,2.39,1.51,44.0,58.0,850.0,,0,0,0,0
3194,16,171.82,0.7215,54.2538,22.2865,3.18,2.88,105.0,90.0,3000.0,,0,0,0,0
852,16,83.45,0.8141,50.2291,11.7774,4.97,1.58,140.0,82.0,3000.0,2023.0,1,0,1,1
3397,16,6.17,0.805,51.9331,13.5305,1.6,1.92,179.0,175.0,6800.0,2006.0,10,10,16,6
3403,16,167.64,0.9583,52.2043,12.2761,1.35,2.46,112.0,77.0,1500.0,,16,15,16,0
3166,16,49.8,0.9064,57.1363,18.263,2.77,1.72,55.0,52.0,850.0,2002.0,16,16,16,16
3497,16,72.03,0.8864,57.4573,-2.2379,10.43,2.53,39.5,52.0,850.0,,0,0,0,0
1759,16,44.39,0.7082,52.6672,8.0414,3.8,2.26,115.0,70.0,6800.0,2026.0,0,0,13,11
6944,16,1.53,0.8886,49.8049,22.0919,3.13,5.52,64.5,85.0,2000.0,,0,0,0,0
66,15,165.93,0.9778,52.3211,10.1096,1.53,3.24,139.0,122.0,3.1,,8,0,8,0
1716,15,7.71,0.9542,55.8092,8.8,0.96,1.65,46.0,60.0,1.3,2001.0,15,15,15,15
7032,15,104.88,0.903,50.5197,2.2926,5.62,1.68,70.0,112.0,3600.0,2025.0,15,15,15,15
1726,15,36.41,0.9195,53.1321,9.7133,2.73,2.55,149.0,82.0,2.3,,10,0,10,0
25,15,120.54,0.616,51.36,6.4825,3.73,2.96,70.0,48.0,0.8,,0,0,9,0
3272,15,132.22,0.9639,47.6038,4.7686,3.96,2.36,100.0,92.5,2000.0,,0,0,15,0
1661,15,9.06,0.7523,52.8855,10.9195,1.5,1.65,73.0,52.9,800.0,,0,0,0,0
3312,15,6.28,0.9953,51.0735,3.9692,1.76,7.25,135.0,132.0,2400.0,,1,1,14,0
5275,15,160.54,0.8952,51.5936,15.6538,2.58,3.5,95.0,110.0,2000.0,2016.0,0,0,15,15
2392,15,153.82,0.7006,51.2156,19.4311,1.98,1.48,125.0,71.0,2080.0,2007.0,15,0,15,15
1361,15,144.0,0.936,54.0761,11.7618,1.92,1.57,38.7,51.0,800.0,,0,0,0,0
3375,15,27.87,0.917,54.9206,-7.3223,2.33,2.33,63.5,93.0,2.3,,0,0,15,0
3269,15,35.8,0.7814,40.6086,-5.0765,2.04,2.39,68.3,90.0,1800.0,,0,0,0,0
3574,15,156.93,0.7127,47.0776,-1.9059,3.82,3.82,80.0,92.0,2050.0,2016.0,9,9,15,9
3199,15,170.99,0.9769,52.4469,10.1789,1.22,3.03,141.0,112.0,3600.0,2021.0,15,0,15,8
1372,15,35.95,0.9115,53.842,10.9636,2.05,1.85,22.0,29.0,2350.0,,0,0,10,0
255,15,29.85,0.9517,50.4054,7.1686,1.57,1.62,100.0,71.0,2.0,2011.0,15,15,15,13
3235,15,85.55,0.6792,50.5434,17.1107,3.04,1.23,80.0,92.5,2000.0,,0,0,15,0
5539,15,172.92,0.9639,46.39,-0.5821,2.5,5.39,94.0,90.0,2500.0,2007.0,13,13,15,10
5331,15,26.15,0.7723,50.327,-4.9508,7.48,5.59,65.0,90.0,2000.0,,0,0,0,0
2363,15,55.17,0.8227,52.5703,6.214,4.37,2.2,85.0,82.0,3.0,2012.0,8,8,7,8
5613,15,1.4,0.985,50.4607,23.6175,1.31,6.8,,,,,0,0,0,0
3661,15,81.72,0.62,53.27,14.2719,2.34,0.93,132.0,136.0,2300.0,2009.0,1,1,15,14
3634,15,166.26,0.9572,53.593,7.9196,1.71,2.77,59.0,82.0,2350.0,,8,2,13,0
3643,15,166.14,0.684,54.4488,16.4229,1.26,1.03,100.0,90.0,2000.0,,0,0,10,0
2130,15,148.72,0.8442,54.0559,10.6367,2.47,2.25,120.9,62.0,5500.0,,15,0,14,0
2125,15,179.55,0.9866,53.8753,10.8867,0.92,4.02,98.4,82.0,2300.0,,0,0,0,0
4814,15,157.28,0.973,50.2426,3.4745,2.34,3.67,95.0,112.0,3000.0,2016.0,15,15,15,11
396,15,8.49,0.9428,54.2137,12.4924,1.09,2.09,31.5,27.0,2.0,,1,1,13,0
1037,15,166.16,0.9097,49.2751,9.8892,3.68,5.53,60.0,48.0,0.8,2018.0,0,0,1,12
1021,15,0.24,0.8623,51.1677,11.0256,0.95,1.58,105.0,90.0,2.0,2025.0,10,10,15,5
1050,15,162.69,0.9808,52.7008,7.8393,3.06,4.62,135.0,115.7,3000.0,,7,0,9,0
3672,15,114.06,0.7267,53.4369,13.7465,2.72,1.37,100.0,100.0,2500.0,2009.0,0,0,15,15
733,15,67.37,0.8083,50.7414,9.2115,3.03,1.43,42.5,56.0,1000.0,2023.0,0,0,15,1
753,15,154.6,0.9051,53.1792,12.1218,1.58,1.79,105.0,90.0,2000.0,,0,0,0,0
1793,15,75.28,0.8268,56.9459,9.3468,7.04,1.7,40.0,44.0,750.0,,0,0,0,0
1657,15,147.5,0.8092,56.3647,10.7145,3.69,3.39,46.0,43.0,0.6,1997.0,5,5,5,5
5010,15,108.71,0.6562,53.8528,-0.1606,2.65,1.17,59.0,82.0,2000.0,,0,0,13,0
1648,15,112.41,0.748,56.4349,8.609,6.45,3.18,79.5,101.0,3.1,2012.0,11,11,11,11
3671,15,174.69,0.8853,53.3597,14.0972,1.28,1.89,138.0,82.0,2300.0,2010.0,0,0,14,14
5699,15,46.36,0.7756,55.8711,-2.3531,4.36,1.69,69.0,92.5,2050.0,,0,0,0,0
5101,15,5.85,0.7848,58.1911,-6.3489,0.16,0.18,36.4,48.0,900.0,,0,0,0,0
2184,15,53.9,0.8253,48.0013,1.614,5.94,3.82,80.0,90.0,2300.0,,0,0,15,0
2463,15,0.66,0.8911,52.6421,6.7306,1.54,2.2,120.0,92.5,3600.0,2015.0,1,0,1,9
2469,15,2.38,0.7301,56.0452,8.3428,4.73,3.03,94.0,112.0,3.1,2011.0,13,13,13,13
4934,15,15.83,0.7674,57.1329,9.552,2.74,2.84,87.0,126.0,3.6,2024.0,11,11,11,11
3047,15,3.09,0.9459,48.4192,-2.4124,1.33,3.31,80.0,90.0,2300.0,2014.0,9,9,15,12
5790,15,8.27,0.8211,50.3701,4.6515,1.96,2.73,98.0,82.0,2300.0,,0,0,0,0
3888,15,47.44,0.9077,48.3236,5.0012,5.69,3.47,80.0,90.0,2000.0,2010.0,15,9,15,15
1494,15,20.8,0.9319,57.5493,10.0262,4.88,4.58,37.0,39.0,0.5,1999.0,8,8,9,8
1492,15,10.33,0.7513,53.6845,13.5214,1.36,1.24,60.0,60.0,1300.0,,0,0,0,0
1490,15,173.04,0.9849,53.6469,13.5592,1.2,3.24,53.1,70.0,2300.0,,0,0,1,0
1337,15,18.49,0.8133,53.7982,13.4088,2.81,2.54,99.0,101.0,3450.0,,0,0,1,0
3947,15,111.77,0.7762,54.4353,16.7908,3.53,1.61,100.0,90.0,2500.0,,0,0,0,0
2144,15,50.58,0.8659,50.6841,13.3904,1.69,1.47,135.0,40.3,4200.0,,3,0,3,0
165,15,146.71,0.7721,50.9352,9.0797,4.54,4.3,138.0,82.0,2300.0,2001.5,0,0,14,4
4221,15,133.92,0.6238,49.6829,1.9652,2.09,1.22,78.0,100.0,2000.0,2020.0,3,3,15,3
4275,15,136.75,0.7154,50.8865,8.5014,3.98,2.6,141.0,117.0,2400.0,,0,0,0,0
1957,15,66.51,0.7847,54.9274,11.1547,7.95,2.72,93.0,113.0,3.0,2014.0,5,5,5,5
613,15,66.51,0.7539,53.7479,8.5402,0.93,0.38,28.1,33.0,0.3,,0,15,15,0
1585,15,144.1,0.9873,51.811,6.5521,5.59,4.63,78.0,53.0,1500.0,,2,1,13,0
3387,15,52.9,0.8686,53.9933,15.6692,3.38,1.76,100.0,92.5,2000.0,2010.0,0,0,15,10
2310,15,21.25,0.6591,48.3911,5.3235,5.04,3.8,100.0,92.5,2000.0,,0,0,15,0
913,15,169.75,0.9179,52.9286,11.1758,1.64,2.33,164.0,165.0,6800.0,2025.0,6,6,6,6
3516,15,7.7,0.7567,55.1856,-3.6618,1.33,1.37,80.0,82.0,2000.0,,0,0,0,0
5448,15,47.67,0.9437,49.7399,3.5047,5.52,3.48,115.0,131.0,4000.0,2023.0,15,15,15,15
5451,15,175.62,0.7049,46.8876,-1.7777,1.99,2.05,93.0,92.0,2000.0,,4,4,15,0
299,15,177.34,0.6628,51.9844,13.7228,1.86,1.61,169.0,150.0,3450.0,2020.0,7,7,15,15
1376,15,111.86,0.9816,15.9367,-61.2077,2.61,1.18,61.0,80.3,275.0,,0,0,15,0
5505,15,43.34,0.9716,40.0053,-6.1521,4.0,3.32,,,2650.0,,0,0,15,0
1426,15,20.75,0.9413,53.8358,13.5555,1.45,2.0,80.0,90.0,2300.0,,0,0,0,0
2278,15,23.62,0.8995,50.775,9.4237,2.31,3.07,141.0,117.0,2400.0,,0,0,15,0
3337,15,156.9,0.9759,53.1016,15.4762,3.19,4.62,100.0,100.0,2400.0,,0,0,15,0
6067,15,147.32,0.7675,56.9146,13.0102,4.95,2.92,110.0,110.0,2500.0,2010.0,15,15,15,15
6237,15,162.13,0.8873,57.1306,10.1315,1.83,2.18,83.5,113.0,3.4,2017.0,15,15,15,15
2029,15,7.25,0.9293,52.539,8.8,1.08,1.97,114.0,71.0,2.0,2005.0,15,15,15,15
522,15,179.28,0.7869,53.2436,8.7392,1.19,1.35,138.0,82.0,2.8,,0,0,14,0
1498,15,142.15,0.8158,52.9513,10.6481,2.66,2.17,100.0,74.0,1500.0,,14,0,14,0
1523,15,27.09,0.9505,55.4621,8.5241,2.9,3.13,118.0,164.0,8000.0,2020.0,2,2,2,2
1540,15,79.48,0.9156,56.654,9.0727,3.2,0.56,41.0,44.0,600.0,,0,0,0,0
2923,15,149.86,0.9036,50.1632,2.1285,3.21,2.93,80.0,90.0,2000.0,2012.0,15,15,15,15
4216,15,174.22,0.8216,61.1773,15.3849,1.96,2.3,80.0,90.0,2000.0,2009.0,15,15,15,15
2743,15,103.24,0.957,46.1107,-0.837,7.63,1.92,99.5,71.0,4250.0,2008.0,7,7,15,7
6039,15,21.56,0.7621,52.6575,10.4189,2.51,2.11,84.0,82.0,3600.0,,15,0,15,0
2097,15,171.14,0.6456,56.7067,9.874,4.54,3.44,50.0,43.0,600.0,,0,0,0,0
1226,15,59.22,0.9317,49.5741,10.1632,5.7,3.1,149.0,82.0,2300.0,,1,0,10,0
1215,15,127.73,0.8623,50.4603,-4.8318,9.78,5.52,100.0,80.0,2.0,,5,0,5,0
2790,15,41.65,0.8691,53.3197,15.156,2.37,1.25,108.0,90.0,2300.0,,0,0,15,0
4554,15,98.14,0.9647,46.8537,-0.2183,4.74,0.87,93.0,117.0,3300.0,2016.0,15,15,15,15
527,15,52.79,0.9596,49.7724,10.1136,4.86,2.61,175.0,90.0,2000.0,2006.0,4,9,11,5
6391,15,140.18,0.8702,52.1792,16.4119,3.08,2.09,91.0,117.0,2000.0,,0,0,15,0
6360,15,169.13,0.8729,55.1045,-3.1095,1.43,1.99,80.0,80.0,2000.0,,0,0,15,0
4177,15,16.57,0.8024,48.7609,10.1729,1.7,1.89,141.0,117.0,2400.0,,0,0,15,0
4487,15,31.86,0.6004,50.603,23.7359,3.52,2.05,,,2000.0,2015.0,0,0,14,15
519,15,175.89,0.8846,51.9506,7.849,2.41,3.57,162.5,40.0,5700.0,2024.0,6,0,6,6
2981,15,169.45,0.9443,52.1189,11.8566,1.1,2.26,105.0,90.0,2000.0,,0,0,0,0
4037,15,178.55,0.9465,54.1478,9.4214,1.23,2.7,125.0,114.0,3200.0,,3,0,15,0
6462,15,13.7,0.7304,57.4533,13.541,2.62,1.93,120.0,130.0,3600.0,2018.0,15,15,15,15
4000,15,176.11,0.9601,54.2027,9.3137,1.03,3.01,92.5,112.0,4200.0,2021.0,4,0,4,1
123,15,55.66,0.8057,50.9318,12.6583,1.7,1.03,60.0,43.0,2000.0,,0,0,5,0
1061,15,130.87,0.6378,52.401,14.4387,3.98,2.56,105.0,90.0,2000.0,2009.0,0,0,14,15
1554,15,167.32,0.8913,54.1664,12.6772,1.07,1.52,100.0,71.0,2.0,,6,0,7,0
2079,15,174.06,0.8823,55.2035,-1.5604,2.25,3.15,66.0,87.0,2000.0,,0,0,14,0
1341,15,159.54,0.9741,52.5516,8.432,2.36,3.66,166.0,160.0,5560.0,2012.0,15,15,15,6
1304,15,123.61,0.8315,51.6845,12.9503,3.95,1.92,53.5,70.5,1500.0,,0,0,2,0
2650,15,78.4,0.982,38.9092,-2.3459,3.81,0.72,68.3,90.0,2000.0,,0,0,0,0
1298,15,60.96,0.8281,42.057,-4.5345,2.85,1.63,68.3,90.0,2000.0,,0,0,0,0
4786,15,72.4,0.9961,47.0254,4.648,5.57,1.2,80.0,100.0,2000.0,2015.0,15,15,15,15
5925,15,15.02,0.8599,53.162,15.1914,3.18,4.03,108.0,90.0,2500.0,,0,0,15,0
4263,15,174.17,0.9224,50.1589,17.7855,2.33,3.74,,,2000.0,,0,0,15,0
212,15,173.66,0.9091,53.0409,13.2247,0.98,1.93,80.0,70.5,1500.0,2002.0,0,0,15,15
214,15,105.74,0.6909,51.5538,12.2897,1.44,0.82,65.0,47.0,0.7,,0,0,12,0
4490,15,11.29,0.9092,55.9322,-5.4858,0.78,1.15,55.0,52.0,850.0,,0,0,0,0
1152,15,36.12,0.8425,64.0382,15.7612,3.29,1.67,95.0,90.0,2000.0,2010.0,15,15,15,15
1943,15,1.25,0.8734,53.0585,13.9882,0.75,1.21,164.0,149.0,3200.0,2017.0,3,2,15,15
6198,15,137.93,0.6785,50.5165,18.5718,4.22,2.86,190.0,,,,14,0,0,0
1329,14,92.85,0.9413,42.9355,-8.9628,2.98,0.58,41.7,55.0,1300.0,,0,0,0,0
4839,14,148.99,0.8484,48.5699,3.6337,1.95,1.86,95.0,100.0,2000.0,2014.0,14,14,14,14
6581,14,15.61,0.9739,54.3721,-5.9829,3.81,7.64,21.3,28.0,225.0,,0,0,0,0
6649,14,122.57,0.971,51.7955,-5.0591,8.4,3.41,42.5,56.0,1000.0,,0,0,0,0
6560,14,77.01,0.9323,43.0717,-9.012,4.4,1.08,87.0,74.0,3600.0,,14,0,14,0
3778,14,110.39,0.8016,49.6454,8.054,4.22,1.92,140.0,112.0,3.1,2013.5,14,14,14,14
3887,14,156.03,0.8777,56.381,-5.2758,0.95,0.79,35.0,44.0,0.6,,14,14,14,0
3779,14,139.94,0.874,49.9376,10.1134,3.53,2.57,190.0,117.0,2.4,2013.0,2,0,7,2
3814,14,165.63,0.9081,50.9574,10.5411,1.31,2.33,137.0,112.0,3000.0,2021.0,5,0,14,1
4988,14,172.48,0.7669,56.5646,-3.8762,1.39,1.25,110.0,93.0,2300.0,,14,0,14,0
2162,14,168.69,0.9389,50.4972,11.8144,1.54,2.82,110.0,85.0,1750.2,2021.0,1,0,2,1
4904,14,155.85,0.9697,50.7992,9.3421,3.1,3.85,137.0,126.0,3450.0,2016.0,8,0,11,8
3102,14,176.33,0.9029,43.434,2.5533,1.67,2.71,78.0,87.0,2000.0,2017.0,14,8,14,14
267,14,24.15,0.9545,48.6595,9.8456,2.85,3.54,199.0,80.0,2.8,,3,0,13,0
5074,14,4.37,0.7033,46.3231,0.5545,2.64,3.09,100.0,100.0,2000.0,2017.0,14,14,14,14
4822,14,81.08,0.9084,49.6196,2.2108,6.4,1.52,87.0,82.0,2000.0,2017.0,14,14,14,14
4823,14,10.83,0.9902,49.7162,2.0204,1.58,4.61,98.0,110.0,2200.0,2025.0,14,9,14,9
5772,14,150.8,0.9293,59.274,-2.8893,4.92,4.01,45.0,44.0,900.0,,0,0,0,0
5760,14,33.93,0.9642,38.8255,-3.3102,3.29,4.29,67.0,82.0,2000.0,,14,14,14,0
4910,14,35.81,0.9763,53.6569,-0.7986,2.62,2.02,110.0,92.5,2.0,,12,0,12,0
661,14,21.19,0.6387,52.4738,9.1282,1.96,1.52,149.0,82.0,3000.0,,1,0,1,0
3963,14,139.6,0.6592,49.58,7.7295,3.43,1.95,98.0,71.0,2.0,2006.0,14,14,14,14
1634,14,12.52,0.8724,56.9573,10.0053,2.25,2.19,48.0,48.0,750.0,,0,0,0,0
2541,14,171.95,0.9156,55.8027,8.2923,2.67,3.84,99.0,162.0,6.2,2022.0,5,5,5,5
2495,14,156.57,0.8769,65.2138,21.7115,2.09,1.78,80.0,90.0,2500.0,2008.0,14,14,14,14
3094,14,59.86,0.9637,49.7072,2.2438,3.93,1.57,90.0,97.0,2000.0,2017.0,14,14,14,9
5717,14,63.77,0.7508,57.4809,-2.8855,4.15,1.8,78.0,92.0,2350.0,,0,0,0,0
5254,14,6.17,0.8365,56.7482,-2.5549,4.49,5.22,65.0,80.0,2500.0,,0,0,0,0
5555,14,117.34,0.9834,47.034,2.0931,6.06,2.48,91.5,117.0,2400.0,2019.0,14,14,14,14
3399,14,24.7,0.8687,51.4736,13.3347,1.43,1.79,139.0,126.0,3450.0,,0,0,0,0
3378,14,0.96,0.9337,51.7611,-3.6494,1.54,3.46,70.0,80.0,1670.0,,0,0,0,0
5267,14,174.96,0.737,54.9748,-4.7061,1.65,1.5,137.0,62.0,2900.0,,14,0,14,0
325,14,153.04,0.7948,53.5956,8.5541,2.08,1.53,103.0,98.5,3.0,,4,10,11,0
3167,14,23.37,0.8127,51.5767,12.2308,1.25,1.25,100.0,80.0,6000.0,2025.0,0,0,2,2
1015,14,178.46,0.8161,52.5497,7.6213,1.51,1.85,135.0,141.0,4000.0,,8,0,8,0
5549,14,151.29,0.9038,49.6049,2.5055,1.4,1.46,108.0,82.0,2300.0,2018.0,14,14,14,14
5559,14,46.05,0.7512,49.8375,3.5262,3.58,2.43,80.0,105.0,3450.0,2019.0,11,11,14,11
6983,14,174.29,0.9283,53.3869,12.0848,1.32,2.51,135.4,101.0,3000.0,,0,0,0,0
6987,14,24.71,0.871,54.6052,17.4441,1.99,1.75,98.0,82.0,2200.0,,0,0,14,0
36,14,87.09,0.9387,50.818,6.0249,3.93,0.84,139.0,120.0,1.6,,5,5,2,0
0,14,176.47,0.9617,52.626,0.7362,1.48,3.35,80.0,90.0,1800.0,,0,0,0,0
3379,14,146.78,0.9237,55.6302,-5.5483,3.85,2.9,46.0,66.0,1750.0,,0,0,0,0
5622,14,92.48,0.7306,42.0767,-1.024,5.84,3.02,85.0,130.0,3800.0,,13,13,14,0
1362,14,26.15,0.9549,53.3752,-4.3444,1.29,1.21,25.0,37.0,0.4,,0,0,14,0
975,14,169.91,0.9021,52.855,8.5158,1.33,2.24,207.0,115.7,2.3,2010.5,6,6,14,14
974,14,70.16,0.9183,48.6191,8.4627,2.68,0.89,170.0,90.0,2000.0,2007.0,14,0,14,14
763,14,159.09,0.8286,52.1088,10.7033,1.42,1.45,66.8,66.0,1500.0,,0,0,0,0
5709,14,134.96,0.995,40.8125,-2.5491,1.97,1.6,78.0,82.0,2000.0,,14,14,14,0
262,14,2.37,0.9362,49.5857,8.2886,0.96,2.24,108.0,81.0,2.0,2010.0,14,14,14,13
2454,14,48.3,0.9416,46.1723,-0.0188,3.98,2.86,110.0,82.0,2000.0,2010.0,5,5,14,9
377,14,175.01,0.9321,53.0376,14.0477,1.6,3.25,164.0,156.0,3200.0,2017.0,4,4,14,11
260,14,145.58,0.8242,51.0151,12.9234,3.07,2.02,69.0,52.0,2000.0,,2,1,7,0
5065,14,179.33,0.9842,46.2416,-0.8671,0.69,3.89,82.0,82.0,1500.0,2017.0,14,14,14,14
3724,14,139.82,0.8753,42.555,-6.3456,1.93,1.52,68.3,90.0,2000.0,,0,0,0,0
182,14,26.45,0.6886,53.3185,10.109,2.79,2.73,115.0,92.5,1650.3,,1,0,2,0
6476,14,28.03,0.9579,43.7157,2.9976,2.2,2.48,64.0,71.0,2300.0,2022.0,14,14,14,14
1065,14,147.79,0.6591,50.0444,10.3497,2.29,1.99,108.0,82.0,2300.0,2012.0,14,14,14,14
4546,14,139.65,0.8578,51.8582,20.0081,4.6,3.52,,,2000.0,,0,0,13,0
1580,14,160.48,0.6932,54.6829,11.7657,4.41,2.91,45.0,48.0,0.8,2000.0,12,12,12,12
181,14,18.93,0.8515,52.4663,7.783,2.93,2.57,120.0,77.0,2500.0,,4,0,5,0
6350,14,0.1,0.8939,43.4975,-6.6475,2.59,4.38,93.0,80.0,2625.0,,14,0,14,0
617,14,60.9,0.9797,50.6982,7.9411,4.02,1.47,42.0,30.0,0.2,1997.0,14,14,14,7
4581,14,29.27,0.9695,47.0075,1.8746,4.24,4.3,67.0,90.0,2000.0,2013.0,14,14,14,14
2915,14,56.22,0.7616,50.8057,9.1376,4.23,2.58,50.0,43.0,600.0,,0,0,5,0
2906,14,161.11,0.7703,47.9777,5.368,1.82,1.73,94.0,92.0,2000.0,2010.0,14,14,14,14
2119,14,124.46,0.9404,53.251,8.6331,4.05,2.01,143.0,114.0,3200.0,2015.0,0,0,2,2
1531,14,34.69,0.8822,57.5918,10.3408,5.26,3.43,44.5,50.0,0.8,2000.0,10,10,10,10
2708,14,179.73,0.8501,46.657,-0.4675,2.21,3.81,103.0,90.0,2000.0,2011.0,9,9,14,5
1502,14,176.59,0.5515,51.2867,9.2149,1.67,1.23,114.0,71.0,600.0,,0,0,5,0
6414,14,162.14,0.7859,63.4006,16.7857,3.22,2.41,,,,,0,0,0,0
1077,14,168.01,0.9421,51.0981,5.098,1.63,2.89,112.0,77.0,2000.0,,0,0,13,0
2168,14,26.85,0.9457,56.687,9.7412,4.57,3.48,83.5,113.0,1501.6,2016.0,5,5,10,5
241,14,47.2,0.8521,53.9915,13.3044,1.63,1.07,85.0,112.0,0.7,,0,0,7,0
5950,14,179.51,0.8687,53.85,19.3207,2.81,4.75,,,3385.0,,0,0,0,0
488,14,161.03,0.9781,53.0615,8.3882,1.53,2.5,98.0,70.0,1800.0,,0,0,0,0
2678,14,129.05,0.9704,38.9356,-2.2954,4.91,2.66,80.0,92.5,2000.0,,0,0,0,0
4724,14,77.88,0.8793,53.1459,10.6385,3.77,1.14,164.5,71.0,4450.0,,10,0,10,0
1235,14,132.0,0.8049,52.1767,7.1938,4.57,2.98,179.0,82.0,6800.0,,3,0,3,0
1236,14,15.15,0.9454,54.4118,9.5752,1.41,2.11,65.0,70.0,1500.0,,0,0,0,0
493,14,7.25,0.6727,50.3805,9.5797,3.07,2.62,165.0,150.0,1750.0,,2,2,14,0
2076,14,77.94,0.8264,51.9137,11.5499,4.43,1.6,60.7,80.0,2000.0,,0,0,0,0
4061,14,26.02,0.9544,53.4529,8.7105,2.38,2.52,98.3,103.0,2750.0,,0,0,0,0
4043,14,25.87,0.7865,55.2214,-4.0558,1.09,1.08,47.1,62.0,1300.0,,0,0,0,0
2980,14,25.26,0.8602,52.2174,11.8314,1.61,1.81,166.0,90.0,4200.0,2024.0,4,0,4,4
2998,14,174.2,0.9338,48.0748,-3.7543,2.28,5.13,120.5,70.0,2050.0,2012.0,14,5,14,5
2893,14,86.46,0.8722,48.1853,2.1287,3.63,1.37,80.0,90.0,3000.0,2008.0,6,6,14,1
6148,14,99.16,0.5648,43.3691,-7.3066,4.54,2.58,67.0,80.0,3000.0,,0,0,1,0
6147,14,172.55,0.7529,43.31,-7.4228,1.52,1.72,33.4,44.0,3.5,,0,0,13,0
2821,14,128.98,0.8353,52.156,0.3006,2.01,1.13,75.0,90.0,2000.0,,0,0,0,0
1993,14,166.66,0.7523,51.4486,13.4798,1.29,1.09,105.0,90.0,2000.0,,0,0,0,0
6201,14,13.8,0.8938,52.8226,6.9807,1.6,2.27,138.0,82.0,3600.0,,0,0,14,0
4452,14,21.81,0.9586,47.3755,6.2416,2.8,3.63,112.0,120.0,2780.0,2016.0,14,14,14,14
2856,14,39.73,0.9165,59.2109,-2.6773,5.07,3.17,60.7,80.0,2000.0,,0,0,0,0
199,14,161.33,0.8896,51.0988,10.8245,1.13,1.64,157.5,112.0,3000.0,2020.5,6,2,14,6
2879,14,0.94,0.8092,39.6744,-2.0679,1.67,2.41,78.0,90.0,2000.0,,14,0,14,0
2810,14,173.83,0.6189,53.8778,13.4353,1.39,1.17,99.0,101.0,3000.0,,0,0,0,0
193,14,24.75,0.658,51.2408,14.1545,1.5,1.22,85.0,77.0,1500.0,2002.0,14,14,14,14
601,14,156.88,0.9998,41.7507,-2.1914,0.87,1.51,46.3,77.0,1500.0,,0,14,14,0
1931,14,149.54,0.6749,51.0685,6.0465,1.25,0.91,118.0,70.0,1800.0,,5,0,11,0
4406,14,2.29,0.9086,47.6548,3.4554,1.52,2.89,80.0,100.0,2300.0,2014.0,0,0,14,14
151,14,104.01,0.7161,51.6519,9.2914,3.64,1.03,98.0,28.0,600.0,,1,0,13,0
1130,14,132.25,0.7965,51.0154,6.7131,2.75,1.71,166.0,70.5,3450.0,2022.0,2,0,5,1
1193,14,179.86,0.9731,50.2171,6.4975,1.53,5.12,84.5,70.0,1.5,2002.5,14,14,14,14
4251,14,14.05,0.8068,53.6289,11.1224,1.23,1.26,108.0,82.0,2300.0,,0,0,0,0
2291,14,157.49,0.7892,38.8975,-1.7758,1.21,1.34,39.5,52.0,850.0,,0,0,0,0
312,14,21.25,0.7727,52.5191,10.7457,1.51,1.57,125.0,80.0,2000.0,,3,0,14,0
295,14,172.58,0.9432,49.73,9.6095,0.68,1.57,70.0,54.0,0.8,,0,0,3,0
2875,14,175.89,0.8307,49.9817,1.6374,2.7,3.37,80.0,82.0,2000.0,2011.0,14,14,14,11
1408,14,2.85,0.9659,52.2429,10.2498,0.7,1.92,70.0,54.2,1000.0,,0,0,0,0
103,14,39.38,0.8401,52.9903,8.6657,5.18,2.23,68.3,90.0,2000.0,,0,0,5,0
71,14,173.7,0.8565,52.2198,9.6723,1.06,1.44,100.0,92.5,2050.0,,0,0,0,0
1400,14,3.39,0.87,53.62,11.9047,0.97,1.35,85.0,77.0,1500.0,,0,0,0,0
1403,14,164.56,0.8301,53.5925,11.8739,1.09,1.13,63.0,40.3,2050.0,,0,0,6,0
821,14,58.24,0.954,60.2654,14.2144,5.19,1.86,80.0,90.0,2000.0,2007.0,14,14,14,14
818,14,45.03,0.7616,49.4931,10.078,3.75,2.73,139.0,120.0,2500.0,,0,1,1,0
6927,14,2.46,0.5655,41.3861,-0.8508,3.45,3.12,101.0,158.0,5500.0,,14,14,14,0
830,14,126.99,0.8316,48.2705,7.9111,5.91,3.19,182.5,160.0,2750.0,2023.0,14,7,14,6
1699,14,157.04,0.9805,55.821,8.5442,3.05,3.47,45.0,47.0,0.7,1998.0,13,13,13,13
1690,14,13.51,0.8084,52.6627,10.543,1.53,1.61,87.8,115.7,3000.0,,0,0,0,0
3466,14,31.61,0.5844,51.6644,18.4029,4.23,3.12,105.0,90.0,2000.0,,0,0,0,0
919,14,15.45,0.9654,50.0848,12.0938,2.1,3.68,139.0,120.0,2750.0,,0,0,0,0
70,13,59.24,0.9718,52.2761,9.9139,3.12,1.08,67.0,66.0,1500.0,,0,0,0,0
3276,13,10.79,0.9229,52.6503,11.588,1.28,2.38,35.7,47.0,3075.0,,0,0,13,0
1675,13,47.83,0.8963,56.443,8.4793,4.3,1.96,47.8,54.2,660.0,2000.0,8,8,0,8
3430,13,24.7,0.8785,53.9518,-1.9452,3.33,3.23,60.0,80.0,2000.0,,0,0,0,0
3283,13,172.75,0.612,52.9205,13.2905,1.39,0.99,98.0,71.0,2000.0,2005.0,0,0,13,11
6826,13,21.31,0.9275,38.7316,-1.7057,2.35,3.6,35.7,47.0,660.0,,0,0,0,0
3287,13,147.02,0.533,52.4768,12.0987,1.71,1.01,108.0,82.0,2000.0,,0,0,0,0
1765,13,43.37,0.8494,52.3072,-4.0215,2.9,1.62,40.0,52.0,850.0,,0,0,0,0
1769,13,90.47,0.7982,43.1878,-8.8441,1.61,0.58,59.0,55.0,1300.0,,0,0,7,0
3261,13,174.28,0.9863,49.1675,7.4815,1.23,4.25,138.0,82.0,2.3,2013.0,13,13,13,13
3538,13,178.64,0.8448,48.342,5.3814,1.9,2.5,100.0,92.5,2000.0,,0,0,13,0
3220,13,56.8,0.8647,58.2011,-6.4212,8.64,4.18,9.0,60.0,850.0,,2,0,3,0
381,13,146.37,0.7875,52.801,11.4068,2.41,2.24,85.0,77.0,1500.0,,0,0,13,0
5196,13,151.95,0.6847,53.226,14.6917,1.54,1.16,78.0,90.0,2000.0,,0,0,13,0
5147,13,177.63,0.5657,54.545,9.3057,2.69,1.87,81.0,114.0,3900.0,,2,0,4,0
6810,13,154.28,0.9859,42.9631,9.3887,1.81,2.47,45.0,44.0,0.9,,13,13,13,0
6814,13,39.53,0.974,39.9481,-6.2233,4.13,3.86,,,4500.0,,0,0,13,0
361,13,102.43,0.8863,52.3879,9.5021,2.6,0.78,128.2,62.0,0.7,2008.5,2,0,6,2
5109,13,9.82,0.842,51.2949,4.9251,1.41,2.17,150.0,100.0,2250.0,,5,4,8,0
5678,13,162.83,0.6576,53.6091,8.7908,1.95,1.47,119.0,114.0,3400.0,,12,0,13,0
5745,13,63.82,0.8638,54.6071,-6.0437,7.66,4.13,64.0,71.0,2300.0,,0,0,0,0
257,13,173.06,0.9844,53.3197,8.8192,1.01,3.06,65.0,43.0,0.7,2001.0,5,0,6,6
372,13,13.49,0.8484,54.3418,8.7204,4.55,4.24,40.0,39.0,0.5,,0,0,11,0
3747,13,148.44,0.785,51.9004,1.1137,3.35,2.86,59.0,92.5,2050.0,,0,0,0,0
3739,13,39.41,0.9414,58.6021,12.501,6.4,4.16,78.0,60.0,1400.0,2007.0,13,13,12,13
3109,13,29.23,0.8874,52.4279,-1.1529,2.96,2.16,80.0,90.0,2000.0,,0,0,0,0
1907,13,130.51,0.6283,54.6666,11.8883,4.79,2.07,49.0,52.0,0.9,2003.0,3,3,4,3
6578,13,85.54,0.6925,39.0193,-2.2689,3.15,1.56,120.0,131.0,3000.0,,13,0,13,0
2435,13,68.35,0.8349,56.1464,8.6822,6.08,1.97,47.9,54.2,1.0,2000.0,12,12,12,12
1140,13,94.08,0.8023,50.4085,4.0782,4.61,1.72,198.0,127.0,7500.0,,11,0,0,0
2884,13,112.98,0.947,43.2297,-7.788,2.91,0.96,62.2,82.0,2300.0,,0,0,0,0
4298,13,117.98,0.5724,41.8671,-0.5343,2.6,1.36,68.3,90.0,1800.0,,0,0,0,0
4347,13,175.53,0.6463,59.3597,12.0535,2.26,1.59,124.0,112.0,3000.0,2014.0,13,13,13,13
1192,13,4.14,0.8766,53.7255,-0.9282,1.79,2.13,59.0,82.0,2050.0,,0,0,0,0
174,13,15.34,0.9236,52.0885,8.8332,1.91,2.58,119.0,60.0,2975.0,,1,0,2,0
146,13,176.63,0.915,51.9579,11.3537,0.95,1.89,69.0,62.0,2300.0,2026.0,0,0,10,3
1948,13,133.74,0.7904,57.1072,8.6462,5.36,2.37,43.5,42.0,0.6,1998.0,11,11,11,11
607,13,125.93,0.836,51.6567,14.2828,3.06,1.63,169.0,126.0,5600.0,,4,0,4,0
4413,13,119.72,0.8274,51.5081,19.6314,5.34,3.09,50.1,66.0,1750.0,,0,0,0,0
4482,13,172.06,0.8985,57.5361,-1.9561,4.94,5.89,36.4,48.0,800.0,,0,0,0,0
4426,13,42.1,0.6338,52.7106,18.1894,4.43,2.18,40.2,53.0,850.0,,0,0,0,0
6254,13,107.33,0.8036,39.2457,-1.1355,3.38,1.35,53.9,71.0,3830.0,,0,0,13,0
2013,13,11.25,0.9394,49.433,6.988,2.17,3.48,119.0,115.0,3.0,2013.5,13,13,13,8
6242,13,1.39,0.9764,56.5404,13.2354,1.65,4.45,98.0,103.0,2500.0,2013.0,13,13,13,13
1994,13,115.78,0.8793,55.8605,11.6375,6.71,3.38,45.0,47.0,660.0,,0,0,0,0
2871,13,7.75,0.9817,37.0229,-2.2519,1.16,4.27,70.6,93.0,2300.0,,0,13,13,0
4408,13,154.6,0.7155,47.5722,3.9361,1.77,1.54,125.0,110.0,2200.0,2018.0,13,13,13,13
2934,13,155.28,0.9925,42.7235,-7.8848,1.71,2.19,56.2,74.0,1670.0,,0,0,0,0
4089,13,51.81,0.757,54.1232,9.4992,2.32,1.05,149.0,101.0,3000.0,,12,0,0,0
2968,13,21.37,0.8859,36.6867,-6.2288,1.02,1.75,60.7,80.0,1670.0,,0,13,13,0
1119,13,101.76,0.8726,51.7859,8.0991,3.9,1.29,125.0,43.0,5700.0,,5,0,5,0
4160,13,177.61,0.8945,51.1851,15.0748,1.22,2.39,105.0,100.0,2000.0,,0,0,13,0
2965,13,19.87,0.9914,37.1699,-4.8446,1.24,2.73,67.0,90.0,2000.0,,0,0,13,0
6322,13,11.62,0.9389,57.9829,12.517,2.77,3.7,122.0,155.0,5800.0,2022.0,13,13,13,13
6324,13,1.88,0.9506,51.8865,17.5616,2.45,5.62,40.2,52.9,800.0,,0,0,0,0
641,13,55.7,0.6694,49.9346,11.0965,1.94,0.99,140.0,100.0,2500.0,,0,0,13,0
4510,13,20.93,0.7572,56.1691,12.7626,1.58,1.25,75.0,103.0,2850.0,2016.0,13,13,13,13
4489,13,16.31,0.6882,57.9939,-4.3552,1.89,1.4,60.0,80.0,2500.0,2026.0,0,0,3,10
517,13,6.13,0.6913,51.1532,6.6161,1.54,1.24,165.0,82.0,4175.0,,3,0,6,0
2014,13,177.37,0.8174,49.436,7.2061,1.59,2.04,139.0,120.0,2.8,2025.0,13,13,13,5
1588,13,16.59,0.8052,56.6656,8.2288,2.65,2.35,78.8,82.4,2.3,2003.0,12,12,12,12
2823,13,116.87,0.7334,46.5041,-1.1513,1.63,0.86,55.0,58.0,850.0,2010.0,13,13,13,13
3673,13,179.68,0.8944,52.6068,13.7825,1.04,1.9,105.0,90.0,2000.0,2004.0,0,0,13,13
3696,13,23.18,0.9517,51.7433,18.9512,2.64,2.91,55.0,48.0,600.0,,0,0,0,0
3679,13,126.66,0.7729,49.8589,11.5242,3.68,1.59,140.0,101.0,3000.0,,3,0,2,0
3125,13,1.85,0.9797,53.14,8.3999,1.25,3.93,138.0,82.0,2300.0,,0,0,0,0
1044,13,72.52,0.7606,52.7602,10.5555,2.41,1.18,98.3,100.0,2850.0,,0,0,0,0
424,13,26.06,0.7411,54.729,8.7518,1.95,1.56,82.0,104.0,3600.0,,3,0,13,0
6710,13,178.98,0.9044,57.3479,-2.501,3.47,5.2,38.7,51.0,800.0,,0,0,0,0
1633,13,131.83,0.821,51.4634,9.2314,1.84,1.44,139.0,120.0,1500.0,2019.5,0,0,13,2
5019,13,118.19,0.942,52.6415,-0.0319,2.69,1.18,60.0,80.0,2000.0,,0,0,0,0
5007,13,21.87,0.8785,53.7157,-2.3855,2.09,1.93,80.0,82.0,2050.0,,0,0,0,0
5037,13,113.36,0.8212,55.2631,-1.616,2.78,1.06,79.0,92.5,2050.0,,0,0,0,0
1460,13,137.45,0.6926,57.3404,9.8295,4.44,2.25,45.0,48.0,0.8,1999.0,8,8,8,8
1462,13,5.96,0.9725,54.2781,10.8132,0.86,2.33,93.0,71.0,3200.0,,8,0,8,0
2156,13,103.15,0.6115,55.0632,14.8795,6.86,2.56,60.0,60.0,1.3,2002.0,8,8,8,8
2687,13,45.66,0.877,51.0146,12.165,2.04,1.54,164.0,71.0,4800.0,,7,0,8,0
3930,13,71.84,0.9768,58.7974,11.2693,5.94,1.3,55.0,48.0,800.0,2007.0,13,13,13,13
4005,13,22.28,0.6867,52.8052,9.613,1.93,1.68,108.0,82.0,2.0,,0,0,1,0
1603,13,155.7,0.8142,56.3048,10.1749,3.92,3.09,46.0,48.0,600.0,,0,0,0,0
6025,13,43.47,0.9848,41.2134,-0.9136,4.12,2.99,85.0,130.0,3800.0,,13,13,13,0
1528,13,7.21,0.9952,36.8663,-4.8311,0.35,1.7,66.0,87.0,2000.0,,0,0,13,0
1544,13,17.27,0.7734,49.5303,7.6003,2.17,2.09,149.0,101.0,3.0,2014.0,13,13,13,13
1267,13,5.52,0.9749,53.191,10.3761,1.11,3.13,65.0,70.0,2.8,2004.0,13,13,13,11
2109,13,3.94,0.9868,54.9065,9.3694,1.18,3.18,45.0,47.0,660.0,,0,0,0,0
6045,13,62.94,0.9219,57.4247,-2.1318,5.82,1.92,61.5,81.0,2300.0,,0,0,0,0
6247,13,153.24,0.7818,54.9293,-6.8287,1.76,1.46,80.0,81.0,2500.0,,13,0,13,0
1255,13,5.97,0.8053,48.3359,1.9659,1.48,2.13,78.0,82.0,2300.0,2011.0,8,8,13,8
716,13,165.76,0.9346,51.8689,9.8942,2.57,3.1,103.2,58.0,1000.0,,2,0,13,0
717,13,174.88,0.9658,50.7889,8.1427,1.66,5.33,122.5,113.0,2300.0,2013.0,8,7,11,8
3907,13,92.63,0.9494,58.1163,13.706,7.7,1.17,105.0,90.0,2000.0,2010.0,13,13,13,13
6661,13,172.32,0.9718,50.9278,22.8451,2.08,4.09,,,,,0,0,0,0
3760,13,85.97,0.8611,49.3113,10.1345,4.83,1.59,200.0,126.0,3.3,2016.0,3,0,3,3
3801,13,93.42,0.6424,55.8565,8.3281,3.02,1.2,83.5,108.0,3300.0,2013.5,12,12,12,12
3854,13,113.19,0.9637,51.0054,5.234,6.29,1.88,84.0,70.0,3000.0,2012.0,1,1,5,1
4884,13,5.54,0.983,53.6549,8.7384,1.31,4.37,135.0,101.0,5000.0,,0,0,7,0
4918,13,6.36,0.9907,50.6164,3.3228,0.88,3.14,75.9,100.0,2200.0,,0,0,0,0
4919,13,152.07,0.8458,55.7602,-4.4735,4.09,4.03,80.0,90.0,2300.0,,0,0,0,0
4836,13,172.5,0.946,49.2804,4.424,1.11,2.64,94.0,112.0,3300.0,2015.0,13,13,13,13
453,13,168.06,0.5697,52.611,13.7054,1.79,1.15,160.0,138.0,1500.0,2004.0,2,2,13,13
232,13,178.61,0.9332,52.6918,9.5217,0.88,1.82,105.0,90.0,2.0,,10,10,11,0
4730,13,47.68,0.709,52.506,18.4246,5.01,3.54,22.8,30.0,300.0,,0,0,0,0
469,13,78.31,0.7414,51.2537,6.5877,3.88,2.29,62.0,80.0,2000.0,,2,0,13,0
473,13,69.51,0.6922,50.7608,12.6832,1.59,0.77,87.0,54.0,2.4,2005.0,8,0,13,6
497,13,95.17,0.7515,54.4555,9.0376,6.12,1.89,15.0,104.0,3.4,,1,0,9,0
2615,13,109.86,0.6058,53.5565,-1.7903,6.41,2.74,59.0,82.0,2050.0,,0,0,0,0
3034,13,174.97,0.9484,48.148,-2.9516,1.77,3.57,105.0,136.0,2000.0,2024.0,5,5,13,5
1505,13,115.9,0.8397,51.7124,11.9111,3.52,1.47,67.0,66.0,3600.0,,0,0,6,0
1488,13,7.68,0.9391,53.6311,9.0469,1.45,2.57,64.0,71.0,2000.0,,0,0,0,0
2069,13,160.66,0.6096,50.4062,9.3153,2.19,1.78,175.0,172.0,7200.0,,12,12,13,0
1245,13,109.94,0.6263,52.99,11.1862,1.33,0.72,64.0,71.0,2000.0,,0,0,0,0
6455,13,1.08,0.6129,55.4943,-3.9689,2.31,1.69,68.3,90.0,4800.0,,0,0,13,0
1892,13,37.57,0.9988,44.157,2.8896,2.51,2.35,64.0,70.0,2300.0,2007.0,13,13,13,13
6517,13,169.68,0.7573,57.2209,15.196,2.48,2.29,99.0,101.0,2300.0,2012.0,13,13,13,13
5349,13,167.16,0.6383,57.3917,-3.8958,1.77,1.22,75.0,100.0,3000.0,,0,0,13,0
2391,13,9.01,0.6169,55.0845,8.868,2.93,2.55,46.0,44.0,750.0,,0,0,0,0
5379,13,21.35,0.9074,52.9453,6.9423,2.8,3.06,145.0,82.0,3900.0,2021.0,13,0,13,13
3461,13,103.76,0.9609,52.5872,7.6593,5.05,1.22,90.0,82.4,3.2,,0,0,4,0
6913,13,142.64,0.8926,53.1895,17.1736,5.71,4.68,100.0,90.0,5500.0,,0,0,9,0
5631,13,29.22,0.9755,41.1901,0.666,1.11,1.25,56.2,74.0,1670.0,,0,0,0,0
2223,13,151.05,0.572,51.6935,18.9942,4.11,3.05,100.0,90.0,2000.0,,0,0,0,0
2210,13,149.84,0.6341,50.4995,2.1011,2.73,3.01,91.5,117.0,3000.0,2022.0,13,12,13,12
5657,13,129.53,0.8341,53.8328,15.9693,5.49,2.94,100.0,100.0,3600.0,,0,0,11,0
5337,13,16.13,0.8862,58.5793,-3.1377,1.69,1.89,74.5,71.0,2300.0,,13,13,0,0
5556,13,18.32,0.936,54.2918,20.0227,2.99,4.31,,,,,0,0,0,0
5580,13,11.26,0.912,49.1037,0.8043,1.8,3.3,86.0,136.0,3000.0,2020.0,7,7,13,7
5552,13,142.83,0.9128,49.5781,2.6472,3.52,2.93,114.4,136.0,3000.0,2024.0,13,13,13,13
1818,13,26.84,0.9762,39.9934,-0.727,0.63,1.01,39.5,52.0,850.0,,0,0,0,0
5463,13,165.53,0.8387,54.8261,9.0132,2.79,3.49,112.0,101.0,3.0,2023.0,4,0,13,4
2034,13,12.09,0.9845,52.6713,8.9352,1.39,3.05,146.0,71.0,2.0,2013.0,2,0,2,1
2306,13,112.94,0.9447,57.0015,9.6937,3.71,1.2,45.0,44.0,750.0,,0,0,0,0
284,13,1.0,0.9837,52.7897,13.4486,0.75,2.93,135.0,47.0,1800.0,2003.0,0,1,10,13
5533,13,48.3,0.6284,52.3114,19.0653,4.67,2.65,105.0,90.0,2000.0,2015.0,0,0,0,13
293,13,178.0,0.8242,52.6204,8.1505,2.12,3.08,80.0,76.0,2000.0,,0,0,8,0
2358,13,174.3,0.9102,52.4727,4.5947,2.88,3.6,80.5,106.0,3450.0,,0,0,9,0
2336,13,53.32,0.628,52.9336,-0.2263,1.75,0.88,59.0,82.0,2000.0,,0,0,0,0
3492,13,160.51,0.9383,52.8811,12.5913,1.67,2.31,95.0,90.0,2300.0,,0,0,11,0
73,13,5.15,0.8225,52.1911,9.7416,1.13,1.55,137.0,76.0,3450.0,,2,0,2,0
5427,13,160.07,0.7284,50.1618,3.5211,2.44,2.24,72.5,105.0,3230.0,2019.0,13,13,13,8
2329,13,170.89,0.7493,52.6458,6.8074,1.66,1.87,149.0,116.0,3450.0,2020.0,9,6,7,13
6874,13,67.63,0.7656,57.8487,14.3683,4.09,1.63,31.0,29.0,225.0,,0,0,0,0
806,13,179.0,0.9934,47.3542,6.6588,0.54,4.02,125.0,90.0,2000.0,2007.0,13,13,13,13
3472,13,58.98,0.8757,56.1827,-3.0887,6.9,3.13,56.2,90.0,2000.0,,0,8,9,0
3489,13,64.76,0.8486,55.8788,13.039,7.97,3.72,65.0,66.0,1800.0,2011.0,12,11,12,12
3491,13,84.79,0.6733,53.8834,-0.3631,3.86,1.27,59.0,82.0,2050.0,,0,0,0,0
6891,12,163.91,0.969,43.8332,3.0828,1.11,2.46,64.0,82.0,2350.0,2024.0,12,12,12,6
6928,12,164.08,0.9158,42.946,-7.6645,2.22,3.84,82.0,136.0,3.3,,12,12,12,0
3506,12,15.44,0.8131,53.9725,19.0343,2.03,1.98,58.4,77.0,1500.0,,0,0,12,0
3249,12,174.28,0.8107,51.7603,-4.5316,1.4,1.62,36.4,48.0,750.0,,0,0,0,0
3510,12,8.0,0.7852,55.8524,12.8205,0.77,0.77,40.0,42.0,600.0,1996.0,12,12,12,12
76,12,11.39,0.9563,53.3889,7.8549,0.93,1.75,98.0,70.0,1800.0,,0,0,0,0
1404,12,170.63,0.9449,52.6119,8.9566,0.92,1.56,64.8,70.0,1800.0,,0,0,0,0
2304,12,99.19,0.8039,57.046,10.2172,3.8,1.25,46.0,48.0,0.6,1997.0,8,8,8,8
1433,12,7.21,0.942,54.2423,-3.1431,0.93,1.42,32.0,34.0,400.0,,0,0,0,0
5458,12,177.28,0.8992,49.8455,3.6083,2.37,3.9,81.0,100.0,2200.0,2018.5,12,12,12,12
5504,12,42.88,0.9131,46.3449,0.0779,4.07,3.13,120.0,117.0,2850.0,2022.0,11,11,11,11
5515,12,8.02,0.9945,47.5926,5.0169,1.19,5.62,153.2,134.0,2750.0,2023.0,12,12,12,6
3344,12,48.77,0.9047,43.3048,-7.2527,3.24,2.04,66.0,87.0,2000.0,,0,0,0,0
556,12,15.01,0.9295,52.117,7.9937,2.6,3.74,169.5,70.0,751.4,2010.0,8,0,8,6
2036,12,177.5,0.9053,48.6231,6.8233,1.32,2.36,80.0,82.0,2000.0,2005.0,12,12,12,12
3221,12,154.07,0.9909,57.4422,-6.4728,1.66,1.83,64.0,71.0,2300.0,,0,0,0,0
3207,12,17.76,0.9578,52.3793,12.021,1.4,2.22,103.9,80.0,2350.0,2005.0,0,5,12,5
3229,12,130.07,0.6929,54.0025,-0.2795,1.43,0.77,80.0,90.0,2500.0,,0,0,0,0
3630,12,110.4,0.7894,56.0743,14.6754,2.55,0.88,73.0,53.0,800.0,2010.0,12,12,12,12
3600,12,176.65,0.7247,49.6453,2.8919,1.59,1.59,95.0,110.0,2000.0,,0,0,12,0
3639,12,126.0,0.9879,36.0535,-5.5133,0.75,0.4,68.3,90.0,0.5,,0,0,12,0
6692,12,16.45,0.9161,51.038,8.4363,1.74,2.32,36.4,48.0,800.0,,0,0,0,0
6665,12,3.49,0.976,57.3857,13.4691,1.62,4.02,119.0,162.0,5600.0,2022.0,12,12,12,12
6668,12,167.3,0.7173,62.2594,15.8714,2.68,1.71,135.0,170.0,6250.0,2023.0,12,12,12,12
1791,12,164.62,0.8369,53.6688,8.5065,0.73,0.84,40.6,39.0,0.5,,12,12,12,0
5540,12,24.02,0.8995,46.0013,-0.4829,2.39,2.51,91.0,100.0,2000.0,2019.0,12,12,12,12
5561,12,132.13,0.9691,47.0847,-0.5379,4.91,3.75,94.0,126.5,2600.0,2024.0,12,12,12,6
2228,12,103.16,0.7128,53.1296,-3.7217,1.39,0.54,50.0,62.0,1300.0,,0,0,0,0
2219,12,49.55,0.9476,51.5485,19.0049,4.5,2.29,100.0,90.0,2000.0,,0,0,0,0
5345,12,20.01,0.7533,57.5111,-3.6107,1.1,0.89,44.0,30.0,2300.0,,0,0,12,0
5358,12,27.08,0.8592,55.0131,-5.0012,2.96,2.72,68.3,90.0,2000.0,,0,0,11,0
5419,12,43.83,0.9036,36.2953,-6.0353,1.67,1.15,68.3,90.0,2000.0,,0,0,12,0
3392,12,73.57,0.9212,51.914,-4.5873,3.64,0.91,35.0,37.0,500.0,,0,0,0,0
6460,12,2.16,0.9507,56.4778,13.4204,1.75,3.24,98.0,103.0,2500.0,2013.0,12,12,12,12
6438,12,142.16,0.9133,63.7289,18.844,3.94,2.23,134.0,131.0,,2020.0,12,12,0,12
134,12,45.36,0.8942,51.4316,9.1689,2.71,1.48,65.0,40.3,1300.0,,0,0,12,0
6465,12,0.4,0.9964,56.6636,16.0699,0.75,6.14,125.0,149.0,4500.0,2021.0,12,12,12,12
1895,12,25.44,0.9879,51.5286,8.4567,3.24,4.93,100.0,100.0,2000.0,2016.0,12,12,12,9
6493,12,17.45,0.8858,62.7811,17.32,2.64,2.55,145.0,149.0,4000.0,2020.5,12,12,12,12
4020,12,19.12,0.7958,52.7595,11.7136,1.53,1.53,138.0,82.0,2.7,,0,0,12,0
1231,12,40.79,0.7338,50.4595,9.2846,2.2,1.74,108.0,82.0,1050.0,1995.0,0,0,12,3
467,12,16.33,0.8139,49.0015,10.762,0.82,1.0,113.5,71.0,2.3,2011.0,0,0,11,12
474,12,176.26,0.8542,51.795,9.8187,1.06,1.61,161.0,158.0,5500.0,2023.0,9,9,9,9
2619,12,4.95,0.9559,38.6633,-1.9167,0.83,2.7,66.0,87.0,2000.0,,0,0,0,0
2622,12,21.16,0.7269,42.7656,-3.9368,1.02,1.11,80.0,90.0,2.0,,0,12,12,0
4791,12,6.36,0.7069,51.1515,12.0663,0.99,0.89,123.0,92.0,2200.0,,0,0,0,0
2659,12,41.9,0.9231,53.1037,10.1789,2.63,2.02,139.0,120.0,2750.0,2017.0,0,0,12,5
5868,12,12.95,0.9013,49.6909,2.1167,1.66,2.15,80.0,100.0,2200.0,2020.0,12,12,12,12
5857,12,123.77,0.9578,42.9855,-7.2579,3.71,1.93,84.0,132.0,3300.0,,12,0,12,0
2171,12,74.25,0.9924,42.6677,-6.2766,3.54,0.72,68.3,90.0,2000.0,,0,0,0,0
228,12,44.64,0.9459,52.3192,7.0759,3.58,2.08,135.0,70.5,3000.0,,3,0,5,0
238,12,70.4,0.7742,52.4926,8.2493,2.5,0.94,135.0,130.0,3300.0,,0,0,12,0
4834,12,150.66,0.7479,48.7752,4.3675,1.32,1.07,92.5,113.0,3200.0,2017.0,12,12,12,12
4817,12,140.82,0.9935,50.3975,1.8411,2.84,2.52,102.0,113.0,3000.0,2017.0,12,12,12,8
4819,12,144.26,0.7823,57.1641,-7.3667,6.75,3.6,53.9,71.0,2300.0,,0,0,0,0
450,12,133.26,0.6286,53.2755,8.1893,1.33,0.75,70.0,58.0,6200.0,,0,0,3,0
4874,12,166.36,0.9609,57.0173,-2.2755,0.81,1.32,30.4,40.0,500.0,,0,0,0,0
4882,12,6.6,0.9745,53.2871,15.2597,1.26,3.21,108.0,90.0,2000.0,,0,0,12,0
4915,12,108.68,0.8689,52.1072,10.4788,2.76,0.94,164.0,117.0,6150.0,,12,0,12,0
6630,12,163.52,0.9669,57.8016,14.6175,2.8,3.82,130.0,150.0,4300.0,2022.0,12,12,12,12
6591,12,103.4,0.9186,43.0835,-7.3608,5.44,1.77,114.0,132.0,3465.0,,12,0,12,0
6569,12,113.2,0.6888,54.2203,9.6506,4.34,1.95,32.6,43.0,4200.0,,0,0,11,0
3764,12,168.95,0.8575,49.5349,4.3297,1.62,2.15,84.5,82.0,2200.0,2010.0,9,9,12,9
709,12,175.23,0.9446,48.8377,10.2168,1.08,2.44,100.0,92.5,2000.0,2007.0,12,12,12,12
3788,12,14.68,0.7063,52.9622,13.2568,1.28,1.11,78.0,80.0,2000.0,2007.5,0,0,12,12
3849,12,139.33,0.8701,58.3914,11.7047,4.48,2.65,100.0,90.0,2000.0,2013.0,11,11,11,11
699,12,52.02,0.8702,52.8527,9.1621,3.24,1.43,149.0,52.0,3300.0,,2,0,2,0
3875,12,49.09,0.8623,56.1204,8.6154,5.15,3.01,91.8,106.5,3.0,2013.0,8,8,8,8
3862,12,170.18,0.9542,52.2309,17.4416,3.12,6.21,150.0,90.0,2000.0,,2,0,0,0
3895,12,20.67,0.8329,54.0302,16.0202,1.78,1.64,100.0,100.0,2500.0,,0,0,0,0
3085,12,58.75,0.9263,47.12,2.0212,3.15,1.87,95.0,100.0,2000.0,,0,0,12,0
4155,12,59.33,0.7042,41.8651,-1.9624,1.68,1.34,58.4,77.0,1500.0,,0,12,12,0
4159,12,179.47,0.833,51.0851,15.024,2.02,2.36,100.0,90.0,2000.0,,0,0,12,0
2901,12,16.6,0.9589,50.3703,9.2267,1.98,3.25,137.5,92.0,2350.0,,8,0,12,0
6248,12,89.63,0.8868,36.3701,-5.3541,2.82,0.95,35.7,47.0,2200.0,,0,0,12,0
1217,12,17.87,0.9761,52.8392,11.234,1.49,2.63,65.0,70.5,3450.0,,0,0,2,0
1258,12,176.86,0.9067,53.567,8.8877,1.03,1.61,36.4,48.0,800.0,,0,0,0,0
2748,12,153.34,0.972,49.7249,7.6015,2.48,3.54,105.5,98.5,2.2,2009.0,12,12,12,12
2720,12,94.71,0.7424,52.3845,7.6456,3.89,1.96,149.0,58.0,4200.0,,6,0,6,0
2727,12,168.27,0.8141,44.811,4.1328,0.7,1.02,81.0,52.0,0.8,,12,0,12,0
2093,12,157.78,0.887,56.8877,9.4921,2.93,2.91,82.0,136.0,4500.0,,6,6,6,0
6038,12,68.23,0.8953,41.96,-1.5558,4.28,1.97,120.0,132.0,3465.0,,12,12,12,0
2059,12,10.22,0.7087,52.4126,8.2285,1.27,1.16,114.5,70.0,1500.0,,0,0,0,0
2054,12,140.72,1.0,12.2623,-68.3264,1.41,1.69,23.5,31.0,0.9,,0,0,12,0
4637,12,57.49,0.9564,47.097,4.7392,3.83,1.41,80.0,100.0,2000.0,2015.0,12,12,12,12
4625,12,152.83,0.9829,49.4868,2.4734,1.99,2.59,53.9,71.0,2300.0,,0,0,12,0
2703,12,154.35,0.596,56.8818,16.8023,2.52,2.03,65.0,71.0,2000.0,2009.0,11,11,11,11
2713,12,79.71,0.6728,58.4338,14.9946,5.72,2.29,65.0,52.0,850.0,2007.5,12,12,12,12
3028,12,142.05,0.9881,48.9839,6.578,3.74,3.42,95.0,90.0,2000.0,2011.0,12,12,12,12
4002,12,19.51,0.7706,54.2029,9.404,1.23,1.19,94.0,112.0,3000.0,,0,0,0,0
3953,12,29.02,0.8946,53.7382,-0.7938,2.78,2.68,78.0,92.5,2000.0,,0,0,10,0
3913,12,59.04,0.9981,43.2177,-6.8143,1.37,0.6,35.7,47.0,660.0,,0,0,0,0
4984,12,133.81,0.9891,47.3962,3.0376,3.36,2.17,184.4,103.0,2350.0,2017.0,12,0,12,2
5771,12,29.47,0.7861,50.3567,-4.8269,5.87,4.71,50.0,54.0,4300.0,,0,0,1,0
5801,12,149.59,0.7798,50.4366,23.5151,3.31,2.69,,,,,0,0,0,0
2157,12,159.7,0.7039,55.0371,15.0572,3.85,4.06,31.5,29.0,0.2,2002.0,7,7,7,7
5004,12,15.1,0.8789,52.5937,13.6552,1.81,2.11,136.0,131.0,3600.0,2022.0,12,12,12,9
4992,12,117.86,0.8009,46.1069,0.2623,3.0,1.63,105.0,100.0,2000.0,2014.0,12,12,12,12
5006,12,179.59,0.6525,52.2314,17.5955,5.48,3.62,68.3,90.0,3000.0,2021.0,0,0,11,11
2494,12,46.34,0.9193,57.3036,10.4743,3.0,1.46,45.0,47.0,0.7,2002.0,10,10,10,10
2498,12,159.86,0.9329,51.3098,5.9293,2.41,3.21,125.0,138.0,4.2,,12,12,12,0
2499,12,20.42,0.9717,50.95,5.0519,1.91,3.06,62.2,82.0,2300.0,,0,0,12,0
5046,12,3.4,0.9918,45.2411,5.1294,0.58,2.98,90.0,92.0,2000.0,,12,1,12,0
5111,12,3.5,0.742,50.1832,3.452,1.91,2.04,99.5,113.0,3300.0,2022.0,12,12,12,2
5097,12,162.22,0.651,51.0167,10.5611,1.68,1.25,200.0,126.0,3300.0,2015.0,12,0,12,11
1799,12,135.4,0.9238,52.5586,8.0366,3.7,2.41,160.0,115.7,4200.0,2026.0,3,0,3,2
3647,12,3.43,0.8668,56.3069,-3.4306,0.87,1.21,40.2,52.9,800.0,,0,0,0,0
3677,12,106.86,0.7876,58.3294,13.0645,7.46,2.12,105.0,90.0,2000.0,2013.0,12,12,12,12
3692,12,169.04,0.952,53.2493,11.8095,0.75,1.75,149.0,64.0,1500.0,,1,0,10,0
6157,12,16.26,0.8557,63.4611,15.0707,3.17,2.61,112.0,136.0,3450.0,2019.0,12,12,0,12
6162,12,15.0,0.8102,51.7674,23.1638,2.27,2.48,,,,,0,0,0,0
6136,12,175.91,0.8253,54.5822,-7.4485,2.37,2.3,86.5,114.0,3200.0,,0,0,12,0
6182,12,166.44,0.9382,51.9375,12.3363,1.22,2.19,120.0,120.0,2500.0,,12,0,12,0
1164,12,174.91,0.7158,51.9612,14.6074,1.33,1.39,85.0,77.0,3375.0,,0,0,4,0
4524,12,13.33,0.8538,57.8358,18.8337,1.54,1.56,66.5,56.5,1205.0,2000.0,12,12,12,12
4501,12,132.17,0.6406,54.7214,-5.9169,4.8,2.16,64.0,71.0,2300.0,2015.0,0,0,7,1
1202,12,16.06,0.8745,49.5386,9.3983,2.28,3.23,183.3,114.0,2781.6,2026.0,10,0,10,5
1209,12,26.02,0.982,43.4048,-6.2986,1.47,2.01,70.0,70.5,1500.0,,0,0,0,0
4563,12,136.56,0.9146,47.3378,4.6322,4.03,3.56,80.0,100.0,1900.0,2013.0,12,12,12,12
1947,12,164.88,0.7452,54.8292,12.0669,6.67,6.19,45.0,44.0,600.0,,0,0,0,0
6368,12,149.16,0.8391,66.8444,23.2939,2.94,1.99,120.0,117.0,3000.0,2015.0,12,12,12,12
616,12,101.14,0.8325,49.2916,11.5486,4.98,1.6,108.0,82.0,2.0,,7,7,7,0
4098,12,142.85,0.8016,54.2984,18.7455,2.18,1.51,47.8,63.0,1200.0,,0,0,0,0
635,12,32.24,0.7926,49.7033,7.2132,6.69,5.47,128.0,104.0,3.4,2013.0,12,8,12,8
1110,12,149.47,0.9324,54.4095,10.0166,2.97,3.81,91.0,72.0,3600.0,,1,0,1,0
4167,12,151.24,0.8059,49.6212,7.0681,3.5,2.92,135.0,101.0,3.0,2014.0,12,12,12,12
1985,12,62.38,0.9911,55.3244,10.2453,8.82,2.99,50.0,48.0,750.0,,0,0,0,0
1979,12,169.28,0.9038,53.2189,9.3556,0.87,1.55,164.0,40.0,5700.0,,2,0,2,0
2858,12,158.76,0.673,53.8205,13.114,1.18,0.84,100.0,90.0,2000.0,,0,0,0,0
4411,12,133.93,0.9289,48.1599,3.572,3.0,2.15,105.0,90.0,2000.0,2014.0,12,12,12,12
2800,12,40.7,0.8266,50.017,1.3532,4.66,3.16,79.0,82.0,2000.0,2013.5,12,12,12,8
2802,12,50.11,0.9451,41.8687,-1.6609,1.28,0.79,39.5,52.0,800.0,,0,12,12,0
6280,12,28.02,0.6806,52.4664,14.7384,2.09,1.33,100.0,90.0,2000.0,,0,0,1,0
152,12,7.93,0.9111,52.4504,8.5156,0.93,2.02,77.5,43.0,0.6,,0,0,12,0
2927,12,162.62,0.9568,48.2226,1.5391,1.59,2.63,82.0,90.0,3000.0,2009.0,12,12,12,12
4260,12,7.99,0.9343,52.8238,14.5265,1.25,2.0,100.0,100.0,2500.0,,0,0,12,0
4246,12,14.94,0.8641,57.3273,10.0846,3.99,3.86,31.0,26.0,270.0,,0,0,0,0
4284,12,4.19,0.7524,63.7602,13.5886,1.64,1.41,80.0,90.0,2500.0,2009.0,12,12,12,12
553,12,5.12,0.9243,49.7457,9.0939,1.85,3.11,119.0,112.0,3.0,2011.0,10,10,12,9
204,12,132.83,0.9536,48.5416,9.6305,3.95,2.64,62.0,77.0,0.8,2002.0,0,0,9,3
748,12,154.89,0.7272,43.3724,1.7977,1.05,0.89,50.0,50.0,0.8,2002.0,12,12,12,12
3095,12,129.9,0.8602,50.3514,2.2735,4.22,3.1,98.0,70.0,2650.0,2011.0,10,10,12,10
5719,12,124.77,0.8099,52.5998,-3.4922,2.49,1.25,75.0,82.0,2050.0,,0,0,0,0
2452,12,166.44,0.924,65.4452,20.5213,1.67,1.94,108.0,82.0,2000.0,2010.0,12,12,12,12
2467,12,42.94,0.9506,55.8878,8.5872,4.71,3.12,80.0,90.0,3.0,2010.0,8,8,8,8
2425,12,91.58,0.8747,57.5044,10.1723,7.3,1.38,40.0,44.0,0.6,1999.0,6,6,6,6
2428,12,50.66,0.7736,52.5139,0.0362,2.32,1.34,110.5,80.0,2000.0,2015.0,5,0,0,5
961,12,11.35,0.8811,51.567,8.5323,0.79,0.98,76.7,52.9,0.8,,0,12,12,0
3192,12,15.23,0.6033,55.4722,13.7771,1.96,1.56,55.0,50.0,800.0,2001.5,12,12,12,12
783,12,120.29,0.8846,55.4956,9.2016,6.9,2.04,55.0,44.0,600.0,,0,0,0,0
1772,12,68.04,0.9629,56.5015,10.3578,3.61,1.11,46.0,48.0,0.8,1997.5,0,12,12,12
3404,12,0.67,0.9296,36.424,-6.0792,1.06,2.68,80.0,90.0,2000.0,,0,0,12,0
6824,12,24.57,0.8192,49.8521,3.8159,2.35,2.23,120.0,117.0,3000.0,2024.0,3,3,12,3
947,12,145.24,0.9567,49.6823,7.8953,2.85,2.87,149.0,120.5,3.2,2018.0,12,12,12,12
6821,12,5.27,0.9219,51.7596,8.8181,1.68,3.85,247.0,40.0,600.0,,6,0,0,0
21,12,13.37,0.9583,52.4584,7.9384,1.29,2.31,105.0,90.0,2300.0,,12,12,12,0
7143,12,173.1,0.6597,51.9832,10.3307,1.22,1.08,169.0,162.0,5900.0,,12,12,12,0
41,12,121.22,0.9588,53.3912,9.7718,5.91,2.41,132.0,136.0,4500.0,2022.0,1,1,3,1
6833,12,153.1,0.6775,52.3593,18.4269,2.44,1.58,35.7,47.0,750.0,,0,0,0,0
7104,12,155.63,0.8989,54.0501,10.1392,1.83,1.93,65.0,70.0,5700.0,,0,0,12,0
7113,12,131.7,0.8345,50.7715,19.5508,3.31,2.03,105.0,90.0,2000.0,,0,0,0,0
3511,11,32.85,0.925,51.7271,7.7277,3.73,2.76,149.4,116.8,5750.0,2025.0,2,2,8,7
7063,11,95.48,0.9978,56.3299,7.7625,17.6,1.0,75.0,131.0,14000.0,,0,0,11,0
7133,11,1.69,0.8927,58.3454,-3.3355,1.52,2.6,80.0,149.0,5700.0,,0,11,11,0
832,11,53.32,0.9402,50.0613,6.531,2.72,1.51,85.0,70.0,1.5,2001.0,11,11,11,11
864,11,11.62,0.5925,53.5879,10.6486,1.1,0.89,47.1,62.0,1.3,2002.0,0,0,11,11
6032,11,169.95,0.8125,54.0398,18.9023,1.77,2.04,134.0,,3465.0,,10,0,11,0
6019,11,21.87,0.9724,38.2727,-1.3752,0.39,1.01,45.0,47.0,0.7,,0,0,11,0
6024,11,110.83,0.6439,41.1065,-0.8997,2.75,1.76,82.0,136.0,3600.0,,11,11,11,0
929,11,149.29,0.7,49.7147,10.0497,1.38,0.93,123.0,82.0,2000.0,2025.0,4,0,7,3
846,11,1.66,0.974,51.9776,9.0349,0.73,3.11,73.0,52.9,1000.0,,0,0,10,0
3411,11,95.61,0.7057,53.3433,8.2774,2.72,1.54,92.5,113.0,3000.0,,0,0,8,0
849,11,3.64,0.623,53.3545,7.9153,3.13,2.81,88.0,93.0,3000.0,,0,0,3,0
854,11,97.96,0.8998,54.7524,-6.1822,9.34,2.39,40.0,47.0,1600.0,,0,0,3,0
3308,11,16.03,0.8713,50.1749,4.4939,1.22,1.58,78.0,90.0,2000.0,,0,0,11,0
1719,11,66.72,0.8689,53.2442,9.3005,3.44,1.23,50.0,40.0,600.0,,0,0,0,0
1711,11,9.79,0.7226,51.2569,14.9988,1.04,1.14,100.0,70.5,1500.0,,0,0,11,0
7115,11,6.44,0.9224,51.4595,8.279,1.51,2.84,162.0,175.0,6000.0,,11,11,11,0
4462,11,8.5,0.78,64.0399,15.6598,1.19,1.04,95.0,90.0,2000.0,2010.0,11,11,11,11
3391,11,157.55,0.7603,53.0165,-3.4017,5.15,3.63,67.0,71.0,2300.0,,0,0,0,0
3318,11,37.19,0.9531,50.07,2.3049,3.55,3.21,80.0,90.0,2.5,,11,11,11,0
2308,11,13.51,0.9128,56.2081,8.7529,4.31,5.06,71.0,83.1,3.1,2005.0,6,6,7,6
2268,11,167.61,0.9447,48.5346,3.9164,1.38,2.48,69.8,92.0,2350.0,,0,0,11,0
2272,11,162.23,0.9653,52.0454,7.7969,1.41,2.57,95.0,90.0,2000.0,,0,0,0,0
2259,11,39.91,0.8679,55.3736,8.9412,6.84,5.32,45.0,47.0,660.0,,0,0,0,0
5346,11,1.41,0.9198,55.77,-5.4625,0.83,1.58,80.0,92.5,2000.0,,0,0,11,0
3168,11,105.43,0.9053,51.6795,7.0417,8.53,3.39,161.0,40.0,5500.0,,4,0,3,0
2341,11,177.05,0.8639,53.2654,5.8175,3.86,5.62,36.4,28.8,0.2,,0,2,2,0
1424,11,99.13,0.8207,51.0923,14.8097,3.45,0.87,137.0,126.0,3.3,2017.0,2,2,2,2
2265,11,161.78,0.9357,55.8994,8.8708,1.52,1.93,70.8,84.6,2.2,2009.0,10,10,10,10
530,11,154.37,0.8183,52.5792,9.759,1.22,1.07,111.0,40.0,2880.0,,1,0,2,0
532,11,174.27,0.8834,53.7417,10.3938,1.6,2.39,65.0,70.0,3.4,2019.0,0,0,5,5
3201,11,172.34,0.787,51.6453,13.8784,0.87,1.01,125.0,90.0,2000.0,,0,0,0,0
1017,11,172.82,0.9449,51.1458,14.7728,0.54,1.2,105.0,90.0,2000.0,2010.0,0,0,0,4
3182,11,2.19,0.9877,37.6025,-7.3207,0.42,2.71,68.3,90.0,2000.0,,0,11,11,0
6085,11,160.89,0.9592,57.0003,12.466,1.84,3.0,81.0,90.0,2000.0,2007.0,11,11,11,11
5983,11,30.42,0.8399,57.2229,-1.9954,3.56,2.31,120.0,164.0,8800.0,,11,11,11,0
1577,11,16.61,0.9806,54.6502,11.4578,2.11,3.5,45.0,44.0,0.8,1997.0,9,7,9,9
1988,11,6.37,0.9648,50.9092,10.992,0.88,2.05,48.0,71.0,2000.0,,1,0,11,0
1248,11,153.5,0.7576,48.692,10.0001,1.8,1.07,230.0,52.9,4200.0,2021.0,2,0,2,2
1249,11,127.56,0.9419,51.716,-4.9987,4.8,2.21,50.0,52.0,900.0,,0,0,0,0
206,11,166.38,0.8697,54.635,9.5421,1.14,1.13,59.0,82.0,1500.0,,0,0,11,0
189,11,67.03,0.9177,51.4401,11.3763,2.98,1.06,160.0,90.0,4200.0,,4,0,6,0
1168,11,74.29,0.9952,43.4202,2.1968,2.07,0.44,70.0,80.0,2000.0,,11,0,11,0
603,11,89.08,0.7645,47.7857,10.4379,2.8,0.95,90.0,77.0,3000.0,,0,0,2,0
610,11,61.18,0.6893,50.7958,8.5037,3.3,1.74,73.0,52.9,1000.0,,0,0,3,0
477,11,51.51,0.8357,51.637,8.2356,1.2,0.8,131.0,138.0,2430.0,2023.0,2,2,8,6
4734,11,155.57,0.8602,48.8176,8.5222,1.95,1.93,142.5,113.0,3000.0,2018.0,11,11,11,11
4736,11,7.56,0.9417,53.6987,22.5852,1.43,3.14,61.5,81.0,2300.0,2014.0,0,0,11,11
5292,11,28.44,0.8134,57.5929,-2.0074,3.99,3.16,55.0,48.0,0.8,2016.0,7,6,7,1
5296,11,176.82,0.6635,56.7882,10.198,1.96,1.64,82.0,136.0,4.2,2021.0,9,9,9,9
6712,11,101.11,0.8749,53.0592,14.6114,2.86,0.97,64.5,85.0,2000.0,,0,0,0,0
6713,11,120.12,0.888,53.1256,14.5989,3.43,1.63,78.0,90.0,2000.0,,0,0,0,0
5655,11,172.57,0.8955,54.0188,14.9233,1.04,1.72,,,2000.0,,0,0,11,0
5256,11,33.0,0.9938,55.7979,-2.9812,1.96,1.67,76.7,101.0,2300.0,,0,0,0,0
1794,11,11.28,0.9908,52.5354,10.0675,1.34,3.59,60.0,52.0,0.9,,10,0,10,0
5273,11,164.53,0.8574,57.4552,-2.4875,2.86,3.69,53.9,71.0,800.0,,0,0,3,0
2370,11,79.61,0.9782,52.7179,4.7729,2.18,0.33,39.5,52.0,850.0,,0,0,0,0
5322,11,17.84,0.908,54.1139,19.0534,3.31,3.64,100.0,92.5,2000.0,,0,0,8,0
3196,11,11.55,0.9117,52.7431,11.3568,1.09,1.77,141.0,116.8,3000.0,,0,0,0,0
775,11,9.46,0.9317,50.3002,4.9962,2.17,3.48,98.0,82.0,2000.0,,0,6,6,0
6674,11,177.4,0.9658,62.3107,15.5324,1.32,2.79,,,,,0,0,0,0
5884,11,1.85,0.9264,61.3204,14.6059,1.26,1.92,95.0,100.0,2000.0,2015.0,11,11,11,11
5888,11,23.97,0.7259,51.651,15.9559,2.66,2.36,95.0,110.0,3000.0,,0,0,11,0
1922,11,5.6,0.9567,56.4868,10.1429,1.2,3.07,46.0,45.5,0.6,1997.0,10,10,10,10
4234,11,128.52,0.9631,50.0087,3.372,2.44,1.32,91.5,117.0,3450.0,2018.0,11,11,11,11
4396,11,18.35,0.9809,42.5331,-1.7835,2.93,5.88,70.0,82.0,3300.0,,0,4,11,0
2021,11,145.58,0.9645,50.8692,9.9189,2.94,2.61,149.0,101.0,3050.0,2021.0,7,7,11,7
1187,11,140.88,0.5672,50.7322,7.7985,1.53,1.24,100.0,90.0,2.3,2006.0,11,11,11,11
4762,11,155.11,0.7449,49.8484,2.0371,1.76,1.91,87.0,126.0,3000.0,2022.0,11,11,11,11
2657,11,27.29,0.9466,50.5953,3.6493,1.9,2.35,146.0,92.5,2000.0,,1,0,1,0
4341,11,12.01,0.7429,57.7299,18.9455,1.11,0.97,55.0,47.0,660.0,1999.0,11,11,11,11
543,11,125.11,0.8677,48.4012,9.6181,3.07,1.83,162.0,175.0,6000.0,1999.0,11,6,11,5
4135,11,151.33,0.975,47.349,6.5623,2.64,3.65,110.0,130.0,3230.0,2019.0,11,11,11,11
2910,11,75.2,0.6515,47.7235,5.2413,2.95,1.69,88.5,92.5,2000.0,2010.0,11,11,11,11
1188,11,173.9,0.9493,49.1854,9.9534,1.24,2.79,150.0,82.0,2.0,2008.0,3,0,3,3
1982,11,179.17,0.8285,53.1847,12.5371,1.12,1.46,71.0,58.0,850.0,,0,0,0,0
5198,11,145.02,0.7666,47.6504,4.0898,1.84,1.54,93.0,114.0,2100.0,2021.0,11,11,11,11
5175,11,32.25,0.8442,57.3701,-2.5986,5.1,4.09,61.5,81.0,2300.0,,0,0,0,0
385,11,169.2,0.846,54.0272,11.6309,1.03,1.25,69.0,62.0,1650.0,,0,0,3,0
3684,11,17.9,0.7753,58.7572,15.0317,1.73,1.45,95.0,100.0,1800.0,2012.0,11,11,11,11
5648,11,169.07,0.9845,42.4262,-6.3168,1.28,3.7,56.2,74.0,1670.0,,0,0,0,0
2185,11,0.56,0.6847,48.0724,1.6955,2.56,2.78,80.0,90.0,2000.0,2007.0,6,6,11,6
3758,11,0.64,0.6304,63.6345,19.9615,2.23,1.03,98.0,82.0,2000.0,,0,0,0,0
1040,11,136.6,0.7915,50.9785,12.7251,1.32,0.88,70.0,43.0,0.6,2013.0,11,0,11,1
1345,11,129.4,0.8216,51.2751,13.2138,1.76,0.99,135.4,101.0,3600.0,,6,0,5,0
5230,11,6.87,0.997,51.853,5.228,0.73,3.89,140.0,136.0,4200.0,,5,5,5,0
5232,11,83.96,0.5625,38.4973,-1.4028,1.9,1.45,73.6,97.0,2.0,,0,0,11,0
3142,11,148.65,0.7718,49.9878,9.8534,2.02,1.84,105.0,90.0,2000.0,,0,0,0,0
1493,11,52.4,0.8851,47.891,10.3681,5.34,2.77,100.0,77.0,1500.0,,0,0,0,0
242,11,37.02,0.9339,51.5724,12.1696,3.02,2.25,35.7,47.0,0.8,,0,0,6,0
4138,11,32.38,0.5667,43.4273,2.2353,1.54,1.13,88.5,92.5,2000.0,2016.0,11,11,11,11
4128,11,38.03,0.9216,51.72,0.925,2.9,1.79,80.0,82.0,2050.0,,0,0,10,0
4841,11,164.26,0.8829,48.3553,7.0728,3.42,4.08,95.0,90.0,2000.0,2017.0,11,11,11,10
4835,11,128.82,0.9916,48.819,4.3057,2.81,1.67,62.2,82.0,2350.0,,0,0,11,0
6277,11,68.62,0.7968,54.617,-7.0217,8.15,3.03,21.3,28.0,225.0,,0,0,0,0
6245,11,65.69,0.813,53.7964,18.792,3.5,1.32,78.0,90.0,2000.0,,0,0,1,0
588,11,26.69,0.9469,56.2134,8.9462,2.73,2.7,50.0,48.2,0.8,1999.0,11,11,11,11
580,11,33.83,0.7906,42.7843,2.5571,1.3,1.32,62.2,82.0,2350.0,,0,0,11,0
4810,11,158.56,0.8169,50.0722,1.4856,1.4,1.54,74.5,70.0,2300.0,2014.0,11,11,11,11
4796,11,161.8,0.9706,46.8103,1.9271,1.95,3.24,117.0,126.0,3450.0,2016.0,11,11,11,11
4854,11,33.53,0.952,43.6642,2.6834,1.98,1.93,60.0,70.0,2300.0,,11,11,11,0
4883,11,19.69,0.8798,53.1822,7.3491,1.46,1.64,67.0,66.0,1650.0,,0,0,0,0
1333,11,173.14,0.9409,51.8752,10.1073,0.56,1.08,166.0,150.0,5780.0,2026.0,6,6,6,4
1316,11,44.4,0.8497,49.5624,6.4722,1.59,0.97,85.0,77.0,1.5,2006.5,11,11,11,8
4863,11,129.02,0.9955,48.3006,-2.5527,3.27,1.92,54.0,70.0,2000.0,2022.0,11,11,11,11
6308,11,130.9,0.6969,53.2503,19.1112,5.24,2.81,105.0,90.0,2200.0,,0,0,5,0
6294,11,64.69,0.9001,51.8716,9.0632,3.66,1.9,155.0,147.0,5000.0,2023.0,11,6,11,11
5680,11,82.42,0.5855,49.7915,3.6666,2.85,1.23,112.0,136.0,3600.0,2021.0,11,11,11,11
1906,11,13.06,0.8105,55.9049,-3.9078,2.25,2.2,59.0,82.0,0.0,,0,0,2,0
6656,11,171.15,0.9878,42.3627,-3.8902,1.78,5.36,107.5,77.0,4500.0,,11,0,11,0
3802,11,92.76,0.8649,52.0584,-0.2498,2.61,0.54,65.0,90.0,2000.0,,0,0,0,0
2231,11,24.14,0.8377,51.613,11.5236,0.96,1.11,105.0,90.0,2000.0,,0,0,0,0
669,11,142.92,0.9677,49.4793,6.7603,2.99,2.44,85.0,77.0,1.5,2004.0,10,10,11,6
3082,11,159.98,0.8585,42.5138,-8.0633,2.31,3.01,68.3,90.0,1800.0,,0,0,0,0
6576,11,141.02,0.896,54.5526,-6.8289,8.07,5.16,21.3,28.0,250.0,,0,0,0,0
6563,11,50.87,0.7123,47.9204,3.4119,3.09,1.7,175.0,92.5,2200.0,2023.0,11,0,11,11
3754,11,34.02,0.9271,55.5389,-3.4473,1.97,1.41,60.7,80.0,2000.0,,0,0,0,0
3789,11,126.93,0.5574,52.9706,13.2188,1.44,0.81,100.0,80.0,2000.0,2003.0,0,0,11,11
3922,11,69.28,0.9455,50.1369,11.7493,4.16,1.6,138.0,92.0,2350.0,,0,0,0,0
668,11,26.95,0.9344,49.3594,7.4468,1.68,2.38,100.0,92.0,2.0,2007.0,11,11,11,10
1470,11,130.74,0.7746,55.659,11.2105,3.17,1.68,40.0,44.0,750.0,,0,0,0,0
2193,11,33.03,0.8293,49.7961,1.5041,2.28,1.7,80.0,100.0,2500.0,2017.0,11,11,11,11
177,11,76.13,0.9071,50.6012,8.1546,4.29,1.29,135.0,101.0,3.0,2013.0,11,11,11,10
4055,11,129.97,0.9139,55.755,-3.577,2.22,1.23,90.0,114.0,3200.0,,0,0,0,0
1604,11,154.99,0.6498,55.6863,9.0416,3.23,2.19,78.0,80.0,2000.0,,0,0,0,0
1606,11,145.4,0.9118,56.4861,10.2527,1.92,1.48,60.0,64.0,1.5,2002.0,11,11,11,11
4963,11,34.39,0.9899,41.133,0.5843,1.53,1.68,68.3,90.0,2500.0,,0,0,0,0
625,11,75.54,0.8701,47.5898,-2.5378,3.37,1.26,98.0,100.0,2200.0,2008.0,11,11,11,11
2953,11,42.68,0.9679,50.0149,10.038,5.59,4.97,105.0,90.0,2000.0,,0,0,0,0
1609,11,20.69,0.9606,53.6354,8.6245,1.39,1.79,60.0,54.0,1.0,,11,11,11,0
1594,11,149.29,0.9159,55.2514,10.732,3.24,2.95,50.0,48.0,0.8,2000.0,11,11,11,11
1598,11,169.45,0.7558,55.5948,11.1756,4.47,4.08,30.0,29.0,225.0,,0,0,0,0
636,11,175.29,0.9762,54.4773,13.304,0.51,1.69,33.4,44.0,600.0,,0,0,0,0
4999,11,17.59,0.9689,58.2677,15.1431,1.68,2.57,98.0,103.0,2500.0,2011.0,11,11,11,11
397,11,9.48,0.9151,53.8295,12.4834,1.53,2.45,56.9,75.0,0.7,,0,0,1,0
3940,11,77.25,0.9007,54.1659,-0.3003,7.23,1.6,80.0,90.0,0.0,2024.0,0,0,1,1
113,11,11.32,0.9836,52.0162,9.1274,2.01,4.77,131.0,70.0,4200.0,2023.0,1,0,1,1
1866,11,94.87,0.9233,54.8787,11.8411,3.95,0.88,35.0,37.0,450.0,,0,0,0,0
2972,11,7.78,0.925,52.5484,11.4193,0.98,1.91,69.0,62.0,4200.0,,0,0,2,0
4041,11,158.64,0.9694,54.1748,10.8095,2.17,2.89,93.0,113.0,3000.0,,5,0,11,0
2164,11,132.22,0.8802,50.7233,11.8974,3.22,1.89,50.1,66.0,2400.0,2018.5,0,0,10,4
5853,11,149.9,0.9148,62.5453,16.8738,4.54,3.06,112.0,136.0,3800.0,2019.0,11,11,11,11
3001,11,60.03,0.9105,48.4491,-3.5013,1.88,0.82,55.0,58.0,850.0,2009.0,11,11,11,11
2994,11,116.68,0.9089,52.3929,7.8854,3.8,1.5,105.0,90.0,2300.0,2026.0,0,0,11,2
6366,11,156.27,0.8895,58.7741,15.0905,1.77,1.47,110.0,137.0,3800.0,2019.0,11,11,11,11
2504,11,87.38,0.7667,56.753,9.6839,6.32,1.95,45.0,60.0,1000.0,,0,0,0,0
3024,11,41.4,0.9049,49.712,7.8406,2.24,2.0,140.0,112.0,3.1,2014.0,11,11,11,8
1978,11,38.12,0.8723,43.4621,1.9143,1.56,1.3,70.0,80.0,1670.0,2009.0,11,11,11,11
3010,11,120.41,0.95,48.4064,-3.1738,4.32,1.79,73.0,53.0,800.0,2010.0,11,11,11,11
3017,11,22.14,0.8348,48.3581,-2.9202,1.38,1.29,58.0,64.0,2300.0,,0,0,11,0
1701,11,29.27,0.5961,53.2587,7.7836,1.25,0.87,98.0,70.0,1800.0,,0,0,0,0
1685,11,18.82,0.8264,50.6953,6.5207,3.61,4.07,130.0,120.0,3200.0,,5,0,5,0
1686,11,24.69,0.9317,56.9243,9.2273,4.0,3.86,30.0,27.0,150.0,,0,0,0,0
2297,11,148.29,0.6291,39.1711,-1.2253,1.8,1.31,68.3,90.0,2000.0,,0,0,0,0
1443,11,55.46,0.8686,53.7164,12.9032,1.05,0.6,65.0,70.5,600.0,,0,0,11,0
3512,11,143.92,0.7141,58.2109,13.0891,7.28,3.7,98.0,82.0,2000.0,2011.0,11,11,10,11
3490,11,151.15,0.6586,50.7988,9.2142,2.19,1.5,164.0,117.0,5700.0,,9,0,9,0
3495,11,174.75,0.8625,57.424,-2.3246,2.45,3.56,36.4,48.0,800.0,,0,0,10,0
6784,11,86.36,0.7737,58.7747,15.352,4.69,1.28,107.0,90.0,6600.0,2023.0,11,0,11,11
1735,11,29.71,0.7061,56.2266,8.2405,1.4,0.97,68.0,64.0,1.5,2002.0,10,10,10,10
1435,11,11.43,0.9086,58.2999,14.7812,1.91,2.68,65.0,52.0,850.0,2002.0,11,11,11,11
1419,11,7.24,0.6243,51.8758,6.5805,2.18,2.05,100.0,100.0,2000.0,,0,0,9,0
5469,11,7.63,0.8429,48.1438,-0.0052,2.9,3.31,109.0,126.0,3300.0,2020.0,11,7,11,7
1542,11,178.99,0.9017,36.2547,-5.4844,1.01,2.61,68.3,90.0,1800.0,,0,0,11,0
883,11,161.23,0.9716,51.8416,13.6626,1.48,2.04,90.0,76.0,800.0,2015.0,0,0,11,8
512,11,52.94,0.7528,50.6666,3.8777,3.76,2.51,130.0,82.0,2300.0,2019.0,1,0,3,2
1511,11,82.33,0.7545,55.5122,14.0876,3.04,1.24,64.0,71.0,2000.0,2011.0,11,11,11,11
1499,11,151.81,0.9644,52.8017,9.2316,1.58,2.08,73.0,52.9,800.0,,0,0,0,0
4577,11,86.61,0.6597,49.7923,3.2837,5.06,2.32,100.0,100.0,3200.0,2017.0,5,5,11,5
4624,11,166.87,0.954,52.2661,18.9286,2.82,4.22,105.0,90.0,2000.0,,0,0,0,0
2751,11,170.6,0.8955,51.4731,14.3228,0.88,1.32,105.0,90.0,2000.0,,0,0,11,0
2756,11,65.28,0.7317,50.6887,12.5751,4.13,2.79,169.0,162.0,6000.0,2026.0,5,5,11,5
2745,11,169.59,0.9693,51.6016,13.8802,0.68,1.4,65.0,40.3,500.0,,0,0,0,0
1261,11,31.95,0.8429,51.5206,-2.6837,4.77,3.96,126.0,99.0,2050.0,,4,0,4,0
4660,11,164.13,0.9292,53.6744,-2.1185,1.21,1.7,80.0,104.0,3400.0,,0,0,0,0
17,11,155.7,0.7652,52.6213,13.5934,1.2,0.94,149.0,126.0,2.0,2010.0,4,4,11,11
3334,11,65.82,0.9531,54.1719,-0.3556,9.01,2.99,80.0,90.0,3000.0,,0,0,0,0
2094,11,164.96,0.8683,56.7827,9.4643,2.15,3.09,42.0,41.0,550.0,,0,0,0,0
2096,11,143.65,0.6763,51.7729,7.1884,2.25,1.42,164.0,131.0,6800.0,,2,0,2,0
1663,10,162.93,0.8003,56.2858,8.8321,3.54,3.58,60.0,54.2,1000.0,,0,0,0,0
7206,10,8.57,0.9941,45.2448,4.4994,0.58,1.8,99.0,71.0,4200.0,,10,0,10,0
4545,10,30.04,0.9019,51.7992,20.0517,2.67,2.61,,,2000.0,,0,0,10,0
2095,10,129.09,0.8009,56.6805,9.3841,5.59,2.46,50.0,47.0,660.0,,0,0,0,0
1269,10,165.92,0.9107,51.4332,10.2128,0.89,1.56,67.0,66.0,3450.0,2018.0,0,0,8,8
2730,10,80.4,0.8268,48.1916,8.3052,4.79,1.83,149.0,70.0,4200.0,2021.0,5,2,4,3
4659,10,166.78,0.7085,50.3762,10.296,1.56,1.52,139.0,122.0,3.4,2017.0,10,0,10,10
5935,10,29.42,0.6969,53.3258,6.6933,3.57,2.6,15.0,52.0,850.0,,3,0,0,0
1506,10,130.36,0.6803,56.8617,9.9962,3.17,2.08,45.0,48.0,750.0,,0,0,0,0
1266,10,15.02,0.9749,51.0729,4.3339,1.68,3.4,150.0,138.0,2300.0,,3,1,6,0
4606,10,122.64,0.7924,56.8212,15.6621,3.51,1.5,125.0,90.0,2000.0,2011.0,10,10,10,10
4649,10,122.41,0.8823,53.1045,19.4285,5.7,2.68,68.3,90.0,2000.0,,0,0,0,0
4654,10,110.44,0.8878,52.315,-1.1111,4.14,1.47,80.0,92.5,2.0,,0,0,5,0
2692,10,85.86,0.7654,49.7389,0.9889,2.43,0.89,80.0,95.0,1251.2,2017.0,10,10,10,5
4668,10,132.98,0.7637,53.1621,18.8149,4.53,2.51,40.2,52.9,800.0,,0,0,0,0
513,10,8.31,0.8379,51.9036,12.4023,1.07,1.31,71.0,58.0,850.0,,0,0,0,0
4537,10,165.51,0.8481,54.688,9.1208,0.71,0.84,32.6,43.0,2.3,,0,0,10,0
4516,10,129.34,0.8596,47.8778,3.8515,3.32,2.11,100.0,100.0,2000.0,2017.0,10,10,10,7
6071,10,174.81,0.7829,60.7431,16.3949,1.82,1.71,150.0,126.0,3500.0,2016.0,10,10,10,10
1552,10,164.9,0.8507,51.8717,6.9784,1.48,1.85,167.0,52.9,6000.0,,2,0,2,0
1524,10,21.52,0.7333,50.8734,12.3915,1.15,1.23,146.0,92.5,2.0,2011.0,5,0,5,5
5511,10,157.67,0.8691,65.4574,20.3823,1.65,1.28,115.5,137.0,5550.0,2019.5,8,5,6,8
877,10,127.89,0.7722,51.6436,4.6983,3.4,1.86,135.0,149.0,4500.0,,6,6,8,0
3347,10,157.49,0.8069,50.3548,11.7723,1.23,1.22,150.0,40.3,2.5,,1,0,1,0
6803,10,50.3,0.6985,50.1813,18.1959,1.91,1.17,150.0,106.0,2200.0,,7,0,10,0
6786,10,7.6,0.9532,56.8593,15.1316,2.4,5.17,135.0,44.0,6200.0,2023.0,10,0,10,10
1420,10,130.83,0.9868,29.0957,-13.507,0.81,0.68,39.5,52.0,850.0,,0,0,0,0
5443,10,38.63,0.8293,46.6923,1.9704,2.72,1.52,95.0,110.0,2200.0,2018.0,10,10,10,10
5450,10,169.37,1.0,48.4275,3.4572,1.54,5.42,115.0,121.5,3500.0,2017.0,10,10,10,5
3515,10,37.63,0.7952,53.244,9.4526,2.04,1.48,108.0,82.0,800.0,,0,0,1,0
102,10,173.81,0.9544,52.8226,8.6655,1.23,2.95,65.0,40.3,2725.0,2016.0,0,0,2,1
90,10,0.87,0.9778,52.3801,10.9582,0.56,2.37,165.0,62.0,6600.0,2000.0,9,0,10,1
2331,10,42.45,0.9206,57.1756,10.4173,2.71,1.81,84.0,112.0,3.4,2017.0,9,9,9,9
1434,10,171.95,0.939,50.5572,9.1356,0.43,0.89,70.0,60.0,1000.0,,0,0,10,0
7230,10,102.88,0.756,46.5151,0.0805,3.3,1.59,95.0,110.0,3690.0,,0,0,10,0
1885,10,162.74,0.9795,46.4215,-1.4443,1.32,2.72,100.0,90.0,2500.0,,8,10,10,0
5048,10,177.22,0.8592,50.1338,3.1398,1.66,2.32,117.0,126.0,3300.0,2019.0,10,10,10,4
2431,10,166.34,0.6206,55.9689,10.3553,0.87,0.41,45.0,39.0,0.5,1995.0,10,10,10,10
358,10,8.51,0.8777,51.757,9.3333,0.54,0.98,45.5,60.0,1300.0,,0,0,3,0
4033,10,89.98,1.0,12.474,-69.8914,1.41,0.0,180.0,90.0,3000.0,,10,0,10,0
3009,10,8.38,0.8973,48.3671,-3.2101,1.59,2.01,60.0,52.9,850.0,,0,0,10,0
4016,10,156.72,0.886,49.8162,1.8083,2.66,3.28,80.0,92.5,2050.0,,0,0,10,0
1089,10,13.95,0.7539,52.0178,7.8858,1.43,1.54,78.0,40.0,3000.0,,0,0,3,0
4031,10,143.35,0.7357,47.0916,2.0854,1.88,1.56,94.0,117.0,2400.0,2015.0,10,10,10,7
6459,10,169.33,0.858,56.5354,13.3689,1.58,2.03,105.0,90.0,2000.0,2012.0,10,10,10,10
5014,10,62.07,0.9511,52.8721,0.7017,3.97,1.55,125.0,82.0,2.5,,6,0,6,0
4998,10,141.41,0.9531,47.8604,-1.4116,3.81,3.34,120.0,117.0,3000.0,2018.0,10,10,10,6
5028,10,165.3,0.7945,53.5137,0.0029,1.15,1.09,70.2,92.5,2.3,,0,0,2,0
3936,10,119.34,0.8315,53.8419,-0.6007,1.99,1.08,59.0,82.0,2050.0,,0,0,0,0
6450,10,32.26,0.8237,52.3996,4.2244,4.8,4.65,81.0,200.0,11000.0,2022.0,0,10,10,10
6427,10,32.5,0.7617,39.5699,-2.2589,2.39,2.1,120.0,149.0,4800.0,,10,10,10,0
109,10,73.23,0.8922,52.1895,10.0232,3.58,1.31,110.0,36.0,1500.0,2002.0,2,0,9,2
1870,10,12.45,0.9802,55.3096,11.4516,1.23,2.38,80.0,93.0,2.3,2009.0,4,4,4,4
6486,10,164.14,0.8351,57.0075,12.7192,2.83,2.36,98.0,103.0,2750.0,2013.0,10,10,10,10
622,10,5.44,0.8543,51.9653,12.6153,1.25,1.74,85.0,77.0,1500.0,,0,0,0,0
4112,10,169.18,0.9493,51.2159,13.3493,0.73,1.5,67.6,89.0,2050.0,,0,0,0,0
5767,10,84.97,0.9149,55.0182,12.7669,9.3,2.03,92.0,167.0,8000.0,2021.0,10,10,10,10
5753,10,179.62,0.9144,65.9657,17.621,1.21,1.43,80.0,90.0,3000.0,2010.0,10,10,10,10
5754,10,173.13,0.9693,57.5191,-2.4617,2.0,5.41,55.0,48.0,800.0,,0,0,0,0
6369,10,166.31,0.9136,66.9314,23.3288,2.19,2.08,117.0,126.0,3300.0,2016.0,10,10,10,10
6373,10,158.12,0.9515,65.0064,20.3171,2.78,2.64,125.0,150.0,,2021.0,10,10,0,10
2591,10,110.64,0.6042,55.4071,11.2555,4.32,1.98,30.0,27.0,200.0,,0,0,0,0
2595,10,27.26,0.9558,55.2865,12.3509,2.69,2.22,29.0,24.0,200.0,,0,0,0,0
4951,10,43.08,0.8932,51.901,17.4206,3.44,2.48,40.2,52.9,800.0,,0,0,0,0
4906,10,123.85,0.9536,58.8815,11.2673,4.22,1.54,122.0,155.0,6600.0,2023.0,10,10,10,10
2537,10,32.62,0.5664,54.9884,8.7564,2.23,1.02,19.0,25.0,200.0,,0,0,0,0
6345,10,133.35,0.9574,65.197,19.9385,3.43,1.47,152.0,136.0,,2019.0,10,10,0,10
6319,10,6.06,0.7196,51.8479,17.6263,2.7,2.62,38.7,51.0,800.0,,0,0,0,0
1971,10,52.54,0.9832,52.86,4.7629,5.32,2.64,76.0,28.0,0.9,,7,0,7,0
735,10,152.2,0.9759,50.0772,1.8964,2.55,3.12,80.0,82.0,2000.0,,0,0,10,0
3687,10,42.7,0.9388,49.9824,11.3764,3.24,2.27,199.0,117.0,2.4,2016.0,5,0,5,5
2461,10,23.93,0.7909,56.5156,9.9463,2.71,3.18,45.0,48.0,0.8,1998.5,8,8,8,8
2465,10,161.57,0.9096,55.809,8.4328,0.88,1.0,49.0,52.0,0.9,2000.0,10,10,10,10
3050,10,130.78,0.9072,52.8825,7.8172,2.4,1.29,30.6,40.3,1500.0,,0,0,3,0
3077,10,146.56,0.9997,49.4681,1.6474,1.66,1.64,80.0,90.0,2000.0,,6,0,10,0
4003,10,125.64,0.8484,52.7597,0.16,5.91,2.65,80.0,90.0,2000.0,,0,0,0,0
6562,10,81.89,0.9777,46.1451,-0.4757,4.97,0.85,95.0,110.0,2200.0,2023.0,10,10,10,10
6652,10,174.23,0.6684,39.6377,-2.2883,2.31,2.27,120.0,149.0,4800.0,,10,10,10,0
3785,10,139.62,0.6347,48.9046,-1.1177,2.16,1.59,69.0,82.0,2000.0,2014.0,10,10,10,10
5110,10,163.04,0.8494,49.9145,3.1036,2.46,2.63,126.3,92.5,2050.0,2024.0,6,0,10,4
5118,10,110.01,0.9683,56.5584,9.8754,4.69,1.4,87.0,126.0,3.6,2017.0,9,9,9,9
5082,10,176.56,0.881,61.7303,15.9663,1.74,2.04,93.0,114.0,2300.0,2014.0,10,10,10,10
5708,10,137.06,0.5763,54.9627,-5.0946,4.59,2.6,22.8,30.0,330.0,,0,0,0,0
6624,10,9.1,0.5869,54.4926,-3.5628,3.35,2.49,45.5,60.0,1300.0,,0,0,0,0
6593,10,14.15,0.9852,52.0888,23.3925,2.38,4.69,,,,2023.0,0,0,0,10
3090,10,162.17,0.9172,50.6716,2.1932,2.53,3.59,80.0,82.0,2050.0,2008.0,10,10,10,10
6544,10,15.88,0.9342,37.4605,-5.1485,1.53,3.83,78.0,90.0,2000.0,,0,0,0,0
6541,10,84.72,0.7187,57.809,13.9263,2.7,0.77,122.0,136.0,3600.0,2019.0,10,10,10,10
1321,10,127.37,0.8072,51.5304,-0.0107,3.5,2.96,18.0,20.0,0.0,2012.0,5,0,8,5
4849,10,30.97,0.9856,49.4544,4.2717,2.44,2.95,100.0,100.0,2600.0,2013.0,10,10,10,10
4220,10,125.64,0.7926,50.1339,6.4975,2.38,1.4,105.0,90.0,2.0,2010.0,10,10,10,9
2930,10,30.36,0.8386,42.8087,-7.4975,1.68,1.37,68.3,90.0,2000.0,,0,0,0,0
218,10,16.28,0.9004,51.2422,14.3016,0.75,1.42,78.0,80.0,2000.0,2002.0,10,10,10,10
4845,10,120.55,0.9359,49.5808,4.9843,3.04,1.7,387.0,50.0,2000.0,2016.0,10,10,10,10
4816,10,95.03,0.7542,50.0392,2.8906,2.33,0.61,102.8,109.0,3225.0,2017.0,10,10,10,10
2905,10,166.28,0.87,48.4564,3.5317,0.96,1.35,100.0,100.0,2050.0,2010.0,0,0,10,10
4219,10,32.38,0.8637,50.3654,1.7108,1.04,1.05,85.0,70.0,2300.0,2016.0,10,10,10,10
2126,10,50.49,0.8516,50.059,6.4743,2.11,1.27,100.0,80.0,2.0,2004.5,10,10,10,8
215,10,12.45,0.636,52.3212,12.6993,2.25,1.87,86.0,52.0,0.8,,0,0,7,0
4121,10,148.0,0.9704,46.2535,0.7588,2.42,2.73,95.0,105.0,2000.0,2014.5,10,10,10,10
2941,10,177.16,0.8702,48.472,9.8689,1.18,1.92,141.0,117.0,2400.0,2013.0,10,10,10,10
2221,10,173.62,0.7054,52.5513,6.9841,0.86,0.85,149.0,101.0,3000.0,,0,0,0,0
2214,10,122.67,0.7915,50.447,2.3545,2.06,1.08,80.0,93.0,2300.0,,0,0,10,0
3122,10,89.96,1.0,55.7232,10.5847,2.7,0.0,61.2,82.4,2.3,2003.0,10,10,10,10
3743,10,34.96,0.9917,41.4016,1.3034,1.22,1.2,56.2,74.0,1670.0,,0,0,0,0
3720,10,157.27,0.9924,42.503,8.7032,0.29,0.5,45.0,40.0,0.6,,10,10,10,0
3705,10,137.88,0.9203,53.0053,12.3694,2.83,1.95,108.0,82.0,2000.0,,0,0,0,0
3100,10,157.12,0.8221,43.9671,2.4319,1.76,1.39,85.6,92.0,2050.0,2012.0,10,10,10,10
5131,10,156.64,1.0,55.9164,9.1894,1.82,2.36,79.5,101.0,3.2,2018.0,10,10,10,10
364,10,20.47,0.6565,51.3819,7.9135,4.74,2.91,100.0,77.0,2150.0,2009.0,4,5,8,5
1343,10,4.62,0.8363,49.9929,1.7464,1.56,2.12,80.0,82.0,2000.0,2006.0,10,10,10,5
1344,10,55.22,0.8995,43.3008,-8.896,3.78,1.97,78.0,92.0,1500.0,,7,7,2,0
5541,10,168.54,0.9055,46.389,1.4888,1.2,1.8,95.0,110.0,2200.0,2019.0,9,9,10,9
3133,10,161.73,0.8198,53.8149,9.0713,0.97,1.07,68.0,62.0,1.3,,10,10,10,0
1373,10,44.61,0.8596,53.7117,11.1536,2.15,1.23,61.5,77.0,1500.0,2006.0,1,1,1,1
2189,10,49.99,0.982,49.8331,0.8391,2.15,1.27,80.0,126.0,3100.0,2026.0,10,5,10,5
247,10,4.11,0.9321,52.6419,14.3334,1.2,2.16,100.0,70.0,600.0,2002.0,0,0,10,10
5188,10,136.25,0.9943,50.0841,10.4371,3.08,1.89,199.5,117.0,1201.2,2015.0,10,0,10,10
3682,10,65.83,0.6017,55.9083,-2.9905,4.07,1.75,39.5,52.0,850.0,,0,0,0,0
3663,10,155.14,0.831,53.3099,14.0792,1.49,1.44,30.0,26.0,3300.0,2017.5,3,3,10,10
750,10,173.51,0.9752,51.5562,11.5249,0.78,1.96,138.0,82.0,2300.0,,0,0,0,0
2942,10,177.37,0.8017,50.9165,17.243,0.99,1.11,80.5,106.0,3000.0,,0,0,0,0
4154,10,35.66,0.9307,43.5886,2.8313,1.26,1.27,70.0,71.0,2300.0,2012.0,5,5,10,5
560,10,117.54,0.8832,49.1019,11.4923,4.8,1.95,143.0,114.0,3.2,2013.0,6,5,6,1
1560,10,13.51,0.666,53.3382,10.1718,1.25,0.96,73.0,52.9,3300.0,2009.0,3,3,10,3
2030,10,95.61,0.8864,56.3946,10.0471,6.93,1.54,44.0,52.0,900.0,,0,0,0,0
2037,10,164.78,0.7421,48.6283,6.8829,2.8,2.74,80.0,82.0,2000.0,2005.0,10,10,10,10
1583,10,122.36,0.9462,55.793,13.3596,3.32,1.37,65.0,44.0,600.0,2001.0,10,10,10,10
1561,10,12.13,0.7738,36.9072,-3.5156,1.18,1.33,62.2,82.0,1700.0,,0,0,10,0
4317,10,64.97,0.9977,36.6874,-4.4434,0.23,0.09,39.5,52.0,0.7,,0,0,10,0
4291,10,176.35,0.7737,49.5309,4.1385,2.17,2.59,100.0,92.0,2050.0,2011.0,10,10,10,10
4362,10,23.8,0.9401,54.2915,9.1932,1.73,2.13,106.5,47.0,750.0,,2,0,0,0
1339,10,175.13,0.7936,49.9739,7.7903,0.92,1.12,138.0,92.0,2.4,2013.0,10,10,10,10
2638,10,26.01,0.8287,49.8897,9.8863,1.5,1.58,105.0,90.0,3000.0,,0,0,6,0
5929,10,141.2,0.924,54.1121,9.8038,2.8,1.87,115.5,162.0,4900.0,,8,4,8,0
5881,10,21.69,0.7527,52.3764,5.1345,1.5,1.24,150.0,117.0,3600.0,,10,10,10,0
1927,10,157.22,0.8821,53.258,10.5809,1.13,1.15,139.0,120.0,15000.0,,0,0,10,0
614,10,54.2,0.9999,53.7211,8.5125,0.94,0.4,33.0,37.0,0.4,,10,10,10,0
774,10,11.6,0.977,52.2727,11.9496,1.76,4.02,113.0,43.0,2300.0,,2,1,6,0
3588,10,171.04,0.9178,54.175,12.4621,0.85,1.65,53.9,71.0,2000.0,,0,0,10,0
6715,10,162.35,0.9017,50.6933,22.626,2.43,3.15,,,3500.0,2023.0,0,0,10,10
6679,10,172.22,0.8709,50.9169,9.9296,1.7,2.39,149.0,126.0,3450.0,2023.0,10,10,10,10
1654,10,56.22,0.7897,52.7316,9.1692,1.49,0.78,140.0,80.0,2.0,2005.0,10,0,10,10
1658,10,91.56,0.9489,55.8194,9.4816,4.86,0.87,45.0,50.0,800.0,,0,0,0,0
1788,10,126.44,0.5838,56.1195,8.2364,1.47,0.53,80.0,90.0,3.0,2012.5,10,10,10,10
3681,10,50.99,0.9959,44.3053,2.6927,2.69,1.42,80.0,95.0,2100.0,2014.0,10,10,10,10
5302,10,173.37,0.9381,50.0178,11.144,1.27,2.75,199.0,120.0,2500.0,2017.0,9,0,9,9
5313,10,155.88,0.9892,49.7952,0.5892,2.0,2.29,78.3,92.0,2350.0,2016.0,10,10,10,10
5314,10,146.44,0.6519,50.3544,10.3581,3.63,3.07,130.0,122.0,2400.0,,7,0,9,0
5261,10,134.4,0.7956,57.5852,-1.9123,5.43,2.88,64.0,70.0,2300.0,,4,4,4,0
5251,10,159.38,0.678,55.6719,-5.5161,1.55,1.03,80.0,92.5,2100.0,,0,0,10,0
5240,10,136.09,0.8697,54.5809,9.0702,2.69,1.62,64.0,71.0,2300.0,,9,0,9,0
5293,10,169.18,0.6601,53.0192,-3.5224,3.49,3.32,39.0,44.0,600.0,,0,0,0,0
1839,10,162.43,0.8236,55.2758,11.5442,2.91,2.65,35.0,41.0,0.6,1998.5,8,8,8,8
1825,10,57.83,0.7117,55.0947,11.8432,1.45,0.85,36.0,31.0,0.4,1997.0,10,10,10,10
3632,10,135.61,0.9521,56.6223,-6.0946,0.88,0.59,,,,,0,0,0,0
5229,10,6.2,0.807,50.1818,4.8792,1.63,2.17,154.0,82.0,2300.0,2013.0,5,0,9,6
1144,10,155.6,0.7304,51.8013,6.4441,4.79,3.67,99.0,101.0,3000.0,,0,0,0,0
4732,10,177.8,0.9984,44.3353,2.8119,0.33,3.59,87.5,71.0,2000.0,2018.0,10,10,10,10
4690,10,117.7,0.9257,49.0405,10.1766,2.64,0.95,149.0,115.7,3000.0,,0,0,0,0
201,10,58.5,0.7945,53.858,10.4215,2.84,1.53,65.0,138.0,1.5,2002.0,0,4,10,6
1172,10,72.41,0.5343,50.4152,4.7098,2.05,1.33,104.0,82.0,2350.0,,1,0,1,0
1181,10,127.54,0.7428,49.5692,7.4883,2.23,1.37,149.0,126.0,3.4,2019.0,10,10,10,10
5967,10,165.3,0.9638,49.6833,2.7145,1.59,2.28,90.0,126.0,3600.0,2021.0,10,10,10,10
2101,10,30.24,0.8966,50.3818,11.9659,1.84,1.71,138.0,82.0,2650.0,2011.0,0,0,10,2
2070,10,31.17,0.9867,50.8822,9.8307,3.37,3.55,139.8,99.5,2875.0,2015.5,10,10,10,10
6012,10,6.18,0.9902,41.3199,-0.5769,1.28,6.1,62.2,82.0,3465.0,,0,0,10,0
4681,10,163.33,0.9223,51.4677,10.6623,0.88,1.4,164.0,117.0,2400.0,,1,0,10,0
4685,10,178.24,0.7223,52.6699,8.5171,1.29,1.19,104.0,92.0,2.4,2017.0,10,10,10,9
4429,10,69.25,0.9764,50.2124,10.1543,5.91,1.75,140.0,117.0,2500.0,2014.0,0,0,7,1
203,10,165.11,0.8989,52.1993,14.0678,1.34,1.8,87.0,77.0,1500.0,2003.0,0,0,10,10
5964,10,17.27,0.9395,57.9867,13.9469,2.16,2.63,110.0,130.0,4300.0,2021.0,10,10,10,10
5966,10,166.87,0.9588,49.6851,1.062,2.07,4.07,91.0,117.0,3600.0,2021.0,10,10,10,10
1576,10,22.15,0.656,54.7679,11.0166,3.05,2.62,91.5,117.0,3.6,2017.0,8,8,8,8
4409,10,127.88,0.8914,47.7122,4.0602,2.82,1.58,90.0,97.0,2000.0,2016.0,10,10,10,10
2791,10,15.85,0.9722,50.5644,3.4019,1.29,2.4,108.0,82.0,4200.0,2024.0,0,0,3,3
525,10,45.95,0.9534,49.2788,8.3638,3.63,2.48,105.0,90.0,2.0,2008.0,10,10,10,10
1013,10,25.16,0.949,50.7839,-3.864,1.98,2.45,120.0,82.0,2000.0,,1,0,1,0
3183,10,170.68,0.9579,37.1502,-4.4505,0.86,2.74,75.9,100.0,2000.0,,0,0,10,0
3173,10,175.99,0.9369,54.9139,-1.4737,0.35,0.87,35.7,47.0,660.0,,0,0,0,0
3153,10,6.08,0.925,57.0972,16.5348,1.68,3.03,108.0,82.0,2300.0,2011.0,10,10,10,10
2342,10,69.56,0.8482,53.2708,5.723,7.84,3.39,23.5,31.0,900.0,2017.0,0,0,3,3
2271,10,44.77,0.8437,56.737,9.3224,3.5,1.49,45.0,44.0,600.0,,0,0,0,0
3567,10,45.06,0.7738,53.384,8.8783,1.25,0.91,73.0,52.9,800.0,2024.0,0,0,0,1
5360,10,19.94,0.903,55.4745,-2.9323,1.09,1.26,80.0,82.5,1600.0,,0,0,0,0
5372,10,134.81,0.9964,12.2365,-69.025,2.64,2.48,,,,,0,0,0,0
5408,10,179.71,0.8079,52.5693,6.4627,0.95,1.06,98.0,103.0,2.4,2019.0,10,10,10,10
291,10,64.62,0.9193,48.5429,9.7022,3.74,1.4,164.0,131.0,3300.0,2020.0,7,7,10,7
5536,10,23.54,0.9591,50.9647,6.3571,1.96,2.76,125.0,92.0,3450.0,2020.0,5,0,10,10
3548,10,42.29,0.7603,60.8888,13.619,2.17,0.97,90.0,100.0,2300.0,2011.0,10,10,10,10
3540,10,0.84,0.974,59.2626,13.3852,1.08,3.76,90.0,100.0,3000.0,2009.0,10,10,10,10
969,10,16.77,0.8933,51.8749,6.7044,1.7,2.68,100.0,70.5,1500.0,,0,0,0,0
954,10,25.68,0.8643,51.9333,9.2581,2.18,2.48,160.0,70.5,5560.0,,9,0,9,0
4412,10,41.91,0.9402,47.7019,3.8385,3.42,2.29,96.0,110.0,2000.0,2017.0,10,10,10,10
4400,10,5.58,0.9999,47.6292,-1.2973,0.57,3.82,100.0,92.0,2300.0,2018.0,10,10,10,10
2849,10,0.45,0.9079,50.3953,9.3928,0.93,1.9,166.0,90.0,2000.0,,1,0,10,0
3314,10,144.07,0.9381,51.6682,14.139,1.67,1.24,100.0,90.0,2000.0,,0,0,0,0
3306,10,4.19,0.8815,50.0439,4.3734,1.17,2.1,150.0,100.0,2500.0,2014.0,9,0,10,9
6840,10,21.02,0.9949,43.5235,2.5156,1.5,2.71,77.0,100.0,2200.0,2024.0,10,10,10,5
6845,10,129.65,0.9432,53.1334,14.6603,3.96,2.28,78.0,90.0,2000.0,,0,0,0,0
6834,10,179.85,0.9842,48.2382,5.2091,0.66,3.79,95.0,110.0,2200.0,2024.0,10,10,10,10
804,10,102.66,0.6455,53.3174,7.4088,1.78,0.89,53.1,70.0,1800.0,,0,0,0,0
1695,10,0.33,0.9483,55.7998,10.6047,1.57,3.25,50.0,54.2,1000.0,,0,0,0,0
6901,10,151.82,0.7967,52.0023,10.5281,1.75,1.4,169.0,162.0,6200.0,,10,10,10,0
3410,10,25.57,0.9783,41.2847,-2.9378,1.41,2.0,78.0,86.0,2000.0,,10,10,10,0
3284,10,67.98,0.8183,65.2795,18.9569,4.35,1.32,100.0,100.0,2500.0,2011.0,10,10,0,10
3264,10,118.23,0.5995,53.112,9.4631,1.44,0.66,169.0,82.0,6000.0,,8,0,8,0
3441,10,141.15,0.8234,54.4774,16.5203,2.17,1.61,78.0,80.0,2000.0,,0,0,0,0
2736,10,48.33,0.9249,53.364,18.6817,6.43,3.28,40.2,52.9,800.0,,0,0,0,0
835,10,64.74,0.8155,52.2495,10.0017,2.01,0.81,100.0,92.5,2050.0,,0,0,0,0
836,10,100.66,0.7746,52.4183,4.742,2.71,0.86,80.0,90.0,3000.0,,0,9,9,0
3252,10,11.9,0.9607,59.0421,-2.8722,1.92,3.46,33.4,44.0,900.0,,0,0,0,0
24,10,66.68,0.7415,51.0982,6.4297,1.66,0.79,105.0,90.0,2300.0,,1,0,0,0
1758,9,174.89,0.9723,52.6974,8.1056,0.58,1.87,98.0,70.0,1800.0,,0,0,0,0
893,9,16.95,0.9457,47.8942,10.7988,2.26,3.49,149.0,115.0,3.0,2016.0,9,9,9,9
3499,9,173.81,0.9997,47.1879,-2.0187,0.6,3.53,80.0,82.0,2000.0,2013.0,6,6,9,6
2337,9,71.09,0.7629,52.7321,-0.23,3.98,1.52,59.0,82.0,2000.0,,0,0,0,0
911,9,133.34,0.8069,51.1977,6.1877,3.18,1.9,207.0,90.0,3000.0,,4,0,4,0
7142,9,178.81,0.759,50.3606,9.3542,1.55,1.75,169.0,162.0,6000.0,,9,9,9,0
6959,9,65.76,0.5757,54.1835,15.9823,2.09,1.36,,,,,0,0,0,0
6954,9,72.45,0.7851,41.8905,0.0069,3.89,1.62,120.9,158.0,6100.0,,9,9,9,0
6956,9,3.82,0.9469,41.8947,-2.0725,1.61,4.66,54.7,149.0,4530.0,,0,9,9,0
6902,9,14.95,0.8747,50.7237,6.6103,1.56,1.92,98.0,58.0,2300.0,,9,0,9,0
6846,9,47.32,0.8912,55.0612,-6.3147,6.28,3.36,45.0,52.0,1000.0,,0,0,0,0
3460,9,173.78,0.9121,52.5123,11.2065,0.98,1.67,95.0,80.0,2000.0,,8,8,8,0
926,9,49.79,0.868,50.5485,6.6149,2.21,1.5,141.0,117.0,2400.0,,0,0,2,0
3279,9,66.58,0.825,52.0824,10.1882,3.23,1.02,70.0,70.5,1500.0,,0,0,0,0
3281,9,114.08,0.9617,50.0928,7.4054,3.48,1.0,140.0,112.0,2.4,2010.5,9,9,9,6
3444,9,35.58,0.9828,52.452,19.0976,4.09,3.21,19.0,25.0,150.0,,0,0,0,0
3434,9,159.19,0.918,54.7723,-1.4387,2.46,2.68,60.7,80.0,2000.0,,0,0,0,0
1550,9,145.89,0.959,55.6808,8.3914,3.94,2.95,67.0,66.0,1.8,2002.0,7,7,7,7
3592,9,134.47,0.9581,51.2725,18.6046,3.55,2.34,100.0,90.0,2000.0,2011.0,8,8,9,1
3595,9,165.64,0.9579,50.1977,7.5612,1.18,2.11,143.0,114.0,3.2,2015.0,9,9,9,9
3238,9,178.23,0.9808,54.8323,-1.4193,0.5,1.91,69.0,82.0,2000.0,,0,0,0,0
3239,9,24.57,0.9821,54.8892,-1.9056,2.04,2.51,64.0,71.0,2000.0,,0,0,3,0
5954,9,3.21,0.8473,59.1827,14.2857,1.39,1.52,125.0,136.0,4300.0,2020.0,9,9,9,9
5934,9,28.82,0.8352,50.641,4.9452,1.99,1.67,100.0,100.0,2000.0,,9,1,9,0
5937,9,118.22,0.865,51.6975,4.6584,2.45,0.94,70.0,50.0,5700.0,,0,0,9,0
2705,9,79.55,0.9141,42.5167,-3.7892,2.21,0.52,66.0,87.0,2.0,,0,9,9,0
2688,9,32.32,0.6603,60.3442,13.9402,2.42,1.2,99.0,101.0,2300.0,2011.0,9,9,9,9
4663,9,36.44,0.7211,50.993,5.4685,2.38,1.81,150.0,92.0,2000.0,2016.0,5,0,3,6
4645,9,19.31,0.7913,50.9763,-3.6839,0.98,1.04,59.0,82.0,2050.0,,0,0,0,0
4619,9,38.9,0.7229,52.1605,-0.8638,1.03,0.67,60.0,48.0,800.0,2014.0,0,0,0,9
4610,9,129.52,0.8303,46.4063,2.1842,2.7,1.63,95.0,100.0,1800.0,2012.0,9,9,9,9
4598,9,116.39,0.6409,50.3371,9.6403,1.79,1.08,143.0,114.0,3200.0,,0,0,0,0
2781,9,72.55,0.5675,49.8991,10.1448,1.75,0.98,138.0,82.0,2.3,,0,4,4,0
101,9,47.62,0.677,52.9396,8.7818,3.65,1.81,31.0,24.7,500.1,1994.0,0,0,8,7
105,9,179.57,0.7499,53.5612,9.5646,0.76,0.76,31.1,41.0,550.0,,0,0,0,0
6765,9,149.03,0.9702,47.7056,5.5698,2.43,2.41,119.5,131.0,2625.0,2023.0,9,9,9,9
3251,9,12.79,0.93,53.4203,9.159,0.98,1.18,104.0,92.0,2350.0,,0,0,6,0
7006,9,5.87,0.8865,50.7209,6.709,1.79,2.87,92.0,115.7,4.3,2025.0,9,9,9,9
298,9,86.28,0.9787,52.2101,7.6627,6.23,0.73,84.0,82.0,2000.0,,0,0,4,0
1402,9,90.03,0.6414,50.1436,6.4066,3.31,1.68,78.0,44.0,0.6,2001.0,9,9,9,7
5422,9,90.67,0.9419,46.061,5.5079,4.54,0.85,96.1,96.0,2000.0,2017.0,8,8,9,8
5405,9,156.44,0.8191,52.4295,-3.6157,2.36,1.9,30.0,37.0,450.0,,0,0,0,0
5407,9,163.93,0.7324,54.0766,12.782,1.16,1.11,135.0,127.0,4200.0,,0,0,0,0
5340,9,170.76,0.7446,58.3555,-3.2142,1.15,0.97,71.0,90.0,2500.0,,0,0,9,0
789,9,53.57,0.876,55.4329,9.5143,4.58,1.89,50.0,54.2,1000.0,,0,0,0,0
3648,9,24.58,0.7769,51.03,11.9083,0.97,0.96,150.0,100.0,2.5,2003.0,7,0,9,1
3658,9,152.92,0.9611,53.3317,14.2504,2.38,2.53,137.0,40.0,500.0,,4,0,9,0
6736,9,135.53,0.9908,53.0888,12.5209,2.61,1.64,164.0,70.0,5700.0,2024.0,9,0,9,9
6173,9,162.23,0.8939,48.5162,5.2085,1.3,1.68,84.0,126.0,2630.0,2020.0,9,9,9,9
6137,9,96.81,0.9034,54.5802,-7.6213,4.52,0.91,65.0,90.0,2500.0,,0,0,1,0
468,9,69.27,0.6744,51.7325,8.1771,3.3,1.57,100.0,115.7,3000.0,,0,1,2,0
4717,9,19.34,0.6476,52.8074,-1.0343,0.52,0.43,55.0,48.0,800.0,,0,0,0,0
4696,9,160.14,0.9926,42.8125,2.4372,1.47,3.15,62.2,82.0,2350.0,,0,0,9,0
2072,9,162.75,0.929,53.4773,8.812,1.09,1.46,53.9,71.0,2000.0,,0,0,0,0
5996,9,18.14,0.5807,55.0784,-6.2629,1.22,0.7,59.0,82.0,2000.0,,0,0,0,0
5997,9,5.13,0.7666,53.9181,12.5451,1.32,1.21,76.7,101.0,3000.0,,0,0,0,0
5977,9,130.16,0.9535,46.3521,1.0765,1.84,1.22,89.0,122.0,2200.0,,0,0,9,0
197,9,164.82,0.822,52.005,14.6601,1.28,1.3,85.0,77.0,1500.0,,0,0,8,0
6065,9,154.0,1.0,51.3996,6.1012,2.49,3.18,135.0,133.0,4800.0,,9,9,9,0
2721,9,1.14,0.9996,44.7764,4.0689,0.1,2.18,80.0,82.0,2000.0,2011.0,9,9,9,9
4585,9,81.02,0.9642,48.2332,8.1727,4.05,0.77,149.0,115.7,3050.0,2016.0,9,0,9,9
4542,9,72.67,0.7402,54.7883,-6.057,9.18,4.07,60.0,80.0,2000.0,,0,0,0,0
1220,9,178.23,0.8141,49.7543,9.3654,1.61,2.52,141.0,117.0,2.4,2016.0,7,7,9,9
2395,9,7.48,0.9631,51.8814,14.3651,1.0,2.34,56.2,74.0,1500.0,,0,0,0,0
2379,9,105.29,0.5928,52.8747,5.4007,1.59,0.69,35.7,47.0,750.0,,0,0,0,0
2366,9,144.98,0.9895,50.546,4.8618,4.04,3.17,98.0,82.0,2000.0,,0,0,0,0
5283,9,169.63,0.998,51.7104,4.5037,0.85,3.13,120.0,122.0,3400.0,2018.0,9,9,9,9
5272,9,8.74,0.9227,55.0114,-3.0239,0.89,1.46,45.0,47.0,3450.0,,0,0,9,0
5264,9,81.12,0.9296,52.4972,7.6179,4.36,1.09,129.0,127.0,4200.0,,0,0,9,0
5247,9,115.54,0.8098,54.5753,-1.5046,3.91,1.68,125.0,100.0,2.0,2017.0,6,0,6,6
5659,9,8.48,0.7467,49.741,8.0218,1.11,1.2,140.0,112.0,3.1,2014.0,9,9,9,9
3641,9,145.24,0.9861,53.1657,14.0789,1.52,1.43,62.0,77.0,1500.0,2003.0,0,0,9,9
999,9,163.21,0.8806,51.7006,7.6501,3.39,4.74,159.0,160.0,4200.0,,5,3,5,0
3621,9,169.88,0.7346,55.1398,15.0176,5.04,5.01,49.0,52.0,900.0,,0,0,0,0
3096,9,23.81,0.9162,50.4881,2.3408,1.73,1.75,85.0,82.0,2350.0,2012.0,9,9,9,9
3097,9,160.47,0.9011,49.5708,2.3443,1.36,1.58,91.0,117.0,2300.0,2026.0,7,7,9,7
3128,9,118.86,0.7629,50.8835,2.877,1.61,0.78,83.0,71.0,2300.0,,0,0,1,0
3114,9,16.43,0.9611,48.5818,-3.6827,1.26,2.36,88.0,80.0,2000.0,2012.0,9,9,9,9
4456,9,35.0,0.9848,50.7606,4.2642,2.98,2.64,117.0,126.0,3600.0,,1,1,1,0
573,9,0.76,0.9399,52.4283,9.377,0.75,1.73,32.6,43.0,0.6,,0,0,9,0
2868,9,47.48,0.9878,-20.876,167.2677,0.24,0.23,24.3,32.0,275.0,,0,0,0,0
1194,9,135.56,0.8666,56.0486,14.6461,3.66,2.37,65.0,48.0,800.0,2007.0,9,9,9,9
1587,9,162.55,0.9923,55.5886,11.8007,2.56,4.01,45.0,47.0,660.0,,0,0,0,0
1562,9,174.54,0.9305,36.9595,-3.566,0.59,1.63,62.2,82.0,2000.0,,0,0,9,0
1991,9,122.96,0.9104,46.002,-0.7528,2.92,1.35,78.0,77.0,1500.0,2004.0,0,0,9,6
1987,9,88.8,0.7648,55.8283,9.5672,4.85,1.86,33.0,24.6,150.0,,0,0,0,0
6195,9,178.51,0.8309,53.9507,15.9535,1.9,2.38,100.0,100.0,2500.0,,0,0,0,0
2043,9,157.58,0.9841,50.937,3.1779,1.7,2.6,105.0,90.0,2000.0,,0,0,0,0
2028,9,158.62,0.97,54.8148,11.4475,1.75,2.42,46.0,48.0,600.0,,0,0,0,0
2829,9,58.2,0.761,52.2962,1.19,3.75,1.13,82.7,109.0,3400.0,,0,0,0,0
4351,9,113.2,0.6325,48.6762,3.4964,2.27,1.02,80.0,100.0,2000.0,2016.0,9,9,9,9
4340,9,177.55,0.7727,58.4904,13.3753,3.82,4.07,74.0,52.0,850.0,2005.0,9,9,9,9
4342,9,29.4,0.6478,49.8934,3.4961,2.36,1.87,91.0,117.0,3000.0,2016.0,9,9,9,9
4316,9,20.82,0.8455,53.8294,12.3112,1.24,1.23,135.0,101.0,3.0,,0,0,9,0
504,9,149.45,0.953,48.0532,8.0728,1.31,1.65,78.0,40.0,600.0,,0,0,0,0
4526,9,167.96,0.9656,52.7032,23.2659,1.73,3.86,,,,,0,0,0,0
1996,9,176.03,0.9295,53.9984,-1.6503,0.59,1.44,55.0,70.0,2000.0,,0,0,0,0
5646,9,174.25,0.9945,47.0565,-1.1498,0.46,2.04,62.2,82.0,0.8,2020.0,0,0,9,9
5545,9,17.06,0.9969,44.5842,3.8652,0.79,1.64,126.0,82.0,3050.0,,9,0,9,0
5548,9,124.02,0.9027,49.7171,2.6527,1.96,0.93,87.3,115.0,3450.0,,0,0,9,0
1349,9,134.21,0.9706,42.6902,-8.3399,1.58,0.99,35.7,47.0,660.0,,0,0,0,0
5193,9,72.85,0.959,41.606,-2.4965,0.98,0.23,106.3,140.0,0.0,,0,0,4,0
5152,9,4.84,0.6465,54.047,-0.2293,1.12,1.04,80.0,90.0,3000.0,,0,0,0,0
254,9,131.42,0.9599,51.9353,10.4952,3.32,1.82,120.0,80.0,2000.0,2011.0,5,8,9,6
3113,9,10.4,0.8446,51.2113,13.2835,0.65,0.88,96.2,126.7,1943.0,,0,0,0,0
3698,9,0.89,0.9091,48.7943,10.3583,0.92,1.78,199.0,120.0,2.8,,1,0,1,0
3645,9,136.79,0.8936,52.3901,11.0928,1.61,0.99,98.0,71.0,2000.0,,0,0,0,0
5724,9,98.79,0.6225,52.022,18.6472,1.97,0.75,,,3450.0,2020.0,0,0,9,9
5712,9,62.55,0.7751,50.7587,-4.4473,5.68,2.6,23.5,31.0,330.0,,0,0,0,0
5681,9,32.81,1.0,52.9089,6.9665,3.57,3.34,145.0,131.0,3900.0,2021.0,9,9,9,9
2252,9,30.23,0.9089,64.1794,21.004,2.02,1.53,98.0,82.0,2000.0,2009.0,9,9,6,9
2618,9,167.57,0.9125,53.7816,-1.9359,0.72,1.07,110.0,80.0,2.0,,9,9,9,0
4775,9,10.88,0.8244,55.7207,-4.0741,3.35,3.86,42.5,56.0,500.0,,0,0,0,0
4764,9,126.42,0.9569,54.1032,9.6067,5.34,2.74,91.0,116.8,5500.0,,0,0,1,0
4766,9,40.0,0.5112,48.5963,3.5117,1.85,1.42,80.0,100.0,2000.0,2016.0,9,9,9,9
1284,9,3.59,0.5525,54.2882,13.0187,0.54,0.36,30.6,40.3,500.0,,0,0,0,0
1291,9,136.64,0.9906,53.4498,-3.023,3.86,2.19,80.0,44.0,600.0,,2,0,0,0
1131,9,175.79,0.8601,51.6696,13.4524,0.71,1.26,105.0,90.0,2000.0,,0,0,0,0
2895,9,115.57,0.9622,49.7911,11.5125,4.4,1.54,140.0,112.0,3300.0,,0,0,0,0
1128,9,7.95,0.9861,47.5024,-1.2397,0.91,3.24,105.0,90.0,2000.0,,9,9,9,0
4257,9,155.14,0.8666,50.4955,4.7079,2.57,2.67,135.0,104.0,3000.0,2025.0,1,0,1,2
2805,9,28.93,0.7304,50.0695,9.9448,2.29,1.63,164.0,144.0,4500.0,2020.0,3,0,9,9
2796,9,151.32,0.9747,49.8229,9.7053,2.96,3.65,141.0,117.0,2400.0,2012.0,9,9,9,9
2798,9,14.11,0.8122,51.3191,11.2534,0.72,0.83,70.0,70.0,1.8,,5,0,9,0
4477,9,99.14,0.9519,49.0318,5.3105,2.78,0.6,82.0,90.0,2000.0,2012.0,9,9,9,9
2232,9,14.89,0.8366,56.0523,-4.0536,1.31,1.51,80.0,90.0,2500.0,2010.0,0,0,9,8
5107,9,143.56,0.7494,48.7235,10.2145,1.95,1.41,159.0,138.0,4.2,2021.0,9,9,9,3
5058,9,18.37,0.9622,52.3117,7.5206,1.81,2.55,110.0,130.0,3200.0,,0,0,0,0
6535,9,139.38,0.6978,55.3133,-3.9163,1.61,1.01,30.4,40.0,500.0,,0,0,0,0
3104,9,1.62,0.9363,49.6282,2.5866,1.19,2.84,137.0,126.0,3600.0,2024.0,5,5,9,5
6430,9,83.55,0.8242,45.9157,-0.2869,2.11,0.59,236.0,112.0,3000.0,2022.0,9,9,9,9
1610,9,100.87,0.9525,53.2494,7.4272,3.63,0.71,76.7,101.0,3050.0,,0,0,4,0
3948,9,165.92,0.8738,54.4648,16.6035,1.31,1.84,75.9,100.0,2500.0,,0,0,0,0
3927,9,58.0,0.9959,51.7701,18.8516,3.01,1.23,55.0,48.0,600.0,,0,0,0,0
3935,9,19.34,0.9161,54.0441,-0.426,3.17,3.34,41.0,54.0,500.0,,0,0,0,0
3074,9,46.22,0.9602,48.8355,1.0612,3.51,2.35,85.0,84.2,2000.0,2022.0,4,4,9,4
3061,9,25.73,0.6972,49.0718,10.6805,0.99,0.97,105.0,90.0,1800.0,,0,0,9,0
690,9,176.51,0.9297,52.584,6.7602,0.87,1.8,149.0,116.0,4260.0,2018.0,9,6,3,9
3787,9,48.73,0.9767,-20.9566,55.5864,1.85,1.38,55.0,32.0,2200.0,,0,0,9,0
3791,9,45.96,0.5264,50.2583,6.8982,1.43,1.11,100.0,82.0,2.0,2002.5,9,9,9,4
1814,9,96.31,0.97,55.3303,11.8942,3.83,0.64,50.0,43.0,0.7,1999.0,3,0,3,3
6583,9,2.61,0.6814,54.3608,-6.1409,5.49,4.27,19.0,25.0,150.0,,0,0,0,0
6567,9,98.95,0.5185,51.0252,16.6089,1.79,1.19,122.0,92.5,3000.0,,9,0,9,0
4013,9,3.13,0.9907,49.636,5.8743,0.74,3.68,100.0,100.0,2000.0,,9,0,9,0
1876,9,152.13,0.9365,55.3092,11.356,1.78,1.71,46.0,44.0,750.0,,0,0,0,0
2510,9,15.01,0.881,55.0298,9.2333,3.47,3.0,40.0,44.0,600.0,,0,0,0,0
2490,9,144.99,0.7431,60.1692,-1.2453,2.77,1.31,39.5,52.0,850.0,,0,0,0,0
6312,9,160.51,0.9931,47.7874,5.6322,1.33,2.4,100.0,100.0,2500.0,,0,0,9,0
147,9,137.79,0.8956,51.5687,7.8474,2.0,1.17,89.5,77.0,2.0,,6,9,9,0
6272,9,10.51,0.56,49.4182,2.5529,1.34,0.85,80.0,100.0,2500.0,,9,9,9,0
2577,9,144.55,0.9915,55.7333,11.3737,2.72,1.92,35.0,37.0,500.0,,0,0,0,0
454,9,124.89,0.9541,52.6523,13.4279,4.26,2.42,129.0,92.0,1500.0,2012.0,6,6,9,9
449,9,108.7,0.9081,51.8827,9.1523,3.84,1.31,134.0,58.0,3600.0,,3,0,2,0
4877,9,50.13,0.8817,58.5464,11.4953,3.71,2.37,108.0,82.0,2300.0,2011.0,9,9,9,9
4827,9,10.4,0.9406,49.2474,-1.3998,1.1,1.93,85.0,82.0,2300.0,,7,0,9,0
4809,9,58.31,0.8808,50.2482,2.4482,3.25,1.5,69.0,92.0,2050.0,2017.0,8,8,8,8
4812,9,142.79,0.9662,50.5708,1.6534,3.11,2.92,50.0,53.0,800.0,2023.0,9,9,9,9
236,9,7.19,0.8978,52.9339,8.4413,0.73,1.1,94.0,112.0,2000.0,,0,0,5,0
245,9,138.51,0.8062,51.3603,9.1545,0.7,0.52,166.6,160.0,0.7,,4,4,9,0
6259,9,15.05,0.9541,59.071,-3.3212,1.44,2.0,33.4,44.0,900.0,,0,0,0,0
4308,9,4.39,0.8865,51.2488,9.6511,1.46,2.23,149.0,115.7,3000.0,,9,9,9,0
1142,9,141.79,0.9474,52.3495,7.396,2.0,1.61,166.0,70.5,1500.0,2024.0,4,0,9,3
5895,9,152.45,0.9307,59.7847,13.0066,2.16,1.69,129.0,142.0,4100.0,2020.0,9,9,9,9
5882,9,143.9,0.8362,60.3586,15.1003,2.16,1.36,91.0,117.0,3600.0,2019.0,9,9,9,9
391,9,164.54,0.9097,54.0605,13.358,1.36,1.59,94.0,112.0,3075.0,2015.0,6,6,9,9
394,9,8.09,0.9545,53.0694,9.1224,1.28,2.24,76.0,52.0,800.0,,9,8,9,0
5027,9,177.64,0.9555,53.3611,0.1683,0.75,2.63,115.0,48.0,2.0,2016.0,8,0,8,8
5016,9,15.86,0.8233,52.3091,-0.5214,1.03,1.37,73.0,103.0,2850.0,,0,0,0,0
2175,9,161.6,0.9966,42.7427,-6.1605,0.77,1.8,68.3,90.0,2000.0,,0,0,0,0
2147,9,91.31,0.8848,51.7074,13.5027,4.38,0.87,100.0,77.0,1500.0,2009.0,0,0,5,5
2150,9,54.67,0.6659,44.9615,3.7389,1.04,0.64,80.0,70.0,2000.0,2009.0,9,9,9,9
1521,9,19.15,0.8368,55.4497,8.5915,2.04,1.93,60.0,80.0,2000.0,,0,0,0,0
1869,9,154.26,0.5938,43.6221,4.766,0.66,0.66,49.0,48.0,0.8,2007.0,9,9,9,9
6380,9,178.97,0.9312,54.8297,-4.9897,0.88,1.49,60.0,80.0,2000.0,,0,0,0,0
6386,9,174.13,0.831,52.5523,14.2281,1.13,1.32,166.0,150.0,4200.0,2024.0,5,5,9,9
6370,9,170.23,0.9186,66.8805,23.339,1.84,1.97,120.0,117.0,3000.0,2015.0,9,9,9,9
6376,9,141.47,0.681,67.1529,22.1235,3.0,1.35,121.0,126.0,3600.0,2018.0,9,9,9,9
5809,9,85.64,0.9542,58.1796,14.1416,7.27,1.06,95.0,90.0,2000.0,2015.0,9,9,9,9
5766,9,82.7,0.9796,55.0207,12.8159,10.35,1.28,92.0,167.0,8000.0,2021.0,9,9,9,9
4207,9,5.28,0.948,54.5219,9.9196,1.03,2.11,83.0,114.0,3200.0,,4,0,9,0
4191,9,136.5,0.8301,58.2252,-6.4965,2.6,2.06,47.0,60.0,2.3,,0,0,9,0
4131,9,9.94,0.9721,49.6147,21.4549,0.16,0.44,33.4,44.0,600.0,,0,0,0,0
4118,9,27.22,0.9788,51.0417,5.6878,2.05,2.67,100.0,90.0,2000.0,,0,0,3,0
4096,9,123.68,0.7584,54.2008,9.8122,2.74,1.45,118.0,112.0,3000.0,,3,0,8,0
643,9,50.63,0.79,54.3435,13.1388,0.83,0.35,23.5,31.0,300.0,,0,0,0,0
4062,9,70.46,0.6711,56.2858,-4.9506,1.36,0.61,60.0,74.0,1670.0,,0,0,9,0
4233,9,18.17,0.84,49.7171,3.1333,1.8,2.47,91.0,117.0,2400.0,2017.0,9,9,9,9
604,9,47.49,0.9337,49.5987,7.6504,2.84,1.74,141.0,117.0,3.4,2020.0,9,9,9,9
586,9,171.2,0.7385,50.8138,6.3341,0.75,0.82,60.0,54.0,1000.0,,0,0,9,0
1104,9,71.66,0.856,51.6988,8.7401,3.98,1.6,170.0,53.0,0.8,2010.5,1,3,5,4
1924,9,114.33,0.64,53.7651,12.018,1.51,0.85,125.4,70.5,4800.0,2023.0,5,0,9,9
1930,9,145.16,0.9765,56.6314,10.2117,2.08,1.44,45.0,48.0,750.0,,0,0,0,0
5770,9,178.42,0.9745,50.6432,5.1113,0.65,3.04,100.0,100.0,2400.0,,0,0,9,0
1478,9,15.0,0.7792,56.2783,9.7803,2.58,1.6,45.0,48.0,750.0,,0,0,0,0
1485,9,101.68,0.7051,58.3494,14.9528,3.81,1.69,74.0,52.0,850.0,2009.0,9,8,8,8
2190,9,63.41,0.9751,49.8133,0.9359,2.18,0.83,87.0,126.0,3000.0,2024.0,9,5,9,5
2528,9,73.54,0.7854,55.0772,10.8806,3.32,1.11,50.0,48.0,750.0,2013.0,0,0,0,1
4975,9,35.42,0.6757,48.3854,2.1765,0.88,0.82,125.0,110.0,2500.0,,9,3,9,0
4980,9,153.67,0.8267,53.7457,-0.0678,1.17,1.16,68.3,90.0,1900.0,,0,0,0,0
4896,9,9.97,0.914,54.2582,9.1267,0.88,1.39,125.0,114.0,3.3,,3,0,8,0
6357,9,23.59,0.9779,51.7329,17.3873,3.49,4.06,100.0,80.0,2500.0,,0,0,4,0
1977,9,124.52,0.918,54.8899,11.7791,3.94,1.93,31.0,27.0,225.0,,0,0,0,0
2974,9,89.33,0.9998,57.0627,8.8835,4.65,0.04,149.5,169.5,6600.0,2023.0,8,8,8,8
4024,9,6.91,0.6949,47.4764,-1.4094,0.91,0.85,150.0,117.0,2500.0,2023.0,9,3,9,3
6250,9,25.84,0.8916,50.7762,5.6145,1.56,1.81,143.0,117.0,3450.0,,0,0,0,0
6812,9,22.91,0.6869,57.2785,-2.2965,3.42,2.52,33.4,44.0,900.0,,0,0,0,0
6801,9,87.75,0.9115,51.6416,14.7305,2.77,0.43,166.0,82.0,5600.0,2025.0,9,0,9,9
6777,9,45.75,0.6524,60.3428,16.472,3.83,1.69,115.0,101.0,6600.0,2023.0,9,0,9,9
7118,9,26.49,0.8771,52.6472,7.3573,1.5,1.41,175.0,70.0,7200.0,2026.0,9,0,9,9
2281,9,21.68,0.9958,41.1806,0.9145,1.08,1.9,60.0,61.0,1320.0,,0,0,0,0
5513,9,15.38,0.8063,47.5837,5.2858,0.98,1.69,95.0,110.0,2000.0,2019.0,9,9,9,9
5519,9,59.45,0.5824,61.309,14.3269,2.18,0.88,100.0,100.0,2500.0,2015.0,9,9,9,9
5502,9,2.97,0.8078,51.1429,12.1642,1.24,1.53,70.2,92.5,2050.0,,0,0,0,0
5507,9,53.43,0.6645,48.3219,2.0295,1.96,1.0,85.0,110.0,2200.0,2019.0,5,5,5,9
5498,9,2.67,0.9387,53.0409,8.3344,0.64,1.48,140.0,112.0,3300.0,2016.0,8,8,8,8
5445,9,176.35,0.9427,48.9032,3.4574,0.59,1.97,75.9,100.0,2000.0,,0,0,9,0
2335,9,13.02,0.8179,49.6218,9.8055,0.47,0.59,39.5,52.0,0.7,,0,0,9,0
3297,9,37.49,0.8449,58.0481,14.5173,2.69,1.55,100.0,101.0,2300.0,2011.0,9,9,9,9
3311,9,167.12,0.6742,53.0291,10.546,0.85,0.59,60.0,80.0,2.0,,7,7,7,0
842,9,7.54,0.9482,50.6202,7.8436,0.79,1.54,108.0,82.0,2.0,2010.0,9,9,9,9
845,9,52.02,0.9696,28.1487,-15.6855,2.04,1.59,45.0,46.0,660.0,,0,0,0,0
1709,9,74.23,0.9431,56.8957,9.3029,3.57,0.75,45.0,47.0,660.0,,0,0,0,0
1693,9,40.06,0.9275,51.0438,14.9307,1.65,1.31,,,,,0,0,0,0
865,9,174.15,0.8654,54.4228,11.179,0.45,0.62,50.0,43.0,0.6,,8,7,8,0
7160,9,134.96,0.9827,42.0951,-4.5987,1.83,1.48,105.0,90.0,2000.0,,0,0,0,0
13,9,20.74,0.9215,52.2729,9.7268,1.19,1.42,64.0,71.0,2300.0,2012.0,4,4,7,6
7211,9,109.59,0.9311,49.9118,6.4327,4.24,1.46,166.6,,5560.0,,9,0,9,0
7208,9,44.25,0.7989,51.5103,9.4463,2.0,1.18,179.0,40.3,6800.0,,9,0,9,0
1697,9,65.01,0.917,50.4061,8.3159,3.17,1.42,105.0,90.0,2.0,2011.0,9,9,9,9
7053,9,122.94,0.883,42.3509,-2.2762,3.42,2.01,115.0,163.0,5800.0,2025.0,9,9,9,9
1522,8,21.84,0.9237,50.3048,4.5086,1.72,2.14,85.0,77.0,1.5,2023.0,0,0,6,2
7100,8,65.31,0.7229,46.9759,1.7589,1.58,0.82,75.8,99.8,3000.0,,0,0,0,0
7107,8,9.0,0.5808,42.0023,-1.5778,1.97,1.78,120.9,158.0,5800.0,,8,8,8,0
7108,8,31.41,0.9991,41.9848,-1.7233,2.21,2.73,122.0,163.0,6250.0,,8,8,8,0
7089,8,159.65,0.9068,53.0203,10.8255,1.17,1.6,161.0,77.0,5500.0,,8,0,8,0
7085,8,170.88,0.9194,51.6871,9.1232,1.41,2.51,148.0,31.0,5600.0,,8,0,8,0
7033,8,0.21,0.6792,49.666,2.452,1.75,1.57,111.5,136.0,3600.0,,8,8,8,0
7019,8,160.94,0.7907,41.6073,-1.2417,2.22,2.25,170.0,135.0,5600.0,2025.0,8,8,8,5
74,8,103.9,0.9831,52.2425,9.7903,1.87,0.3,120.0,90.0,1.5,,1,0,1,0
957,8,3.51,0.9247,50.8013,11.0557,0.53,1.2,76.0,48.0,0.8,,0,0,8,0
3242,8,15.39,0.7714,54.7284,-3.2822,0.48,0.38,48.0,60.0,1300.0,,0,0,0,0
4612,8,169.59,0.8576,56.2616,-2.7358,3.61,3.68,33.4,44.0,500.0,,0,0,4,0
1203,8,8.7,0.9883,52.7311,5.208,1.35,4.16,52.0,44.0,900.0,,3,0,0,0
2784,8,115.43,0.9946,46.01,3.7042,3.87,1.3,84.0,82.0,2000.0,2011.0,8,8,8,8
2788,8,17.05,0.8902,53.7394,9.5972,0.85,0.95,85.5,104.6,2887.5,,8,8,8,0
4541,8,48.4,0.8907,50.831,12.3456,1.62,1.16,120.0,117.0,2500.0,,0,0,8,0
5417,8,23.64,0.9385,59.3518,14.186,2.04,2.06,116.0,126.0,3300.0,2017.0,8,8,8,8
5409,8,142.18,0.9577,56.6694,-3.2922,2.42,1.78,70.2,92.5,2050.0,2018.0,0,0,7,7
3216,8,6.46,0.7563,56.4263,16.071,3.87,3.11,86.0,67.5,1425.0,2011.0,8,8,8,8
1005,8,169.26,0.9914,51.512,4.2315,0.44,1.26,49.0,52.0,850.0,,0,0,0,0
2263,8,129.65,0.593,47.2737,-0.9049,2.45,1.68,78.0,82.0,2000.0,2010.0,8,8,8,8
306,8,22.2,0.8788,51.511,11.4597,1.1,1.32,100.0,90.0,2300.0,,0,0,8,0
294,8,160.97,0.7267,52.6501,8.7137,1.03,0.77,100.0,80.0,2.0,2004.0,8,8,8,8
5538,8,48.74,0.9737,16.3371,-61.0215,0.83,0.61,24.3,32.0,900.0,,0,0,8,0
5392,8,22.2,0.7552,52.8708,7.6409,1.35,1.01,135.0,115.7,3000.0,,8,0,8,0
3580,8,37.86,0.9817,39.925,-1.0449,1.5,1.68,68.3,90.0,2000.0,,0,0,0,0
3563,8,160.61,0.914,52.0406,9.9698,0.66,0.85,61.4,77.0,1500.0,2026.0,8,8,8,5
3545,8,174.88,0.9876,49.5114,5.6618,0.84,3.23,95.0,90.0,2000.0,2015.0,8,8,8,4
977,8,38.08,0.8247,53.3848,9.6306,1.66,1.41,148.0,40.0,6000.0,,4,0,4,0
2323,8,149.19,0.8803,55.8161,13.2255,3.05,2.54,55.0,45.5,630.0,1999.0,8,8,8,8
1409,8,28.68,0.9729,51.7229,7.876,1.52,2.02,64.7,70.5,1500.0,,0,0,0,0
2315,8,52.95,0.9157,56.9382,9.9251,6.11,2.5,30.0,23.0,150.0,,0,0,0,0
6092,8,159.66,0.8994,63.3345,19.2428,0.66,0.65,55.0,47.0,660.0,2000.0,8,8,0,8
4735,8,175.25,0.8022,49.7359,7.9127,2.07,2.76,140.0,112.0,3.1,2014.0,8,8,8,8
1647,8,174.77,0.9177,52.8273,7.888,0.46,0.85,68.0,62.0,1550.0,,0,0,8,0
6745,8,98.46,0.7741,50.0883,2.949,2.26,0.67,101.5,126.0,3900.0,2023.0,8,8,8,8
6748,8,4.56,0.6438,49.7056,2.4964,1.14,0.98,93.0,117.0,3225.0,2023.0,8,8,8,8
1846,8,9.67,0.9454,63.489,14.1252,1.07,1.52,78.0,82.0,1500.0,,0,0,0,0
1852,8,26.7,0.8977,50.5302,7.8801,2.33,2.69,73.0,53.5,0.9,2011.0,8,8,8,8
5389,8,36.6,0.8091,54.0516,13.1404,1.43,0.87,126.0,115.7,5000.0,,1,0,1,0
1917,8,142.15,0.9631,44.09,2.7319,1.43,1.15,80.0,82.0,1500.0,2009.0,8,8,8,8
6395,8,173.16,0.9675,49.0139,9.4149,1.13,2.66,138.0,92.0,2350.0,,0,0,0,0
2944,8,16.49,0.9711,49.4289,10.6672,1.86,3.35,200.0,112.0,3300.0,,5,0,6,0
2952,8,48.98,0.998,43.4592,-5.9991,2.12,1.37,68.3,90.0,2000.0,,0,0,0,0
2954,8,171.9,0.9435,51.6642,11.4358,0.6,1.28,104.0,92.0,2350.0,,0,0,0,0
1122,8,6.25,0.9997,51.9218,5.5275,0.45,2.77,105.0,82.0,2000.0,,0,4,8,0
2939,8,152.88,0.8885,51.6999,14.6427,1.01,0.99,138.0,82.0,2000.0,,0,0,0,0
1107,8,146.3,0.9103,51.8912,7.8743,1.44,1.52,95.0,90.0,2000.0,,0,0,2,0
6358,8,52.24,0.7359,52.6736,16.9413,2.42,1.09,68.3,90.0,2000.0,,0,0,0,0
1477,8,155.27,0.6218,51.0622,13.1205,0.8,0.5,65.0,70.5,1500.0,,0,0,0,0
587,8,12.38,0.9908,55.4241,13.377,1.35,3.54,46.0,49.5,755.0,2008.5,8,8,8,8
156,8,86.8,0.8744,52.3887,9.0476,6.76,1.49,73.0,52.9,0.2,,0,0,4,0
653,8,46.65,0.7461,49.8528,12.442,3.35,2.12,108.0,82.0,2300.0,,0,0,6,0
618,8,165.48,0.9493,49.8569,11.0888,1.0,1.91,109.0,82.0,1500.0,2005.0,8,8,8,8
4053,8,168.54,0.9937,48.4095,10.5216,1.26,3.67,140.0,117.0,2.4,2016.0,8,8,8,8
4054,8,172.46,0.9648,50.3425,2.4879,0.73,1.71,105.0,90.0,3000.0,2013.0,0,0,8,8
2996,8,177.56,1.0,48.3738,6.4934,0.09,1.4,60.0,60.0,800.0,,8,8,8,0
4030,8,0.14,0.9845,48.1511,-2.604,0.58,3.22,102.0,117.0,2400.0,2015.0,8,8,8,8
4039,8,76.72,0.7036,50.0454,22.3602,1.59,0.65,98.0,87.0,2500.0,,8,0,8,0
4983,8,14.57,0.851,47.8179,5.7987,1.37,1.93,125.0,110.0,2000.0,2018.0,8,8,8,8
4964,8,171.85,0.9524,52.2786,17.7963,1.51,3.98,62.2,82.0,2000.0,,0,0,0,0
4888,8,153.47,0.6889,51.0795,20.3742,0.33,0.26,21.3,28.0,225.0,,0,0,0,0
4890,8,9.39,0.9631,52.8348,9.5365,0.75,1.59,105.0,90.0,2000.0,,0,0,8,0
4892,8,54.1,0.9748,53.128,7.4158,1.82,0.77,108.0,82.0,2300.0,,0,0,0,0
1582,8,145.39,0.9058,54.6114,11.9125,0.99,0.82,35.0,37.0,450.0,,0,0,0,0
2932,8,39.57,0.9593,54.5944,-3.5744,1.44,1.1,40.0,47.0,660.0,,0,0,0,0
1091,8,4.14,0.7783,51.7317,13.4105,0.83,0.95,105.0,90.0,2000.0,,0,0,1,0
2907,8,159.17,0.7202,57.4106,-2.7272,0.77,0.56,47.0,66.0,1750.0,,0,0,0,0
4211,8,177.54,0.954,54.0499,17.1633,0.26,0.73,89.5,93.0,2300.0,,0,0,0,0
4201,8,84.56,0.9253,51.6061,6.7763,3.16,0.66,193.0,115.0,1501.5,2018.0,5,1,8,5
3000,8,5.81,0.9917,48.4752,-3.5659,0.3,1.53,46.0,48.0,750.0,2003.0,8,8,8,8
3006,8,150.67,0.9339,48.125,-3.1993,2.65,3.24,55.0,52.2,3780.0,2004.0,2,2,8,2
5859,8,9.12,0.6085,53.5164,11.3195,1.18,0.86,140.0,112.0,3300.0,,8,0,8,0
4785,8,84.76,0.9708,50.8853,4.0323,7.19,0.89,108.0,82.0,2500.0,,0,0,6,0
4794,8,113.86,0.6519,48.3759,1.9552,1.76,1.0,78.0,82.0,2300.0,2011.0,8,8,8,8
4801,8,44.56,0.9732,50.0225,3.5413,4.54,3.35,99.5,101.0,3000.0,2014.0,7,7,8,8
1491,8,177.05,0.8144,54.0687,-2.6568,0.76,0.95,65.0,70.0,2000.0,,0,0,0,0
227,8,10.27,0.9826,52.0848,9.1387,1.15,2.34,53.9,71.0,2000.0,,0,0,2,0
6267,8,28.74,0.9723,46.2027,0.7207,1.86,2.19,121.7,117.0,3000.0,2022.0,8,8,8,4
4853,8,170.82,0.9857,45.1756,5.1712,0.66,2.21,95.0,110.0,2200.0,2018.0,8,8,8,8
2540,8,176.62,0.9409,55.1443,8.8598,0.46,1.06,46.0,47.0,0.7,1999.5,8,8,8,8
2174,8,162.35,0.7685,42.7445,-6.0281,1.52,2.31,66.0,87.0,2000.0,,0,0,0,0
410,8,134.98,0.921,53.0352,9.0629,3.11,1.83,117.0,80.0,2000.0,,3,7,7,0
409,8,126.01,0.9195,53.3031,8.4345,1.68,0.88,60.0,80.0,2000.0,,0,0,5,0
5044,8,71.58,0.9966,43.2562,3.0291,3.43,0.89,66.5,70.0,2300.0,2018.0,8,8,8,5
5035,8,170.31,0.9534,55.698,-3.6659,1.68,2.69,85.0,120.0,2750.0,,0,0,0,0
5914,8,173.86,0.9589,65.2161,18.9124,0.88,1.6,100.0,100.0,2500.0,2012.0,8,8,0,8
5880,8,162.29,0.9944,51.6634,4.2495,1.44,2.56,67.0,66.0,1750.0,,0,0,0,0
6480,8,149.67,0.768,57.4845,-2.1015,5.14,3.6,61.5,27.0,0.2,,0,1,1,0
6475,8,111.57,0.9443,46.1792,0.3588,3.94,1.61,114.0,132.0,3000.0,2022.0,8,8,8,8
6456,8,2.66,0.9961,44.604,3.5771,0.28,2.31,60.0,80.0,3600.0,,0,0,8,0
6457,8,99.14,0.6839,52.9256,8.3433,1.59,0.72,166.0,160.0,5560.0,,8,8,8,0
5013,8,130.24,0.9729,51.9779,-4.4257,4.26,2.81,46.0,62.0,1300.0,,0,0,0,0
4997,8,143.32,0.9874,51.6259,15.6794,3.78,3.33,95.0,110.0,2000.0,2016.0,0,0,8,8
5003,8,173.18,0.9955,44.7572,3.9342,0.47,2.16,84.0,82.0,3020.0,2017.0,8,8,8,8
2557,8,157.95,0.9178,55.9776,11.9547,1.96,3.0,42.0,41.0,550.0,,0,0,0,0
4080,8,156.41,0.8049,53.7476,15.424,1.84,1.77,100.0,90.0,2000.0,,0,0,7,0
4194,8,105.23,0.9443,39.8479,-1.4969,1.69,0.48,60.7,80.0,2000.0,,0,0,0,0
4171,8,170.65,0.7141,47.5357,-1.5715,1.41,1.43,105.0,90.0,2000.0,2013.0,8,8,8,8
4172,8,85.31,1.0,52.6845,18.5843,0.93,0.05,,,,,0,0,0,0
4176,8,64.73,0.7779,53.2327,19.4675,2.08,1.09,68.3,90.0,2000.0,,0,0,0,0
6375,8,42.53,0.9492,52.1204,18.1491,4.18,2.74,22.0,29.0,3000.0,,0,0,6,0
5776,8,111.49,0.928,58.9425,-3.2083,5.25,1.62,33.4,44.0,900.0,,0,0,0,0
2142,8,66.69,0.647,50.5444,4.3452,1.75,0.88,98.0,82.0,2000.0,,0,0,7,0
145,8,61.04,0.9799,52.7844,8.306,4.52,1.64,30.4,82.0,1300.0,,0,4,3,0
1614,8,111.87,0.9918,56.3779,9.5884,5.41,1.33,50.0,54.2,1000.0,,0,0,0,0
3977,8,149.48,0.8656,56.1833,8.2742,1.93,1.43,89.0,120.0,6.0,2013.0,6,6,6,6
3970,8,35.85,0.9931,46.9689,2.2002,3.02,2.68,75.9,100.0,2500.0,2013.0,0,8,8,8
6537,8,12.76,0.9328,56.9259,12.9169,2.12,2.58,96.0,100.0,1600.0,2014.0,8,8,8,8
1888,8,55.96,0.8307,46.2003,-0.2214,2.92,1.56,88.5,100.0,2000.0,2017.0,4,4,8,4
1031,8,80.62,0.8668,48.0068,-4.3896,1.3,0.48,60.0,77.0,1500.0,2007.0,8,8,8,8
1033,8,34.23,0.9975,42.742,-3.8699,1.24,1.36,55.0,77.0,0.7,,0,8,8,0
3833,8,94.96,0.9214,58.298,13.1365,6.5,1.08,96.5,82.0,2000.0,2012.0,8,8,8,8
700,8,54.95,0.5383,52.8895,8.9919,1.29,0.76,108.0,82.0,2500.0,,0,0,1,0
3774,8,35.02,0.9033,58.0975,13.5007,1.97,1.33,73.0,53.0,800.0,2010.0,8,8,8,8
3915,8,15.99,0.8098,50.6132,-4.4437,4.11,4.05,50.0,54.0,500.0,,0,0,0,0
3062,8,13.57,0.9778,47.558,-1.1465,1.43,3.74,102.0,81.0,2325.0,2011.5,8,8,8,8
3058,8,135.49,0.9915,47.6784,-1.2913,2.85,2.11,120.5,82.0,2300.0,2016.0,8,3,8,3
3060,8,160.1,1.0,47.4619,-1.2042,0.92,1.71,134.5,71.0,2300.0,,8,0,8,0
3044,8,149.03,0.8833,48.1142,-2.6088,1.2,1.07,98.4,82.0,2000.0,2010.0,8,8,8,8
2491,8,150.7,0.9549,56.9867,9.5174,3.04,2.69,42.0,44.0,750.0,,0,0,0,0
6646,8,35.76,0.9464,57.8575,14.621,3.75,2.3,130.0,150.0,4300.0,2022.0,8,8,8,8
6647,8,72.07,0.9774,54.7787,-5.71,6.87,1.44,21.3,28.0,250.0,,0,0,0,0
6654,8,2.26,0.9735,59.2621,12.8873,0.99,2.84,115.0,170.0,6200.0,2022.0,8,8,8,8
6619,8,108.43,0.8944,50.7744,23.7166,3.91,1.15,,,2000.0,,0,0,8,0
6602,8,159.54,0.9896,48.027,6.1764,1.14,2.28,95.0,110.0,2200.0,2023.0,8,8,8,8
3883,8,36.89,0.9425,59.072,-3.2147,4.54,2.9,33.4,44.0,900.0,,0,0,0,0
3825,8,120.27,0.8371,60.7838,16.5856,2.8,0.9,108.0,82.0,2300.0,2012.0,8,8,8,8
4844,8,134.22,0.8105,49.5639,4.0958,2.89,1.88,94.0,112.0,2500.0,,0,0,8,0
4847,8,19.97,0.9786,48.2002,5.2639,2.41,3.76,95.0,110.0,2200.0,2022.0,8,8,8,8
4813,8,6.17,0.9333,50.0517,3.4677,1.15,2.25,100.0,113.0,3200.0,2017.0,8,8,8,8
6313,8,106.41,0.8918,47.7556,5.6832,2.44,0.86,100.0,100.0,2500.0,,0,0,8,0
444,8,29.24,0.711,52.3253,9.5362,0.9,0.63,99.5,71.0,2000.0,2005.0,8,0,8,8
4014,8,172.41,0.8431,54.796,9.1835,0.98,1.11,85.0,112.0,3.2,,0,0,8,0
2477,8,102.67,0.6566,56.6653,8.8715,4.22,2.16,32.0,27.0,225.0,,0,0,0,0
2486,8,137.89,0.9774,56.37,9.2459,3.5,2.14,78.0,80.0,2000.0,,0,0,0,0
4738,8,166.03,0.8988,50.3962,3.0038,1.29,1.99,102.5,109.0,3225.0,2017.5,8,8,8,8
1295,8,116.94,0.9998,51.4562,-0.0644,0.06,0.02,15.2,20.0,0.0,,0,0,8,0
1300,8,26.21,0.8325,50.5211,7.9917,1.16,1.25,138.5,106.0,2.6,2015.0,8,8,8,7
2668,8,153.66,0.9999,55.9495,14.1819,1.97,2.26,55.0,52.0,850.0,2003.0,8,8,8,8
4789,8,141.19,0.8941,52.379,11.7246,1.35,1.14,138.0,82.0,2300.0,2022.0,0,0,8,3
2653,8,146.24,0.9819,53.7701,10.8435,2.88,2.71,30.4,149.1,5900.0,,0,6,8,0
2661,8,157.98,0.946,51.5423,14.1707,0.93,1.27,58.0,44.0,600.0,,0,0,0,0
2631,8,149.88,0.9108,52.072,7.8856,1.91,2.43,148.0,70.0,5700.0,,5,0,5,0
6086,8,159.45,0.5489,56.8676,13.0952,2.67,1.63,94.0,112.0,3000.0,2012.0,6,6,6,6
2803,8,135.69,0.7422,54.1874,-3.1773,0.75,0.42,40.0,47.0,660.0,,0,0,0,0
4453,8,84.45,0.9398,60.8028,14.4024,2.8,0.43,80.0,90.0,2000.0,2009.0,8,8,8,8
480,8,54.51,0.9259,51.6718,6.9047,4.51,2.27,200.0,122.0,1151.6,2017.0,5,0,6,5
1134,8,176.66,0.5956,54.0974,10.1469,1.1,0.69,65.0,70.0,1800.0,,0,0,0,0
2880,8,20.29,0.7706,53.6273,-0.6425,1.03,1.07,80.0,92.5,2000.0,,0,0,0,0
4248,8,170.31,0.9963,45.8643,0.3309,0.51,1.98,107.0,90.0,2000.0,2013.0,8,8,8,8
4755,8,167.79,0.6963,50.3027,1.7352,0.95,0.72,83.5,82.0,2300.0,2013.0,8,8,8,8
6556,8,56.09,0.7074,47.6374,-1.6992,1.45,0.88,112.9,131.0,3300.0,2022.0,8,8,8,8
2235,8,113.79,0.6386,56.7637,9.079,4.99,1.99,40.0,44.0,600.0,,0,0,0,0
2236,8,137.22,0.6622,50.6427,9.0022,0.99,0.5,149.0,115.7,600.0,,0,0,8,0
2240,8,76.04,0.6546,56.7146,9.1167,3.59,1.82,50.0,47.0,660.0,,0,0,0,0
2220,8,133.52,0.7399,55.5088,10.1574,3.27,1.81,50.0,50.0,0.8,2000.0,7,7,7,7
5106,8,126.9,0.9519,16.3182,-61.7317,1.62,1.09,123.0,32.0,2000.0,2018.0,8,0,8,8
5087,8,144.84,0.8145,53.1446,14.7836,1.4,0.9,64.5,85.0,2000.0,,0,0,6,0
6083,8,139.91,0.863,57.3799,12.2132,1.96,1.03,94.0,112.0,3300.0,2016.0,8,8,8,8
1039,8,1.8,0.9221,41.8878,-2.43,0.47,0.92,39.5,52.0,850.0,,0,8,8,0
3092,8,128.73,0.9823,47.0887,2.229,2.56,1.32,125.0,100.0,1251.2,2011.0,8,8,8,4
5073,8,115.26,0.5787,46.228,0.4297,1.38,0.79,100.0,100.0,2000.0,2016.0,8,8,8,8
5056,8,169.03,0.7459,53.6213,17.6271,3.03,2.76,68.3,90.0,2000.0,,0,0,0,0
5057,8,177.47,0.9621,46.684,0.1396,0.53,1.71,80.0,90.0,1835.0,2017.0,8,4,8,4
5063,8,81.74,0.6077,62.128,15.5322,2.01,0.76,116.0,117.0,3450.0,2016.0,8,8,8,8
5049,8,170.27,0.999,46.0627,0.1076,0.61,2.62,95.0,110.0,2000.0,,8,8,8,0
5052,8,99.29,0.8864,53.0453,20.3732,3.26,0.73,105.0,90.0,2000.0,,0,0,0,0
542,8,53.53,0.8499,54.8362,-1.682,5.16,2.89,60.0,80.0,2750.0,,0,0,0,0
4379,8,58.04,0.928,58.3399,12.9781,4.01,1.71,50.0,52.0,850.0,2003.0,8,8,8,8
4375,8,173.63,0.9231,52.7925,9.2909,0.96,1.76,200.0,126.0,3.3,2016.0,8,0,8,8
4313,8,170.98,0.8865,52.26,-0.1965,0.85,1.37,80.0,92.5,2050.0,,8,8,0,0
1559,8,138.89,0.9589,55.7738,13.4176,3.28,2.58,71.5,63.0,1300.0,2005.0,8,8,8,8
1981,8,152.76,0.9895,49.5943,7.3137,2.22,2.51,110.5,90.0,2.3,2009.5,8,8,8,8
2827,8,81.1,0.9957,45.4382,3.07,1.45,0.19,56.0,48.0,800.0,,0,0,8,0
2855,8,176.33,0.9841,51.1071,11.2558,0.69,2.56,150.0,90.0,2000.0,2006.0,8,0,8,8
5578,8,118.52,0.6368,47.5592,4.6891,1.31,0.65,91.0,117.0,2400.0,2019.0,8,8,8,8
5568,8,94.99,0.8122,48.3735,4.9491,2.6,0.94,92.5,113.0,3200.0,2018.0,8,8,8,8
5557,8,30.32,0.9519,48.1516,4.3859,2.3,2.56,91.5,117.0,2400.0,2018.0,8,8,8,8
502,8,172.62,0.9368,48.4475,9.7483,1.59,3.01,179.0,82.0,2.0,2010.5,5,0,6,8
1167,8,4.44,0.9318,47.0032,-1.486,0.8,2.4,80.0,92.0,2050.0,,6,6,8,0
2001,8,24.94,0.8838,50.2818,5.0533,1.63,1.98,98.0,104.0,3400.0,,0,0,0,0
2004,8,138.37,0.8003,54.7386,11.4463,0.7,0.43,46.4,48.0,0.6,1997.0,8,8,8,8
6183,8,170.31,0.8319,55.9169,-4.7275,0.74,0.93,30.4,40.0,3000.0,,0,0,8,0
3680,8,160.76,0.9433,51.9627,6.545,1.25,1.73,98.0,82.0,2000.0,,0,0,0,0
3666,8,113.47,0.7741,49.1942,9.8943,2.09,0.99,200.0,92.5,3.2,2016.0,8,0,8,8
1429,8,176.73,0.8377,54.2394,10.3241,0.54,0.74,60.0,43.0,0.6,,8,0,8,0
1368,8,161.18,0.6507,49.7758,6.5645,0.65,0.57,123.0,82.0,2.3,2012.5,8,8,8,8
5211,8,11.89,0.8657,52.0194,9.3891,1.24,1.58,149.0,136.0,3450.0,2018.0,2,2,8,2
2470,8,35.13,0.8706,56.0702,8.6304,4.08,3.15,30.4,40.0,500.0,,0,0,0,0
3115,8,21.4,0.9029,50.7905,8.2765,1.49,1.97,149.0,117.0,3000.0,,2,0,8,0
5643,8,166.36,0.8685,49.7753,2.098,1.17,1.43,85.9,132.0,3500.0,2019.0,8,8,8,8
2606,8,93.56,0.5323,42.765,-3.7056,0.34,0.24,44.0,40.0,0.5,,0,8,8,0
5721,8,7.51,0.9173,57.2735,-2.9625,0.75,1.03,53.9,71.0,2300.0,,0,0,0,0
5672,8,43.19,0.7874,29.0043,-13.5846,0.81,0.78,20.5,27.0,2300.0,,0,0,4,0
5673,8,12.77,0.881,53.691,11.3059,0.54,0.77,50.0,42.0,600.0,,0,0,0,0
5679,8,150.36,0.9585,49.841,3.7346,1.62,1.68,90.0,90.0,2000.0,2019.0,8,8,8,8
1051,8,43.21,0.8462,52.0611,8.0726,1.3,0.95,100.0,92.5,2000.0,,0,0,0,0
743,8,83.3,0.8576,51.3393,6.3136,4.8,1.32,100.0,70.5,1500.0,,0,0,3,0
3699,8,117.53,0.8541,58.4802,-6.243,4.09,1.36,33.4,44.0,900.0,,0,0,0,0
4682,8,85.79,0.7684,51.7439,7.0968,2.73,0.87,166.0,114.0,4500.0,2023.0,5,0,5,1
4684,8,19.03,0.8293,50.2387,11.8421,1.36,1.45,141.0,117.0,2400.0,2015.0,0,0,8,8
1242,8,67.69,0.7708,53.208,10.5243,2.64,1.13,161.0,82.0,1500.0,,2,0,8,0
1233,8,127.13,0.9405,49.4425,6.705,2.99,1.35,140.0,112.0,3.1,2015.0,8,8,8,8
2091,8,7.39,0.9608,45.2102,4.8645,1.03,2.73,82.0,90.0,2000.0,2007.0,8,8,8,8
6172,8,21.14,0.9833,48.0959,2.0227,1.83,3.29,86.0,117.0,3000.0,2023.0,8,8,8,8
6174,8,172.43,0.9209,48.3259,5.4787,0.8,1.79,95.0,120.0,2200.0,,0,0,8,0
6126,8,176.12,0.9346,53.1918,11.4115,0.59,1.43,165.0,82.0,4100.0,,8,0,8,0
5295,8,8.47,0.9164,53.3073,10.353,0.88,1.45,139.0,120.0,2750.0,,0,0,0,0
2117,8,3.88,0.7512,45.8312,0.1907,1.18,1.2,105.0,110.0,2100.0,2016.5,8,6,8,8
4564,8,167.43,0.8819,47.6063,3.7963,1.05,1.76,96.0,110.0,2000.0,2021.0,8,8,8,8
537,8,8.74,0.9696,53.7163,10.4407,0.81,1.55,45.5,60.0,1.2,2003.0,0,0,8,8
6003,8,32.0,0.9224,47.1702,1.9494,2.09,2.33,105.0,117.0,2400.0,2021.0,8,8,8,8
6007,8,34.61,0.9452,52.945,10.8397,1.77,1.61,161.0,77.0,5500.0,2022.0,7,0,7,7
5970,8,4.88,0.9985,49.317,4.4541,0.37,2.69,94.0,112.0,3450.0,2019.0,8,8,8,8
4708,8,163.93,0.9823,40.8703,-5.4363,0.92,2.31,80.0,90.0,1800.0,,0,0,0,0
3610,8,165.12,0.836,45.2383,2.9807,1.2,1.72,81.0,90.0,3000.0,2012.0,8,8,8,8
5242,8,58.76,0.6549,56.5704,-3.0495,1.13,0.65,21.3,28.0,800.0,,0,0,8,0
5246,8,2.69,0.7805,49.9554,11.4169,1.13,1.31,199.0,117.0,2.4,2017.0,8,0,8,8
5668,8,139.23,0.9891,53.313,18.4644,3.21,2.01,40.2,52.9,800.0,,0,0,0,0
1857,8,72.16,0.8129,50.2452,7.2424,1.59,0.78,77.0,66.5,1.3,2002.0,8,8,8,8
1817,8,0.12,0.8454,51.1831,14.7251,0.88,1.4,65.0,70.0,1500.0,,0,0,0,0
1820,8,69.04,0.8674,55.2348,11.6378,3.27,1.25,45.0,44.0,0.6,1998.0,8,8,8,8
5334,8,55.19,0.7952,54.5238,16.8264,2.24,1.03,,,,2015.0,0,0,0,8
3732,8,17.72,0.8856,58.6262,12.4165,2.47,2.67,95.0,90.0,1800.0,2008.0,8,8,8,8
3728,8,11.96,0.7879,50.9456,10.9233,0.84,0.87,73.0,52.9,0.8,,0,0,8,0
3150,8,147.29,0.9815,41.1866,-2.5909,1.61,1.71,66.0,87.0,2000.0,,0,8,0,0
3127,8,137.39,0.9739,49.5598,9.6466,3.16,2.3,152.0,58.0,3450.0,2024.0,2,0,5,1
992,8,18.25,0.9223,51.9112,7.9289,1.15,1.7,108.0,71.0,2000.0,,0,0,0,0
3175,8,138.77,0.9342,50.6923,8.9382,2.31,1.58,100.0,77.0,850.0,,0,0,8,0
3617,8,65.27,0.8271,53.8214,-2.1687,3.81,1.43,70.0,80.0,2000.0,,0,0,0,0
3619,8,91.3,0.9189,51.6066,6.9447,8.17,1.89,163.8,103.0,1201.2,2023.0,6,2,6,3
1781,8,2.75,0.9797,48.0655,-4.5738,0.28,1.43,48.9,48.0,800.0,2018.0,8,8,8,8
1761,8,83.16,0.8185,52.9421,11.253,2.24,0.52,64.0,71.0,2000.0,,0,0,0,0
1764,8,170.24,0.942,52.4079,-3.8779,0.29,0.58,30.0,33.0,300.0,,0,0,0,0
1766,8,175.43,0.9409,52.9147,11.3033,0.61,1.2,64.0,71.0,2000.0,,0,0,0,0
1770,8,90.37,0.6975,53.4463,8.5822,1.64,0.62,68.0,62.0,1.3,,6,6,6,0
1771,8,164.45,0.8053,49.091,-0.2618,0.65,0.8,85.0,71.0,2.0,,8,0,8,0
1747,8,152.17,0.7334,49.7627,3.2196,0.87,0.66,91.5,117.0,2750.0,2013.5,4,4,8,8
7156,8,14.9,0.8543,41.9286,-4.4241,1.16,1.45,68.3,90.0,2000.0,,0,0,0,0
1535,8,26.32,0.9484,37.61,-0.861,0.62,1.16,34.9,46.0,0.7,,0,0,8,0
6995,8,152.55,0.9911,48.1335,9.2886,3.02,3.53,160.0,138.0,4200.0,2026.0,8,8,8,7
6823,8,26.09,0.9309,49.7818,3.0848,2.56,2.78,80.0,82.0,2200.0,2024.0,0,0,8,8
3262,8,154.76,0.7857,48.6891,10.286,1.11,1.08,120.0,117.0,2.4,,8,8,8,0
3273,8,135.5,0.9822,47.6078,4.8273,1.95,1.4,100.0,92.5,2000.0,,0,0,8,0
6961,8,36.21,0.9396,50.097,3.4846,2.68,2.39,99.0,131.0,3650.0,,8,8,8,0
6926,8,160.37,0.8271,42.0965,-0.53,2.15,2.76,120.9,158.0,6100.0,,8,8,8,0
6889,8,118.46,0.677,48.2735,1.334,1.29,0.66,86.0,126.0,3000.0,2024.0,8,8,8,8
3593,8,137.61,0.9822,50.3035,7.1923,3.73,2.51,114.0,120.0,2.9,2021.0,8,7,8,6
792,8,145.04,0.9973,55.4971,9.8169,2.14,1.64,50.0,48.2,0.8,1998.5,8,8,8,8
794,8,160.08,0.954,55.4655,9.9295,3.82,4.34,50.0,48.0,750.0,,0,0,0,0
3230,8,2.36,0.6231,54.2023,-3.326,0.8,0.56,56.0,52.0,850.0,,0,0,0,0
3429,8,6.67,0.9023,55.473,14.1522,2.64,4.2,68.5,53.0,800.0,2008.5,8,8,8,8
2763,8,165.88,0.8846,58.6036,-3.686,0.58,0.79,50.0,52.0,1000.0,2025.0,0,0,0,2
1546,8,170.42,0.9238,57.1815,10.0092,2.07,3.82,45.0,42.0,600.0,,0,0,0,0
1527,8,118.18,0.9109,57.2727,9.7568,3.16,1.21,45.0,48.0,0.8,2000.0,6,6,6,6
498,8,78.4,0.6637,52.1756,11.5519,0.88,0.32,53.5,70.5,1.5,,0,0,8,0
4626,8,14.41,0.996,38.6437,-1.8727,0.65,1.76,66.0,87.0,2000.0,,0,0,0,0
4630,8,23.16,0.9689,44.7401,4.0302,1.24,1.63,78.0,82.0,2350.0,2017.0,8,8,8,8
4616,8,177.86,0.7231,58.1466,12.1533,1.68,1.38,98.0,82.0,2000.0,2010.0,8,8,8,8
4618,8,56.66,0.6543,49.9946,3.1083,1.53,0.87,85.0,82.0,2300.0,2014.0,8,8,8,8
2135,8,93.88,0.9224,54.8361,11.3625,2.67,0.61,46.0,48.0,600.0,,0,0,0,0
2689,8,130.75,1.0,49.9339,3.2141,2.82,1.56,85.0,82.0,2000.0,,0,0,8,0
4662,8,166.77,0.7731,51.9159,12.8679,1.18,1.27,139.0,120.0,2750.0,,0,0,8,0
6974,8,29.43,0.7888,48.3394,-1.7942,1.63,1.7,153.2,108.5,2500.0,2024.5,8,8,8,8
900,8,77.45,0.7539,50.1686,8.0367,1.83,0.86,138.0,101.0,2.5,2012.0,8,8,8,8
3343,8,74.49,0.9809,39.1673,-1.1799,1.27,0.33,53.9,71.0,2300.0,,0,0,0,0
1740,8,117.2,0.9701,56.2521,8.6234,3.97,1.36,48.0,54.2,1000.0,,0,0,0,0
1744,8,105.29,0.9697,56.4559,8.1475,3.54,0.65,95.0,116.0,2.0,2017.0,7,7,7,7
6804,8,170.83,1.0,49.8547,2.6099,0.76,3.01,105.0,90.0,3600.0,,0,0,8,0
3372,8,8.24,0.8949,56.2016,15.1602,1.17,1.68,105.0,90.0,2000.0,2012.0,8,8,8,8
1581,8,77.51,1.0,54.8458,11.6439,1.32,0.17,40.0,39.0,500.0,,0,0,0,0
3305,8,27.96,0.7874,49.9891,5.6681,1.65,1.66,108.0,82.0,2000.0,2020.0,1,0,7,1
945,8,49.24,0.9135,51.3108,7.7784,4.44,2.49,149.0,30.0,3000.0,,5,0,6,0
3382,8,153.28,0.9698,51.6573,-3.4629,0.97,1.15,50.0,48.0,800.0,,0,0,0,0
5461,8,126.34,0.8604,49.7526,1.5746,3.24,2.11,80.0,90.0,2000.0,2018.0,8,8,8,5
5452,8,163.43,0.8894,49.438,6.0,0.94,1.17,95.0,100.0,2000.0,2018.0,8,8,8,8
5457,8,4.99,0.9862,48.2982,0.2205,0.98,3.94,102.0,97.0,2000.0,2018.0,8,8,8,8
2354,8,122.64,0.7655,53.2005,5.6381,3.37,2.24,32.6,43.0,600.0,,0,0,0,0
2333,8,87.84,0.8576,57.2097,10.1974,5.85,1.25,25.0,24.6,150.0,,0,0,0,0
831,8,167.76,0.9766,53.1216,9.1632,1.05,1.96,85.0,77.0,1500.0,,0,0,0,0
813,8,52.83,0.9595,46.9535,-2.0461,2.05,1.09,60.0,80.0,2400.0,2003.0,8,8,8,5
815,8,4.78,0.9829,54.1672,11.9968,0.69,2.27,35.0,29.0,0.4,,5,0,5,0
816,8,153.6,0.9312,54.7818,8.7041,1.15,1.06,80.0,107.0,3600.0,,0,0,8,0
817,8,109.9,0.7613,49.435,10.1916,2.93,1.57,150.0,90.0,1171.0,,1,0,2,0
3468,8,47.58,0.7844,41.0114,-2.5084,1.33,1.25,80.0,90.0,2000.0,,7,7,0,0
3476,8,37.08,0.9916,44.6752,4.8746,1.05,0.98,107.0,90.0,2000.0,,8,0,8,0
1702,8,108.75,0.6915,55.7522,8.5535,2.57,1.26,46.0,44.0,750.0,,0,0,0,0
7126,8,2.19,0.8953,45.2257,3.0352,0.81,1.81,80.0,90.0,2300.0,,0,0,8,0
7220,8,147.65,0.7269,50.8678,11.3911,1.59,1.03,,,,,0,0,0,0
7222,8,126.02,0.9747,48.5673,8.4247,2.48,1.22,164.0,80.0,5700.0,,8,0,8,0
1705,8,154.47,0.7923,53.0476,9.7562,1.11,0.87,120.0,97.0,2000.0,,6,0,6,0
3326,8,57.52,0.7737,57.3764,18.1822,1.69,0.93,67.0,80.0,2000.0,2009.0,8,8,8,8
7117,8,103.61,0.9468,40.5628,-1.5187,2.4,0.68,114.0,93.0,2000.0,2025.0,8,8,8,8
7174,8,53.81,0.8994,52.1387,14.5669,2.21,1.27,169.0,150.0,6000.0,,8,8,8,0
7148,8,118.69,0.8234,50.3204,7.0832,2.08,1.28,160.0,138.0,4200.0,2024.0,8,8,8,8
7152,7,7.57,0.7956,54.073,10.5617,0.72,0.89,69.0,62.0,6000.0,,0,0,7,0
7192,7,147.34,0.8594,51.5033,-0.2535,0.1,0.08,15.2,20.0,100.0,,0,0,0,0
27,7,3.59,0.9264,53.396,9.9,0.34,0.7,166.6,70.0,1800.0,,1,0,6,0
2562,7,133.14,0.9909,55.3312,12.2053,2.19,1.15,45.0,47.0,0.7,,4,3,4,0
1678,7,64.35,0.9494,52.9395,9.7777,2.46,1.06,65.0,70.0,1300.0,2006.0,0,0,2,2
1681,7,56.44,0.7588,50.0762,6.9043,2.72,1.58,119.9,160.0,5560.0,2026.0,7,5,7,5
37,7,170.1,0.9966,53.1197,8.8098,0.77,2.5,100.0,82.0,2000.0,,4,0,4,0
43,7,127.69,0.8053,51.2633,12.2556,0.97,0.45,71.0,58.0,850.0,,0,0,0,0
46,7,176.8,0.9538,51.503,12.3933,0.47,1.39,86.0,70.0,1800.0,,0,0,0,0
7008,7,63.28,0.7379,51.0254,8.2267,1.51,0.79,162.0,40.3,6300.0,,7,0,7,0
7134,7,19.76,0.8353,57.4141,-3.0287,1.08,1.2,70.6,149.0,6600.0,,0,5,7,0
7136,7,172.04,0.872,57.771,-4.2932,1.05,1.27,50.1,66.0,5700.0,,0,0,7,0
7137,7,166.32,0.6495,55.3431,-2.7258,1.12,0.82,80.0,82.5,4800.0,,0,0,7,0
2559,7,11.01,0.9879,50.5291,4.942,1.32,3.31,94.0,112.0,2300.0,,0,0,4,0
7178,7,142.91,0.805,54.5464,9.9662,1.41,1.14,105.0,114.0,5700.0,,7,0,7,0
58,7,154.13,0.9927,53.4577,10.096,1.07,1.4,92.0,48.0,2400.0,,7,2,7,0
7024,7,167.83,0.8696,52.8239,10.5547,1.15,1.63,132.0,136.0,3.6,,7,7,7,0
1450,7,178.89,0.9468,54.8769,10.0497,0.24,0.7,50.0,44.0,600.0,,0,0,0,0
7050,7,51.68,0.8908,54.9564,-6.6461,4.31,1.78,21.3,28.0,225.0,,0,0,0,0
3336,7,99.52,0.9975,42.1178,-0.4621,2.84,0.38,44.0,58.0,850.0,,0,0,0,0
3338,7,33.68,0.9345,53.0631,15.4474,2.15,1.87,100.0,90.0,2000.0,2012.0,0,0,7,1
885,7,97.37,0.9446,51.7353,7.1333,4.09,0.58,220.0,114.0,5500.0,,4,0,3,0
889,7,173.55,0.9281,52.7162,13.5994,0.48,1.04,89.0,48.0,1.5,2004.0,6,5,7,7
894,7,143.62,0.6792,53.6333,8.6701,0.99,0.58,120.0,54.0,4500.0,,7,3,7,0
1717,7,177.04,0.9943,55.7834,8.8624,0.48,2.4,50.0,60.0,1.0,2000.0,7,7,7,7
848,7,102.59,0.6901,49.5253,10.1942,2.59,1.46,140.0,112.0,1.6,,0,0,1,0
930,7,161.55,0.9444,49.0824,8.153,0.62,0.79,100.0,77.0,1.5,2004.0,7,7,7,7
3471,7,129.76,0.9751,41.0741,-1.8515,1.45,0.9,80.0,90.0,2000.0,,7,7,7,0
802,7,47.68,0.7621,55.3659,9.4138,4.07,2.81,46.0,60.0,1300.0,,0,0,0,0
920,7,46.86,0.9374,51.8098,7.0681,3.58,2.11,30.4,40.0,500.0,,0,0,0,0
6933,7,106.68,0.9598,51.3,8.4695,2.34,0.57,137.0,80.0,3450.0,,7,0,7,0
6919,7,96.56,0.9741,50.3987,4.1211,3.38,0.5,135.0,127.0,7500.0,,0,0,0,0
6965,7,139.56,0.7708,50.3924,2.5395,0.99,0.7,105.0,90.0,2200.0,2025.0,7,7,7,7
4244,7,111.37,0.6955,50.0546,5.7882,2.39,1.22,78.9,104.0,2500.0,,0,0,0,0
5047,7,86.43,0.8326,46.1199,0.0448,1.83,0.57,99.0,101.0,3050.0,,7,7,7,0
2526,7,34.12,0.955,54.8614,10.7014,5.65,4.48,66.1,15.6,0.6,2000.0,7,1,7,7
4923,7,19.39,0.9176,57.5682,-2.2372,2.27,2.57,61.5,81.0,2300.0,,0,0,0,0
5094,7,141.51,1.0,56.5631,10.1603,1.38,0.96,106.5,90.0,2.0,2014.0,7,7,7,7
1326,7,31.16,0.7866,52.4877,8.9898,1.33,1.01,70.0,60.0,0.1,,0,0,1,0
446,7,32.2,0.775,50.8447,12.8358,0.74,0.57,108.0,82.0,2000.0,,0,0,0,0
3519,7,59.31,0.9936,52.837,12.5553,1.11,0.39,65.0,40.3,500.0,,0,0,0,0
2451,7,18.39,0.9898,56.5798,8.2438,0.82,1.3,31.0,27.0,225.0,,0,0,0,0
5145,7,167.06,0.835,50.6687,6.1808,1.37,1.61,140.0,70.0,3300.0,,7,0,7,0
2585,7,168.04,0.9555,55.2489,11.8942,1.65,2.86,45.0,48.0,750.0,,0,0,0,0
6973,7,178.81,0.728,47.1444,-1.8115,1.06,1.26,91.0,117.0,2830.0,2025.0,7,7,7,7
3244,7,177.01,0.9159,54.8722,-3.0704,0.64,1.19,45.0,47.0,660.0,,0,0,0,0
3487,7,29.09,0.8129,55.2488,-1.8658,1.61,1.2,70.0,90.0,2500.0,,0,0,0,0
823,7,19.67,0.5157,51.1685,14.1979,0.68,0.42,98.0,80.0,2000.0,2009.0,7,7,7,7
4331,7,81.89,0.9682,50.3084,8.1305,5.34,0.91,141.0,117.0,2.4,2016.0,7,7,7,7
5737,7,166.45,0.9485,50.1612,11.377,0.66,1.54,141.0,117.0,2400.0,,7,0,7,0
5740,7,21.51,0.9297,54.564,17.0695,1.02,1.22,49.3,65.0,1550.0,,0,0,0,0
1454,7,160.03,0.9956,56.1389,9.7667,1.63,2.74,44.0,52.0,900.0,,0,0,0,0
606,7,133.57,0.9861,51.8894,7.3768,4.41,2.49,100.0,77.0,1500.0,,0,0,0,0
4311,7,165.53,0.8903,54.2444,9.5146,0.83,1.14,149.0,124.0,3.6,,7,2,1,0
4325,7,134.89,0.8747,50.7381,8.9068,1.7,1.28,139.0,159.0,2.5,,5,5,5,0
5820,7,8.03,0.9689,50.4823,3.8769,0.89,2.46,83.5,110.0,2000.0,2024.0,0,0,0,6
4305,7,33.57,0.9424,49.5833,7.0345,1.49,1.21,140.0,112.0,2.5,2016.0,7,5,7,5
4306,7,172.93,0.5582,52.769,18.2219,0.85,0.62,40.2,53.0,850.0,,0,0,0,0
4287,7,175.62,0.9107,49.7204,10.7588,1.03,1.84,176.5,117.0,2400.0,2017.0,4,2,5,2
2146,7,3.14,0.7043,53.6691,0.1004,0.82,0.69,49.0,62.0,1300.0,,0,0,0,0
217,7,53.57,0.9029,50.8117,12.6293,1.43,0.65,166.0,52.0,4200.0,2025.0,2,0,7,1
4182,7,4.82,0.7172,58.73,11.266,0.8,0.63,50.0,44.0,600.0,1997.0,6,6,6,6
4152,7,36.88,0.8673,51.3121,18.9319,2.41,1.83,105.0,90.0,2000.0,,0,0,0,0
4203,7,155.46,0.7858,49.2364,9.8204,2.58,2.33,207.0,115.7,3.0,2016.0,5,0,7,5
4210,7,41.61,0.8974,50.827,8.1852,1.66,1.05,169.0,150.0,6000.0,2026.0,7,7,7,7
4173,7,121.95,0.9729,50.5583,4.23,2.13,0.84,94.0,92.5,2.0,2014.0,7,0,7,7
5856,7,7.28,0.8007,58.9418,14.6855,1.53,1.45,130.0,130.0,3600.0,2019.0,7,7,7,7
2143,7,166.92,0.839,51.3135,10.5396,1.15,1.41,145.5,43.0,4200.0,2019.0,2,0,6,2
1095,7,163.89,0.6065,53.5526,8.6276,1.72,1.1,102.0,116.0,3400.0,,1,2,7,0
5861,7,153.8,0.9304,60.3901,13.9107,2.57,1.96,119.0,112.0,3000.0,2014.0,7,7,7,7
4229,7,5.16,0.9902,50.0449,18.1364,1.05,4.85,75.1,99.0,2500.0,,0,0,0,0
4230,7,93.73,0.9049,50.3205,7.1378,3.53,0.7,149.0,101.0,3.0,2015.0,7,7,7,7
5224,7,30.8,0.994,50.4129,5.1116,1.82,1.84,92.5,113.0,3200.0,2018.0,6,6,6,6
6864,7,122.73,0.8288,51.8058,9.204,3.24,2.06,165.0,40.0,6000.0,2025.0,7,0,7,4
6898,7,157.37,0.7432,52.3169,12.8658,1.55,1.35,169.0,150.0,6000.0,2024.0,7,7,7,1
6886,7,175.21,0.7468,54.0456,15.5212,1.16,1.26,100.0,92.5,2050.0,,0,0,0,0
3285,7,136.21,0.8844,50.1188,7.4466,1.14,0.83,138.0,82.0,2.3,2010.0,7,7,7,7
5192,7,158.25,0.893,50.695,8.7625,1.38,1.71,134.0,131.0,3000.0,2017.0,1,1,7,7
5207,7,14.35,0.9512,53.0081,8.1062,1.47,2.61,186.0,40.3,3.0,2014.0,6,0,7,6
5181,7,41.19,0.7916,51.3258,10.6234,1.12,0.86,141.0,117.0,2400.0,2016.0,7,0,7,7
2417,7,134.05,0.9314,56.2528,9.6963,2.72,1.59,35.7,47.0,660.0,,0,0,0,0
4837,7,12.0,0.8688,48.8805,3.575,0.98,1.32,80.0,90.0,2000.0,2015.0,7,7,7,7
4856,7,131.38,0.9347,44.858,2.1105,1.96,1.19,150.0,110.0,2000.0,2016.0,7,0,7,7
1335,7,128.94,0.7837,54.5693,9.577,4.62,2.32,18.7,24.6,0.2,1990.0,0,0,1,1
4857,7,39.91,0.999,44.7639,3.1878,1.11,0.94,70.0,74.0,1670.0,2014.0,7,7,7,7
5713,7,59.27,0.8394,62.4637,13.281,2.97,0.98,84.0,71.0,2000.0,2005.0,6,6,6,6
5973,7,38.51,0.823,46.7419,0.7134,1.35,1.11,101.0,100.0,2000.0,2020.0,7,7,7,7
2082,7,30.74,0.7484,52.9791,7.9238,0.84,0.58,60.0,80.0,2000.0,,0,0,0,0
5676,7,44.63,0.9514,52.4082,1.0934,2.32,1.26,82.7,109.0,3400.0,,0,0,0,0
5677,7,123.96,0.6138,52.4501,-0.7565,0.95,0.48,95.0,82.0,2050.0,,0,0,0,0
2245,7,36.37,0.8569,56.4186,8.8612,1.68,1.24,49.0,52.0,900.0,,0,0,0,0
2246,7,69.28,0.8714,43.9808,2.8874,2.86,1.02,125.0,82.0,2300.0,2019.0,6,0,6,6
538,7,161.69,0.6823,53.1317,7.8714,0.37,0.34,53.9,71.0,2000.0,,0,0,0,0
546,7,163.08,0.714,56.5362,10.7133,0.27,0.18,45.0,43.0,0.6,1997.0,0,7,7,7
5571,7,99.08,0.9897,48.0618,4.8699,2.15,0.3,100.0,116.0,2000.0,2018.0,7,7,7,7
5896,7,138.26,0.8356,59.7796,12.9571,2.19,1.25,129.0,142.0,4100.0,2020.0,7,7,7,7
5903,7,164.01,0.7871,54.3128,16.4352,1.08,1.0,,,2750.0,2020.0,0,0,7,7
2121,7,60.8,0.8998,54.954,11.228,1.91,0.74,35.0,39.0,500.0,,0,0,0,0
5638,7,166.05,0.8481,54.1523,13.0452,0.96,1.04,127.5,37.0,3200.0,,5,0,5,0
2225,7,8.41,0.8729,51.5679,11.4601,0.58,0.95,70.0,60.0,2000.0,,0,0,2,0
5577,7,154.64,0.9964,47.619,4.2308,0.75,1.07,100.0,100.0,2200.0,2019.0,7,7,7,7
5592,7,51.27,0.8814,54.1352,-0.5206,5.37,2.72,80.0,90.0,2500.0,,0,0,0,0
5987,7,31.5,0.9698,57.4826,-2.5565,4.53,4.21,55.0,48.0,800.0,,0,0,0,0
4401,7,162.7,0.9976,47.8116,-1.4467,0.91,2.04,90.0,100.0,2000.0,2015.0,7,7,7,7
4404,7,131.85,0.9983,47.6886,3.5165,1.65,0.96,80.0,92.5,2050.0,2014.0,0,0,7,7
1501,7,176.54,0.8297,51.6193,13.5985,0.59,0.74,105.0,90.0,2000.0,,0,0,0,0
6822,7,147.35,0.8694,47.2017,-1.2029,3.12,2.57,98.0,110.0,2200.0,2024.0,7,6,7,7
3524,7,89.56,0.8991,52.8044,18.068,4.13,0.8,40.2,52.9,800.0,,0,0,0,0
6805,7,1.49,0.983,53.5,19.2631,0.51,2.69,119.0,112.0,3000.0,,0,0,0,0
1787,7,148.73,0.8414,55.815,8.9943,0.87,0.68,50.0,60.0,1.3,2001.0,6,6,6,6
1792,7,1.83,0.9503,52.7844,9.0633,0.78,1.66,64.8,70.0,1800.0,,0,0,0,0
1751,7,152.7,0.9519,54.5091,8.8924,1.61,1.57,23.5,31.0,300.0,,0,0,0,0
6809,7,172.77,0.9977,42.9192,9.4119,0.34,1.9,59.0,54.0,1000.0,,7,7,7,0
829,7,27.11,0.9663,52.2338,4.6535,1.19,1.35,80.0,90.0,2.3,,0,0,7,0
6837,7,130.98,0.6953,48.0651,2.5077,1.36,0.93,108.0,117.0,3000.0,2024.0,7,7,7,7
1763,7,11.15,0.9581,53.0186,10.6193,0.57,1.36,100.0,80.0,2.0,,0,7,7,0
6734,7,164.62,0.6992,54.25,10.8531,0.98,0.79,122.5,71.0,6600.0,,7,0,7,0
3295,7,36.7,1.0,56.9337,16.8167,1.86,1.36,78.0,82.0,2000.0,2002.0,7,7,7,7
2812,7,10.92,0.9776,43.6786,3.2139,0.41,1.24,56.0,74.0,1670.0,2006.0,7,7,7,7
4474,7,56.72,0.7468,51.4741,6.2688,2.91,1.33,142.0,117.0,2400.0,2017.0,7,5,7,5
1416,7,1.92,0.9406,52.4814,9.9755,0.53,1.27,74.0,60.0,0.9,,7,0,7,0
2104,7,96.59,0.9287,56.8566,8.6676,5.51,0.9,32.0,27.0,225.0,,0,0,0,0
1170,7,169.87,0.8258,52.4422,14.0391,0.77,0.82,80.0,70.5,1500.0,2002.0,0,0,6,7
4142,7,98.87,0.7828,52.2977,14.4369,1.0,0.26,30.4,40.0,2000.0,2007.0,0,0,7,7
640,7,11.25,0.9965,50.8229,3.3187,0.87,2.39,108.0,82.0,2000.0,,0,0,0,0
4067,7,102.92,0.6103,48.9681,10.0534,2.28,1.19,207.0,115.7,3.0,2016.0,5,0,5,3
6062,7,21.37,0.7516,58.9391,-3.1221,3.62,2.9,53.9,71.0,2000.0,,0,0,0,0
6033,7,42.41,0.7742,54.3347,-7.8952,2.42,1.53,78.2,103.0,2.8,,0,0,6,0
528,7,177.9,0.9703,52.9328,11.0213,0.62,2.13,100.0,77.0,1500.0,,0,0,0,0
4495,7,121.59,0.8541,50.959,9.0165,3.2,1.25,141.0,117.0,2400.0,,0,0,7,0
2999,7,118.35,0.7339,48.1034,-3.7024,1.11,0.47,60.0,53.0,800.0,2008.0,7,7,7,7
4499,7,149.2,0.9848,43.3164,1.6314,1.8,2.28,80.0,92.0,2050.0,2015.0,7,7,7,7
4504,7,141.88,0.9795,55.9929,-3.6279,0.96,0.73,30.4,40.0,0.0,,0,0,6,0
2060,7,108.53,0.7041,56.6149,9.8763,2.69,1.27,45.0,48.0,0.8,2000.0,5,5,5,5
2988,7,165.31,0.8164,53.4767,13.539,0.73,0.82,105.0,90.0,2000.0,,0,0,0,0
6088,7,146.22,0.9704,56.8963,15.7293,2.27,1.91,119.0,112.0,3000.0,2012.0,7,7,7,7
4063,7,127.18,0.8662,52.2047,18.7088,2.49,1.33,30.6,40.3,500.0,,0,0,0,0
3002,7,77.7,0.9483,48.4043,-3.3692,1.51,0.33,60.0,48.0,810.0,2007.0,7,7,7,7
3005,7,88.3,0.7116,48.4163,-3.2756,0.99,0.29,65.0,48.0,800.0,2006.0,7,7,7,7
1370,7,112.67,0.742,50.987,8.713,1.76,0.76,105.0,90.0,2000.0,,0,0,7,0
1347,7,167.15,0.7419,53.1796,13.636,1.1,1.11,74.0,52.0,850.0,2004.0,0,0,7,7
2645,7,136.74,0.9071,49.1183,10.329,5.13,3.28,138.0,42.0,3.3,,4,3,3,0
2660,7,158.8,0.8989,50.8001,9.8565,1.0,1.3,165.0,155.0,6600.0,2024.0,7,7,7,7
2629,7,150.79,0.7159,49.651,7.7063,1.3,1.01,128.0,101.0,3.0,2012.0,7,7,7,7
1736,7,84.57,0.8726,55.8693,9.2885,6.26,1.64,40.0,44.0,600.0,,0,0,0,0
3613,7,162.22,0.9662,53.2359,11.6359,0.95,1.47,100.0,77.0,1500.0,,0,0,0,0
3603,7,135.85,0.6967,51.5779,12.1053,1.18,0.62,59.0,82.0,2350.0,,2,0,2,0
3606,7,177.5,0.9373,49.1351,9.964,1.34,4.01,160.0,82.0,3500.0,,6,0,6,0
6693,7,168.73,0.8978,52.9124,10.7458,1.02,1.5,99.0,100.0,2200.0,,0,0,0,0
6111,7,1.12,0.9226,60.5375,16.0801,1.11,2.37,119.0,162.0,5600.0,2022.0,7,7,7,7
194,7,5.79,0.8438,47.8862,8.5999,1.03,2.31,164.0,163.0,5700.0,,6,6,7,0
3036,7,162.36,0.9956,48.1912,-2.8901,1.74,3.33,66.5,71.0,2300.0,2011.0,7,7,7,7
209,7,32.55,0.9128,53.6134,13.5429,1.05,0.83,85.0,70.0,1.5,,0,0,7,0
210,7,174.25,0.8954,53.6909,13.4565,0.63,0.94,85.0,71.0,1.5,,0,0,4,0
6141,7,152.51,0.7875,54.7618,-7.4849,3.35,2.91,21.3,28.0,225.0,,0,0,0,0
6118,7,73.33,0.839,55.5307,14.1893,4.4,1.26,80.0,90.0,2000.0,2010.0,7,7,7,7
1068,7,144.81,0.9858,45.9888,0.7917,1.15,1.28,105.0,90.0,2000.0,,7,7,7,0
2789,7,3.36,0.839,54.1977,15.8696,0.9,1.16,,,2000.0,,0,0,7,0
2255,7,86.05,0.9999,56.1086,8.8881,1.2,0.05,50.0,48.0,0.8,1999.0,7,7,7,7
287,7,75.36,0.8,50.8182,10.0025,1.27,0.34,63.0,47.0,0.6,2000.0,7,7,7,7
6205,7,123.23,0.9866,46.0828,3.8067,1.79,0.9,107.0,90.0,2000.0,2015.0,7,7,7,7
1387,7,5.45,0.9857,52.803,7.9796,0.65,2.62,98.0,82.0,2300.0,,0,0,0,0
4021,7,84.75,0.6938,53.1137,-1.1432,2.11,0.79,80.0,90.0,1800.0,,0,0,0,0
4559,7,7.32,0.977,57.4484,-2.1753,0.79,2.03,57.0,70.0,2300.0,,3,3,3,0
2294,7,100.44,0.9932,38.7066,-2.459,1.37,0.21,58.4,77.0,1500.0,,0,0,0,0
1378,7,171.42,0.712,53.8303,11.2469,0.51,0.43,36.4,48.0,600.0,,0,0,0,0
3965,7,167.33,0.9044,53.5778,16.8928,1.12,1.46,,,,,0,0,0,0
290,7,109.36,0.8177,52.6623,10.2726,2.88,1.08,115.0,113.0,3000.0,,7,0,7,0
297,7,156.0,0.9047,50.4416,6.7122,0.82,0.93,160.0,82.0,4200.0,,4,0,7,0
4629,7,14.47,0.9124,57.4903,14.9572,1.0,1.25,105.0,90.0,2000.0,2013.0,7,7,7,7
4600,7,66.48,0.8925,50.8712,6.7838,1.96,0.66,78.0,103.0,2300.0,,4,0,7,0
4028,7,104.22,0.5937,49.9284,9.9048,1.58,1.0,85.0,112.0,3000.0,2014.0,0,0,0,5
4034,7,4.15,0.7756,54.668,9.3476,0.61,0.66,93.0,114.0,3200.0,,0,0,7,0
1081,7,174.01,0.8066,55.6135,13.2588,2.11,2.02,78.0,82.0,2000.0,2011.0,7,7,7,7
3021,7,39.34,0.759,49.8338,7.1126,1.59,1.02,159.0,141.0,4.2,2019.0,7,7,7,7
5321,7,121.67,0.8441,54.8304,-6.7126,4.23,1.9,21.3,28.0,250.0,,0,0,0,0
771,7,150.02,0.6209,52.3568,9.4226,1.3,0.84,100.0,70.5,1800.0,,1,1,7,0
1287,7,170.42,0.9743,51.4655,13.1292,0.31,0.91,30.6,40.3,500.0,,0,0,0,0
1293,7,176.47,0.7659,52.1297,-0.6587,0.73,0.76,80.0,90.0,2000.0,,0,0,6,0
5317,7,11.2,0.9656,38.8443,-3.1907,1.6,3.48,67.0,82.0,2000.0,,7,7,7,0
5271,7,80.89,0.7785,48.5947,10.9246,2.12,0.87,175.0,120.0,7200.0,2026.0,7,0,7,7
5281,7,11.68,0.8748,50.8298,6.3932,0.89,1.29,186.0,101.0,3000.0,2014.0,7,0,7,7
5319,7,45.53,0.6506,54.7396,-6.779,1.77,0.97,125.0,99.0,3000.0,,6,0,6,0
3635,7,29.45,0.9477,50.9485,5.7078,1.31,1.36,68.3,90.0,2000.0,,0,0,4,0
4781,7,167.15,0.865,54.6079,-5.7644,3.16,4.36,19.0,25.0,150.0,,0,0,0,0
4748,7,122.54,0.8577,53.0145,9.154,1.42,0.52,149.0,101.0,3050.0,,7,7,7,0
4757,7,83.84,0.786,47.8691,9.3025,1.64,0.5,162.0,120.0,7000.0,2017.0,7,3,7,3
2279,7,43.83,0.5291,56.9558,9.7762,2.58,1.38,45.0,48.0,750.0,,0,0,0,0
4621,7,29.03,0.7625,37.1622,-5.0831,2.12,2.31,80.0,77.0,2000.0,,0,0,7,0
4627,7,173.07,0.9984,50.7211,5.0217,0.9,4.48,75.9,100.0,2000.0,,0,0,7,0
6163,7,138.02,0.9483,50.8492,-4.5009,7.03,4.19,23.5,31.0,330.0,,0,0,0,0
6166,7,97.36,0.5865,45.9017,-0.3377,1.51,0.66,213.0,112.0,3000.0,,7,7,7,0
1445,7,149.5,0.9867,56.2186,9.9167,1.32,1.24,45.0,48.0,750.0,,0,0,0,0
2033,7,48.0,0.9733,42.3439,-4.1003,2.75,2.11,60.7,80.0,1600.0,,0,7,7,0
1210,7,13.97,0.9659,53.2309,13.6412,0.61,1.06,108.0,82.0,800.0,2006.0,0,0,7,7
6177,7,85.68,0.9228,14.8616,-61.1685,1.4,0.44,80.0,100.0,2000.0,,0,0,7,0
6309,7,29.95,0.9338,41.1357,-1.1438,2.85,3.37,66.0,137.0,4030.0,,0,7,7,0
2042,7,177.52,0.9629,48.7011,5.5007,0.43,1.42,85.0,77.0,1500.0,2007.0,7,7,7,7
2017,7,32.76,0.7438,55.2038,10.7386,1.73,1.31,48.0,48.0,0.8,2001.0,7,7,7,7
3669,7,17.7,0.9338,53.0882,-1.6271,0.82,1.27,60.0,82.0,2050.0,,0,0,0,0
995,7,55.78,0.9284,53.3139,9.6812,1.62,0.75,100.0,82.0,2000.0,,0,0,0,0
1827,7,110.31,0.766,53.5168,-1.5789,6.61,2.98,53.9,71.0,2300.0,,0,0,0,0
1802,7,169.88,0.6889,51.362,10.2171,0.83,0.6,40.2,52.9,800.0,,0,0,7,0
6655,7,163.75,0.9618,59.6923,13.0726,1.77,2.15,115.0,170.0,6200.0,2023.0,7,7,7,7
6555,7,165.9,0.9467,49.6406,1.0922,1.03,1.79,80.0,100.0,2200.0,2022.0,7,7,7,7
6618,7,77.07,0.9534,54.2449,-6.1256,5.69,1.03,19.0,25.0,150.0,,0,0,0,0
3219,7,168.18,0.7899,50.0454,-5.2031,0.75,0.93,67.0,90.0,2000.0,,0,0,6,0
6545,7,177.83,0.8984,54.1513,16.0437,0.9,1.52,100.0,100.0,2200.0,,0,0,7,0
777,7,155.06,0.7657,51.6324,13.215,1.18,1.08,129.0,115.7,2000.0,,1,0,6,0
6579,7,14.59,0.9802,43.2815,-8.9602,1.35,3.06,93.0,114.0,2625.0,,6,6,7,0
3861,7,178.24,0.985,53.0919,-3.3953,1.1,4.66,67.0,71.0,2300.0,,0,0,0,0
6291,7,140.99,0.7323,54.633,-7.0606,2.2,1.35,68.3,90.0,2500.0,,0,0,0,0
164,7,177.15,0.6308,51.3166,8.9923,1.14,0.89,32.6,43.0,0.6,,0,0,3,0
1579,7,27.04,0.9071,54.7774,11.197,2.73,2.96,32.5,37.5,0.4,1995.0,2,2,2,2
6239,7,119.05,0.946,57.4358,10.1259,2.71,0.76,91.5,117.0,3.6,2017.0,6,6,6,6
1090,7,4.31,0.8902,51.8677,12.7321,0.6,1.04,98.0,71.0,2000.0,,0,0,0,0
3859,7,2.78,0.9984,44.579,3.4582,0.2,2.16,85.0,70.0,2000.0,2006.0,7,7,7,7
3934,7,13.99,0.6688,51.3919,0.8558,2.26,1.73,120.0,92.0,2.3,,2,0,2,0
1574,7,163.98,0.9099,54.6493,11.3901,0.38,0.48,46.0,44.0,0.8,1997.0,5,4,5,5
1983,7,27.44,0.962,51.2432,12.9611,1.14,1.43,78.0,40.0,600.0,,0,0,0,0
6275,7,135.38,0.7241,54.3817,-7.5854,3.04,1.43,53.0,77.0,1500.0,,0,0,0,0
2327,7,168.54,0.9947,48.5057,5.5992,0.76,2.17,80.0,92.5,2000.0,2010.0,0,0,7,7
6320,7,148.52,0.7097,51.9891,10.1469,1.0,0.67,56.2,74.0,6200.0,2025.0,0,0,7,7
3784,7,19.08,0.9911,15.842,-61.6319,0.21,0.55,60.0,32.0,275.0,,0,0,7,0
3797,7,115.23,0.8362,53.5419,19.7751,3.96,1.83,119.0,112.0,2000.0,2015.0,0,0,3,2
1268,7,14.8,0.8518,50.9717,13.3381,0.61,0.75,84.5,82.0,2000.0,2010.5,6,6,6,6
5454,7,177.16,0.9423,46.0296,-0.6048,0.89,1.77,92.5,113.0,3200.0,,7,7,7,0
2324,7,23.65,0.9957,55.8672,12.8829,2.24,3.14,80.0,90.0,2000.0,2008.0,7,7,7,7
4599,7,0.04,0.9728,53.7596,10.5565,0.49,2.02,94.0,112.0,3.1,2014.0,0,0,7,7
5395,7,93.33,0.9306,53.0454,20.4518,3.22,0.58,105.0,90.0,2000.0,,0,0,7,0
2739,7,179.92,0.9543,44.6853,4.5507,1.27,3.67,62.0,80.0,2000.0,2016.0,7,7,7,1
4604,7,172.9,0.9364,52.036,7.3346,0.74,1.47,166.0,115.7,3200.0,2016.0,2,0,5,5
3174,7,171.99,0.8859,49.649,9.3998,0.62,1.09,100.0,77.0,1500.0,,0,0,0,0
3178,7,120.81,0.9201,51.2755,6.2212,3.36,1.55,160.0,77.0,4230.0,,2,0,2,0
3162,7,123.61,0.6548,52.7033,8.5782,3.6,1.68,138.0,82.0,2350.0,,1,0,1,0
3740,7,52.16,0.9144,58.6051,12.5676,3.69,1.48,65.0,52.0,1425.0,2007.0,7,7,6,7
318,7,84.86,0.9742,51.0852,12.9555,3.93,0.62,85.0,77.0,0.6,,0,0,4,0
2388,7,2.14,0.9716,49.9542,5.0204,0.41,1.58,105.0,90.0,2000.0,,0,0,0,0
479,7,179.45,0.7995,51.7266,6.3805,1.59,2.45,91.0,117.0,1950.0,,0,0,4,0
482,7,2.56,0.9635,52.3584,9.3217,0.39,1.26,103.9,92.0,2300.0,,0,0,6,0
6500,7,168.54,0.7892,58.8372,12.3089,1.22,1.17,135.0,130.0,3300.0,2018.0,7,7,7,7
489,7,41.38,0.8694,55.5831,12.2085,2.38,1.79,23.5,31.0,300.0,,0,0,0,0
6629,7,17.21,0.9225,50.9581,22.2442,1.24,1.78,,,3450.0,,0,0,1,0
3151,7,63.01,0.9916,43.4501,-6.8265,0.81,0.34,55.0,52.0,850.0,,0,0,0,0
1862,7,171.15,0.9119,55.099,10.6354,1.22,1.38,45.0,43.0,0.6,2002.0,7,7,7,7
4674,7,36.04,0.8288,52.559,18.6134,0.32,0.22,35.7,47.0,750.0,,0,0,0,0
4643,7,86.38,0.8419,54.7126,-3.3714,4.14,1.14,30.4,40.0,500.0,,0,0,0,0
3773,7,177.56,0.9307,50.886,8.3026,1.18,2.09,165.0,143.0,3000.0,,6,6,3,0
1035,7,61.87,0.9969,52.6239,18.4304,2.44,0.78,19.0,25.0,0.9,,0,0,1,0
5416,7,69.72,0.9994,52.6364,18.9498,2.76,0.61,67.6,89.0,2050.0,,0,0,0,0
5426,7,32.75,0.5454,50.0074,3.3315,1.57,0.76,93.0,117.0,3450.0,2018.0,7,7,7,7
5428,7,13.05,0.8218,49.4926,4.0844,1.16,1.3,80.0,100.0,3000.0,,0,0,7,0
1961,7,100.81,0.8849,42.9157,-8.9226,1.96,0.63,41.7,55.0,1300.0,,0,0,0,0
2349,7,174.03,0.9557,53.3872,6.4307,2.34,4.95,21.3,28.0,250.0,,0,0,0,0
6325,7,155.51,0.9858,57.4289,15.5392,1.72,1.83,117.0,126.0,3300.0,2016.0,7,7,7,7
6410,7,147.45,0.9613,51.8421,17.5141,4.89,5.32,40.2,52.9,800.0,,0,0,0,0
129,7,161.59,0.9621,54.6386,9.9817,1.79,2.55,50.0,43.0,600.0,,0,0,0,0
131,7,10.14,0.9782,49.3294,9.593,0.62,2.09,70.0,126.0,3300.0,,0,1,1,0
6441,7,145.11,0.62,63.4686,15.1575,1.97,0.95,112.0,136.0,3450.0,2019.0,7,7,0,7
6389,7,163.48,0.8533,52.3959,16.4065,1.59,1.91,91.0,117.0,2400.0,,0,0,0,0
6467,7,8.92,0.8361,53.1541,19.9897,1.09,1.61,100.0,92.5,2000.0,2022.0,0,0,0,7
6472,7,12.57,0.89,51.5913,17.5519,1.2,2.0,137.0,126.0,3450.0,,7,7,7,0
3710,7,93.59,0.7969,50.2963,11.7186,2.24,0.71,149.0,101.0,3000.0,,0,0,1,0
3711,7,13.26,0.9507,54.0501,12.0041,0.91,1.36,123.0,92.0,2200.0,,0,0,0,0
3130,7,80.41,0.9312,40.4512,-5.7012,1.3,0.29,78.0,74.0,1670.0,,0,0,0,0
3770,7,9.26,0.7635,49.6779,8.1995,0.98,0.94,139.0,120.0,2.8,2014.0,7,7,7,7
6359,7,5.51,0.8535,52.2316,-3.274,0.79,1.08,15.2,20.0,2000.0,,0,0,7,0
715,7,106.6,0.9412,56.085,9.1897,2.35,0.5,30.0,24.0,150.0,,0,0,0,0
6372,7,120.41,0.9656,66.8404,23.4586,2.06,0.53,78.0,82.0,1500.0,2005.0,7,7,7,7
1028,7,108.61,0.8365,48.1709,7.9557,5.52,2.18,135.0,101.0,3050.0,2020.0,3,3,5,2
2405,7,24.43,0.904,52.9747,11.2949,0.82,0.97,73.0,52.9,800.0,,0,0,0,0
3688,7,167.1,0.8785,50.0454,11.2976,1.0,1.15,139.0,120.0,2500.0,,0,0,0,0
3695,7,17.72,0.8109,49.0599,-0.1614,1.6,1.86,78.5,92.5,2050.0,,7,0,7,0
1899,7,176.28,0.6881,55.2755,10.377,3.59,3.06,50.0,48.0,750.0,,0,0,0,0
1047,7,18.13,0.9932,52.6221,0.0908,1.12,1.97,69.0,82.0,2000.0,,0,0,0,0
3121,7,7.23,1.0,55.3437,10.9604,0.59,2.62,80.0,90.0,3000.0,2009.0,7,0,7,7
2715,7,110.34,0.7139,56.7932,16.7138,2.06,0.79,78.0,82.0,2000.0,2010.0,7,7,7,7
1246,7,11.99,1.0,52.6274,4.9933,0.47,1.33,50.0,52.0,850.0,,7,0,0,0
344,7,7.94,0.9463,53.2114,9.7011,0.73,1.63,120.0,97.0,0.1,,0,0,1,0
4705,7,113.49,0.9506,57.546,-7.3232,5.39,1.51,8.0,44.0,0.9,2019.0,3,0,2,2
6423,7,19.6,0.9869,42.4812,-1.8564,0.64,1.44,116.0,140.0,4000.0,,6,6,6,0
23,7,118.57,0.9685,50.9042,13.5213,2.13,0.72,70.0,43.0,0.6,,0,0,6,0
7,7,69.44,0.8803,55.6861,12.0976,0.55,0.17,44.0,52.0,0.7,,0,0,2,0
68,7,113.25,0.9882,53.3697,8.1804,1.68,0.4,108.0,82.0,2300.0,,0,0,0,0
7109,7,152.17,0.5395,42.1127,-1.8321,1.42,1.33,120.9,158.0,5800.0,,7,7,7,0
5012,7,160.4,0.935,51.7739,-4.6802,4.06,5.08,30.4,40.0,500.0,,0,0,0,0
3419,7,49.03,0.91,39.9053,-1.6178,2.08,1.5,39.5,52.0,850.0,,0,0,0,0
48,7,25.72,0.8932,51.0631,6.6077,1.24,1.28,115.0,90.0,2000.0,,0,0,0,0
4972,7,49.39,0.802,50.6277,18.9451,1.75,1.2,17.5,23.0,160.0,,0,0,0,0
4938,7,161.17,0.9349,57.2608,10.0404,3.37,4.05,80.0,90.0,2.0,2013.0,4,4,4,4
2503,7,63.28,0.7928,56.8513,9.8014,5.75,1.85,33.0,24.6,150.0,,0,0,0,0
4238,7,129.54,0.8993,49.0511,9.794,2.08,1.28,137.0,126.0,3300.0,2015.0,7,7,7,7
5850,7,148.44,0.6678,52.6218,10.8356,1.1,0.66,132.0,136.0,3600.0,,7,3,7,0
5854,7,122.98,0.8851,62.5466,16.8048,2.69,0.92,112.0,136.0,3800.0,2019.0,7,7,7,7
4274,7,152.35,0.9847,48.2627,-2.5161,0.63,0.69,60.0,52.9,850.0,,0,0,7,0
2896,7,170.68,0.8575,49.4766,7.2315,0.73,1.1,94.0,82.0,1.5,2004.0,7,7,7,7
4367,7,123.14,0.969,58.8561,14.4846,2.91,1.07,95.0,100.0,2000.0,2014.0,7,7,7,7
4384,7,175.4,0.9801,51.4421,3.6097,0.19,0.67,36.0,29.0,0.2,,0,0,7,0
5756,7,22.35,0.9724,52.9841,9.3813,1.41,1.69,149.0,71.0,3450.0,,3,0,3,0
1472,7,84.44,0.8607,57.2808,10.3298,8.47,1.74,80.0,90.0,3000.0,,0,0,0,0
1676,7,160.42,1.0,56.3678,9.0189,0.89,1.38,50.0,47.0,660.0,,0,0,0,0
1677,7,69.61,0.896,52.9695,9.7334,1.86,0.73,108.0,92.0,2350.0,,0,0,0,0
4294,7,110.83,0.8295,50.9683,9.5567,2.21,0.95,140.0,112.0,3300.0,,0,0,0,0
1139,7,3.12,0.8788,52.796,7.7463,0.4,0.85,32.6,43.0,600.0,,0,0,0,0
2,7,0.68,0.9869,55.6035,12.4759,0.61,2.5,63.0,120.0,1800.3,2000.0,3,0,6,3
60,7,148.2,0.9799,51.5729,6.5594,1.32,1.06,70.0,58.0,2200.0,,0,0,2,0
7161,7,168.51,0.6828,52.5208,8.5973,1.0,0.85,166.0,160.0,5.6,2026.0,7,7,7,7
7162,7,159.46,0.7712,50.4871,4.3551,1.07,0.98,98.0,82.0,3600.0,2025.0,0,0,7,7
7199,7,30.15,0.7598,52.5774,7.0535,0.92,0.67,166.6,66.0,5560.0,2026.0,7,0,7,7
7186,6,179.29,0.7476,49.659,2.6452,0.68,0.8,93.0,117.0,4200.0,,6,6,6,0
7157,6,8.2,0.7746,41.9035,-4.1887,1.62,1.89,68.3,90.0,2000.0,,0,0,0,0
7198,6,35.5,0.7995,53.3403,7.9808,1.03,0.75,125.0,160.0,500.0,,6,6,0,0
7200,6,0.01,0.8295,45.6582,2.6131,0.67,0.92,95.0,110.0,2200.0,,6,6,6,0
5774,6,6.61,0.9291,58.7944,-3.1665,1.23,2.03,53.9,71.0,2000.0,,0,0,0,0
5782,6,26.3,0.6163,59.2907,-2.4326,1.94,1.29,36.4,48.0,900.0,,0,0,0,0
2898,6,142.88,0.9993,45.9758,0.0124,1.26,1.18,108.0,82.0,2000.0,2011.0,6,6,6,6
1125,6,175.92,0.8873,49.2409,10.705,0.45,0.87,109.5,44.0,2400.0,,6,0,3,0
1667,6,175.83,0.7106,56.3831,8.6574,0.66,0.55,50.0,47.0,660.0,,0,0,0,0
7153,6,72.7,0.8288,50.1697,7.6014,1.38,0.53,138.0,103.0,2350.0,2023.0,5,5,5,5
4345,6,25.33,0.9877,56.3101,-3.3231,1.62,1.63,38.7,51.0,800.0,,0,0,0,0
278,6,154.54,0.9106,52.047,9.0796,1.8,1.77,142.5,70.0,5560.0,2025.0,2,0,3,3
1473,6,76.8,0.9084,53.563,9.1364,1.28,0.32,65.0,70.0,1500.0,,0,0,0,0
5787,6,136.22,0.8428,49.7008,4.201,1.59,0.96,110.0,123.0,2600.0,2020.0,6,6,6,3
2885,6,167.99,0.9431,50.4766,-4.6906,1.65,3.6,30.4,40.0,0.5,,0,0,1,0
47,6,104.97,0.96,52.3948,10.6695,1.25,0.25,64.0,71.0,2300.0,,0,0,0,0
2462,6,9.14,0.9938,56.5752,9.9669,0.65,2.2,45.0,48.0,0.8,1998.0,5,5,5,5
2471,6,7.01,0.9285,56.0777,8.5476,1.05,1.86,45.0,47.0,0.7,1999.0,3,3,3,3
458,6,13.94,0.566,52.3628,10.8673,1.13,0.7,65.0,70.0,5500.0,,0,0,6,0
5078,6,25.17,1.0,46.9866,-0.5518,1.36,1.98,101.0,82.0,2050.0,2017.0,6,6,6,6
5105,6,168.21,1.0,56.5772,10.0591,0.66,1.73,80.0,90.0,2.0,2015.0,6,6,6,6
5112,6,146.43,0.7727,50.5667,2.3119,1.25,1.01,150.0,117.0,3300.0,,6,0,6,0
1332,6,167.38,0.8386,52.4782,8.8927,0.52,0.69,65.0,40.3,0.5,,0,0,6,0
4249,6,139.21,0.9232,45.9814,0.4532,1.38,1.36,95.0,110.0,2000.0,2015.0,6,6,6,6
6863,6,19.79,0.793,63.1008,17.154,1.46,1.31,94.0,112.0,3300.0,,0,0,0,0
443,6,74.32,0.999,51.6835,8.1776,2.04,0.37,74.0,52.0,0.8,,2,2,2,0
5169,6,35.29,0.8404,56.9352,-2.3828,3.81,2.14,50.0,70.0,2.3,,1,3,6,0
5172,6,12.93,0.9661,57.3966,-2.0806,1.65,2.56,36.4,48.0,800.0,,0,0,0,0
1314,6,150.73,1.0,50.0648,1.9732,0.9,1.04,80.0,82.0,2000.0,2007.0,6,6,6,6
4901,6,11.72,0.8841,54.3123,16.4832,1.19,1.31,,,,,0,0,0,0
4887,6,139.62,0.9993,53.1983,7.2332,1.25,0.88,93.0,114.0,3400.0,,6,6,6,0
379,6,173.26,0.9086,52.8749,13.7715,0.51,0.91,85.0,77.0,950.0,2003.0,0,0,6,6
5741,6,13.23,0.8109,54.5316,17.1001,0.79,0.85,49.3,65.0,1550.0,,0,0,0,0
5727,6,166.26,0.9435,62.3481,14.1122,0.47,0.68,76.5,67.0,2000.0,2006.5,6,6,3,6
5730,6,143.54,0.9696,56.8306,16.3354,2.3,1.57,95.0,100.0,1800.0,2012.0,6,6,6,6
1731,6,96.72,0.993,56.2963,8.303,5.08,0.34,90.0,107.2,3.6,2010.0,3,3,3,3
3502,6,157.04,0.9346,53.2449,10.6609,1.22,1.6,85.0,71.0,2000.0,,0,0,0,0
819,6,178.43,0.9879,50.9069,8.9707,0.27,1.49,42.5,56.0,850.0,,0,0,6,0
6873,6,127.55,0.9809,42.4247,-3.6534,1.58,0.76,66.0,145.0,5000.0,2024.0,0,6,6,1
6856,6,42.41,0.7264,46.1816,1.1682,1.51,1.17,112.0,136.0,3000.0,,6,6,6,0
4302,6,8.49,0.9035,50.6539,8.9222,0.63,1.05,139.0,100.0,2500.0,2014.5,0,0,6,6
270,6,8.96,0.9472,51.0775,14.0551,0.46,1.1,74.0,52.0,0.8,,4,4,5,0
274,6,143.87,0.8698,53.839,10.2711,0.96,0.83,60.0,80.0,2.0,2002.0,0,0,6,6
2178,6,150.24,0.9823,55.9722,10.0476,1.9,1.89,49.0,52.0,900.0,2020.0,0,0,0,3
2180,6,168.74,0.9865,45.8166,0.116,0.57,1.88,85.0,90.0,2300.0,2008.0,0,0,6,6
4355,6,154.99,0.7424,50.5453,6.4432,0.88,0.75,149.0,101.0,3000.0,,0,0,0,0
4358,6,153.11,0.6161,52.7153,11.2654,1.14,0.7,139.0,120.0,2750.0,,0,0,0,0
569,6,127.93,0.9557,54.7236,-1.4444,1.56,0.66,46.0,60.0,1300.0,,0,0,0,0
112,6,55.12,0.9179,51.9813,8.9218,4.09,1.65,92.0,92.5,0.8,2009.0,0,0,1,1
6477,6,27.25,0.9999,43.8893,3.0774,0.56,0.78,75.0,71.0,2300.0,,6,6,6,0
6482,6,179.07,0.9889,50.4103,7.9898,0.37,2.01,141.0,117.0,2.4,2016.0,6,6,6,6
6484,6,0.09,0.9331,48.1956,-2.7993,1.1,2.43,122.0,117.0,3000.0,2022.0,6,6,6,6
4658,6,96.38,0.9818,52.6495,18.2631,3.43,0.43,105.0,90.0,2000.0,,0,0,0,0
4664,6,153.89,0.8411,48.6698,3.5698,1.4,1.09,80.0,92.0,2050.0,2013.0,6,6,6,6
4669,6,107.8,0.925,57.6056,-7.16,1.32,0.36,55.0,44.0,900.0,,0,0,0,0
1950,6,130.65,1.0,55.7782,11.7797,0.4,0.2,30.0,27.0,200.0,,0,0,0,0
6473,6,104.13,0.6293,58.8543,14.4067,1.52,0.51,100.0,97.0,2000.0,2018.0,6,6,6,6
714,6,8.59,0.7842,53.7853,8.918,0.7,0.81,70.0,54.2,1000.0,,0,0,0,0
722,6,10.11,0.9095,52.9686,8.168,0.92,1.45,56.2,74.0,1500.0,,0,0,0,0
725,6,47.66,0.5652,51.5463,7.3465,0.62,0.34,100.0,40.0,0.6,2000.0,6,0,6,6
6409,6,156.71,0.8718,53.2969,20.3442,1.26,1.42,68.3,90.0,2200.0,,0,0,6,0
6444,6,58.29,0.9282,53.8121,18.6681,2.43,1.18,78.0,90.0,2000.0,,0,0,0,0
3146,6,77.77,0.7359,52.7078,8.9739,0.97,0.35,98.2,71.0,2000.0,,6,6,6,0
3147,6,172.02,0.8287,53.6952,-1.9678,1.26,1.64,60.0,80.0,0.0,,0,0,1,0
3676,6,119.5,0.934,51.0679,4.0673,3.08,1.71,100.0,100.0,2300.0,,0,0,5,0
757,6,176.02,0.9679,51.7795,6.3879,0.71,2.08,30.4,40.0,3000.0,,0,0,1,0
758,6,105.66,0.9307,51.7679,6.5008,3.83,1.07,135.0,115.7,3000.0,,0,0,0,0
3087,6,177.58,0.7833,49.6023,2.1125,0.72,0.94,85.0,70.0,2000.0,,6,6,6,0
3091,6,110.78,1.0,48.2789,2.2186,1.23,0.31,80.0,90.0,2000.0,2010.0,6,6,6,6
3107,6,142.91,0.7476,49.5053,7.2483,0.81,0.56,100.0,90.0,2.5,2011.0,6,6,6,5
1912,6,147.04,0.8145,44.2449,2.8589,1.05,0.95,80.0,90.0,2000.0,2007.0,6,6,6,6
1913,6,64.33,0.9865,44.2476,2.701,1.51,0.55,80.0,80.0,2000.0,,0,0,6,0
4718,6,107.27,0.8936,52.7648,8.1091,3.29,1.23,30.6,40.3,500.0,,0,0,0,0
5354,6,177.99,0.8658,55.0026,-2.9216,0.52,0.82,38.7,51.0,800.0,,0,0,0,0
2397,6,136.97,0.9833,50.2575,3.5635,1.87,1.15,82.0,110.0,2200.0,,5,5,6,0
2676,6,136.36,0.9774,48.8254,-0.7006,2.02,1.16,83.0,90.0,2.0,2010.0,6,6,6,6
1274,6,46.44,0.724,50.8181,6.7387,0.9,0.55,53.9,71.0,2000.0,,0,0,0,0
1278,6,132.54,0.8469,51.1457,13.3272,0.91,0.42,67.0,160.0,1.0,,4,2,6,0
5363,6,168.89,0.9409,55.6371,-2.027,1.14,1.85,65.5,80.0,2000.0,,6,6,6,0
2407,6,13.86,0.7009,50.8766,13.7038,0.87,0.67,50.1,66.0,1500.0,,0,0,6,0
464,6,145.04,0.78,50.9616,14.6282,0.54,0.38,60.0,48.0,600.0,,0,0,0,0
472,6,16.57,0.9154,53.2201,9.6379,0.68,0.86,76.0,48.0,800.0,,0,0,0,0
6494,6,155.11,0.8866,62.7827,15.5273,1.84,1.17,109.0,142.0,2300.0,2020.0,6,6,0,6
3737,6,85.28,0.6235,56.0801,8.4872,2.88,1.03,80.0,90.0,1.8,2009.0,4,4,4,4
324,6,165.63,0.992,54.3647,10.3489,0.57,1.13,50.1,66.0,0.6,,0,0,3,0
485,6,30.31,0.7569,53.009,8.624,0.91,0.7,68.3,90.0,2000.0,,0,0,0,0
2375,6,27.48,0.9963,51.8404,4.0597,0.7,0.83,40.0,44.0,0.6,,0,0,6,0
2381,6,56.87,0.9705,49.5372,10.8089,2.63,1.15,200.0,82.0,2150.0,,2,0,4,0
6634,6,138.61,0.7504,57.725,15.2592,1.5,0.87,115.0,170.0,6200.0,2023.0,6,6,6,6
3723,6,117.2,0.9433,57.041,12.3732,4.01,1.08,79.0,86.0,2000.0,2007.0,6,6,6,6
1871,6,43.09,0.9146,55.2406,11.3767,2.6,1.76,30.0,28.0,250.0,,0,0,0,0
6520,6,85.0,0.981,57.2954,14.9092,1.93,0.17,114.0,131.0,3900.0,2020.0,6,6,6,6
6521,6,169.54,0.9614,57.3757,15.1399,1.51,2.9,96.0,100.0,1600.0,2014.0,6,6,6,6
3674,6,12.63,0.9997,54.3807,7.7415,1.34,3.47,149.0,120.0,3600.0,2014.0,6,6,6,6
2663,6,0.93,1.0,49.8647,0.7585,0.03,1.13,71.0,70.0,2300.0,,0,6,6,0
2666,6,174.61,0.9989,44.9415,4.0871,0.29,2.2,80.0,71.0,2000.0,,6,0,6,0
2694,6,5.95,0.9388,49.7934,2.0108,0.32,1.04,80.0,82.0,2300.0,2008.0,6,6,6,6
4715,6,167.89,0.8607,50.1308,7.9757,0.97,1.17,157.5,137.5,4280.0,2018.0,6,6,6,3
4636,6,37.65,0.9903,52.5147,18.8323,2.59,1.94,40.2,52.9,800.0,,0,0,0,0
5441,6,155.86,0.9802,43.0086,2.1723,0.71,0.87,67.0,82.0,2350.0,2018.0,6,6,6,6
5410,6,3.29,0.8804,54.8723,-6.2309,1.35,2.36,79.0,82.0,2300.0,,0,0,0,0
3771,6,175.95,0.9283,54.3715,9.5255,0.6,1.3,149.0,112.0,3000.0,,5,0,1,0
5412,6,178.43,0.8981,50.2963,5.1833,0.52,1.05,100.0,100.0,2500.0,2013.0,6,6,6,6
5421,6,1.95,0.8425,51.2194,19.6435,1.23,1.87,100.0,90.0,2000.0,2009.0,0,0,5,6
1958,6,9.13,0.8079,54.3542,22.8843,0.3,0.33,103.0,101.0,2300.0,,0,0,0,0
6343,6,39.93,0.9516,48.8786,6.7042,1.55,1.19,80.0,90.0,2200.0,,0,0,6,0
4655,6,30.13,0.841,52.3659,-1.0619,1.04,0.78,78.0,92.5,2050.0,,0,0,0,0
4657,6,171.73,0.8955,52.4015,-0.9431,0.56,0.91,69.0,92.5,2050.0,,0,0,0,0
4632,6,118.81,0.9992,57.4076,10.5098,0.46,0.13,30.0,25.0,200.0,,0,0,0,0
4633,6,25.33,0.9154,50.5308,5.1031,0.91,1.16,93.0,114.0,3350.0,,0,0,6,0
4634,6,12.48,0.7375,51.2427,12.0676,0.91,0.97,120.0,117.0,2400.0,,0,0,0,0
2350,6,101.76,0.8538,51.6664,4.5582,1.79,0.53,36.4,48.0,750.0,,0,0,0,0
695,6,161.06,0.8009,52.3169,8.8466,0.46,0.45,70.0,60.0,0.8,2002.5,0,0,6,6
3808,6,6.11,0.9544,51.9742,6.0147,0.61,1.45,211.0,90.0,5000.0,,2,0,2,0
6285,6,151.47,0.9738,54.6453,-6.8084,4.96,4.19,80.0,99.0,2500.0,,0,0,0,0
6251,6,138.89,0.842,54.8948,-6.422,5.57,2.54,19.0,25.0,150.0,,0,0,0,0
6253,6,10.99,0.8593,46.0915,0.8057,0.76,1.21,96.0,110.0,2000.0,2021.0,6,6,6,6
3078,6,151.59,1.0,49.9337,1.6892,1.71,2.03,64.0,70.0,2000.0,2010.0,6,6,6,6
3889,6,158.3,0.9949,50.9027,9.6952,0.97,1.6,139.0,120.0,2750.0,,0,0,6,0
3897,6,55.09,0.8924,57.4215,-1.8987,3.4,1.32,36.4,48.0,0.0,,0,0,1,0
3817,6,6.34,0.6523,56.0158,8.7401,1.3,0.97,92.0,112.0,3.1,2012.0,6,6,6,6
691,6,27.16,0.8322,49.8308,9.8265,0.86,0.91,105.0,90.0,2000.0,,0,0,0,0
5444,6,25.54,0.9973,49.678,0.5333,1.13,1.53,125.0,90.0,2000.0,,6,0,6,0
5447,6,41.62,0.9357,49.3307,3.644,1.63,1.19,80.0,92.0,2000.0,2017.0,6,6,6,6
2344,6,157.02,0.9997,51.6368,4.1065,2.12,3.1,61.5,81.0,2.3,,0,0,6,0
6333,6,154.77,0.9961,54.3731,17.2818,1.22,1.44,98.0,82.0,2000.0,2021.0,0,0,0,6
6323,6,148.63,0.9828,43.3934,-7.2328,0.99,1.13,60.7,80.0,2000.0,,0,0,0,0
3793,6,158.23,0.852,49.3857,7.1471,1.1,1.12,140.0,112.0,2.5,2014.5,6,6,6,6
2758,6,137.65,0.7413,50.4042,6.0961,1.78,1.05,108.0,82.0,2300.0,,0,0,0,0
6290,6,176.98,0.9396,52.5791,10.8219,0.67,1.62,65.0,40.3,4200.0,,0,0,6,0
2750,6,128.09,1.0,48.663,1.4374,1.43,0.74,98.0,66.0,2000.0,,6,6,6,0
5475,6,176.02,0.934,52.7577,15.0411,1.0,2.05,104.0,92.0,2350.0,,6,0,0,0
5465,6,55.37,0.7457,54.7511,-6.351,2.58,1.13,21.3,28.0,250.0,,0,0,0,0
5467,6,166.19,0.9129,50.4079,8.4644,1.12,1.58,139.0,120.0,2.8,2020.0,6,6,6,6
2764,6,29.74,0.9396,52.7244,9.2706,2.28,2.04,61.5,77.0,1500.0,,0,0,0,0
2735,6,132.18,0.8466,58.3978,14.7236,1.49,0.8,50.0,52.0,850.0,2002.0,5,5,6,6
6594,6,149.52,0.9289,52.0045,7.8159,1.92,2.09,149.0,48.0,5150.0,2025.0,6,0,6,1
6570,6,176.32,0.9426,54.1925,-6.1705,1.93,4.21,19.0,25.0,150.0,,0,0,0,0
3186,6,134.82,0.9561,47.784,5.2791,1.69,1.04,80.0,92.0,2000.0,2009.0,6,6,6,6
5399,6,165.17,0.7573,48.2352,1.4677,1.23,1.57,98.0,112.0,3150.0,2017.0,3,3,6,3
4601,6,32.01,0.7694,50.5985,4.6974,1.37,0.99,85.0,70.5,1500.0,,0,0,0,0
4603,6,90.98,0.8443,49.0876,9.6406,2.33,0.67,149.0,136.0,3450.0,2017.0,0,0,0,6
4608,6,155.95,0.8373,52.7991,8.528,0.74,0.9,149.0,115.0,3000.0,2016.0,5,5,5,5
2757,6,124.4,0.6734,50.3028,6.0757,2.26,1.28,108.0,90.0,2000.0,1998.0,0,0,6,1
6536,6,172.24,0.9763,56.2463,13.0983,0.52,1.38,100.0,92.0,2150.0,2017.0,6,6,6,6
6663,6,77.08,0.585,58.9237,12.5634,1.75,0.76,115.0,170.0,6200.0,2022.0,6,6,6,6
1805,6,40.49,0.8889,53.5015,8.6724,0.73,0.52,64.0,71.0,1.3,,3,3,6,0
6644,6,33.93,0.7818,56.4545,14.6571,1.66,1.09,115.0,170.0,6200.0,2023.0,6,6,6,6
3240,6,72.12,0.913,54.5767,-3.5257,2.77,0.72,45.5,60.0,1300.0,,0,0,0,0
799,6,145.64,0.6448,55.7362,9.9186,2.81,1.44,50.0,47.0,660.0,,0,0,0,0
991,6,108.02,0.9668,54.7524,9.8136,3.43,0.68,32.6,43.0,600.0,1995.0,0,0,0,3
1000,6,148.57,1.0,28.3607,-16.9094,0.17,0.25,43.0,32.0,0.3,,6,0,6,0
6575,6,162.78,0.786,54.2359,-6.188,2.09,2.32,19.0,25.0,150.0,,0,0,0,0
6550,6,97.68,0.8309,49.6515,1.374,1.59,0.46,68.0,114.0,2600.0,2022.0,6,6,6,6
6552,6,15.96,0.974,47.8595,-1.09,1.17,2.03,100.0,100.0,2200.0,2022.0,6,6,6,6
3212,6,3.81,0.9969,55.4845,13.8599,0.33,2.03,65.5,71.0,2150.0,2011.5,6,6,6,6
1823,6,41.98,0.9899,55.4647,11.2713,1.97,1.17,35.0,37.0,450.0,,0,0,0,0
6546,6,47.88,0.7237,49.9589,3.5845,1.21,0.69,105.0,90.0,4200.0,,0,0,6,0
6548,6,73.86,0.9938,49.7633,2.2387,1.93,0.39,85.0,110.0,2200.0,2021.0,6,6,6,6
6534,6,28.37,0.8238,49.2241,3.2643,0.99,1.02,80.0,100.0,2000.0,,0,0,6,0
1992,6,102.16,0.9937,51.418,13.5081,0.99,0.13,70.0,48.0,600.0,,0,0,0,0
6293,6,5.55,0.8874,50.3945,11.7745,0.44,0.87,50.0,40.3,500.0,,0,0,0,0
658,6,52.27,0.7751,51.943,7.2766,3.26,1.52,44.0,58.0,1000.0,,0,0,0,0
1937,6,137.91,0.8558,52.8868,7.7545,3.46,2.53,32.6,43.0,600.0,,0,0,0,0
6305,6,34.12,0.9879,42.3949,-8.4256,2.11,2.56,154.0,138.0,4200.0,,3,3,1,0
782,6,74.58,0.9409,55.4769,9.2751,4.95,1.18,49.0,52.0,850.0,,0,0,0,0
1887,6,49.02,0.6502,46.2337,-0.1806,1.2,0.82,101.0,80.0,2000.0,,6,5,6,0
1889,6,14.53,0.595,46.0185,-0.5484,0.6,0.44,78.0,82.0,2000.0,2010.0,6,6,6,6
3943,6,32.81,0.9885,52.9947,-3.5881,1.81,1.75,39.0,44.0,600.0,,0,0,0,0
1568,6,60.63,0.68,48.4415,-1.7027,1.12,0.6,80.0,90.0,2000.0,2008.0,6,6,6,6
1572,6,176.08,0.9864,54.7289,11.192,0.79,3.61,35.0,44.0,0.6,1996.0,3,3,3,3
1573,6,89.15,1.0,55.8343,13.4365,1.37,0.01,85.0,70.0,1790.0,2004.0,6,6,6,6
3826,6,41.79,0.9009,48.403,11.1201,2.75,1.79,141.0,117.0,2.4,2016.0,6,6,6,6
1934,6,166.4,0.9541,54.2501,12.5186,0.47,0.82,47.1,62.0,1300.0,,0,0,0,0
3055,6,3.5,1.0,47.6378,-1.4808,0.28,3.11,100.0,92.0,2000.0,2009.0,6,6,6,6
3882,6,179.95,0.5909,50.5334,1.9631,0.69,0.51,78.0,82.0,2000.0,,0,0,6,0
4778,6,159.25,0.9606,52.9123,21.0245,1.86,2.59,80.0,105.4,2000.0,,0,0,6,0
4747,6,124.64,0.9903,51.2127,5.1513,3.25,1.47,108.0,92.0,2350.0,,0,0,0,0
4753,6,119.34,0.9776,41.4765,-5.5583,1.07,0.48,44.0,58.0,850.0,,0,0,0,0
4758,6,3.11,0.8357,50.8885,12.2154,0.62,0.86,151.5,122.0,3600.0,2017.0,4,0,6,2
5328,6,169.24,0.9887,58.2627,14.6453,0.93,1.98,65.0,52.0,850.0,2007.5,6,6,6,6
5311,6,36.55,0.9271,50.3261,5.8278,1.18,0.88,85.8,113.0,3200.0,,0,0,0,0
1296,6,137.48,0.9927,47.5187,-2.4504,1.45,1.13,83.0,100.0,2200.0,2008.0,6,6,6,6
1299,6,137.88,0.9413,51.2013,8.1046,1.52,1.0,160.0,40.0,4200.0,,3,0,3,0
2274,6,5.89,0.8521,44.9705,4.4439,0.52,0.79,85.0,70.0,2300.0,2007.0,6,6,6,6
2280,6,111.46,0.908,49.6153,7.7589,2.89,1.29,141.0,117.0,3.0,2019.0,5,5,5,5
3899,6,176.73,0.9842,50.9585,6.5678,0.6,2.29,99.0,101.0,3300.0,,0,0,2,0
3900,6,8.86,0.9787,52.9025,13.0085,0.5,1.37,65.0,40.0,600.0,,0,0,0,0
5499,6,98.74,0.855,43.2247,-7.9492,1.62,0.58,78.0,90.0,2000.0,,0,0,0,0
4617,6,169.67,0.751,53.5851,8.9407,0.71,0.69,128.0,104.0,3400.0,,0,0,0,0
2607,6,143.8,0.6408,50.9821,11.8024,0.93,0.7,120.0,117.0,1775.0,2007.0,0,0,6,4
4776,6,24.29,0.8528,50.9422,-3.383,2.3,2.59,59.0,82.0,2050.0,,0,0,0,0
4573,6,7.24,0.7232,52.0082,10.0201,0.8,0.63,135.0,115.0,3000.0,2017.0,6,6,6,5
4548,6,145.68,0.9473,56.8356,-6.224,0.13,0.1,30.4,40.0,0.0,,0,0,6,0
1591,6,173.8,0.9562,55.1938,9.1357,0.42,0.97,46.0,60.0,1300.0,,0,0,0,0
1997,6,47.2,0.9956,16.315,-61.048,0.34,0.31,24.3,32.0,275.0,,0,0,6,0
5524,6,148.31,0.8898,53.1871,7.7066,1.08,0.84,135.0,127.0,4200.0,,0,0,6,0
1441,6,4.71,0.8923,51.8799,13.4099,0.45,0.8,65.0,40.3,500.0,,0,0,0,0
5514,6,13.86,0.7913,51.6427,16.8858,1.73,2.04,120.0,116.0,3000.0,,0,0,0,0
1446,6,159.11,0.9538,52.2452,8.6746,2.32,3.19,94.0,82.0,1500.0,,0,0,0,0
6657,6,147.73,0.7501,53.8356,9.8571,1.2,0.96,65.0,70.0,6000.0,,0,0,2,0
6660,6,8.74,0.9623,47.4409,6.7114,0.57,1.71,131.0,131.0,3000.0,2023.0,6,6,6,6
3869,6,53.73,0.9783,41.5058,-0.7023,1.34,0.79,68.3,90.0,2000.0,,0,0,6,0
2035,6,147.9,0.9936,55.3598,11.3605,1.95,1.86,30.0,27.0,200.0,,0,0,0,0
6216,6,23.89,0.6988,66.9664,22.1477,2.11,1.02,121.0,126.0,3600.0,2018.0,6,6,6,6
6193,6,64.27,0.9415,55.1498,-6.4872,3.03,1.03,75.0,71.0,2300.0,,0,0,0,0
6196,6,171.37,0.8888,53.9207,15.8312,0.8,1.13,100.0,77.0,1500.0,,0,0,0,0
2026,6,53.19,0.7499,50.7383,8.3857,1.12,0.58,140.0,100.0,2000.0,,0,0,6,0
4575,6,172.38,0.8893,49.0815,8.0976,0.7,1.1,134.0,131.0,3.3,2018.0,6,6,6,6
4589,6,63.91,0.8143,51.3954,9.2309,1.56,0.71,141.0,117.0,2400.0,,0,0,6,0
1256,6,128.32,0.9784,51.4947,-0.0989,2.75,1.39,15.2,20.0,0.0,2008.0,0,0,5,2
6108,6,162.56,0.9967,47.4725,3.4701,0.77,1.61,128.0,92.5,2050.0,,6,0,6,0
1055,6,14.5,0.9981,51.165,2.9599,0.95,2.3,85.0,71.0,2000.0,,0,0,4,0
1067,6,158.17,0.961,51.6607,6.2003,1.28,1.37,149.0,115.7,2990.0,2016.0,6,6,6,6
1074,6,86.49,0.8239,27.797,-17.9105,1.27,0.57,,,2300.0,1995.0,0,0,5,1
2792,6,15.75,0.9998,43.6672,2.5877,0.34,0.87,58.0,71.0,2300.0,,6,0,6,0
4040,6,166.72,0.9998,56.231,-3.1768,0.37,0.87,91.1,120.0,2500.0,,0,0,0,0
4051,6,121.81,0.9865,52.3237,18.627,1.92,0.74,22.8,30.0,300.0,,0,0,0,0
300,6,177.71,0.9877,49.5194,7.539,0.31,1.6,100.0,80.0,2.0,2003.0,6,6,6,6
5531,6,133.06,0.9574,53.8952,10.2714,2.56,1.43,118.0,80.0,6800.0,,5,0,5,0
304,6,61.56,0.7652,51.5173,7.8565,2.71,1.35,63.0,44.0,600.0,,1,1,6,0
686,6,6.46,0.9937,48.4033,9.5402,0.57,2.34,60.0,48.0,0.8,2000.0,0,3,3,3
3908,6,138.61,0.9708,52.8016,18.4225,1.43,0.99,39.5,52.0,850.0,,0,0,0,0
6207,6,159.17,1.0,46.808,-1.552,1.0,1.81,85.0,70.0,2000.0,,6,6,6,0
6690,6,157.42,0.9671,16.2663,-61.2344,0.65,1.04,61.0,80.3,1650.0,,0,0,0,0
3205,6,117.33,0.9249,59.0868,-2.6632,1.77,0.64,41.0,54.0,900.0,,0,0,0,0
3978,6,43.86,0.6358,55.7492,-4.4106,1.08,0.65,60.0,80.0,2000.0,,0,0,6,0
3981,6,29.87,0.8285,48.2565,0.1363,0.97,0.77,95.0,100.0,1800.0,2013.0,6,6,6,6
3993,6,162.96,0.6841,56.8887,12.4674,0.63,0.52,64.0,71.0,2300.0,2006.5,6,6,6,6
505,6,117.76,0.8253,51.0737,13.4578,2.07,0.84,166.0,150.0,5.6,2025.0,1,1,1,1
4527,6,111.92,0.9959,52.7056,23.3655,2.53,0.63,,,,,0,0,0,0
4535,6,110.52,0.6872,53.3393,9.6132,1.42,0.68,207.0,122.0,3000.0,2017.0,3,0,3,3
492,6,7.93,0.9888,54.1646,12.1524,0.57,1.77,30.6,40.3,2500.0,,0,0,1,0
4744,6,91.18,0.8537,52.7217,-1.4332,6.55,1.82,50.1,66.0,0.5,,0,0,1,0
3578,6,69.64,0.8983,59.1798,15.1221,2.48,0.63,98.0,100.0,2000.0,2014.5,6,6,6,6
5289,6,3.26,0.9861,50.5324,4.1916,0.68,2.65,150.0,110.0,1601.8,2019.0,3,0,6,6
5324,6,115.88,0.8724,54.817,-6.6023,2.91,1.17,19.0,25.0,150.0,,0,0,0,0
3566,6,148.22,0.9537,55.1653,-3.0685,0.83,0.66,80.0,80.0,2500.0,,0,0,0,0
3577,6,71.82,0.9145,49.8578,22.7869,2.26,0.75,78.0,87.0,2000.0,,0,0,0,0
6716,6,74.68,0.898,54.3309,-6.6075,5.29,1.37,21.3,28.0,225.0,,0,0,0,0
4802,6,0.87,0.9705,49.9344,3.6918,0.53,1.9,108.0,103.0,2850.0,2016.0,4,4,6,4
4805,6,7.92,0.8734,49.513,4.0276,0.76,1.15,98.0,82.0,2300.0,2016.0,6,6,6,6
1850,6,143.01,0.9372,56.3465,10.8233,1.18,0.8,46.0,44.0,750.0,,0,0,0,0
5248,6,18.48,0.9799,56.3831,15.9295,1.73,2.53,105.0,90.0,2000.0,2011.0,6,6,6,6
5253,6,32.19,0.7867,49.9607,3.0729,1.34,1.03,91.5,92.0,2350.0,2017.0,6,6,6,6
5257,6,157.09,0.8366,53.3433,16.9948,0.96,0.82,68.3,90.0,2000.0,,0,0,0,0
2655,6,38.67,0.7105,55.9111,12.9887,0.73,0.5,65.0,66.0,1500.0,2002.0,6,6,6,6
4787,6,17.49,0.7408,46.8495,5.7513,1.11,1.1,135.0,115.7,3000.0,2017.0,6,6,6,6
1778,6,90.1,0.9841,56.9613,9.2967,1.99,0.16,45.0,47.0,660.0,,0,0,0,0
6691,6,162.23,1.0,48.3711,-1.635,0.68,1.41,100.0,100.0,2200.0,2024.0,6,6,6,6
1859,6,22.35,0.9127,54.9847,9.5361,3.22,3.2,46.0,44.0,750.0,,0,0,0,0
1834,6,134.57,0.9999,55.0436,12.0345,2.44,1.4,45.0,47.0,0.7,2000.0,6,6,6,6
1836,6,130.36,0.99,55.6518,11.6312,1.66,0.7,40.0,47.0,660.0,,0,0,0,0
4790,6,11.1,0.9999,51.2268,11.8548,0.55,1.73,65.0,40.3,0.5,,0,0,4,0
4792,6,158.3,0.5685,48.3274,1.4873,1.06,0.61,80.0,90.0,2000.0,2016.0,6,6,6,6
4795,6,163.72,0.8763,48.3899,1.6508,0.87,1.1,80.0,90.0,2000.0,2016.0,6,6,6,6
6099,6,176.34,0.6791,49.2407,6.574,0.84,0.75,85.0,77.0,1.5,,6,6,6,0
619,6,164.65,0.8984,52.0497,11.5008,0.45,0.53,38.0,50.0,800.0,,0,0,0,0
3016,6,1.83,0.9991,48.359,-3.0362,0.1,1.43,58.0,64.0,1500.0,2006.0,6,6,6,6
3973,6,110.72,0.9991,48.1464,2.0165,1.17,0.29,78.0,80.0,2000.0,,0,0,6,0
3031,6,124.47,0.738,49.6033,4.941,1.24,0.57,105.0,90.0,2000.0,,0,0,6,0
3037,6,4.48,0.9241,48.0847,-2.8188,0.47,1.06,78.0,77.0,1500.0,2005.0,6,6,6,6
3041,6,148.03,0.9931,48.1202,-2.725,0.97,0.97,80.0,90.0,2000.0,2007.0,6,6,6,6
3998,6,85.1,0.9983,52.6916,18.834,1.2,0.07,67.6,89.0,2050.0,,0,0,0,0
1204,6,11.09,0.9703,51.855,8.1677,1.04,2.44,167.0,80.0,6000.0,,4,0,4,0
6091,6,153.13,0.604,62.9837,17.9318,1.27,0.56,93.0,114.0,2500.0,2016.0,6,6,0,6
6130,6,0.67,0.804,52.7789,18.8669,1.7,2.12,67.6,89.0,2050.0,,0,0,0,0
6100,6,160.94,0.8401,49.4906,5.6205,0.76,1.01,81.0,93.0,2300.0,2008.0,6,6,6,6
6107,6,167.65,0.7549,47.3879,4.5979,0.63,0.88,80.0,100.0,1800.0,2012.0,6,6,6,6
6169,6,133.34,0.951,48.4731,1.286,1.87,1.1,80.0,100.0,2200.0,2020.0,6,6,6,6
6170,6,127.85,0.8837,48.3535,1.2447,2.02,1.09,75.0,100.0,2200.0,2020.0,6,6,6,6
6146,6,25.23,0.8163,55.1914,-6.2992,3.11,3.17,59.0,82.0,2000.0,,0,0,0,0
2820,6,161.6,0.9937,41.741,-2.614,0.41,0.99,66.0,87.0,2.0,,0,6,6,0
2826,6,157.25,0.9085,54.1629,12.5131,0.73,0.9,80.0,80.0,2000.0,,0,0,0,0
1166,6,173.06,0.9583,46.9901,-1.6429,0.46,1.43,79.0,92.5,2050.0,2011.0,0,0,6,3
2777,6,134.51,0.9955,49.4159,11.6731,3.88,2.4,200.0,117.0,2.4,,5,0,5,0
6031,6,32.95,0.8236,48.327,-2.21,1.28,1.26,95.0,90.0,2350.0,,0,0,6,0
4088,6,155.78,0.9463,49.552,7.6594,1.54,1.96,148.5,132.1,4.3,2022.0,6,6,6,5
4091,6,144.57,0.9761,58.6571,11.4364,2.22,1.6,80.0,90.0,2500.0,2008.0,6,6,6,6
4475,6,119.14,0.9428,52.2884,19.2617,3.38,1.5,64.5,85.0,2000.0,,0,0,0,0
6082,6,36.6,0.9883,49.7126,8.0654,2.24,2.01,149.0,136.0,3.6,2022.0,6,6,6,6
4498,6,164.23,0.9811,41.3512,-4.8897,0.73,1.44,105.0,90.0,2000.0,,0,0,0,0
4506,6,169.18,0.9152,49.8554,11.7199,0.75,1.65,141.0,117.0,2400.0,,0,0,0,0
4497,6,155.5,0.9662,51.5978,5.0148,1.31,1.64,98.0,90.0,2000.0,,0,0,0,0
2045,6,173.42,0.9075,42.4436,-2.0999,1.63,3.34,122.5,120.0,3400.0,2025.0,3,6,6,3
2049,6,7.75,0.8831,47.2127,-0.557,0.57,0.94,120.0,82.0,2000.0,2009.0,6,0,6,6
4110,6,175.01,0.9749,50.5003,4.1825,0.59,1.94,150.0,92.0,2.4,2015.0,5,0,5,5
523,6,25.72,0.6893,51.1247,6.232,0.62,0.46,166.0,70.5,5600.0,,2,0,3,0
6089,6,5.92,0.9367,56.4334,15.9371,0.58,1.32,90.0,113.0,2000.0,2014.0,6,6,6,6
3012,6,54.45,0.8116,48.0982,-3.1136,1.07,0.63,80.0,70.0,1500.0,2006.0,6,6,6,6
5554,6,94.03,0.5609,47.1517,2.0909,0.99,0.51,114.0,131.0,3000.0,2020.0,6,6,6,6
5558,6,115.32,0.9685,49.8602,3.4589,2.17,0.76,116.5,117.0,3450.0,2019.0,3,3,6,3
186,6,27.52,0.9135,53.7746,10.5021,0.82,0.64,43.3,57.0,1.0,1998.0,0,0,6,6
1536,6,76.37,0.9792,42.1013,-4.4852,0.84,0.2,44.0,58.0,850.0,,0,0,0,0
2992,6,144.74,0.9819,49.1021,6.6177,1.28,1.02,80.0,80.0,2000.0,,0,0,6,0
2993,6,76.62,0.7945,51.1715,12.0185,0.9,0.31,98.0,82.0,2300.0,,0,0,0,0
2621,6,8.66,0.9793,67.8723,20.1364,0.45,0.73,49.0,52.0,900.0,2001.0,6,6,6,6
2627,6,0.49,0.9947,52.4973,-1.1688,0.25,2.1,78.0,92.5,2000.0,,0,0,4,0
83,6,123.05,0.7012,50.9021,6.2043,1.05,0.57,76.0,48.0,800.0,,0,0,0,0
6761,6,171.79,0.8304,47.6122,-1.595,0.6,0.87,103.0,100.0,2200.0,2023.0,6,6,6,6
5231,6,3.12,0.7098,49.1956,1.5255,0.76,0.7,84.0,71.0,2.3,,6,0,6,0
2426,6,144.01,0.7814,46.9117,1.355,0.93,0.66,100.0,80.0,2000.0,,6,6,6,0
3018,6,121.42,0.8751,49.7428,6.8774,2.3,1.06,166.0,76.5,4200.0,2008.0,6,2,6,2
6168,6,16.51,0.996,46.7332,2.2446,1.05,2.21,99.0,131.0,3000.0,2020.0,6,6,6,6
959,6,27.49,0.9074,53.2585,8.0419,0.81,0.81,68.0,62.0,1300.0,,0,0,0,0
976,6,113.71,0.92,51.1844,14.256,2.55,0.93,80.0,80.0,2000.0,2001.0,6,6,6,4
6827,6,130.74,0.5774,51.7737,7.7062,3.26,1.48,164.0,52.9,6800.0,2026.0,5,0,5,3
6744,6,33.44,0.852,46.6985,-0.5409,1.13,1.2,94.0,117.0,2830.0,,6,6,6,0
6727,6,2.12,0.8465,49.7563,1.6662,0.61,0.87,90.0,90.0,2250.0,,0,0,6,0
785,6,169.99,0.857,55.5949,9.1733,1.98,2.28,50.0,48.0,750.0,,0,0,0,0
1754,6,18.55,0.8936,58.6138,11.8079,1.36,1.32,80.0,90.0,2500.0,2010.0,6,6,6,6
833,6,112.42,0.7191,50.1979,11.4169,1.71,0.74,169.5,48.0,3000.0,2020.0,4,0,6,1
5569,6,110.96,0.9648,48.6266,3.7962,2.92,0.59,112.0,131.0,3600.0,2019.0,6,6,6,6
3455,6,71.28,0.6837,55.8961,13.1337,4.3,1.73,71.5,52.5,800.0,2007.0,6,6,6,6
6747,6,179.49,0.6142,46.5351,-0.5669,1.21,0.99,115.9,131.0,3000.0,2023.0,6,6,6,6
6753,6,143.01,0.9922,48.346,-0.631,1.41,1.25,95.0,117.0,2500.0,2023.0,3,3,3,3
6739,6,108.75,0.8485,46.0408,3.8151,1.24,0.51,105.0,90.0,2000.0,,0,0,0,0
6766,6,3.49,0.9175,50.0941,3.3491,0.68,1.66,91.0,117.0,3600.0,,6,6,6,0
1797,6,173.01,0.9984,50.656,6.3868,0.21,0.98,98.0,82.0,2350.0,,0,0,2,0
1631,6,3.1,0.9128,48.0237,-2.0775,1.25,2.69,99.5,82.0,2000.0,2008.0,6,6,6,6
4443,6,173.01,0.9626,52.465,7.7069,0.87,2.39,160.0,30.0,4200.0,,4,0,4,0
4451,6,22.97,0.9855,48.9062,0.5747,1.5,2.25,80.0,92.0,2050.0,2015.0,6,6,6,6
5562,6,33.55,0.8818,47.4434,-1.0265,0.71,0.44,73.0,53.0,800.0,2017.0,6,6,6,6
2794,6,164.75,0.72,45.7589,2.0499,1.14,1.06,85.0,77.0,1500.0,2005.0,6,0,6,6
5560,6,142.67,0.9952,47.1066,-0.4931,2.09,1.78,84.0,131.0,2700.0,2020.0,4,4,6,3
1427,6,171.76,0.9272,54.1927,10.3512,0.41,0.77,60.0,43.0,600.0,,0,0,0,0
1432,6,11.75,0.9871,51.9212,8.5209,0.99,2.55,30.4,40.0,600.0,,0,0,0,0
5566,6,31.0,0.9584,48.4449,-3.4237,0.8,0.82,62.1,53.0,800.0,2018.0,6,6,6,6
4457,6,169.05,1.0,51.2048,3.6956,1.21,3.96,116.5,114.0,2000.0,,0,0,5,0
4458,6,58.4,0.9981,47.4054,6.3413,2.31,0.93,112.0,120.0,2780.0,2017.0,6,6,6,6
4464,6,152.61,0.8185,52.7153,10.8906,0.93,0.81,120.0,117.0,2400.0,2016.0,6,6,0,4
4134,6,155.32,0.8715,57.843,16.3613,1.14,1.14,95.0,100.0,1800.0,2012.0,6,6,6,6
1112,6,19.77,0.8975,51.2824,7.9165,1.86,2.5,164.0,163.0,6800.0,2026.0,5,5,5,5
2100,6,121.67,0.913,58.4585,15.062,3.08,1.23,105.0,90.0,2000.0,2010.0,6,6,6,6
5544,6,167.2,0.9969,50.3596,20.1078,0.75,1.64,,,,,0,0,0,0
5551,6,0.15,0.855,50.026,3.6416,0.73,1.41,94.0,112.0,3450.0,2019.0,6,6,6,6
4071,6,177.58,0.966,54.0342,-2.8848,1.23,3.64,75.0,90.0,0.5,,1,0,1,0
4082,6,0.24,0.8611,53.83,11.1438,0.97,1.49,135.5,120.0,5150.0,,2,0,2,0
5582,6,4.45,0.9843,48.6433,-0.257,0.24,1.27,98.0,82.0,2050.0,2018.0,6,6,6,6
5584,6,11.89,0.9877,48.3156,-2.6799,0.76,2.02,61.0,61.5,1550.0,2019.0,6,6,6,6
5587,6,50.42,0.6682,45.6797,2.6509,0.95,0.69,100.0,100.0,2000.0,2017.0,6,6,6,6
5572,6,100.33,0.8952,48.1643,5.0411,2.36,0.65,91.0,117.0,2400.0,,0,0,6,0
4392,6,149.24,0.7573,52.8579,-2.8888,4.22,2.85,80.0,90.0,2650.0,,0,0,0,0
5894,6,160.36,0.8311,56.5888,16.0231,1.2,1.06,90.0,104.0,2500.0,2012.0,6,6,6,6
2857,6,63.28,0.858,54.1334,9.9557,1.18,0.37,141.0,77.0,2475.0,,3,0,6,0
2872,6,111.87,0.9377,49.0538,-0.9299,3.04,1.19,85.0,82.0,2300.0,2011.5,6,6,6,6
5602,6,170.0,0.8966,53.1409,7.8326,0.58,1.03,53.9,71.0,3000.0,,0,0,6,0
5607,6,31.09,0.99,50.1082,10.0051,2.63,2.75,149.0,144.0,3900.0,2020.0,2,0,6,3
5594,6,38.4,0.9627,54.0871,-0.4198,1.59,1.28,80.0,90.0,2500.0,,0,0,0,0
5598,6,39.02,0.9026,50.1605,9.5163,1.67,1.55,139.0,85.0,2750.0,,6,0,6,0
5639,6,116.5,0.9646,55.8844,-4.8728,1.73,0.6,106.0,167.0,7000.0,,0,0,0,0
4070,6,160.75,1.0,55.6573,11.0529,0.89,1.44,80.0,101.0,3000.0,,0,0,0,0
4214,6,133.4,0.6123,57.2255,10.3536,1.02,0.55,80.0,90.0,3.0,2013.0,6,6,6,6
5975,6,163.77,0.9997,46.2724,1.0529,0.67,1.6,89.0,122.0,2200.0,,0,0,6,0
5952,6,160.08,0.9193,53.3587,6.8662,2.18,2.47,40.0,54.0,900.0,,0,0,0,0
5986,6,17.09,0.9415,57.5102,-2.2715,2.36,3.57,39.5,52.0,850.0,,0,0,0,0
5993,6,49.0,0.9626,57.3996,-7.332,2.15,1.01,55.0,44.0,0.0,,0,0,2,0
5642,6,168.31,0.7905,49.6957,1.9201,0.66,0.76,71.3,92.0,2350.0,2019.0,6,6,6,6
5611,6,42.59,0.9821,54.0678,10.292,1.4,0.93,121.5,126.0,3600.0,,2,5,5,0
5624,6,83.63,0.7695,51.6971,15.1153,2.89,1.12,121.0,117.0,3000.0,,6,6,6,0
6820,6,165.0,0.6365,51.9041,10.1425,1.21,0.88,155.5,150.0,4200.0,2023.0,6,6,6,6
6794,6,123.81,0.9922,39.4158,-1.9349,1.74,0.97,53.5,70.5,1500.0,,0,0,0,0
6783,6,154.64,0.8661,53.3599,9.6821,0.95,1.22,125.0,82.0,4200.0,,6,0,6,0
108,6,167.01,0.9839,52.2875,10.0236,0.86,1.67,64.5,71.0,2000.0,,0,0,0,0
3549,6,19.82,0.6745,60.8607,15.9672,1.66,1.15,105.0,90.0,2000.0,2010.0,6,6,6,6
5570,6,14.86,0.9996,48.4894,4.4031,1.31,3.15,100.0,100.0,2200.0,2019.0,6,6,6,6
5542,6,111.75,0.956,46.1619,0.908,2.01,0.68,140.0,122.0,3000.0,2019.0,0,0,6,6
1518,6,72.13,0.967,55.4468,8.6752,2.19,0.55,45.0,44.0,600.0,,0,0,0,0
2414,6,144.53,0.7781,57.3582,10.1764,0.61,0.4,45.0,47.0,0.7,1999.0,6,6,6,6
4842,6,13.14,0.931,49.3184,4.3678,0.64,1.05,95.0,110.0,2000.0,2015.0,6,6,6,6
4808,6,15.63,0.8576,50.2663,2.491,1.01,1.34,69.0,92.0,2050.0,2017.0,6,6,6,6
4821,6,2.84,0.6058,51.7894,18.6255,0.17,0.14,100.0,90.0,2000.0,,0,0,0,0
4871,6,177.5,0.8937,57.5074,-2.9626,0.59,0.92,78.0,92.0,2350.0,,0,0,0,0
5200,6,94.78,0.9334,54.9041,11.0313,1.56,0.24,91.5,117.0,3.4,2017.0,6,6,6,6
5180,6,57.96,0.8014,53.7917,-0.8621,1.92,0.82,78.0,92.0,2350.0,,0,0,0,0
4830,6,86.75,0.949,49.9751,1.3329,1.44,0.2,85.0,70.0,2300.0,2015.0,6,6,6,6
1334,6,168.71,0.9689,54.543,8.693,0.6,1.06,64.0,71.0,2300.0,,6,0,6,0
4876,6,0.96,0.9724,58.5415,11.6017,0.56,1.9,108.0,82.0,2300.0,2011.0,6,6,6,6
427,6,171.94,0.9191,53.4222,8.4582,0.76,1.31,36.8,33.0,2.3,,2,2,6,0
3532,6,176.07,0.9795,53.0495,19.8923,0.4,1.32,100.0,92.5,2000.0,,0,0,0,0
3537,6,169.42,0.6089,49.4846,22.0898,1.0,0.83,80.0,92.5,2050.0,,0,0,0,0
3542,6,160.74,0.9698,58.3997,14.9417,1.63,2.27,65.0,52.0,850.0,2005.5,6,6,6,6
3547,6,2.73,0.9988,48.954,11.4919,0.25,2.82,56.2,74.0,1500.0,,0,0,0,0
978,6,128.69,0.8622,54.6292,9.8188,3.88,1.77,30.4,40.0,500.0,,0,0,0,0
4389,6,134.52,0.8187,58.332,12.7939,2.61,1.34,95.0,90.0,2000.0,2010.0,6,6,6,6
4424,6,153.6,0.9964,51.3572,8.9577,1.88,2.5,141.0,117.0,2.4,,4,6,6,0
4398,6,9.96,1.0,47.5922,-1.44,0.6,2.28,97.0,100.0,2000.0,2015.0,6,6,6,6
5711,6,86.02,0.9701,60.6868,-1.0153,3.08,0.29,,,,,0,0,0,0
5974,6,164.77,1.0,46.2107,1.0107,1.14,2.89,140.0,122.0,2200.0,,0,0,6,0
2935,6,107.51,0.9944,46.1511,2.5371,1.83,0.39,95.0,100.0,2000.0,,0,0,6,0
2087,6,13.22,0.8476,48.6345,5.5282,0.79,0.99,100.0,41.0,2000.0,2010.0,6,6,6,6
4431,6,179.25,0.8445,50.2556,10.1282,0.69,1.16,141.0,117.0,3075.0,2014.5,0,0,6,2
591,6,166.79,0.9469,55.5184,12.1015,0.44,0.74,28.1,37.0,500.0,,0,0,0,0
2131,6,91.59,0.9997,55.7185,11.4429,3.36,0.08,35.0,41.0,550.0,,0,0,0,0
216,6,44.98,0.9487,49.7144,6.7049,1.16,0.79,65.0,47.0,0.7,2000.0,6,6,6,5
5691,6,160.47,0.9969,57.9011,-6.8092,0.17,0.27,25.0,33.0,500.0,,0,0,0,0
2251,6,160.36,0.8574,55.5855,8.8201,0.79,0.86,50.0,47.0,660.0,,0,0,0,0
539,6,178.64,0.7179,50.5446,4.6296,0.97,0.99,85.0,70.5,1500.0,,0,0,0,0
541,6,59.56,0.913,55.2333,11.696,0.96,0.34,45.0,48.0,0.8,1999.0,5,5,5,5
547,6,56.73,0.9025,49.2363,11.4962,4.21,1.86,141.0,114.0,3.2,,4,4,4,0
4281,6,171.9,0.6245,50.3878,2.4699,0.74,0.56,105.0,90.0,3000.0,2013.0,0,0,6,6
2141,6,150.55,0.588,53.3781,6.7265,3.33,2.28,39.5,52.0,850.0,,0,0,0,0
5835,6,170.34,0.9676,45.9641,-0.6433,0.7,2.08,114.0,131.0,3000.0,,6,6,6,0
608,6,162.66,0.9651,49.583,9.9221,0.87,1.46,108.0,82.0,1500.0,,0,0,6,0
4336,6,160.36,0.9909,48.2599,-1.2224,1.2,2.3,90.0,97.0,2000.0,2016.0,6,6,6,6
4343,6,153.89,0.9625,49.7831,0.7302,1.33,1.69,83.0,100.0,2500.0,2016.0,6,6,6,6
2191,6,113.16,0.9891,49.8544,0.9771,1.98,0.55,85.8,117.0,3400.0,,6,3,6,0
4300,6,145.87,0.9733,45.6831,2.7066,1.0,0.81,105.0,90.0,2000.0,2015.0,6,6,6,6
2925,6,175.5,0.8889,48.1991,1.4194,1.12,2.14,100.0,80.0,2000.0,,0,0,6,0
2172,6,121.46,0.9019,42.6589,-6.1111,1.11,0.55,68.3,90.0,1800.0,,0,0,0,0
2148,6,49.39,0.9125,49.9853,1.2751,1.65,0.85,65.0,66.0,2000.0,2006.0,6,6,6,6
4153,6,178.35,0.8446,52.212,18.0433,0.12,0.17,110.0,113.0,2750.0,,0,0,0,0
4162,6,38.68,0.8443,52.838,0.1041,0.89,0.61,59.0,82.0,2000.0,,0,0,0,0
4165,6,19.41,0.9994,54.6524,-4.913,0.72,1.14,44.0,58.0,850.0,,0,0,0,0
2909,6,170.8,0.6358,48.0196,5.4706,0.87,0.68,80.0,90.0,2000.0,2009.0,6,6,6,6
2912,6,54.17,0.9742,50.9841,-4.1096,3.68,1.95,50.0,58.0,850.0,,0,0,0,0
2835,6,178.88,0.9569,53.0376,13.4437,0.45,1.2,100.0,77.0,1500.0,2003.0,0,0,6,6
549,6,26.78,0.9631,54.3384,-2.6301,1.11,1.11,47.1,62.0,1300.0,,0,0,0,0
552,6,153.59,0.9983,54.825,10.4073,1.53,1.86,60.0,80.0,2000.0,2006.5,6,6,6,6
2151,6,1.68,0.9471,51.7381,14.0055,0.44,1.06,62.2,82.0,2.5,,0,0,6,0
5865,6,167.52,0.9696,49.8648,0.9298,0.82,1.89,87.0,126.0,3000.0,2023.0,4,4,6,4
2160,6,131.21,0.9615,55.645,8.32,2.13,1.06,40.0,47.0,0.7,2001.0,5,5,5,5
1101,6,172.4,0.5041,48.771,10.0024,0.96,0.57,100.0,92.5,2000.0,,5,0,5,0
1102,6,10.7,0.9386,52.2403,7.1726,0.68,1.64,100.0,80.0,2000.0,,0,0,0,0
952,6,4.65,0.7664,50.8747,10.7156,0.44,0.48,76.0,70.0,1300.0,,0,0,3,0
6870,6,14.72,0.7822,51.3733,8.1346,1.11,1.16,125.0,28.0,4800.0,,6,0,5,0
6871,6,151.71,0.9968,59.9454,-1.2704,0.96,0.89,39.5,52.0,850.0,,0,0,0,0
4414,6,39.79,0.9993,57.205,12.2749,1.87,1.23,105.0,90.0,2000.0,2013.0,6,6,6,6
4416,6,22.74,0.9421,47.056,-1.8379,1.23,1.78,78.0,90.0,2000.0,2016.0,6,6,6,6
2931,6,151.65,0.7547,43.6676,2.0595,0.78,0.64,80.0,90.0,2000.0,2009.0,0,0,6,6
579,6,124.52,0.9784,50.365,10.9278,0.86,0.39,175.0,172.0,7200.0,,3,3,3,0
581,6,8.0,0.957,50.6659,13.1229,0.31,0.76,135.0,40.3,3000.0,,2,0,3,0
7000,6,53.93,0.8574,50.6601,17.3643,2.07,1.08,80.5,106.0,3000.0,,0,0,0,0
7176,6,9.23,0.8817,57.0508,-6.4937,0.06,0.08,23.5,31.0,330.0,,0,0,0,0
2550,6,89.2,0.9985,55.5724,8.9879,2.94,0.09,50.0,52.0,900.0,,0,0,0,0
2552,6,150.66,0.8443,55.8575,12.2874,2.96,2.98,60.0,80.0,2.0,2010.0,1,1,1,1
6975,6,166.57,0.6417,49.4455,5.9016,1.48,1.65,91.0,117.0,3600.0,,6,6,6,0
1684,6,6.52,0.9324,51.0356,14.8264,0.42,0.99,64.5,85.0,2000.0,,0,0,0,0
7128,6,170.69,0.9004,46.0753,0.4031,0.8,1.71,114.0,136.0,4200.0,2025.0,6,6,6,6
2534,6,40.87,0.9873,55.0492,10.5091,1.54,0.91,66.5,44.0,0.6,1998.5,6,0,6,6
2828,6,168.35,0.9017,50.9178,13.4124,0.51,0.84,78.0,82.0,2000.0,,0,0,0,0
7069,6,163.1,0.9778,53.8851,10.0295,0.72,1.59,65.0,70.0,4260.0,,0,0,6,0
7057,6,170.01,0.9737,50.2538,20.6027,1.28,3.19,23.5,31.0,300.0,,0,0,0,0
7098,6,27.64,0.8168,45.3403,-0.2292,1.77,1.94,113.5,133.0,3300.0,,6,6,6,0
6979,6,43.81,0.9403,50.8362,-0.3653,0.01,0.0,84.0,112.0,3450.0,,0,0,0,0
7044,6,104.45,0.6983,48.0481,11.446,3.26,1.5,246.0,85.0,5500.0,,6,0,6,0
7021,6,162.59,0.9995,44.6523,3.5955,0.55,1.21,85.0,82.0,2300.0,2025.0,6,6,6,6
7031,6,33.2,0.8394,50.0602,3.4092,1.73,1.33,99.0,113.0,3600.0,,0,0,6,0
3457,6,95.12,0.9869,58.3641,15.0337,3.9,0.37,75.0,55.0,800.0,2011.5,6,6,6,6
6932,6,17.65,0.8292,58.8626,12.1248,2.12,1.93,300.0,130.0,3300.0,,1,0,0,0
3335,6,171.5,0.9612,47.9337,-1.6268,0.77,2.14,100.0,100.0,2000.0,2017.0,5,5,5,5
924,6,144.25,0.999,53.4165,8.1659,2.2,1.73,50.0,41.0,0.5,,4,4,4,0
3452,6,46.57,0.7828,54.4909,-1.2595,1.61,0.82,125.0,92.5,2000.0,,1,0,5,0
892,6,63.84,0.8916,50.8081,8.4025,2.73,1.41,149.0,115.7,800.0,,0,0,3,0
939,6,79.21,0.5664,52.023,9.4647,0.64,0.3,65.0,40.3,500.0,,0,0,0,0
3369,6,7.82,0.9545,51.8274,10.1107,0.57,1.16,68.0,62.0,1300.0,,0,0,0,0
3309,6,124.96,0.7156,50.3936,6.3213,0.95,0.52,60.7,80.0,2000.0,,0,0,6,0
6967,6,154.15,0.7466,45.3694,-0.2743,2.3,2.34,114.0,136.0,3900.0,,6,6,6,0
2542,6,93.17,0.8301,55.7422,8.3162,2.35,0.63,45.0,44.0,600.0,,0,0,0,0
2543,6,85.04,0.7595,55.7565,8.4694,2.31,0.82,45.0,44.0,0.6,1997.0,5,5,5,5
5102,6,29.79,0.9472,58.3264,-6.6863,2.27,2.33,33.4,44.0,900.0,,0,0,0,0
5075,6,175.79,0.5637,46.3619,1.156,1.67,1.31,92.0,122.0,3000.0,2017.0,6,6,6,6
6942,6,2.72,0.9726,47.9595,9.4452,0.76,2.71,60.0,54.0,7200.0,2025.0,0,0,6,6
6916,6,11.32,0.9648,52.5465,16.016,1.01,1.83,,,2200.0,,0,0,6,0
6420,6,168.88,0.9092,49.8478,7.6027,0.68,1.18,60.0,80.0,3600.0,,0,0,6,0
6428,6,9.86,0.8452,45.866,0.4811,1.21,1.86,96.0,110.0,2200.0,2023.0,6,6,6,6
1611,6,127.23,0.9926,55.848,9.6178,2.65,1.22,45.0,45.0,600.0,,0,0,0,0
2408,6,51.52,0.7089,49.689,1.7027,1.01,0.62,79.0,82.0,2000.0,2010.0,6,6,6,6
2410,6,51.58,0.9935,55.8716,8.3704,2.45,1.16,40.0,39.0,0.5,1996.0,5,5,5,5
1230,6,175.67,0.9685,52.9426,10.4673,0.43,1.59,161.0,80.0,5500.0,,4,0,4,0
1250,6,157.62,0.5613,51.3149,12.1552,0.53,0.38,73.0,52.9,1800.0,2015.0,0,0,6,2
5385,6,169.93,1.0,48.1868,6.0582,0.52,1.94,91.0,117.0,2400.0,,6,6,6,0
5031,6,158.44,0.9042,54.2749,-2.6368,0.79,0.98,60.0,80.0,2050.0,,1,1,0,0
7218,6,24.41,0.971,50.9867,7.7957,1.77,2.22,175.0,75.0,1800.0,,6,0,0,0
7228,6,51.6,0.9759,46.179,0.4191,2.59,1.29,101.0,136.0,4200.0,,6,6,6,0
7229,6,40.71,0.7953,47.1144,1.8034,1.21,0.81,125.0,150.0,3000.0,,6,6,6,0
5333,6,30.11,0.7485,50.6131,-4.3633,4.38,3.13,30.4,40.0,500.0,,0,0,0,0
4706,6,6.85,0.8889,55.7527,-4.1177,0.65,0.93,42.5,56.0,2750.0,,0,0,6,0
4707,6,146.4,0.9881,56.1677,15.7689,1.81,1.67,65.0,48.0,800.0,2010.0,6,6,6,6
4709,6,7.44,0.9856,44.0245,3.0908,0.46,1.45,75.0,100.0,2200.0,2017.0,6,6,6,6
5043,6,124.09,0.8312,50.368,-4.9779,5.17,2.95,60.0,80.0,0.5,,0,0,2,0
395,6,126.9,0.7978,49.3343,7.4895,0.8,0.47,79.5,64.0,1.2,2003.0,6,6,6,5
2529,6,60.39,0.9998,55.0335,10.9051,3.37,1.08,64.5,76.5,2.0,2006.0,6,6,6,6
7203,6,170.5,0.9584,46.0017,-0.171,0.57,1.54,53.9,71.0,3600.0,,0,0,6,0
5022,6,69.1,0.7286,53.3833,-1.2868,1.39,0.54,78.0,104.0,3400.0,,0,0,0,0
5023,6,107.23,0.8043,53.6357,-0.7004,1.41,0.44,80.0,92.5,2050.0,,0,0,0,0
4993,6,10.89,0.6851,46.032,-0.2374,0.51,0.46,66.5,71.0,2000.0,2015.0,2,2,6,6
412,6,8.26,0.7278,54.4451,8.9831,0.66,0.58,84.0,112.0,3000.0,,5,0,6,0
4955,6,4.03,0.6075,55.8282,8.73,0.75,0.46,87.0,126.0,3.6,2017.0,6,6,6,6
3443,6,54.9,0.9637,58.4214,15.1972,4.9,2.07,92.5,90.0,2000.0,2011.0,6,6,6,6
3324,6,175.43,1.0,48.9366,6.5824,0.18,1.47,80.0,90.0,2000.0,2010.0,6,6,6,6
5039,6,169.95,0.9998,48.1698,2.5538,0.57,2.1,81.0,90.0,2000.0,2017.0,6,6,6,6
2505,6,40.54,0.9204,56.9282,9.7195,2.88,1.64,53.0,44.0,750.0,,0,0,0,0
414,6,149.01,0.907,53.5517,8.3983,0.46,0.43,113.0,71.0,0.6,,0,0,6,0
418,6,17.27,0.9215,53.1202,9.2602,0.51,0.77,65.0,62.0,0.6,,0,0,6,0
2479,6,151.21,0.6782,56.5715,8.9786,3.45,1.87,60.0,66.0,1750.0,,0,0,0,0
7226,5,12.6,0.9232,52.3642,14.276,0.7,1.31,164.0,149.0,5700.0,,5,5,5,0
7096,5,10.78,0.9564,50.5151,2.2462,0.67,1.53,85.0,100.0,2200.0,2025.0,5,5,5,5
3354,5,116.41,0.7888,51.6481,9.1933,0.59,0.22,75.0,50.0,750.0,,0,0,0,0
7187,5,156.49,0.966,46.1773,0.2564,0.82,1.41,114.0,131.0,3000.0,,5,5,5,0
7172,5,3.21,0.8944,50.0898,7.0518,0.57,1.02,116.5,36.0,3450.0,2024.0,5,0,5,5
7080,5,31.15,0.7169,54.7261,-7.5574,3.02,2.22,21.3,28.0,225.0,,0,0,0,0
7055,5,34.41,0.9726,42.5321,-1.9182,1.17,1.53,116.0,137.0,4000.0,2025.0,5,5,5,5
7038,5,71.36,0.6916,51.4687,8.0327,1.43,0.64,162.0,175.0,6000.0,,5,5,5,0
7023,5,85.26,0.7526,53.7246,-0.3997,0.08,0.03,45.5,60.0,0.0,,0,0,5,0
7007,5,46.26,0.9024,51.4563,3.9376,1.93,1.26,70.0,52.0,4500.0,,0,0,4,0
7012,5,21.75,0.8768,51.9872,5.2598,2.1,2.46,80.0,80.0,5900.0,,0,0,4,0
7014,5,58.96,0.9607,36.7345,-6.2079,1.74,0.84,60.7,80.0,1670.0,,0,0,0,0
6978,5,78.41,0.7862,51.8063,7.3868,2.3,0.94,132.0,163.0,5500.0,2026.0,1,3,3,3
6982,5,118.38,0.841,53.8844,-3.0472,0.04,0.02,80.0,90.0,0.0,,0,0,5,0
1725,5,167.24,0.8627,53.0777,9.6738,0.53,0.68,62.0,76.0,2000.0,,0,0,0,0
1727,5,96.53,0.9968,55.6586,11.6853,2.59,0.25,20.5,27.0,200.0,,0,0,0,0
4996,5,29.35,0.8756,55.961,-3.7243,2.27,1.74,30.4,40.0,500.0,,0,0,0,0
922,5,146.67,0.9883,50.9157,7.7285,1.25,1.34,73.0,52.9,800.0,,0,0,0,0
925,5,153.85,0.8579,51.3321,9.5935,0.68,0.65,140.0,112.0,1.0,,2,2,5,0
1707,5,64.07,1.0,57.4538,10.2158,0.77,0.2,45.0,47.0,0.7,1998.0,5,5,5,5
1710,5,120.86,0.92,55.7398,8.3604,1.11,0.44,19.0,25.0,200.0,,0,0,0,0
1713,5,65.33,0.8085,55.8022,13.5456,0.96,0.26,78.0,80.0,1500.0,2004.0,5,5,5,5
944,5,172.81,1.0,51.6208,-1.6531,0.15,0.75,49.0,62.0,1300.0,,0,5,5,0
3393,5,164.06,0.8613,43.654,2.6356,0.36,0.47,58.0,71.0,2300.0,2010.0,0,0,5,5
3396,5,6.39,0.8873,51.9274,13.2101,0.63,1.05,64.5,85.0,2000.0,,0,0,0,0
1706,5,16.49,0.993,53.3205,7.6581,0.7,1.33,65.0,70.0,1800.0,,0,0,0,0
6949,5,167.25,0.9431,50.3377,18.9082,0.02,0.04,17.5,23.0,160.0,,0,0,0,0
6953,5,90.36,0.9987,41.8269,-0.0708,2.03,0.05,120.9,158.0,5000.0,,5,5,5,0
6964,5,26.66,0.6045,50.3314,3.128,1.26,0.94,95.0,100.0,2000.0,2025.0,5,5,5,5
6920,5,27.3,0.926,49.5802,6.7002,1.26,1.73,164.0,164.0,5.7,2025.0,5,5,5,5
6922,5,50.5,0.9838,41.4125,-0.5799,2.26,1.26,101.0,158.0,6100.0,,5,5,5,0
3469,5,53.85,0.8729,49.6659,9.3328,2.12,1.14,141.0,117.0,2400.0,,0,0,0,0
807,5,170.36,0.989,47.3573,6.7229,0.27,1.12,125.0,90.0,2000.0,2007.0,5,5,5,5
4982,5,5.81,1.0,47.6548,-1.7679,0.34,2.26,93.0,114.0,2000.0,2017.0,5,5,5,5
859,5,9.74,0.7465,52.53,10.1899,0.78,0.74,86.0,70.0,1800.0,,5,0,5,0
946,5,27.49,0.7079,48.1342,8.1877,2.95,2.21,98.0,77.0,1500000.0,,0,1,1,0
3315,5,140.42,0.9999,48.9871,7.168,0.97,0.76,80.0,90.0,2500.0,,5,5,5,0
3316,5,5.14,0.984,45.9345,-0.5812,0.59,2.43,80.0,90.0,2.5,,5,5,5,0
3319,5,154.85,1.0,49.7528,1.2836,1.15,1.58,80.0,90.0,2500.0,,5,5,5,0
1692,5,10.71,0.8587,52.917,10.4314,0.54,0.69,100.0,92.5,2000.0,2010.0,0,0,3,3
1696,5,28.09,0.9492,55.5144,9.0123,2.0,1.99,50.0,47.0,660.0,,0,0,0,0
5077,5,10.83,0.9046,46.4563,-0.0249,0.47,0.84,95.0,100.0,2000.0,2017.0,5,5,5,5
5067,5,5.75,0.7972,45.9248,-0.6311,0.67,0.84,100.7,70.0,2000.0,,5,5,5,0
5068,5,2.29,0.822,45.9626,-0.3678,0.45,0.81,80.0,92.0,2050.0,2017.0,5,5,5,5
5069,5,170.91,1.0,46.1465,0.0985,0.34,1.47,95.0,110.0,2000.0,2019.0,5,5,5,5
5071,5,108.95,0.9821,45.9198,0.1927,0.94,0.23,95.0,110.0,2000.0,2017.0,5,5,5,5
2516,5,81.8,0.9527,55.5428,10.4176,2.1,0.35,50.0,48.0,0.8,1999.0,5,5,5,5
2538,5,158.05,0.9866,55.1446,8.8032,1.55,1.85,46.0,47.0,660.0,,0,0,0,0
4979,5,92.2,0.9747,53.7461,-0.0264,1.58,0.16,65.0,90.0,2500.0,,0,0,0,0
2166,5,146.06,0.9953,55.435,8.8617,1.09,0.91,49.0,52.0,900.0,,0,0,0,0
2173,5,86.67,1.0,56.3624,9.9436,0.79,0.03,45.0,48.0,750.0,,0,0,0,0
1155,5,119.46,0.6516,51.0938,8.5296,0.52,0.29,78.0,40.3,500.0,,0,0,5,0
1158,5,22.36,0.8007,48.8836,9.8356,0.62,0.65,100.0,80.0,2000.0,,0,0,2,0
2914,5,179.98,0.9966,60.6538,17.3984,0.19,1.54,105.0,90.0,2000.0,2010.0,5,5,5,5
4185,5,52.31,0.851,60.1738,-1.1718,3.31,1.11,62.2,82.0,3000.0,,0,0,1,0
4161,5,2.72,0.8493,50.9661,12.1731,0.51,0.7,193.0,52.0,3100.0,2014.0,4,0,4,4
4169,5,109.37,0.9036,60.7703,-0.8315,3.35,0.83,,,,,0,0,0,0
1103,5,28.29,0.8489,49.5142,6.9611,0.45,0.39,114.0,71.0,2.3,2007.0,5,5,5,5
4224,5,1.74,0.8799,50.7299,4.2034,0.84,1.18,150.0,114.0,2000.0,2014.0,2,0,5,2
2917,5,9.05,0.9981,48.2919,4.6938,0.49,2.02,80.0,92.5,2000.0,2009.0,0,0,5,5
2918,5,170.66,0.9888,50.8473,9.5973,0.47,1.43,164.0,131.0,3300.0,,3,5,5,0
5885,5,44.7,0.8145,58.2457,-6.3479,2.9,1.72,36.4,48.0,900.0,,0,0,0,0
5887,5,43.11,0.9539,56.6102,16.1475,1.37,0.77,95.0,100.0,1800.0,2012.0,5,5,5,5
5889,5,159.34,0.6976,53.6283,17.5689,1.34,1.18,68.3,90.0,2000.0,,0,0,0,0
5870,5,158.65,0.9903,57.144,-2.5554,1.48,1.73,55.0,51.0,800.0,,0,0,0,0
2848,5,69.7,0.5659,49.1016,9.4352,1.1,0.77,164.0,92.0,4500.0,,5,0,5,0
563,5,164.38,1.0,55.388,13.0434,0.54,1.1,50.0,48.0,750.0,1999.0,5,5,5,5
572,5,5.18,0.6137,48.5672,9.8423,0.56,0.42,70.0,48.0,600.0,1998.0,0,0,0,5
4397,5,179.6,0.9923,47.5739,-1.6659,0.23,1.86,144.0,90.0,2000.0,,5,0,5,0
594,5,75.92,0.8159,51.6381,7.2162,1.2,0.36,44.0,58.0,0.8,,0,0,4,0
599,5,156.17,0.9782,52.3762,9.2626,0.89,1.19,65.0,40.0,0.8,,0,0,5,0
600,5,127.82,0.8098,52.6762,10.1993,1.52,0.84,111.5,77.0,1500.0,,5,0,5,0
576,5,1.62,0.6095,50.8515,13.3684,0.63,0.52,64.7,70.5,1500.0,2009.0,0,0,0,2
5831,5,174.59,0.9924,57.1207,-2.2634,0.34,1.52,30.4,40.0,500.0,,0,0,0,0
5832,5,53.27,0.9594,57.5576,-1.8502,2.17,1.09,36.4,48.0,800.0,,0,0,0,0
5808,5,14.3,0.8744,58.1406,14.1786,0.71,0.86,95.0,100.0,1800.0,2015.0,5,5,5,5
5819,5,122.76,0.7336,53.111,6.9115,1.37,0.64,133.0,130.0,4300.0,2020.0,4,4,4,4
2203,5,41.12,0.9996,43.7752,4.638,1.25,1.01,80.0,90.0,2500.0,,3,3,5,0
273,5,84.4,0.9327,51.2148,9.6111,0.85,0.15,60.0,82.0,0.6,,2,0,5,0
263,5,66.88,0.6538,50.666,12.3472,0.47,0.24,73.0,52.9,0.6,,0,0,3,0
1186,5,88.28,0.557,51.8208,6.1602,2.92,1.6,85.0,58.0,2300.0,,1,0,1,0
5998,5,122.52,0.8438,50.9844,20.5694,0.1,0.05,19.0,25.0,200.0,,0,0,0,0
5980,5,7.57,0.9263,49.159,-1.4377,0.54,1.1,120.0,97.0,2000.0,2021.0,5,5,5,5
5981,5,23.32,0.8001,44.6766,4.9157,0.5,0.54,66.5,70.0,2300.0,2021.0,5,5,5,5
5971,5,139.81,0.9991,47.5959,5.1415,0.99,0.79,175.0,131.0,2500.0,,5,5,5,0
5956,5,147.76,0.9098,56.8365,-2.3102,1.89,1.33,30.0,30.0,0.2,,3,3,3,0
5959,5,10.11,1.0,47.6248,-1.231,0.49,1.84,130.0,92.0,2350.0,2020.0,5,0,5,5
5942,5,161.6,0.999,51.7282,4.396,0.69,1.27,135.0,127.0,4200.0,2021.0,5,5,5,5
5945,5,17.5,0.9996,52.6893,5.1096,0.76,1.46,38.7,51.0,2350.0,,0,0,5,0
2250,5,13.02,0.9051,55.5386,8.893,1.9,2.25,45.0,43.0,600.0,,0,0,0,0
4433,5,177.76,0.9097,54.1403,21.0907,0.81,1.4,,,2000.0,,0,0,5,0
4434,5,171.28,0.9976,48.7177,10.319,0.4,1.71,139.0,120.0,2750.0,2015.0,0,0,2,2
4435,5,153.32,0.9903,50.1992,5.9354,0.72,0.91,100.0,100.0,2300.0,,0,0,0,0
1115,5,85.34,0.9327,47.8393,10.4654,0.68,0.14,65.0,40.3,0.5,2000.0,0,0,1,3
2073,5,57.41,0.9817,55.5713,10.3433,2.4,1.02,50.0,48.0,0.8,1999.0,5,5,5,5
2077,5,6.5,0.9999,61.7677,17.327,0.33,1.43,80.0,90.0,2000.0,2009.0,5,5,5,5
2086,5,29.07,0.8732,43.409,4.8707,0.65,0.77,80.0,80.0,2500.0,2006.0,4,4,5,4
4395,5,29.97,0.8768,51.6963,9.3161,1.1,1.09,120.0,120.0,2500.0,,0,0,0,0
5716,5,168.76,0.8725,62.3826,12.8756,0.9,0.8,98.0,82.0,2000.0,2010.0,5,5,5,5
5698,5,167.01,0.9799,55.682,-3.5042,1.04,2.23,90.0,114.0,3200.0,,0,0,0,0
2253,5,9.27,0.9155,50.7088,9.0745,0.46,0.82,85.0,70.5,1500.0,,0,0,5,0
5674,5,100.73,0.6113,53.7962,11.2756,0.78,0.34,113.5,71.0,2300.0,,0,0,0,0
5683,5,123.99,0.9974,52.9561,8.9125,1.31,0.53,117.0,94.0,3300.0,2019.0,5,0,5,5
2247,5,3.12,1.0,56.405,9.7152,0.08,0.77,49.0,52.0,900.0,,0,0,0,0
2249,5,47.15,0.8181,53.1936,5.763,1.22,0.77,42.5,44.0,900.0,,0,3,3,0
1487,5,131.66,1.0,56.2569,9.9806,0.74,0.36,45.0,48.0,750.0,,0,0,0,0
233,5,157.89,0.9964,52.6319,8.588,0.61,0.84,108.0,82.0,2.3,2011.0,5,5,5,5
5913,5,19.38,0.9947,65.0888,18.6104,0.78,0.99,80.0,90.0,2000.0,2007.0,5,5,5,5
5893,5,28.78,0.8944,53.4347,9.3864,0.79,0.75,166.0,60.0,5600.0,,4,0,5,0
5898,5,15.87,0.9983,56.0417,-2.7754,1.2,2.36,39.5,52.0,850.0,,0,0,0,0
5900,5,51.35,0.9559,54.2892,-6.4314,4.09,1.68,19.0,25.0,150.0,,0,0,0,0
5901,5,102.03,0.9213,41.5734,-6.003,0.97,0.25,68.3,90.0,2000.0,,0,0,0,0
585,5,130.96,0.8339,53.4932,7.4457,4.15,2.24,135.0,58.0,6000.0,,3,0,4,0
6036,5,34.56,0.9973,58.437,-6.3958,1.55,1.17,36.4,48.0,900.0,,0,0,0,0
6022,5,152.45,1.0,56.0741,14.1709,0.99,1.06,80.0,90.0,2000.0,2009.0,5,5,5,5
2092,5,151.27,0.8464,56.8898,9.762,1.58,1.27,50.0,43.0,600.0,,0,0,0,0
2107,5,123.29,0.87,51.6241,6.5539,1.65,0.89,131.0,82.0,2300.0,2023.0,1,0,3,1
2114,5,58.59,0.9795,51.1782,12.2353,1.18,0.41,80.0,90.0,2.3,2009.0,3,3,5,5
4147,5,66.67,0.8933,52.5515,20.7146,2.57,0.9,100.0,90.0,2000.0,,0,0,0,0
4126,5,2.07,0.8959,51.2346,9.7079,0.54,1.13,149.0,115.7,3000.0,,5,5,5,0
4130,5,130.65,0.962,48.2906,7.9893,2.75,1.4,160.0,138.0,3000.0,2024.0,1,1,5,1
5581,5,28.34,0.8395,48.741,0.3724,0.67,0.58,95.0,100.0,2000.0,,0,0,5,0
5583,5,163.1,0.81,48.6666,-0.1989,0.45,0.56,98.0,82.0,2050.0,2018.0,5,5,5,5
1105,5,169.09,0.9963,51.7715,6.2574,1.19,3.19,41.0,54.0,2850.0,,0,0,2,0
4100,5,6.16,0.9363,62.7481,17.8802,0.67,1.16,80.0,90.0,2500.0,2008.0,5,5,0,5
4074,5,166.18,0.822,50.0425,12.135,0.77,0.94,141.0,117.0,2400.0,,0,0,0,0
645,5,77.09,1.0,53.6425,9.4505,1.1,0.15,70.0,60.0,1000.0,,0,0,0,0
648,5,114.16,0.6974,54.3579,12.767,0.44,0.2,27.3,36.0,450.0,,0,0,0,0
6057,5,68.61,0.7782,53.2843,14.3822,1.17,0.49,175.0,172.0,3600.0,2021.0,2,2,5,3
5652,5,169.6,0.9964,47.6767,-1.5012,0.44,1.56,145.0,92.5,2000.0,2020.0,5,0,5,5
2211,5,20.87,0.7576,50.5227,2.0057,0.44,0.4,85.0,71.0,2000.0,2008.0,5,5,5,5
5641,5,165.35,0.7312,48.1704,5.1872,0.9,1.01,101.0,131.0,3600.0,2019.0,5,5,5,5
5647,5,132.26,0.9778,52.7029,8.2447,1.02,0.56,132.5,115.7,3000.0,,4,0,5,0
5600,5,136.85,0.9767,59.1715,-2.8068,2.69,1.44,60.7,80.0,2000.0,,0,0,0,0
5601,5,142.17,0.9049,52.9553,11.6183,0.9,0.62,99.5,100.0,2200.0,,0,0,5,0
5604,5,155.09,0.7397,56.352,-3.0502,1.65,1.32,22.6,29.8,225.0,,0,0,0,0
5597,5,177.44,0.6852,49.7033,7.4129,0.59,0.51,149.0,101.0,3.0,2006.0,5,5,5,3
5947,5,3.09,0.8843,51.4271,4.1408,0.28,0.47,55.0,47.0,660.0,,0,0,0,0
5949,5,167.71,0.9998,51.9089,1.1595,0.31,0.89,59.0,92.5,2050.0,,0,0,0,0
5931,5,10.92,0.8514,50.4655,5.3659,0.62,0.91,94.0,114.0,3450.0,,5,0,5,0
5932,5,160.28,0.9021,50.4956,5.2659,0.65,0.9,86.5,114.0,3200.0,,0,0,5,0
5933,5,111.07,0.9436,49.8727,5.7045,2.39,0.77,100.0,112.0,2000.0,2021.0,1,0,5,1
1496,5,1.69,0.9641,53.2261,7.3747,0.31,1.07,99.0,101.0,3050.0,,0,0,5,0
1510,5,17.77,0.9266,54.9556,12.2923,1.02,1.61,42.0,42.0,600.0,,0,0,0,0
4410,5,84.61,0.9941,48.2081,3.5444,1.61,0.13,100.0,100.0,2000.0,2014.0,5,5,5,5
2048,5,16.78,0.6713,55.2979,10.5553,2.31,1.51,50.0,50.0,0.8,2002.0,2,2,2,2
4107,5,55.08,0.848,50.1483,12.0393,0.97,0.39,140.0,112.5,2500.0,,5,0,5,0
4108,5,64.84,0.68,50.0835,10.0753,1.19,0.63,139.0,120.0,2500.0,,5,0,5,0
4116,5,116.9,0.6296,50.957,21.0244,1.08,0.67,,,2000.0,,0,0,5,0
1437,5,75.13,0.7725,50.9155,9.4138,0.86,0.31,32.6,43.0,600.0,,0,0,5,0
2258,5,7.85,0.9878,55.4861,10.6401,0.6,1.42,40.0,44.0,0.6,1998.0,5,5,5,5
2260,5,128.18,0.9386,56.4582,8.7747,0.99,0.53,30.0,27.0,225.0,,0,0,0,0
2261,5,40.24,0.7004,55.5074,10.2356,0.46,0.21,50.0,43.0,0.6,1997.0,5,5,5,5
2985,5,10.93,0.7275,53.4991,13.5701,0.46,0.4,32.6,43.0,600.0,,0,0,0,0
6087,5,60.71,1.0,56.7194,16.6907,1.58,0.49,105.0,90.0,2000.0,2013.0,5,5,5,5
192,5,172.3,0.7676,53.3553,10.0399,0.64,0.69,65.0,70.0,1500.0,,0,0,5,0
1548,5,102.4,0.9865,54.1094,11.6944,0.78,0.09,27.3,36.0,450.0,,0,0,0,0
6068,5,24.99,0.7359,51.6263,6.141,0.58,0.44,98.0,92.0,2350.0,2017.0,5,5,5,5
6074,5,176.29,0.9888,62.7712,17.754,0.56,2.09,92.0,113.0,2500.0,2016.0,5,5,0,5
6079,5,155.22,0.9945,47.5686,5.0929,0.73,1.13,175.0,131.0,2500.0,,5,5,5,0
1537,5,29.1,0.6665,56.3493,8.5471,0.44,0.29,50.0,48.0,3450.0,,5,5,0,0
5565,5,125.86,1.0,47.6511,-1.1358,1.11,0.54,80.7,82.0,2300.0,2018.0,5,5,5,5
5543,5,173.55,0.8999,46.2325,0.5178,0.4,0.83,100.0,92.5,2050.0,2018.0,5,5,5,5
5550,5,162.06,0.8293,50.0723,3.6099,0.83,1.06,100.0,100.0,2000.0,2019.0,5,5,5,5
1422,5,95.6,0.9487,52.1621,10.1785,2.86,0.48,50.0,40.0,600.0,,0,0,0,0
1430,5,163.77,0.9969,50.1362,2.2642,0.38,0.82,70.0,80.0,1670.0,2007.0,5,5,5,5
4058,5,172.73,0.9419,53.1481,-1.0146,0.52,1.15,59.0,82.0,2050.0,,0,0,0,0
4064,5,116.63,0.9902,52.2151,18.8629,3.03,0.97,105.0,90.0,2000.0,,0,0,0,0
3013,5,172.34,0.8358,53.1863,8.8901,0.56,0.73,71.0,58.0,850.0,,0,0,0,0
4132,5,178.18,0.7297,49.6555,9.5511,0.92,1.0,141.0,117.0,2400.0,,5,0,5,0
2961,5,7.6,0.9989,52.247,11.4787,0.38,1.99,78.0,40.0,600.0,,0,0,0,0
1109,5,53.33,0.893,51.9971,8.2859,3.1,1.66,111.5,77.0,1500.0,,0,0,0,0
2808,5,29.2,0.6269,49.6496,-1.3797,1.0,0.73,40.0,47.0,0.7,,5,0,5,0
4438,5,3.02,1.0,51.8931,5.8389,0.1,1.23,100.0,100.0,2.5,,2,0,4,0
4441,5,28.83,0.9313,47.7134,7.9342,1.34,1.54,149.0,115.7,3000.0,2016.0,5,5,5,5
4442,5,177.68,0.933,49.4551,8.8429,0.54,1.25,135.0,115.0,3000.0,,5,5,0,0
5564,5,165.21,1.0,47.8209,-1.1731,0.48,1.23,100.8,82.0,2300.0,2019.0,5,5,5,5
4056,5,174.8,0.8299,49.2758,10.8416,0.59,0.88,141.0,117.0,2400.0,,0,0,0,0
4057,5,166.37,0.9996,52.3574,8.4668,0.83,2.14,150.0,43.0,3.0,,5,0,5,0
6152,5,9.96,0.8519,50.7401,5.5218,0.61,0.81,143.0,117.0,3450.0,,0,0,0,0
6155,5,169.48,0.8789,42.7967,-7.2597,0.77,1.26,68.3,90.0,2000.0,,0,0,0,0
6158,5,145.62,0.7449,49.4873,12.2909,1.03,0.7,141.0,117.0,2400.0,,0,0,0,0
6160,5,22.61,0.7634,49.8614,5.5118,1.58,1.55,85.0,112.0,2200.0,,0,0,5,0
3029,5,114.47,0.6063,49.5255,5.197,1.35,0.68,80.0,90.0,2000.0,2008.0,5,5,5,5
3019,5,28.02,0.931,49.0783,7.1925,1.0,1.12,80.0,92.0,2000.0,,5,5,5,0
6121,5,167.86,0.9271,57.3111,-2.2068,2.86,4.01,36.4,48.0,800.0,,0,0,0,0
6105,5,178.76,0.9928,45.2827,5.072,0.14,1.12,100.0,100.0,2000.0,2017.0,5,5,5,5
6113,5,60.03,0.7494,48.4241,-3.1238,0.9,0.45,100.0,100.0,2200.0,2020.0,5,5,5,5
205,5,175.49,0.8669,53.3529,10.4892,0.4,0.79,85.0,77.0,1500.0,,0,0,5,0
6098,5,161.56,0.9269,49.2689,5.8904,0.84,1.15,80.0,82.0,2050.0,2008.0,5,5,5,5
4066,5,129.47,0.9737,58.0974,-6.4748,2.05,0.88,8.0,60.0,1300.0,,5,0,0,0
630,5,16.62,0.9757,52.0426,9.2072,1.45,2.92,85.0,70.0,1500.0,,0,0,0,0
3015,5,4.16,0.9964,48.2266,-3.0418,0.1,0.76,49.0,52.0,850.0,2005.0,5,5,5,5
2825,5,75.04,0.8926,51.8867,11.597,2.45,0.84,95.0,80.0,2000.0,,0,0,0,0
524,5,18.4,0.9066,51.6228,7.8142,0.85,1.28,131.0,138.5,3500.0,2022.0,4,2,5,4
535,5,9.75,0.7945,49.8519,8.2726,0.41,0.64,76.0,48.0,0.8,2010.0,5,5,5,2
2773,5,9.58,0.9654,50.3001,7.2607,0.82,2.03,100.0,92.0,2.0,2012.0,5,5,5,5
1087,5,6.23,0.9603,51.5363,10.696,0.23,0.73,44.0,58.0,1000.0,,0,0,0,0
4010,5,70.65,0.7494,47.4121,-1.284,1.11,0.47,82.0,90.0,2000.0,2014.0,5,5,5,5
3042,5,133.84,0.9998,48.1641,-2.6665,1.01,0.65,78.0,90.0,2000.0,2010.0,5,5,5,5
6134,5,7.14,0.9507,54.0407,15.9206,0.9,1.76,100.0,100.0,2500.0,,0,0,0,0
4512,5,94.78,1.0,51.3319,5.1366,1.91,0.1,100.0,100.0,2.0,,0,0,5,0
4518,5,177.8,0.8132,57.0367,18.1466,0.72,0.7,41.0,47.0,600.0,1998.0,5,5,5,5
4521,5,170.63,0.6788,51.553,18.6998,0.72,0.69,100.0,90.0,2000.0,,0,0,0,0
4502,5,172.38,1.0,54.8744,9.0553,0.34,1.47,80.0,90.0,3.0,2010.0,5,5,5,5
1178,5,154.01,0.8584,54.1285,11.9766,0.74,0.75,91.0,117.0,2400.0,,0,0,0,0
4486,5,171.18,0.8359,49.4044,7.285,1.07,1.39,137.0,126.0,3.3,2017.0,5,5,5,5
4491,5,2.71,0.9883,52.7512,18.9481,0.05,0.27,67.6,89.0,2050.0,,0,0,0,0
2824,5,1.57,0.9509,49.2949,-1.6249,0.29,0.84,64.5,71.0,2300.0,,5,0,5,0
2019,5,113.74,0.7971,53.078,9.7805,0.69,0.26,65.0,70.0,1800.0,,0,0,0,0
2027,5,43.25,0.9475,55.109,10.6903,1.42,1.0,49.0,52.0,0.9,2002.0,5,5,5,5
1999,5,33.59,0.7184,58.3763,14.9866,0.9,0.57,73.0,52.0,800.0,2002.0,5,5,5,5
2000,5,42.61,1.0,56.5164,10.1341,0.51,0.31,46.0,48.0,0.6,1997.0,5,5,5,5
2012,5,74.45,0.9427,49.2704,6.6609,1.96,0.54,100.0,82.0,2000.0,,0,0,5,0
2016,5,7.35,0.9637,49.5434,7.1594,0.28,0.79,100.0,77.0,1.5,2009.0,5,5,5,5
6175,5,167.07,0.9952,48.0247,5.2693,1.06,2.64,95.0,110.0,2200.0,2020.0,5,5,5,5
6176,5,15.25,0.8462,49.3043,1.5742,0.5,0.84,80.0,92.0,2050.0,2020.0,5,5,5,5
1388,5,83.52,0.8503,53.891,10.4606,0.99,0.24,64.0,72.0,1.5,2001.0,0,0,5,5
1389,5,43.25,0.7238,52.2924,10.0803,1.42,0.73,90.0,62.0,2300.0,,0,0,1,0
4579,5,108.87,0.8068,51.1069,19.8528,3.98,1.73,100.0,90.0,2000.0,2014.0,0,0,2,2
682,5,43.5,0.833,50.5117,6.509,1.47,0.96,80.0,90.0,2000.0,,0,0,0,0
3909,5,73.19,0.6505,49.5128,5.5465,1.42,0.73,95.0,100.0,2000.0,2014.0,5,5,5,5
6227,5,154.22,1.0,46.9923,-1.7004,1.02,1.44,79.0,92.5,2000.0,2010.0,0,0,5,5
6228,5,11.99,0.9924,47.1873,-2.1008,0.56,1.71,80.0,92.0,2050.0,2010.0,5,5,5,5
6197,5,39.66,0.738,50.4917,18.6211,1.47,1.07,190.0,,,,5,0,0,0
303,5,94.65,0.9397,51.239,7.3898,3.01,0.49,78.0,80.0,2000.0,,0,0,4,0
307,5,157.62,0.9882,51.0287,7.9396,1.19,1.43,117.0,71.5,1500.0,2004.0,1,2,5,4
311,5,13.02,0.9958,50.7538,13.0391,1.07,3.08,140.0,44.0,0.6,2009.0,1,0,4,1
2254,5,35.88,0.863,49.2405,10.368,3.3,2.56,141.0,117.0,2400.0,,0,0,0,0
302,5,156.53,0.97,52.7388,8.0568,0.93,1.07,39.5,52.0,0.8,,0,0,3,0
5532,5,19.66,0.9967,53.5922,9.2109,1.07,1.7,137.0,126.0,3600.0,,4,0,5,0
283,5,165.52,0.779,48.5713,9.9385,0.44,0.55,76.0,47.0,0.7,,5,0,5,0
1382,5,30.11,1.0,52.6872,5.281,0.58,0.6,50.0,48.0,0.8,,5,5,5,0
3986,5,4.27,0.9757,51.5021,-0.3988,0.05,0.15,15.2,20.0,100.0,,0,0,0,0
3972,5,7.77,0.954,48.7152,5.5817,0.61,1.56,80.0,92.5,2000.0,,0,0,5,0
3975,5,179.01,0.9984,57.5891,-4.4599,0.24,3.72,21.3,28.0,0.2,2014.0,0,0,1,1
2978,5,159.3,0.8706,52.6126,13.5386,0.85,0.92,164.0,163.0,6800.0,2024.0,3,3,5,5
506,5,148.65,0.9954,51.0312,6.5858,1.17,1.21,140.0,47.0,2300.0,,1,0,5,0
516,5,10.43,0.8742,51.3925,6.3709,0.56,0.86,78.0,77.0,1500.0,2005.0,5,5,5,5
4532,5,148.33,0.9839,50.176,10.3096,0.96,0.98,141.0,117.0,2400.0,2014.0,0,0,5,5
4533,5,20.7,0.8761,56.6472,-6.5713,1.55,1.33,30.4,40.0,500.0,,0,0,0,0
1584,5,147.08,0.8001,54.9,9.508,2.68,2.32,45.0,47.0,660.0,,0,0,0,0
3951,5,74.36,0.607,54.1145,15.3382,0.97,0.39,68.3,90.0,850.0,,0,0,5,0
3955,5,99.43,0.5892,42.0338,-1.3148,0.73,0.47,68.3,90.0,2000.0,,0,0,5,0
3956,5,177.48,0.982,52.3094,17.3075,0.82,3.44,75.9,100.0,2500.0,,0,0,0,0
3923,5,176.15,0.8562,51.2985,9.3128,0.69,1.07,76.0,48.0,800.0,,0,0,0,0
3916,5,171.78,0.9745,51.0898,9.8577,0.55,1.68,141.0,117.0,2400.0,,0,0,5,0
3054,5,178.1,1.0,47.738,-1.5602,0.08,1.59,102.0,92.5,2000.0,2012.0,5,5,5,5
3874,5,127.93,0.9805,52.0978,7.3599,3.15,1.62,149.0,115.7,3000.0,,0,0,0,0
4628,5,7.13,0.977,49.1247,8.2394,0.63,1.86,149.0,115.0,3.0,2017.0,5,5,5,5
665,5,2.0,0.9393,52.5024,7.1052,0.29,0.79,80.0,70.5,1500.0,,0,0,0,0
3081,5,148.37,0.9961,50.8283,1.8476,0.7,0.7,59.0,71.0,2000.0,,0,0,5,0
3067,5,94.52,0.9655,52.5621,8.7166,3.68,0.43,100.0,80.0,2.0,2003.0,5,5,5,5
3070,5,159.61,0.996,46.7117,-0.358,0.77,1.44,78.0,92.0,2000.0,2008.0,5,5,5,5
3072,5,131.23,0.997,49.3166,0.5645,1.18,0.68,85.0,70.0,2000.0,2011.0,5,5,5,5
3075,5,167.1,1.0,49.9534,1.4985,0.52,1.45,85.0,70.0,2300.0,2011.0,5,5,5,5
6249,5,29.97,1.0,56.7477,16.5828,1.18,1.12,78.0,82.0,2000.0,2002.0,5,5,5,5
1228,5,38.34,0.6908,52.3461,9.2197,0.6,0.39,68.0,62.0,1300.0,,0,0,5,0
2273,5,169.08,0.9263,49.6979,9.8867,0.54,0.99,105.0,90.0,2000.0,,0,0,0,0
5523,5,143.87,0.8661,53.1005,7.9188,0.98,0.72,30.4,40.0,3000.0,,0,0,5,0
5506,5,153.66,0.9654,50.3616,5.0513,1.09,1.26,98.0,104.0,3400.0,2022.0,0,0,0,1
5522,5,9.63,0.8956,54.7088,9.9157,0.37,0.51,50.0,43.0,2350.0,,0,0,5,0
5489,5,146.74,0.8951,28.6749,-13.8929,0.9,1.4,39.5,52.0,2350.0,,0,0,5,0
5495,5,45.38,0.9359,50.6861,3.2933,1.94,1.41,75.9,100.0,2200.0,,0,0,2,0
4614,5,107.04,0.9748,49.6379,8.9506,1.55,0.34,93.0,114.0,2400.0,,0,0,5,0
6179,5,3.92,0.9521,48.6874,5.2513,0.45,1.54,80.0,90.0,3000.0,,0,0,5,0
6167,5,8.54,0.9961,46.0819,1.1763,0.5,2.27,114.0,131.0,3000.0,2021.0,5,5,5,5
4562,5,40.37,0.7517,49.6493,8.8551,1.13,0.77,134.0,131.0,3.3,2018.0,5,2,2,5
4565,5,100.62,0.8104,47.7783,3.9598,1.47,0.55,90.0,97.0,2400.0,2021.0,0,0,5,5
4572,5,91.55,0.819,54.0186,18.7183,1.6,0.51,100.0,90.0,2000.0,,0,0,0,0
4544,5,98.11,0.8261,56.6884,9.5224,2.25,0.56,80.0,90.0,3000.0,,0,0,0,0
1214,5,175.83,0.6592,51.3186,8.3706,0.61,0.59,100.0,77.0,1500.0,,0,0,0,0
1219,5,150.37,0.9412,55.6586,-5.757,0.69,0.66,30.0,27.0,225.0,,0,0,0,0
2330,5,168.25,0.9781,46.4093,-0.0304,0.49,1.31,100.0,90.0,2000.0,2012.0,5,5,5,5
696,5,167.95,0.9161,50.8647,10.0146,0.59,0.82,164.0,77.0,1500.0,2002.0,3,5,5,5
3815,5,17.27,0.9895,54.4902,16.9472,1.05,2.12,80.0,80.0,2000.0,,0,0,0,0
3820,5,96.14,1.0,53.5506,9.941,2.5,0.16,140.0,100.0,0.0,,0,0,5,0
689,5,139.8,0.9405,51.3223,11.6276,1.65,1.33,65.0,40.3,500.0,,0,0,0,0
3781,5,156.56,0.9352,61.2082,13.8521,0.95,0.86,80.0,90.0,2000.0,2011.0,5,5,5,5
3782,5,173.86,0.9472,48.3355,11.1778,0.58,1.72,141.0,117.0,2.4,2014.0,5,5,5,5
6337,5,26.59,0.7312,51.2784,18.0427,1.04,0.96,64.5,85.0,2000.0,,0,0,0,0
2765,5,146.76,0.9197,49.3443,9.6953,0.77,0.61,100.0,92.5,1500.0,,0,0,5,0
2732,5,110.53,1.0,56.2914,16.4154,0.81,0.17,31.0,27.0,220.0,1995.0,5,5,5,5
2733,5,174.33,0.8803,57.2306,17.0766,0.27,0.48,45.0,44.0,600.0,1998.0,5,5,5,5
5484,5,107.46,0.9999,47.2561,-0.6218,1.72,0.36,91.0,117.0,2400.0,2020.0,5,5,5,5
5459,5,148.18,0.9626,55.5989,-4.635,2.01,2.05,75.1,99.0,2500.0,,0,0,0,0
5460,5,148.31,0.9996,49.6281,1.2425,0.69,0.72,80.0,90.0,2000.0,2018.0,5,5,5,5
5473,5,108.08,0.9409,28.2458,-14.1403,1.17,0.41,23.1,30.4,330.0,,0,0,0,0
5446,5,174.04,0.9985,49.1139,3.1845,0.53,3.03,100.4,82.0,2000.0,2016.0,5,5,5,5
6311,5,11.94,0.9383,50.3951,7.9292,0.34,0.67,74.0,52.0,0.9,2001.0,5,5,5,5
149,5,2.56,0.7042,52.2495,9.2874,2.52,2.46,69.0,62.0,1300.0,,0,0,4,0
150,5,3.19,0.863,52.077,9.6985,0.26,0.37,40.0,27.0,0.2,,0,0,3,0
666,5,18.42,0.6884,48.9619,11.201,0.57,0.5,108.6,82.0,1.5,,5,0,5,0
670,5,176.39,0.9123,51.1576,13.9243,0.37,0.74,85.0,44.0,0.6,,2,5,5,0
655,5,20.33,0.9535,48.5287,-2.5019,0.79,1.17,80.0,90.0,2000.0,2009.0,5,5,5,5
4602,5,86.02,0.9998,58.4967,14.9631,2.73,0.09,55.0,47.0,660.0,1999.0,5,5,5,5
4605,5,119.67,0.9933,55.1309,-1.4019,3.86,1.24,110.0,164.0,8300.0,2017.0,0,0,5,5
3864,5,169.22,0.9868,46.4126,-0.0811,0.49,1.59,100.0,100.0,2000.0,2012.0,5,5,5,5
3823,5,138.15,1.0,12.1703,-68.8512,0.95,1.03,,,3.0,,0,0,5,0
3844,5,81.63,0.6893,40.8142,-1.6389,1.13,0.63,80.0,90.0,1800.0,,5,5,0,0
3851,5,6.26,0.9859,51.5936,17.6459,0.86,2.84,44.0,58.0,1000.0,,0,0,0,0
1933,5,138.53,0.9071,55.1441,11.9584,3.35,1.96,91.5,117.0,3.3,2015.0,3,3,3,3
1936,5,149.0,1.0,54.8082,11.9327,0.6,0.58,45.0,48.0,750.0,,0,0,0,0
155,5,62.0,0.9482,52.3306,8.6265,1.87,0.64,35.7,47.0,0.8,,0,0,3,0
166,5,175.96,0.9785,51.2585,8.9898,0.54,1.63,135.0,82.0,2000.0,2021.0,5,0,5,2
1916,5,52.04,0.9984,44.0815,2.6853,0.96,0.55,90.0,70.0,2300.0,2008.0,5,5,5,5
6390,5,158.28,0.9515,52.393,16.3375,2.02,2.31,91.0,117.0,2400.0,,0,0,0,0
6377,5,154.31,0.9971,67.1588,22.0119,1.55,1.31,121.0,126.0,3600.0,2018.0,5,5,5,5
6385,5,173.38,0.6584,56.3795,15.7567,0.95,0.72,100.0,100.0,2500.0,2010.0,5,5,5,5
6347,5,93.44,0.848,50.4769,2.165,1.74,0.58,108.0,82.0,2300.0,2022.0,5,5,5,5
6349,5,17.27,0.7371,49.61,4.5595,0.72,0.61,91.5,117.0,3000.0,2021.0,5,5,5,5
711,5,155.01,0.9813,51.0188,8.1295,0.71,1.08,138.0,82.0,2.0,2007.0,5,5,5,5
719,5,33.03,0.8725,49.5305,9.474,1.05,0.94,70.0,54.0,1000.0,,0,0,0,0
5396,5,9.35,0.9116,50.7023,3.3963,1.01,1.59,150.0,100.0,2000.0,,4,0,4,0
4714,5,137.56,0.6669,50.8717,8.8932,1.29,0.93,149.0,115.0,3000.0,,5,5,5,0
1595,5,50.47,0.7609,55.2289,10.675,3.35,1.58,50.0,48.0,0.8,1999.0,3,3,3,3
3765,5,72.18,0.9704,52.3547,7.2151,2.14,0.4,123.0,114.0,3200.0,,0,0,0,0
3768,5,176.03,0.9337,62.5097,14.6425,0.97,1.48,98.0,82.0,2000.0,2011.0,5,5,0,5
1041,5,147.09,0.5497,50.9573,12.8533,0.64,0.37,166.6,160.0,5560.0,2024.5,2,2,3,2
3752,5,83.75,0.8066,53.1068,-1.0697,4.63,1.36,41.0,54.0,500.0,,0,0,0,0
3110,5,129.25,0.8405,53.1807,7.862,0.76,0.44,68.0,62.0,1300.0,,0,0,1,0
3051,5,176.53,1.0,46.8408,-1.7006,0.21,2.31,85.0,70.0,2300.0,2012.0,5,5,5,5
3053,5,135.42,0.8036,49.4297,-1.6221,0.77,0.54,85.0,71.0,2.0,,5,0,5,0
4678,5,178.63,0.8053,49.0406,7.0965,0.7,0.94,97.0,110.0,2000.0,2017.0,5,5,5,5
2691,5,52.13,0.9969,57.8182,-6.8588,3.33,1.34,25.0,33.0,500.0,,0,0,0,0
4644,5,164.97,0.8174,50.2987,-4.8892,2.38,3.0,110.0,90.0,2.0,,2,0,2,0
4641,5,27.19,0.7153,46.7984,-0.2377,0.87,0.81,93.0,117.0,3300.0,2016.0,5,5,5,5
2320,5,152.9,0.7683,60.7954,15.3978,1.57,1.06,95.0,90.0,1800.0,2008.0,5,5,5,5
5439,5,103.07,0.6923,48.2389,1.7704,1.29,0.59,91.0,117.0,3600.0,2018.0,5,5,5,5
6339,5,160.71,0.9991,46.2481,0.6183,0.6,1.21,97.5,132.0,3000.0,2022.0,5,5,5,5
6342,5,150.66,0.9992,47.4643,4.053,1.0,1.16,95.0,110.0,2200.0,2022.0,5,5,5,5
6327,5,167.28,0.6978,46.1445,-0.6211,0.88,0.95,114.0,131.0,3000.0,2023.0,5,5,5,5
6334,5,109.35,0.6088,46.083,-0.4594,0.95,0.48,80.0,114.0,2100.0,,5,5,5,0
1964,5,77.62,1.0,55.6562,8.3643,0.63,0.08,30.0,24.0,0.2,1992.0,5,5,5,5
1976,5,16.68,0.8601,53.3549,9.2551,0.5,0.49,65.0,70.0,1800.0,,0,0,0,0
1941,5,166.63,0.9825,55.096,10.41,0.58,1.04,72.0,44.0,0.6,,5,0,5,0
3048,5,59.98,0.5503,48.1313,-2.3137,0.79,0.45,90.0,78.0,2000.0,2009.0,5,5,5,5
1049,5,171.41,0.8205,51.9731,10.0519,0.47,0.55,65.0,70.0,1800.0,,0,0,0,0
3126,5,55.14,0.8591,49.5921,9.6081,2.82,1.54,70.0,58.0,1000.0,,0,0,0,0
3701,5,126.88,0.9497,54.0692,11.8421,1.12,0.53,87.0,114.0,4800.0,,3,0,3,0
726,5,126.4,0.9985,50.8095,6.5344,0.99,0.47,80.0,82.0,2050.0,,0,0,0,0
732,5,100.03,0.9961,50.6761,9.3574,2.97,0.44,70.0,48.0,600.0,,0,0,5,0
3691,5,155.18,0.9998,39.7511,-3.9062,1.03,1.71,100.0,90.0,2000.0,,5,5,5,0
1875,5,139.16,0.9993,49.4188,-1.711,0.48,0.37,67.0,70.5,1.5,2004.0,5,5,5,5
6527,5,77.39,0.867,56.1362,14.224,1.54,0.37,80.0,92.0,2050.0,2012.0,5,5,5,5
5386,5,130.94,0.6339,50.022,2.134,1.1,0.62,105.0,90.0,2000.0,2018.0,5,5,5,5
5388,5,83.69,0.9301,54.5087,17.2317,1.9,0.31,49.3,65.0,2750.0,,0,0,5,0
5377,5,32.24,0.9002,52.1465,17.9466,2.22,2.43,62.2,82.0,2000.0,,0,0,0,0
5347,5,165.07,0.9092,57.6,-2.8398,0.52,0.6,50.0,48.0,800.0,,0,0,0,0
2390,5,31.08,0.9764,52.9438,4.7857,0.58,0.51,35.7,47.0,0.7,,0,0,3,0
2403,5,133.72,0.9842,56.8514,9.3304,2.47,1.34,54.0,52.0,900.0,,0,0,0,0
2677,5,30.76,0.9431,52.0145,12.7666,2.14,2.31,56.2,74.0,1500.0,,0,0,0,0
1043,5,9.14,0.943,55.3295,10.3767,0.75,1.56,45.0,48.0,750.0,,0,0,0,0
6429,5,157.57,0.9982,45.9537,0.4117,0.62,1.0,93.0,114.0,2100.0,2022.0,5,5,5,5
1620,5,133.09,1.0,56.3422,10.1731,0.67,0.35,45.0,43.0,600.0,,0,0,0,0
1593,5,103.42,0.6363,55.0346,8.8786,3.0,1.36,39.0,42.0,600.0,,0,0,0,0
4720,5,142.7,0.9881,49.5496,2.1048,2.39,1.82,87.0,82.0,2300.0,2015.0,5,5,5,5
4699,5,172.6,0.7381,53.4716,10.215,0.55,0.55,120.0,117.0,2400.0,,0,0,0,0
4683,5,154.25,0.9994,47.6147,-2.01,0.81,1.16,93.0,114.0,2000.0,2017.0,5,5,5,5
2716,5,178.67,0.8013,51.8129,1.1125,0.65,0.83,59.0,92.5,2050.0,,0,0,5,0
2718,5,119.28,0.8401,52.3185,7.5959,2.68,1.17,100.0,92.5,2150.0,,0,0,2,0
3145,5,157.11,0.9949,50.3468,6.2231,0.64,0.98,98.0,82.0,2000.0,,0,0,5,0
3149,5,16.23,0.9978,41.2018,-2.5456,0.43,1.14,66.0,87.0,2000.0,,0,5,0,0
6481,5,129.72,0.9778,46.1014,0.9854,2.96,1.56,125.0,114.0,2100.0,,5,5,5,0
6463,5,67.42,0.9999,47.5819,-0.9858,2.02,0.56,103.0,100.0,2200.0,2023.0,5,5,5,5
140,5,143.88,0.7643,52.6139,9.4048,0.79,0.48,40.0,29.0,1.3,,0,0,5,0
120,5,17.73,0.9361,52.8232,8.4056,0.48,0.74,80.0,62.0,1300.0,,4,4,4,0
122,5,170.87,0.9869,51.866,9.3032,0.62,1.95,164.0,27.0,4500.0,2025.0,3,0,3,3
6419,5,114.9,0.9801,54.4719,-5.4772,4.86,1.48,22.0,29.0,225.0,,0,0,0,0
3160,5,111.82,0.9873,57.83,18.7049,2.82,0.66,65.0,44.0,500.0,1997.0,5,5,5,5
6616,5,131.97,0.9922,47.9798,8.7069,1.7,1.05,166.0,150.0,4200.0,,5,5,5,0
6608,5,163.16,0.8661,54.1501,10.0994,0.68,0.83,150.0,70.0,5500.0,,5,0,5,0
6584,5,142.89,0.8761,48.3826,9.2353,0.98,0.81,123.0,150.0,4200.0,2025.0,5,5,5,5
6589,5,74.54,0.867,54.351,-6.0657,4.04,1.12,19.0,25.0,150.0,,0,0,0,0
6564,5,106.36,0.7645,54.0221,19.6973,2.69,1.18,,,2200.0,,0,0,5,0
6572,5,42.85,0.6588,50.7994,9.9406,1.09,0.66,164.0,149.1,4500.0,2023.0,5,5,5,5
6558,5,139.83,0.9927,48.652,1.3558,0.82,0.61,100.0,100.0,2200.0,2022.0,5,5,5,5
328,5,174.27,0.9225,53.9402,12.678,0.26,0.45,29.6,39.0,0.5,,0,0,5,0
340,5,9.45,0.8215,50.534,13.1904,0.23,0.28,30.0,31.0,0.2,,0,0,2,0
5339,5,97.15,0.9417,52.1223,9.4296,3.22,0.63,200.0,131.0,3300.0,2017.0,4,0,4,4
315,5,115.56,0.7131,50.9011,13.7955,0.5,0.25,63.0,44.0,0.6,,0,0,5,0
321,5,154.92,0.9989,51.4558,9.477,0.45,0.6,53.0,44.0,0.6,,0,0,5,0
1002,5,140.74,0.7079,49.7694,8.7005,1.64,1.1,100.0,92.5,600.0,,0,0,5,0
3154,5,0.15,0.7661,53.4988,13.057,0.48,0.53,60.0,52.9,800.0,,0,0,0,0
3157,5,73.53,0.657,50.0616,6.6196,1.01,0.44,100.0,80.0,2.0,1995.0,5,5,5,1
4731,5,105.0,1.0,55.3583,12.0988,1.59,0.24,91.5,117.0,3.4,2016.0,5,5,5,5
4733,5,149.0,0.9599,53.3234,20.4663,1.87,1.83,68.3,90.0,2000.0,,0,0,0,0
345,5,105.06,0.8016,53.7452,8.7856,2.03,0.76,41.1,54.2,1000.0,,0,0,5,0
352,5,22.97,0.9761,53.8963,11.8316,1.34,1.61,29.6,39.0,0.5,,0,0,4,0
2359,5,123.21,0.9996,51.5618,4.0419,1.31,0.52,78.0,82.0,2300.0,2010.0,5,5,5,5
2360,5,12.6,1.0,51.6097,4.0643,0.53,1.48,80.0,90.0,3000.0,,0,0,5,0
2362,5,148.4,0.9293,51.3694,3.6213,1.32,1.04,80.0,80.0,2000.0,,5,5,5,0
326,5,174.38,0.9294,52.5185,14.177,0.5,0.92,105.0,90.0,2000.0,2006.0,0,0,5,5
6531,5,168.84,0.9929,55.5341,14.1354,1.16,2.64,80.0,90.0,2000.0,2010.0,5,4,5,5
6514,5,175.64,0.7362,61.715,14.4174,1.34,1.2,102.0,155.0,6600.0,2023.0,5,5,5,5
6490,5,98.44,0.9957,58.1094,-6.8642,1.41,0.14,25.0,33.0,500.0,,0,0,0,0
6495,5,167.51,0.9807,62.7391,15.5474,1.41,2.4,109.0,142.0,2300.0,2020.0,5,5,0,5
487,5,127.46,0.9582,50.2843,8.2391,1.42,0.69,141.0,117.0,2.4,2016.0,5,5,5,3
2664,5,142.07,0.9898,53.3497,7.0215,1.45,1.15,90.0,126.0,6500.0,,1,0,2,0
2669,5,152.01,0.9997,48.1927,2.2203,0.71,0.89,80.0,80.0,2000.0,2007.0,5,5,5,5
4727,5,36.93,0.8994,49.5389,8.8357,0.89,0.9,149.0,115.7,3450.0,,5,0,5,0
772,5,165.2,0.9343,51.093,12.6991,0.3,0.5,65.0,40.3,0.5,1996.0,0,0,5,5
3583,5,26.55,0.7101,51.2433,9.5257,1.12,0.84,140.0,112.0,3075.0,,5,5,5,0
3586,5,15.64,0.7664,52.7621,18.3205,2.04,2.29,39.5,52.0,850.0,,0,0,0,0
3568,5,154.17,0.9337,48.2377,8.2504,0.92,1.0,138.0,54.0,2.0,,3,0,5,0
3572,5,146.34,0.9835,55.4857,13.6587,1.97,1.52,50.0,40.0,500.0,1998.0,5,5,5,5
6718,5,177.52,0.9764,54.3025,-7.3372,0.32,1.21,91.1,120.0,2500.0,,0,0,5,0
6680,5,173.47,0.8522,53.8897,9.8511,0.78,1.09,65.0,70.0,1800.0,,0,0,0,0
6678,5,34.82,0.962,51.735,-3.2209,1.72,1.39,30.4,40.0,500.0,,0,0,0,0
1294,5,129.6,0.9682,46.3602,-0.8846,1.23,0.73,80.0,92.5,2050.0,2010.0,5,5,5,5
5330,5,62.02,0.9716,50.1481,-5.4501,1.91,0.74,30.4,40.0,500.0,,0,0,0,0
5308,5,108.06,0.9992,58.295,-6.7901,1.77,0.31,33.4,44.0,900.0,,0,0,0,0
5312,5,87.61,0.78,48.7113,-0.0625,1.47,0.54,80.0,100.0,2000.0,2017.0,5,5,5,5
5284,5,16.13,1.0,51.8062,4.3151,0.76,1.63,135.0,127.0,4200.0,2019.0,5,5,5,5
5290,5,135.64,0.9377,45.1427,4.5214,0.71,0.48,85.0,71.0,2300.0,2017.0,5,5,5,5
5263,5,146.33,0.7919,49.5594,7.4253,0.98,0.7,108.0,82.0,2.0,2009.0,5,5,5,5
5268,5,83.6,0.8001,51.1085,17.6834,1.79,0.56,119.0,112.0,3000.0,,0,0,0,0
6635,5,44.35,0.9757,57.4619,-1.8431,2.03,1.08,36.4,48.0,800.0,,0,0,0,0
6639,5,10.19,0.8983,54.797,-5.0118,0.76,1.19,60.0,80.0,2000.0,,0,0,0,0
6640,5,124.15,0.989,59.5065,11.7389,2.2,0.77,125.0,150.0,4200.0,2022.0,5,5,5,5
3640,5,159.6,0.961,53.1794,14.1949,0.62,0.95,85.0,70.5,1500.0,2004.0,0,0,5,5
3668,5,163.57,0.9823,52.0051,16.4619,1.01,2.05,100.0,100.0,850.0,,0,0,3,0
998,5,30.96,1.0,43.3747,-3.0889,0.51,0.62,80.0,80.0,2000.0,,0,0,0,0
4773,5,23.59,0.9974,49.9037,2.1083,1.0,1.51,99.0,82.0,2300.0,2015.0,5,5,5,5
4740,5,151.23,0.9925,51.9184,10.0095,2.41,2.66,149.0,115.7,4500.0,2023.0,1,1,5,5
6539,5,2.83,0.9337,57.0477,12.4897,0.57,1.09,105.0,90.0,2000.0,2010.0,5,5,5,5
6549,5,5.56,0.7527,47.4253,-1.9228,0.43,0.56,111.0,82.0,2300.0,2022.0,5,5,5,5
3237,5,60.96,0.7554,55.0862,-1.9939,3.95,1.44,45.0,43.0,600.0,,0,0,0,0
1816,5,161.11,0.9889,56.3105,9.4659,1.16,1.67,33.4,44.0,600.0,,0,0,0,0
1821,5,112.26,0.9694,52.2478,13.5844,1.1,0.32,105.0,90.0,2000.0,2006.0,0,0,5,5
1826,5,2.36,0.9158,53.948,11.0219,0.41,0.9,58.4,77.0,1500.0,,0,0,0,0
6641,5,0.24,0.915,48.382,9.3514,0.76,1.33,169.0,162.0,6200.0,2026.0,5,5,5,5
6627,5,12.93,0.9383,48.0887,2.0811,0.5,1.26,93.0,117.0,3000.0,2023.0,5,5,5,5
1636,5,124.91,0.9444,53.796,11.2396,1.38,0.56,58.6,82.3,2000.0,,0,0,0,0
6757,5,167.29,0.9972,49.7927,3.8211,0.92,2.64,100.0,90.0,4227.0,,0,0,5,0
6758,5,100.41,0.9811,50.3084,2.0244,1.66,0.24,87.0,126.0,3450.0,2023.0,5,5,5,5
6749,5,169.09,0.8298,46.9114,-0.542,0.48,0.64,110.0,82.0,2300.0,2023.0,5,5,5,5
6740,5,139.28,0.9902,47.5815,4.7208,1.72,1.37,88.2,126.0,3000.0,2023.0,5,5,5,5
6741,5,127.06,0.7546,46.4724,2.2488,1.42,0.82,91.0,117.0,3000.0,2023.0,4,4,4,4
6743,5,144.6,0.9954,46.1504,0.5797,1.02,1.01,130.0,131.0,3000.0,2023.0,5,5,5,5
6732,5,124.28,0.9981,47.5904,0.3931,1.84,0.8,100.0,100.0,2200.0,2024.0,0,0,5,5
4868,5,142.33,0.9772,46.8356,-1.2254,0.87,0.73,86.0,103.0,2350.0,2017.0,5,5,5,5
3529,5,152.56,0.8516,54.4921,16.9989,0.85,0.88,49.3,65.0,1550.0,,0,0,0,0
87,5,25.71,0.9426,52.2162,10.4579,0.64,0.81,76.0,80.0,2.0,,1,1,1,0
88,5,165.48,0.9814,52.1988,11.678,0.77,1.4,98.0,70.0,2.0,2005.0,5,5,5,5
1660,5,89.73,0.8916,50.9232,10.2206,2.43,0.47,70.0,48.0,1000.0,2002.0,0,0,5,5
1646,5,178.25,0.8995,55.2712,9.3592,0.79,1.24,45.0,47.0,660.0,,0,0,0,0
1652,5,52.72,0.9372,55.9249,10.0285,2.75,1.37,45.0,44.0,600.0,,0,0,0,0
1629,5,42.58,0.9774,48.4866,-4.652,1.33,0.94,49.0,59.0,850.0,2005.0,4,4,4,4
4788,5,162.84,0.9965,47.4884,3.1472,0.42,0.94,108.0,82.0,2300.0,2017.0,5,5,5,5
2632,5,115.61,0.9874,47.1459,2.1772,1.68,0.54,100.0,100.0,2500.0,2011.0,5,5,5,5
4783,5,167.66,0.5442,49.3747,7.5191,1.05,0.76,140.0,112.0,3.3,2019.0,5,5,5,5
1340,5,165.8,0.9069,53.1606,10.0794,0.76,0.94,134.0,40.0,3900.0,,3,0,3,0
5262,5,165.58,0.8855,57.6067,-2.2968,1.57,1.95,58.0,48.0,1500.0,,0,3,3,0
5236,5,142.15,0.7209,54.605,-1.443,1.1,0.63,130.0,100.0,2.0,,4,0,4,0
5239,5,167.9,0.7893,52.364,1.536,0.59,0.65,59.0,82.0,2300.0,,0,0,5,0
1352,5,103.69,0.9806,50.8366,6.5595,3.24,0.77,65.0,70.0,1500.0,,0,0,0,0
1845,5,163.79,1.0,56.616,10.166,0.37,0.7,46.0,44.0,750.0,,0,0,0,0
1847,5,96.19,0.9894,55.6157,8.4061,3.08,0.34,39.0,44.0,600.0,,0,0,0,0
3615,5,15.03,0.9858,51.5283,19.8976,0.82,1.84,80.5,106.0,3000.0,,0,0,0,0
3627,5,64.47,0.8443,51.5762,11.62,1.04,0.51,135.0,101.0,3050.0,,0,0,2,0
3598,5,172.42,0.9382,52.4631,12.3987,0.4,0.9,105.0,90.0,0.0,,0,0,5,0
3231,5,164.53,0.9839,54.2084,-3.1517,0.56,1.04,61.5,81.0,2300.0,,0,0,0,0
4793,5,106.21,0.609,47.8874,1.5043,0.73,0.42,78.0,82.0,2000.0,2014.0,5,5,5,5
4799,5,76.96,0.9947,49.6058,2.749,1.29,0.2,86.0,92.0,2350.0,2015.0,5,5,5,5
3291,5,177.35,0.9436,65.7175,23.7185,0.48,0.95,70.0,64.0,1000.0,2006.0,5,5,5,5
915,5,5.4,0.8863,49.8239,8.205,0.35,0.71,138.0,92.0,2.4,2016.0,5,5,5,5
916,5,11.36,0.9865,51.6176,-3.8892,1.19,3.06,18.2,24.0,250.0,,0,0,0,0
917,5,22.68,0.6521,52.7822,9.9682,0.67,0.51,74.0,48.0,0.9,,5,0,5,0
3271,5,163.35,0.758,49.612,21.6818,0.74,0.91,100.0,92.5,2050.0,,0,0,0,0
6890,5,2.98,0.8523,50.6821,2.255,0.75,1.06,93.4,117.0,4200.0,2024.0,5,5,5,5
6904,5,167.33,0.9747,50.5938,20.0884,0.84,1.77,,,,,0,0,0,0
6880,5,144.48,0.9946,50.5097,5.6895,1.2,1.02,22.8,30.0,3600.0,2025.0,0,0,5,5
4828,5,130.27,0.9906,49.3956,1.2869,1.34,0.68,80.0,92.0,2050.0,2016.0,5,5,5,5
4829,5,41.28,0.7615,49.7408,1.623,1.59,1.34,80.0,90.0,3000.0,2013.0,5,5,5,5
2412,5,27.54,0.8251,50.5767,2.3838,1.55,1.53,98.0,70.0,3000.0,,1,1,5,0
2415,5,6.55,0.7851,55.5453,8.3999,0.38,0.41,45.0,44.0,600.0,,5,5,0,0
5215,5,9.57,0.9095,52.5046,7.7224,0.54,0.89,129.0,141.0,4200.0,,5,0,5,0
5190,5,28.94,0.9253,51.3289,9.0917,1.75,1.6,169.0,47.0,6000.0,2022.0,5,0,5,4
5197,5,93.54,0.8559,56.9997,-2.1976,2.23,0.46,30.4,40.0,500.0,,0,0,0,0
5183,5,4.91,0.9097,53.6522,9.321,0.27,0.6,150.0,92.0,2.4,2017.0,5,0,5,5
3558,5,66.9,0.9688,52.435,10.55,3.05,0.99,60.0,80.0,2000.0,,4,0,4,0
3535,5,49.8,0.949,48.4007,3.5616,1.46,0.79,78.0,90.0,2000.0,2011.0,5,5,5,5
4878,5,152.01,0.713,50.854,8.9541,0.85,0.78,140.6,116.8,2400.0,2014.0,5,3,5,5
4861,5,101.9,0.9992,48.5533,-3.9166,0.84,0.11,50.0,52.9,800.0,2016.0,5,5,5,5
4862,5,131.0,0.9711,48.5179,-3.6742,1.02,0.61,73.0,53.0,800.0,2015.0,5,5,5,5
4864,5,161.97,0.97,48.2384,-3.2132,0.3,0.55,75.4,53.0,800.0,2016.0,5,5,5,5
4866,5,138.88,0.9243,47.9748,-0.9161,1.41,1.15,78.0,82.0,2300.0,2015.0,5,5,5,5
4855,5,55.12,0.9658,43.6865,2.6576,0.85,0.52,57.0,70.0,2300.0,2017.0,5,5,5,5
788,5,158.12,0.9985,55.6365,9.3815,0.57,0.8,50.0,48.0,750.0,,0,0,0,0
6841,5,84.45,0.9986,43.2813,2.8517,0.77,0.06,83.0,90.0,2200.0,,5,5,5,0
1773,5,145.02,0.92,56.5362,10.3329,0.57,0.42,45.0,48.0,750.0,,0,0,0,0
1737,5,0.32,0.947,52.5518,9.8476,0.33,0.82,78.0,71.0,0.6,,5,0,5,0
1750,5,66.13,1.0,55.675,11.8998,0.41,0.1,31.0,27.0,225.0,,0,0,0,0
6817,5,120.23,0.752,50.5394,5.4313,1.05,0.58,76.0,92.5,2000.0,,0,0,0,0
1733,5,2.77,1.0,56.6902,9.8063,0.08,0.91,46.0,44.0,0.6,,1,1,1,0
6773,5,155.14,0.9444,53.5784,19.3694,3.02,2.92,119.0,112.0,3000.0,,0,0,0,0
1322,5,175.84,0.7615,51.5114,0.1606,2.19,2.6,79.0,82.0,900.0,,0,0,2,0
2449,5,100.53,0.9077,55.9727,9.1244,2.71,0.58,89.5,110.5,3.0,2013.0,4,4,4,4
2453,5,124.91,0.9229,57.3573,10.3839,2.88,1.0,20.5,27.0,150.0,,0,0,0,0
360,5,18.45,0.8881,51.5937,8.3148,1.29,1.62,164.0,149.0,5700.0,,5,5,5,0
2430,5,172.8,0.9799,51.6503,13.0005,0.76,2.33,68.0,62.0,1300.0,,0,0,0,0
5093,5,80.36,1.0,56.7694,9.6141,1.34,0.12,90.0,120.0,3600.0,,0,0,0,0
5096,5,62.43,1.0,56.4437,8.3434,1.34,0.39,92.0,117.0,3300.0,,0,0,0,0
5098,5,121.73,1.0,56.632,9.6281,1.03,0.35,80.0,90.0,3.0,2012.0,5,5,5,5
390,5,95.87,0.9992,54.0812,13.301,0.86,0.06,30.6,40.3,0.7,,0,0,5,0
2466,5,11.82,0.9974,55.8981,8.45,1.6,3.83,23.6,15.0,0.1,1984.0,1,1,1,1
4924,5,7.97,0.9761,50.255,11.1422,0.46,1.56,139.0,120.0,2750.0,,5,0,5,0
4913,5,61.36,0.9999,52.6131,18.2831,0.37,0.12,105.0,90.0,2000.0,,0,0,0,0
460,5,168.21,0.7788,52.4681,10.7926,0.72,0.69,77.9,40.0,600.0,,0,0,5,0
4886,5,129.25,0.768,54.488,-5.8582,2.75,1.18,19.0,25.0,150.0,,0,0,0,0
4895,5,164.54,0.9999,51.4485,14.369,0.52,1.16,100.0,82.0,2050.0,,0,0,5,0
1320,5,53.69,0.6628,53.7951,11.4471,0.69,0.4,80.0,90.0,2300.0,,0,0,0,0
451,5,171.55,0.9993,51.5652,10.5691,0.27,1.04,50.0,62.0,1300.0,,1,0,0,0
452,5,154.19,0.7401,50.8769,13.5828,0.36,0.32,36.0,31.0,250.0,,0,0,0,0
456,5,162.74,0.8803,49.836,11.6654,0.44,0.61,141.0,82.0,2400.0,2016.0,2,0,2,2
457,5,4.6,0.8273,51.1817,6.5888,0.36,0.55,85.0,77.0,1500.0,,0,0,0,0
5165,5,87.9,0.9989,51.2325,19.7277,2.14,0.08,100.0,90.0,2000.0,,0,0,0,0
5151,5,119.45,0.9838,55.6882,-1.9605,4.92,1.64,65.0,90.0,2000.0,,0,0,0,0
5153,5,127.52,0.8421,47.9594,8.6766,1.25,0.72,137.0,126.0,3300.0,2017.0,5,5,5,5
365,5,155.31,0.923,54.5265,9.189,0.64,0.63,60.0,80.0,2500.0,,0,0,5,0
6865,5,148.65,0.9691,51.5229,6.215,1.1,1.07,164.0,92.5,5700.0,2024.0,5,0,5,5
6852,5,84.58,0.9648,52.3433,1.3822,0.76,0.1,24.3,32.0,275.0,,0,0,0,0
6854,5,158.4,0.8945,54.8954,-5.9708,2.82,2.92,21.3,28.0,250.0,,0,0,0,0
3517,5,29.71,0.8366,57.2832,-4.7465,0.63,0.46,53.9,71.0,2300.0,,0,0,0,0
3493,5,10.26,0.9603,57.3096,-2.8197,0.58,0.88,55.0,52.0,850.0,,0,0,0,0
3498,5,12.19,0.9209,50.2392,6.772,0.37,0.58,85.0,77.0,1.5,2002.0,5,5,5,3
5185,5,1.39,0.9556,53.429,9.72,0.57,1.61,135.0,115.0,3.0,2016.0,5,4,5,5
2599,5,112.98,0.8168,55.1025,12.0612,2.67,0.85,42.0,41.0,0.6,1997.0,3,3,3,3
4994,5,160.29,1.0,44.8698,4.7863,0.29,0.58,53.9,71.0,2300.0,2017.0,0,0,5,5
7088,5,163.45,0.8464,52.6678,10.7762,0.75,0.8,130.0,62.0,4200.0,2025.0,5,0,5,5
7112,5,144.69,0.9012,54.259,16.2902,1.05,0.9,85.0,100.0,2500.0,,0,0,0,0
7189,5,169.92,0.9848,47.8057,7.7456,0.73,2.61,162.0,71.0,7000.0,,5,0,5,0
7129,5,164.38,0.7656,47.7756,-1.7523,0.89,1.13,105.0,136.0,4200.0,2008.0,5,5,5,5
7127,5,82.11,0.7596,48.1904,-2.5599,1.58,0.6,110.0,110.0,2200.0,,5,5,5,0
7122,5,48.83,0.7863,49.8233,7.2519,1.16,0.69,130.0,140.0,3600.0,,5,5,5,0
5008,5,164.32,0.8389,53.8088,-1.3302,0.59,0.71,79.0,92.5,2050.0,,0,0,0,0
413,5,25.8,0.885,53.6362,11.2189,0.4,0.4,33.4,44.0,0.6,,0,0,5,0
5029,5,20.79,0.978,52.2166,17.6635,1.64,2.33,68.3,90.0,3000.0,2021.0,0,0,4,4
5033,5,150.11,0.9781,54.6554,-1.3238,1.11,1.01,80.5,106.0,3000.0,,0,0,0,0
5034,5,94.22,0.7342,54.872,-3.0126,2.91,1.31,23.5,31.0,330.0,,0,0,0,0
5038,5,96.8,0.6757,48.4693,1.905,1.24,0.47,92.0,117.0,3450.0,2020.0,5,5,5,5
5020,5,162.21,0.8486,52.5305,-0.0238,1.82,2.22,98.5,80.0,1500.0,2014.0,1,0,1,1
5024,5,173.28,0.9267,53.7146,-0.5352,0.46,0.88,117.0,31.0,2500.0,,2,0,2,0
4991,5,94.06,0.9866,46.8356,0.6417,1.23,0.11,139.0,82.0,2180.0,2014.0,5,0,5,5
3442,5,38.83,0.8487,48.457,11.577,2.77,2.12,175.0,175.0,6000.0,2028.0,4,4,5,4
3446,5,57.35,0.9601,58.3757,13.3747,3.37,1.32,105.0,90.0,2000.0,2010.0,5,5,5,5
872,5,44.86,0.9781,53.2551,7.612,2.64,1.62,73.0,70.0,800.0,2016.0,1,0,1,1
3331,5,9.16,0.6564,52.5754,18.9197,0.23,0.17,40.2,52.9,800.0,,0,0,0,0
4957,5,7.35,0.6272,51.2345,12.1467,0.81,0.66,157.5,70.0,3600.0,,4,0,5,0
2500,5,0.45,0.9198,51.1368,8.1176,0.5,1.13,148.3,149.1,4200.0,,4,4,5,0
422,5,123.01,0.9427,50.753,13.4708,0.81,0.39,53.0,39.0,0.6,,0,0,2,0
2480,5,138.63,0.9049,56.1881,10.7281,1.89,1.01,40.0,44.0,600.0,,0,0,0,0
838,5,35.52,0.8026,52.6813,9.1414,0.72,0.52,76.0,48.0,800.0,,0,0,0,0
898,5,137.42,0.9212,50.0919,11.6854,2.21,1.54,70.0,48.0,600.0,,0,0,0,0
901,5,147.55,0.9837,50.8402,6.1416,1.39,1.42,125.0,150.0,6.0,2025.0,5,5,4,3
3380,5,51.3,0.9587,50.5792,12.0212,2.37,1.25,100.0,92.5,2050.0,2013.0,0,0,4,4
3386,5,70.69,0.989,52.9477,-3.4753,2.48,0.69,60.0,60.0,1300.0,,0,0,0,0
3390,5,54.63,0.9255,52.3997,19.2416,2.87,1.39,64.5,85.0,2000.0,,0,0,0,0
884,5,1.79,0.9999,51.6135,4.4729,0.06,1.27,80.0,80.0,2.0,,0,0,5,0
3432,5,131.23,0.9982,49.5433,6.6588,1.29,0.71,140.0,112.0,2.5,2014.0,5,5,5,5
2894,5,168.8,0.795,51.0106,13.4175,0.64,0.81,56.0,38.5,0.5,1996.5,2,2,2,2
4265,5,84.76,0.6581,47.9438,-2.637,1.51,0.7,80.0,92.0,2000.0,2014.0,5,5,5,5
4253,5,8.99,0.8463,47.8236,-1.5043,1.05,1.71,83.5,97.0,2000.0,2018.0,4,4,5,4
605,5,136.26,0.9879,52.117,7.4658,1.29,0.75,100.0,70.5,1500.0,,0,0,0,0
4236,5,153.66,0.9665,49.5745,7.9799,0.79,1.15,139.0,120.0,2.8,2014.0,5,5,5,5
5855,5,37.06,0.8792,53.8919,11.1733,1.11,0.82,164.0,163.0,6800.0,2021.0,5,5,5,2
5838,5,89.3,0.8362,47.6937,5.7204,1.19,0.31,100.0,100.0,2000.0,2019.0,5,5,5,5
5841,5,71.76,0.9983,46.1895,5.6379,1.87,0.43,138.5,103.0,2350.0,2020.0,5,5,5,5
1461,5,160.52,0.945,56.5433,10.0742,0.6,0.82,45.0,48.0,0.8,1998.0,5,5,5,5
4359,5,121.76,0.7805,56.274,-2.6599,3.41,1.25,33.4,44.0,900.0,,0,0,0,0
4368,5,125.31,0.6482,50.1641,11.3306,1.22,0.79,200.0,120.0,2.8,2016.0,5,0,5,5
4369,5,75.76,0.6682,49.434,6.8849,1.14,0.56,134.0,131.0,3.0,2020.0,5,5,5,5
4346,5,23.43,0.8637,47.1567,-0.8005,0.67,0.73,110.0,100.0,2500.0,2016.0,5,5,5,5
4352,5,156.01,0.9027,56.1628,-3.173,1.44,1.72,56.2,74.0,1500.0,,0,0,0,0
4353,5,14.1,0.7645,51.5586,-2.964,1.32,1.25,69.8,92.0,2.5,,0,0,1,0
2153,5,17.27,0.9934,49.7685,0.3835,0.31,0.62,49.0,52.0,900.0,2006.0,5,5,5,5
1137,5,154.2,0.8777,47.4149,-2.0203,0.8,0.78,80.0,90.0,2500.0,2009.0,5,5,5,5
5788,5,122.16,0.8072,49.6863,4.1695,1.56,0.8,110.0,110.0,2200.0,2020.0,5,5,5,2
5792,5,48.75,0.9992,60.5034,-1.3565,2.18,0.98,39.5,52.0,850.0,,0,0,0,0
5794,5,172.29,0.9927,57.7468,-6.9808,0.33,1.08,8.0,21.0,100.0,,1,0,0,0
5802,5,26.82,0.8912,50.4909,4.0808,0.72,0.75,135.0,127.0,2300.0,,0,0,3,0
5775,5,3.06,0.6979,59.1739,-3.0696,1.11,1.07,36.4,48.0,900.0,,0,0,0,0
5757,5,38.83,0.9204,52.4675,1.0342,2.23,1.99,82.7,109.0,3400.0,,0,0,0,0
5762,5,66.53,0.9167,54.0124,-2.3247,3.98,1.31,75.0,100.0,2200.0,,0,0,0,0
2569,5,144.21,0.8873,54.7322,11.9968,2.59,1.99,35.0,44.0,600.0,,0,0,0,0
2573,5,23.6,0.8908,52.2646,11.5911,0.77,0.91,70.0,52.0,1.0,2000.0,4,0,5,5
7139,5,176.31,0.9711,50.9561,8.6782,0.46,1.74,164.0,163.0,5700.0,2026.0,5,5,5,5
35,5,153.87,0.9135,52.1318,8.7387,2.27,2.62,53.1,70.0,1800.0,,0,0,0,0
1682,5,167.7,0.9902,51.9586,9.4338,0.77,1.86,68.5,62.0,1000.0,,0,0,0,0
1148,5,149.78,0.5368,50.8268,13.6365,0.76,0.49,64.0,71.0,2000.0,,0,0,0,0
2897,5,155.64,0.7888,50.8219,11.2549,0.64,0.64,108.0,82.0,2300.0,,0,0,5,0
1136,5,95.33,0.9992,50.6518,9.2141,0.66,0.04,65.0,40.0,600.0,,0,0,5,0
7190,4,146.6,0.93,51.8158,7.669,0.79,0.78,164.0,40.3,6800.0,,4,0,4,0
7193,4,145.74,0.7298,54.1638,12.7626,0.71,0.42,53.9,71.0,4000.0,2026.0,0,0,4,4
2241,4,7.26,0.9896,43.4762,2.817,0.18,0.81,49.0,52.0,900.0,2004.0,4,4,4,4
7197,4,37.41,0.5704,54.0815,9.8532,0.62,0.42,69.0,60.0,1300.0,,0,0,0,0
7201,4,152.06,0.9996,46.3145,0.8683,0.58,0.76,114.0,131.0,3000.0,,4,4,4,0
7146,4,55.93,0.6854,50.1958,7.7561,0.85,0.48,166.0,150.0,4200.0,,4,4,4,0
5381,4,154.87,0.9995,50.1834,20.5799,1.03,1.45,23.5,31.0,300.0,,0,0,0,0
5384,4,102.61,0.6445,51.9459,16.3687,0.22,0.1,19.0,25.0,150.0,,0,0,0,0
7158,4,30.63,0.84,50.2539,6.3501,0.81,0.77,164.0,163.0,7000.0,,4,4,4,0
5387,4,149.62,0.9533,52.5736,5.8714,0.75,0.81,98.0,82.0,3000.0,,0,0,0,0
1133,4,92.96,0.9829,54.451,10.0993,3.06,0.28,68.0,64.0,1500.0,,0,0,0,0
7231,4,135.81,0.9974,57.6354,-6.3789,1.67,0.87,10.0,71.0,2300.0,,4,0,0,0
7233,4,13.18,0.7946,51.2175,7.8225,0.7,0.81,85.0,71.0,2000.0,,0,0,0,0
2399,4,177.77,1.0,50.3211,23.5024,0.02,0.28,,,,,0,0,0,0
2400,4,161.92,0.9999,49.0948,1.0046,0.67,1.34,73.0,92.5,2.0,,4,0,4,0
7061,4,51.58,0.9168,42.1387,-1.7367,1.09,0.64,120.9,158.0,5800.0,,4,4,4,0
2883,4,7.29,0.9932,51.2295,4.1277,0.92,3.7,108.0,92.5,2050.0,,1,0,3,0
7093,4,28.65,0.9044,47.2169,-1.0834,0.96,1.03,86.0,131.0,3600.0,,4,4,4,0
2404,4,73.5,0.9983,61.8759,17.3484,0.76,0.1,55.0,47.0,660.0,2000.0,4,4,4,4
5341,4,100.73,0.9999,58.6018,-3.2427,0.73,0.07,64.0,71.0,2300.0,,4,4,4,0
4399,4,176.49,1.0,47.4678,-1.0938,0.08,0.91,119.0,82.0,2300.0,,4,0,4,0
9,4,32.49,0.9584,54.7005,-1.2851,2.57,2.17,46.0,80.0,225.0,2016.0,1,0,1,1
1146,4,169.36,0.9241,52.8179,8.0825,0.34,0.57,70.0,58.0,2300.0,,0,0,4,0
5017,4,104.43,0.9974,50.9188,-4.2725,1.21,0.21,64.0,71.0,2300.0,,0,0,4,0
5362,4,174.7,0.5646,54.8751,-4.7742,0.61,0.39,70.0,92.5,2050.0,,0,0,0,0
4646,4,103.56,0.905,51.6977,-3.1698,2.28,0.56,80.0,100.0,2000.0,,0,0,0,0
4648,4,64.73,0.9922,51.4307,0.738,1.28,0.37,70.2,92.5,2050.0,,0,0,0,0
4652,4,117.88,0.9931,51.5037,-3.6693,1.25,0.41,80.0,85.0,2.5,,0,0,2,0
4656,4,153.78,0.9494,52.6418,-1.3223,1.81,1.95,50.1,66.0,1500.0,,0,0,0,0
4417,4,168.15,0.9993,47.5422,-2.0334,0.94,3.21,101.0,92.0,2050.0,2016.0,4,4,4,4
4667,4,92.3,0.9973,53.9946,-2.2934,2.0,0.1,75.0,100.0,2200.0,,0,0,0,0
4675,4,2.21,0.6393,49.0228,9.9716,0.87,0.7,212.0,126.0,3.3,2017.0,4,0,4,4
4422,4,87.63,0.9933,51.9444,19.449,0.3,0.01,100.0,90.0,2000.0,,0,0,0,0
1413,4,10.01,0.7948,50.5605,6.5558,0.41,0.45,65.0,70.0,1500.0,,0,0,0,0
4986,4,171.04,0.9328,54.9829,-7.1079,0.37,0.7,78.0,82.0,3000.0,,0,0,0,0
5988,4,95.33,0.9995,57.1395,-7.3035,4.48,0.25,53.9,71.0,2300.0,,0,0,0,0
4990,4,18.96,0.6215,49.0389,10.0104,0.66,0.56,149.0,115.7,3000.0,,0,0,0,0
5751,4,176.63,0.935,52.2604,16.4164,0.4,0.97,91.0,117.0,2400.0,,0,0,0,0
39,4,41.44,0.7382,50.9883,13.4531,0.37,0.25,69.5,71.0,2300.0,2012.5,4,4,4,4
5991,4,163.7,0.9993,40.9825,-1.0807,0.51,1.33,44.0,58.0,850.0,,0,0,0,0
50,4,132.68,0.8484,53.69,9.6317,0.75,0.43,180.0,62.0,5700.0,2001.0,4,0,4,4
5759,4,122.75,0.9999,57.2616,-7.3867,2.44,0.86,53.9,71.0,2300.0,,0,0,0,0
2851,4,110.98,0.9997,51.9073,19.8271,0.42,0.1,80.5,106.0,3000.0,,0,0,0,0
2854,4,155.96,0.8343,51.9076,13.1004,0.34,0.32,30.6,40.3,500.0,,0,0,0,0
2565,4,112.54,0.9768,54.7213,11.8989,2.07,0.58,35.0,44.0,600.0,,0,0,0,0
2568,4,125.87,0.8217,54.6927,11.6929,3.52,1.59,32.0,27.0,150.0,,0,0,0,0
4642,4,78.33,0.9494,53.3081,19.0137,2.53,0.51,105.0,90.0,2000.0,,0,0,0,0
5415,4,169.29,0.7964,51.4823,18.9603,0.39,0.48,20.5,27.0,225.0,,0,0,0,0
1666,4,176.39,0.9779,56.0731,9.8765,0.46,1.41,45.0,47.0,660.0,,0,0,0,0
7131,4,67.34,0.7383,51.295,9.1048,1.36,0.59,166.0,47.0,6000.0,,4,0,4,0
5418,4,137.05,0.9462,50.9044,12.3059,0.81,0.49,35.7,47.0,3600.0,,0,0,4,0
5430,4,1.82,0.7575,51.3835,19.5664,0.45,0.48,50.1,66.0,1750.0,,0,0,0,0
246,4,86.05,1.0,51.4843,12.2287,0.63,0.03,65.0,47.0,0.7,,0,0,4,0
12,4,170.58,0.9461,51.6212,7.7554,0.33,0.8,95.0,90.0,2000.0,,0,0,0,0
2539,4,109.41,1.0,54.9747,9.0024,0.86,0.17,45.0,44.0,600.0,,0,0,0,0
5780,4,23.68,0.567,58.3328,12.5822,0.6,0.37,89.5,71.0,1425.0,2005.5,4,4,4,4
2545,4,12.75,0.9842,55.7823,8.3778,0.56,1.26,54.0,52.0,850.0,,0,0,0,0
2546,4,79.7,0.9123,55.4715,8.9541,2.26,0.47,30.0,31.0,300.0,,0,0,0,0
2874,4,20.69,0.761,49.1946,-0.6148,0.82,0.77,80.4,82.0,2300.0,2011.0,4,4,4,4
5437,4,174.91,0.8557,53.8254,18.058,0.03,0.04,105.0,90.0,2000.0,,0,0,0,0
2511,4,103.73,0.9059,55.0478,9.1678,1.38,0.33,46.0,44.0,600.0,,0,0,0,0
5442,4,11.58,0.8307,47.195,-0.4524,0.36,0.58,78.0,82.0,2000.0,2017.0,4,4,4,4
5784,4,147.95,0.9903,60.3764,-1.3334,0.07,0.05,39.5,52.0,850.0,,0,0,0,0
574,4,20.91,0.8804,49.3659,10.1186,0.3,0.47,38.0,50.0,0.7,,0,0,4,0
4969,4,80.19,0.7451,52.3315,1.126,0.89,0.3,79.0,102.0,2900.0,,4,4,4,0
4971,4,144.69,0.9864,49.4688,9.6945,1.13,0.99,69.8,92.0,2350.0,,0,0,0,0
4973,4,105.52,0.9605,52.323,18.3252,1.0,0.24,100.0,100.0,2500.0,,0,0,0,0
4137,4,2.93,0.8891,53.1341,10.3914,0.31,0.52,53.1,70.0,1800.0,,0,0,4,0
2530,4,58.08,0.9333,55.8805,11.5736,5.01,2.07,28.1,37.0,450.0,,0,0,0,0
2155,4,23.68,0.9989,46.9139,-0.813,0.72,1.12,80.0,92.5,2000.0,,0,0,4,0
2507,4,157.25,0.9557,56.7856,9.5525,0.78,1.05,30.0,25.0,150.0,,0,0,0,0
4942,4,9.27,0.9893,53.3435,17.4539,0.73,2.02,100.0,92.5,2050.0,,0,0,0,0
4943,4,44.72,0.7387,57.0203,8.9606,2.72,1.56,30.0,26.0,200.0,,0,0,0,0
5401,4,2.65,0.9616,54.5858,-5.6204,1.43,3.95,19.0,25.0,150.0,,0,0,0,0
4952,4,167.5,1.0,47.4291,-1.4002,0.34,1.05,150.0,103.0,2350.0,,4,0,4,0
4956,4,68.76,1.0,51.5105,19.5673,0.21,0.05,50.1,66.0,1750.0,,0,0,0,0
4961,4,11.41,0.9893,52.3701,18.6448,0.9,1.91,22.8,30.0,300.0,,0,0,0,0
4965,4,142.56,0.8757,51.6303,19.7317,0.53,0.42,80.5,106.0,3000.0,,0,0,0,0
5406,4,12.13,0.8489,53.1589,18.3004,0.1,0.15,30.4,40.0,600.0,,0,0,0,0
4261,4,64.32,0.9999,52.831,18.4876,0.3,0.09,39.5,52.0,850.0,,0,0,0,0
5414,4,123.87,0.6739,51.5835,-3.7486,0.72,0.38,58.0,70.0,2000.0,,0,0,0,0
4264,4,0.19,0.9979,48.3657,-2.9745,0.05,0.8,67.1,48.0,800.0,2011.0,4,4,4,4
2481,4,122.08,1.0,56.3043,10.7947,0.54,0.19,46.0,44.0,750.0,,0,0,0,0
4266,4,0.85,1.0,48.3708,-2.1631,0.02,0.95,90.0,90.0,2000.0,2014.0,4,4,4,4
4615,4,29.12,0.692,49.4216,3.341,0.6,0.48,100.5,120.0,3000.0,2017.0,4,4,4,4
4623,4,115.57,0.9721,52.6406,18.1334,2.53,0.72,105.0,90.0,2000.0,,0,0,0,0
5491,4,145.84,0.9,50.1883,-5.3666,2.75,2.17,30.4,40.0,500.0,,0,0,0,0
5115,4,79.45,1.0,52.2975,18.7005,0.34,0.04,30.6,40.3,500.0,,0,0,0,0
5122,4,125.13,0.957,54.8572,-3.1186,4.52,1.79,45.0,47.0,660.0,,0,0,0,0
5123,4,132.32,0.8921,49.4382,9.8722,0.92,0.45,73.0,52.9,800.0,,0,0,0,0
5124,4,16.13,0.6806,56.3196,8.4616,0.52,0.39,84.0,112.0,3.4,2018.0,4,4,4,4
5127,4,159.04,0.9987,56.3002,8.6319,1.81,2.69,48.0,54.2,1000.0,,0,0,0,0
4267,4,143.65,1.0,48.4283,-3.0225,0.66,0.6,87.0,82.0,2300.0,2013.0,4,4,4,4
5496,4,167.61,0.9549,53.3246,15.2448,0.54,0.91,108.0,90.0,2000.0,,0,0,4,0
5958,4,133.76,0.6403,52.6225,-3.8275,0.99,0.63,28.1,37.0,500.0,,0,0,0,0
6001,4,33.16,0.9996,49.9348,5.6203,2.09,2.03,85.0,112.0,3600.0,2021.0,0,0,4,4
5086,4,35.16,0.8697,53.1787,14.7531,0.58,0.5,78.0,90.0,2000.0,,0,0,4,0
5088,4,19.74,0.8974,52.0219,-4.6724,1.39,1.85,24.6,34.2,500.0,,1,1,0,0
5479,4,141.6,0.8927,52.0899,7.9425,0.89,0.59,131.0,120.0,3.6,,4,0,4,0
5092,4,45.55,0.6895,56.8438,10.0777,3.1,1.73,45.0,48.0,750.0,,0,0,0,0
5095,4,17.01,0.9807,56.7809,9.2456,0.88,1.57,31.0,29.0,225.0,,0,0,0,0
4271,4,171.96,0.8308,49.4166,9.4882,0.42,0.63,139.0,120.0,2500.0,2015.0,4,4,4,4
5050,4,167.62,0.994,46.0676,0.0547,0.26,0.93,95.0,110.0,2000.0,,4,4,4,0
4196,4,27.43,0.9342,58.3865,-6.4936,1.49,1.45,36.4,48.0,900.0,,0,0,3,0
2722,4,162.54,0.9597,53.106,14.2699,0.43,0.7,114.0,71.0,1900.0,2004.0,0,0,4,4
2740,4,6.99,0.8514,53.0728,9.6263,0.3,0.44,60.0,76.0,2000.0,,0,0,0,0
5061,4,179.95,0.7595,49.3694,5.9336,0.5,0.62,100.0,100.0,2000.0,2018.5,4,4,4,4
2761,4,155.66,1.0,48.2105,3.4457,0.54,0.79,78.5,92.5,2000.0,2011.0,4,4,4,4
5066,4,179.29,0.9459,45.9081,-0.7244,0.26,0.75,99.4,71.0,2000.0,2015.0,4,4,4,4
4595,4,2.38,0.9936,51.8041,7.5406,0.53,3.08,120.0,160.0,5500.0,2025.0,2,2,2,2
5723,4,58.68,0.925,53.313,9.3997,0.7,0.28,138.0,92.0,2350.0,2015.0,4,0,4,4
5453,4,150.18,0.565,47.9108,-0.4908,0.55,0.39,98.0,82.0,2150.0,,0,0,4,0
5456,4,156.56,0.7657,47.6947,0.3664,0.61,0.71,95.0,100.0,2000.0,2018.0,4,4,4,4
2140,4,55.29,0.9855,49.1447,6.9663,0.95,0.42,80.0,90.0,2000.0,,0,0,4,0
2523,4,160.45,0.9654,55.2341,8.9692,0.42,0.61,47.0,47.0,660.0,,0,0,0,0
2948,4,5.37,0.9965,39.9177,4.2586,0.07,0.46,44.8,59.0,0.8,,0,0,4,0
4240,4,65.05,0.8607,48.5375,11.556,1.95,0.79,160.0,115.7,4200.0,2025.0,3,0,3,3
5476,4,142.39,0.6665,53.3808,8.8069,0.56,0.33,135.0,101.0,3.0,,0,0,4,0
5960,4,41.99,0.9799,51.9651,5.9481,0.99,0.66,120.0,115.0,4200.0,,4,4,4,0
2681,4,9.18,0.7988,50.4078,9.0507,0.21,0.28,70.0,48.0,600.0,,0,0,4,0
2682,4,24.32,0.912,48.1636,8.3471,2.03,2.19,135.0,117.0,2400.0,,1,0,0,0
249,4,38.82,0.9307,49.068,11.164,0.68,0.46,61.3,44.0,0.7,2001.0,0,0,4,4
256,4,151.59,0.8658,52.1101,9.1062,0.75,0.71,53.9,71.0,2000.0,,0,0,2,0
2704,4,70.75,1.0,48.1921,-1.2163,2.34,0.54,85.0,82.0,2000.0,2010.0,3,3,4,3
544,4,21.73,0.9267,51.8693,11.8534,0.52,0.73,56.2,74.0,0.5,,0,0,1,0
545,4,144.58,0.9916,55.3632,13.2505,0.84,0.65,50.0,46.0,750.0,2000.0,4,4,4,4
2356,4,16.91,0.9905,53.2792,5.6443,1.49,3.41,30.0,31.0,300.0,2023.0,1,1,1,1
557,4,10.15,0.8797,48.0122,7.9037,0.28,0.48,163.5,104.0,3050.0,2014.0,4,4,4,4
4569,4,115.25,0.9163,46.2534,1.4663,1.3,0.52,90.0,97.0,2000.0,2013.0,4,4,4,4
4205,4,109.18,0.8822,50.1806,12.0951,1.0,0.33,141.0,117.0,2400.0,,0,0,0,0
4255,4,164.17,0.759,47.977,-4.3051,0.41,0.43,100.0,71.0,2300.0,,4,0,4,0
4593,4,92.42,0.9862,52.4542,18.7666,0.42,0.03,30.6,40.3,500.0,,0,0,0,0
4921,4,165.0,0.9517,56.2628,-2.8479,1.4,2.03,33.4,44.0,900.0,,0,0,0,0
4928,4,133.56,0.9457,57.5622,9.9618,2.41,1.25,30.0,25.0,200.0,,0,0,0,0
4206,4,65.31,0.9769,48.5085,11.3247,2.64,0.96,141.0,117.0,2.4,,0,0,3,0
4208,4,108.36,0.9679,60.5982,-0.8586,1.38,0.28,,,,,0,0,0,0
1393,4,148.96,0.8579,53.8442,11.529,0.41,0.34,65.0,40.3,500.0,,0,0,0,0
1224,4,13.01,0.8599,53.1972,8.0836,0.79,1.01,65.0,70.0,1800.0,,0,0,0,0
4547,4,175.23,0.9969,51.4523,0.3497,0.22,1.45,80.0,93.0,4000.0,,0,0,4,0
4894,4,156.18,0.9816,42.7553,-4.3452,0.89,1.36,68.3,90.0,2000.0,,0,0,0,0
4897,4,166.76,0.9543,53.9841,18.739,0.53,0.77,100.0,90.0,2000.0,,0,0,0,0
4898,4,52.78,0.9354,53.5647,18.6384,1.21,0.58,40.2,52.9,800.0,,0,0,0,0
2437,4,126.5,0.9636,56.1663,8.8725,4.59,1.91,31.0,27.0,150.0,,0,0,0,0
2438,4,0.44,0.9279,56.0006,8.8386,0.31,0.57,50.0,48.0,0.6,1998.0,3,3,3,3
5837,4,47.04,0.9773,37.0062,-3.6334,3.16,2.43,56.2,121.0,2500.0,,0,1,1,0
2440,4,93.97,1.0,56.1596,8.7262,0.75,0.03,49.0,52.0,0.8,2002.0,4,4,4,4
4553,4,135.25,0.9721,56.198,12.6918,1.93,1.07,62.5,76.0,2300.0,2010.0,4,4,4,4
4555,4,145.38,1.0,56.8426,9.3891,0.78,0.61,94.0,112.0,3000.0,,0,0,0,0
4557,4,153.19,0.9492,56.236,12.5706,0.92,0.7,67.0,75.5,1850.0,2005.5,4,4,4,4
5839,4,70.63,0.9949,47.6657,5.6776,1.4,0.34,100.0,100.0,2000.0,2019.0,4,4,4,4
5715,4,140.61,0.7688,54.8186,-2.9076,2.22,1.35,38.7,51.0,800.0,,0,0,0,0
2582,4,8.27,0.8268,49.0945,-1.36,0.32,0.46,120.3,71.0,2300.0,,4,0,4,0
4212,4,179.58,0.8052,50.6577,6.8657,0.15,0.19,50.0,48.0,0.8,2015.0,4,0,4,4
2588,4,164.98,0.9994,55.9647,11.369,1.18,2.43,35.0,37.0,500.0,,0,0,0,0
5530,4,34.46,0.8351,53.4567,8.921,0.78,0.64,98.0,103.0,2850.0,,0,0,4,0
4387,4,114.25,0.9998,51.7565,4.632,0.76,0.21,70.0,71.0,2300.0,,0,4,4,0
2592,4,13.34,0.9999,55.2664,11.3568,0.62,1.47,40.0,44.0,750.0,,0,0,0,0
1447,4,79.61,0.9999,55.1074,9.0961,0.55,0.06,40.0,27.0,0.2,1991.5,0,0,4,4
5846,4,146.32,0.9514,46.1406,-1.0018,0.06,0.05,88.7,116.8,3000.0,,0,0,0,0
437,4,72.24,0.8311,51.5733,7.4206,2.28,0.84,113.0,71.0,2.3,,0,0,3,0
438,4,122.02,1.0,52.401,4.6651,0.36,0.14,80.0,90.0,3000.0,,0,0,0,0
440,4,30.58,0.9513,50.7332,12.5509,0.87,0.79,100.0,80.0,3300.0,,0,0,4,0
2124,4,19.91,0.7579,54.8474,-3.347,0.6,0.5,80.0,82.0,2300.0,,0,0,0,0
1218,4,84.0,0.9982,48.177,-4.0555,0.94,0.07,98.0,71.0,2000.0,,4,0,4,0
459,4,10.31,0.9688,52.5755,10.9111,0.59,1.29,65.0,66.0,2000.0,,0,0,4,0
5848,4,173.41,0.9399,50.7219,9.6613,0.71,1.46,166.0,126.0,4200.0,2021.0,4,0,4,1
5150,4,137.39,1.0,56.3195,8.7694,0.83,0.5,91.5,117.0,3300.0,,0,0,0,0
4394,4,35.47,0.9196,50.9153,3.4227,0.6,0.47,108.0,82.0,2300.0,,0,0,0,0
5509,4,0.67,0.7728,53.4767,9.2624,0.82,0.84,140.0,52.9,3300.0,,4,0,4,0
5167,4,102.4,0.946,48.49,-2.9945,0.9,0.2,80.0,97.0,2100.0,2017.0,4,4,4,4
5692,4,101.66,0.7909,53.6597,-2.3782,1.48,0.6,80.0,82.0,2050.0,,0,0,0,0
5697,4,130.8,0.9985,56.631,-3.3102,0.73,0.35,61.5,81.0,2300.0,,0,0,0,0
2136,4,89.05,1.0,56.5055,8.783,1.78,0.02,80.0,27.0,2300.0,,3,0,3,0
5521,4,110.59,0.9653,53.1043,10.2863,1.44,0.37,135.0,115.7,3000.0,,0,0,4,0
384,4,117.35,0.62,53.0619,8.5491,0.75,0.37,67.0,66.0,1650.0,,0,0,3,0
5526,4,173.96,0.8609,52.8576,8.3868,0.44,0.7,149.0,115.0,3000.0,,0,4,4,0
2089,4,149.95,0.9989,48.6685,5.5053,0.53,0.62,80.0,82.0,2000.0,2007.0,4,4,4,4
1195,4,23.46,0.5691,50.441,9.3912,0.56,0.39,186.0,44.0,3000.0,2013.0,4,0,4,4
1207,4,88.23,0.9999,53.9096,13.094,0.76,0.01,33.4,44.0,600.0,,0,0,0,0
2822,4,110.65,0.9485,53.6749,8.9488,2.89,0.8,119.0,104.0,3400.0,,2,0,3,0
5703,4,159.52,0.9013,57.594,9.989,0.51,0.57,82.0,136.0,4200.0,2019.0,0,0,3,3
1179,4,91.6,0.9999,56.206,9.8423,0.61,0.01,45.0,47.0,660.0,2000.0,0,0,0,4
5705,4,159.28,0.5679,52.5369,-3.1276,1.0,0.69,30.0,28.0,275.0,,0,0,0,0
1495,4,176.73,0.9832,52.1135,11.2806,0.34,1.43,74.0,52.0,850.0,,0,0,0,0
5707,4,53.67,0.9975,54.7609,-4.9718,1.31,0.57,60.0,80.0,2000.0,,0,0,0,0
4851,4,168.06,0.9991,49.8139,4.447,0.48,1.42,80.0,100.0,2000.0,2016.0,4,4,4,4
4858,4,155.55,0.8035,54.8287,-1.838,2.28,2.1,59.0,82.0,2000.0,,0,0,0,0
4860,4,41.62,0.898,48.033,-2.0259,0.73,0.54,95.0,100.0,2050.0,,0,0,4,0
4865,4,142.04,0.9943,47.9808,-0.0924,0.69,0.57,78.0,90.0,2000.0,2016.0,4,4,4,4
4157,4,30.7,0.6774,48.8725,9.87,0.72,0.54,200.0,117.0,2400.0,2016.0,3,1,4,3
510,4,0.79,0.6702,51.7238,7.4698,0.45,0.4,115.0,73.0,2000.0,,4,4,4,0
515,4,47.46,0.9999,55.6335,12.0111,2.35,1.2,23.5,31.0,300.0,,0,0,0,0
2769,4,153.19,0.9953,44.6933,3.6282,0.7,1.05,60.0,80.0,1670.0,,0,0,4,0
4168,4,30.53,1.0,52.928,18.954,0.21,0.21,40.0,89.0,0.2,,4,0,4,0
2771,4,47.99,0.9219,60.3544,16.2837,3.06,1.64,95.0,100.0,1800.0,2012.0,4,4,4,4
5965,4,31.64,0.7834,58.55,-3.624,1.58,1.15,65.0,90.0,2500.0,,0,0,0,0
1456,4,11.23,0.9994,57.2734,10.1068,0.38,1.09,31.0,26.0,270.0,,0,0,0,0
313,4,151.01,0.8384,53.1552,10.7516,0.81,0.72,100.0,77.0,2000.0,,0,0,3,0
314,4,0.82,0.7641,51.5867,11.5511,0.26,0.28,69.0,44.0,0.6,,0,0,4,0
4522,4,95.54,0.9657,48.3644,7.9795,1.77,0.26,149.0,115.0,3.0,2017.0,4,4,4,1
5205,4,137.25,0.7772,53.5586,15.7792,0.86,0.56,91.1,120.0,2500.0,,0,0,4,0
5208,4,23.93,0.9756,52.0277,17.6634,1.44,1.66,75.9,100.0,2000.0,,0,0,0,0
6268,4,80.69,0.9938,48.2131,1.9572,1.38,0.16,96.0,117.0,3450.0,2021.0,4,4,4,4
5212,4,49.62,0.8322,57.4215,12.2393,1.42,0.76,100.0,90.0,2000.0,2012.0,4,4,4,4
4530,4,139.7,0.703,50.9809,6.637,1.18,0.73,117.0,117.0,3300.0,,0,0,0,0
4536,4,154.24,0.9911,51.5179,6.5956,0.72,0.87,122.1,115.7,3000.0,,0,0,0,0
4184,4,120.63,0.9708,49.3713,10.5425,1.05,0.39,140.0,112.5,2500.0,2015.0,4,4,4,4
2090,4,44.49,0.9971,55.3239,10.4657,2.32,1.37,40.0,44.0,600.0,,0,0,0,0
1481,4,156.8,1.0,56.3186,10.2552,0.4,0.52,45.0,48.0,750.0,,0,0,0,0
1309,4,121.29,0.9976,51.0743,9.4294,1.87,0.7,100.0,82.0,2300.0,,0,0,4,0
1484,4,101.45,0.9395,48.3234,-3.756,0.92,0.2,98.0,82.0,2300.0,2018.0,4,4,4,4
5179,4,160.36,0.7363,53.574,-1.6188,1.92,1.58,53.9,71.0,2300.0,,0,0,0,0
1405,4,152.92,0.8442,53.5627,8.1384,0.64,0.58,61.5,81.0,2300.0,,0,0,0,0
5189,4,98.57,0.7999,53.8279,13.3219,0.83,0.23,200.0,54.0,3.4,2018.0,4,0,4,4
1342,4,68.62,0.9059,51.5336,8.1509,0.87,0.26,99.8,70.0,1800.0,,4,4,4,0
4329,4,5.25,0.9248,52.3434,-0.2945,0.39,0.8,80.0,100.0,2500.0,,0,0,4,0
2608,4,95.07,0.9854,50.6792,9.0077,0.67,0.05,85.0,70.0,1800.0,,0,0,4,0
2625,4,60.52,0.898,49.2433,10.057,1.04,0.49,73.0,52.9,0.8,,0,0,2,0
4330,4,48.2,0.9983,58.1458,13.7974,2.49,1.15,102.0,136.0,3600.0,2018.0,4,4,4,4
2630,4,14.67,0.8943,47.9488,-2.0347,0.28,0.57,98.0,82.0,2100.0,2010.0,0,0,4,3
4337,4,161.68,1.0,52.1327,4.5377,0.51,0.95,84.0,82.0,3000.0,2016.0,0,0,4,4
2640,4,135.39,0.7837,51.8512,19.0297,0.89,0.58,55.0,48.0,600.0,,0,0,0,0
5228,4,2.07,0.9024,53.6124,17.8816,0.68,1.14,105.0,90.0,2000.0,,0,0,0,0
5237,4,48.95,0.9618,50.8104,9.5455,1.0,0.55,146.0,92.5,2.0,2013.0,4,0,4,4
285,4,125.91,0.9363,48.5789,9.7501,0.82,0.37,105.0,90.0,2000.0,,0,0,2,0
288,4,31.21,0.8874,51.2973,13.81,0.58,0.49,65.0,47.0,0.7,,4,4,4,0
5252,4,119.76,0.996,53.1344,-2.4601,1.17,0.38,80.0,90.0,2650.0,,0,0,0,0
5255,4,177.86,0.999,58.5077,14.5146,0.06,0.59,34.0,23.0,140.0,1998.0,3,3,3,4
292,4,8.42,0.9103,52.467,10.1017,0.3,0.59,81.5,80.0,2000.0,,4,0,4,0
4478,4,155.34,0.886,48.1405,6.0994,0.74,0.86,90.0,100.0,2000.0,,4,4,4,0
4338,4,120.16,0.9511,58.49,15.172,2.5,0.93,105.0,101.0,2300.0,2015.0,4,4,4,4
1354,4,74.8,0.8474,55.7728,13.1956,1.37,0.33,78.0,82.0,2300.0,2016.0,4,4,4,4
4344,4,157.04,1.0,48.9841,-0.709,0.4,0.62,80.0,100.0,2500.0,2016.0,4,4,4,4
4356,4,152.35,0.995,49.0438,10.3909,1.08,1.4,137.0,126.0,3300.0,,0,0,4,0
1363,4,116.96,0.5518,50.446,6.2418,0.62,0.39,78.0,80.0,2000.0,,0,0,4,0
5924,4,163.0,0.9997,53.1495,15.2959,0.46,0.91,100.0,100.0,2500.0,,0,0,4,0
5836,4,171.18,0.8218,62.6816,16.6216,0.85,0.75,110.0,114.0,2000.0,2014.0,4,4,4,4
5227,4,137.52,0.994,51.7785,-3.276,1.32,0.84,100.0,40.0,2.0,2018.0,3,0,3,3
1229,4,72.38,0.8776,48.2641,8.5084,1.16,0.36,74.0,52.0,900.0,,0,0,0,0
426,4,141.6,1.0,54.1889,13.2745,0.45,0.33,40.5,39.0,0.5,,0,0,4,0
5926,4,146.47,1.0,52.4953,6.0072,0.9,0.83,62.2,82.0,3000.0,,0,0,0,0
4444,4,159.53,0.8165,51.1312,6.7045,0.51,0.6,123.4,82.0,2.3,2016.0,2,2,2,2
4447,4,5.43,0.8961,49.2845,7.3594,0.44,0.83,141.0,117.0,2.4,2017.0,4,4,4,4
2424,4,178.36,0.8861,48.4329,1.7698,0.72,1.29,85.0,70.0,2000.0,2006.0,4,4,4,4
2204,4,163.1,0.9978,46.3491,-0.1624,0.49,1.03,100.5,87.0,2000.0,,4,4,4,0
5927,4,15.44,0.995,51.9786,6.1312,0.55,1.19,105.0,90.0,2000.0,,0,0,0,0
1305,4,165.99,0.9998,51.4954,-0.4352,0.21,0.49,15.2,20.0,0.0,,0,0,2,0
4466,4,157.49,1.0,55.6898,8.5231,0.56,0.76,49.0,52.0,850.0,,0,0,0,0
4314,4,139.84,0.9008,50.1718,10.8798,0.8,0.55,141.0,117.0,2400.0,,4,4,0,0
4749,4,26.72,0.617,52.5293,15.9166,2.0,1.45,,,,,0,0,0,0
2956,4,170.71,0.8657,53.5111,19.0397,0.83,1.15,60.7,80.0,2000.0,,0,0,0,0
4471,4,129.36,0.9953,48.941,11.2603,1.43,0.75,139.0,120.0,2750.0,,0,0,0,0
4146,4,4.67,0.9731,51.5253,21.1551,0.59,1.88,105.0,90.0,2000.0,,0,0,0,0
2262,4,139.51,0.7804,52.9822,9.2875,0.63,0.38,117.0,66.0,1650.0,,4,4,4,0
2264,4,173.27,0.7479,55.8465,8.8688,0.28,0.25,50.0,52.0,850.0,,0,0,0,0
5327,4,79.37,0.9868,51.137,18.8827,1.73,0.24,105.0,90.0,2000.0,,0,0,0,0
1415,4,139.17,0.9726,52.8393,7.1927,1.33,0.87,138.4,82.0,3000.0,,0,0,0,0
1279,4,150.22,1.0,57.4448,10.5605,0.62,0.58,80.0,90.0,2.6,2003.0,4,4,4,4
577,4,178.43,0.8774,54.241,13.152,0.27,0.44,65.0,40.3,500.0,,0,0,0,0
1283,4,8.22,0.7718,50.2434,7.0535,1.48,1.73,82.0,54.0,1.0,2000.0,4,4,4,3
578,4,169.41,0.9511,51.7093,5.0742,0.31,0.77,85.0,77.0,1500.0,,4,4,4,0
1289,4,24.4,0.9942,52.9525,11.1225,0.81,1.07,50.0,44.0,0.6,,4,4,1,0
582,4,37.37,0.9484,52.6384,10.2356,0.62,0.5,70.0,48.0,0.8,,4,0,4,0
5288,4,167.49,0.6072,50.5747,4.3044,0.64,0.49,150.0,114.0,3400.0,2018.0,4,0,4,4
224,4,156.09,0.8674,54.3582,10.4027,0.44,0.49,59.0,82.0,1650.0,,0,0,3,0
1519,4,166.97,0.9972,55.117,14.7365,0.55,1.24,45.0,50.0,0.8,2002.0,3,3,3,3
5304,4,159.77,1.0,47.0926,1.8314,0.43,0.79,95.0,110.0,2200.0,,4,4,4,0
5886,4,126.23,0.9617,53.6967,-1.8254,2.4,1.09,60.0,80.0,2000.0,,0,0,0,0
5315,4,8.67,0.8999,50.2381,10.3721,0.34,0.71,140.0,112.0,3300.0,,4,0,4,0
4507,4,175.41,0.9994,47.6265,-2.2296,0.13,1.18,101.0,92.0,2.0,2014.0,4,4,4,4
5979,4,162.85,0.8967,47.1602,-1.1455,0.39,0.64,62.2,82.0,2300.0,,0,0,4,0
2186,4,144.36,0.9419,48.0996,1.7541,1.97,2.02,80.0,90.0,2300.0,,0,0,4,0
4513,4,62.33,0.8843,50.0995,7.3624,3.12,1.21,141.0,117.0,2.4,2015.0,4,4,4,4
2188,4,163.0,0.9862,48.3402,1.681,0.73,1.55,80.0,90.0,2300.0,2006.0,4,4,4,4
2256,4,114.4,1.0,56.4244,9.0208,0.66,0.16,50.0,47.0,660.0,,0,0,0,0
5635,4,116.67,0.9663,48.3251,8.1886,2.6,0.94,60.0,138.0,4200.0,2021.0,0,4,4,4
2192,4,24.75,0.9916,49.9166,1.2991,0.87,1.19,80.0,90.0,2500.0,2007.0,4,4,4,4
5892,4,148.39,0.9163,57.7495,13.8043,1.28,0.83,95.0,110.0,2200.0,2017.0,4,4,4,4
4296,4,10.82,0.9958,51.7089,8.0999,0.78,2.09,140.0,82.0,1151.2,,4,4,4,0
5939,4,4.44,0.945,50.2107,4.17,0.45,1.32,75.9,100.0,2500.0,,0,0,4,0
2662,4,97.64,0.8268,59.5194,-1.6327,0.57,0.15,,,0.1,,0,0,3,0
2673,4,170.25,0.9363,51.7115,15.597,0.68,1.28,58.4,77.0,1500.0,,0,0,0,0
5654,4,171.79,0.8086,51.7023,6.7683,0.59,0.65,149.0,115.7,3000.0,2017.0,0,0,4,4
5902,4,19.7,0.955,54.2981,-5.7007,1.95,2.5,22.0,29.0,225.0,,0,0,0,0
5904,4,127.66,0.9989,54.8174,-4.0161,1.04,0.48,40.2,52.9,800.0,,0,0,0,0
2393,4,139.39,0.9671,56.2554,8.2726,3.64,2.11,32.0,54.0,0.9,1978.0,2,1,1,1
5909,4,137.85,1.0,55.7481,-2.332,0.13,0.08,102.0,62.0,1300.0,,0,0,0,0
5608,4,47.66,0.9786,52.4947,9.0506,1.0,0.59,42.5,56.0,3200.0,,0,0,4,0
4133,4,118.89,0.7925,48.7706,10.1203,0.89,0.44,141.0,117.0,2400.0,,0,0,4,0
4728,4,89.19,0.813,54.539,-0.9345,3.32,0.94,100.0,51.0,2500.0,,1,0,1,0
5810,4,176.95,0.9846,58.4328,13.0328,0.29,1.14,73.0,53.0,800.0,2009.0,4,4,4,4
5619,4,20.65,0.9205,51.7473,6.3256,1.43,1.82,114.0,131.0,3300.0,,0,0,4,0
470,4,176.24,0.9824,49.6269,7.1435,0.44,1.91,138.0,92.0,2.4,2014.0,4,4,4,4
471,4,4.7,0.8319,54.6432,9.7065,0.31,0.39,32.6,43.0,600.0,,0,0,0,0
330,4,79.93,0.9548,53.7945,11.0158,1.91,0.36,22.0,29.0,0.2,,0,0,2,0
346,4,29.69,0.9289,53.6506,7.942,2.09,1.84,21.3,28.0,0.5,,0,0,1,0
1154,4,155.84,0.8656,51.8624,6.2541,0.66,0.69,100.0,77.0,2750.0,,0,0,2,0
2367,4,90.69,0.9992,55.328,12.4286,3.23,0.06,35.0,39.0,500.0,,0,0,0,0
2176,4,116.27,0.8723,42.7493,-6.0894,0.69,0.31,66.0,87.0,2000.0,,0,0,0,0
2371,4,10.1,0.9617,52.7023,5.6583,1.0,2.26,35.7,47.0,750.0,,0,0,0,0
2377,4,153.73,0.9142,51.6845,4.5977,1.97,2.23,50.1,66.0,1750.0,,0,0,0,0
5941,4,32.12,0.9069,51.7112,5.2748,1.09,0.94,178.0,117.0,3600.0,,3,3,4,0
5585,4,159.17,0.9926,47.714,-2.4727,0.95,1.67,108.0,82.0,2300.0,2017.0,4,4,4,4
4280,4,78.36,0.9533,50.3275,2.4305,0.95,0.2,105.0,90.0,3000.0,2013.0,0,0,4,4
5588,4,49.13,1.0,44.2807,3.0319,0.56,0.34,59.0,82.0,2350.0,2017.0,4,4,4,4
5589,4,173.31,0.9835,49.7099,10.5683,0.58,2.17,169.0,112.0,4650.0,,2,0,4,0
5590,4,66.93,0.9893,54.1481,-0.472,2.74,0.85,80.0,90.0,3000.0,,0,0,0,0
4282,4,97.83,0.9117,49.3156,6.8735,1.06,0.21,149.0,115.0,3.0,2018.0,4,4,4,4
5862,4,30.06,0.9121,48.4481,-1.6212,0.9,0.92,116.0,117.0,3000.0,2021.0,4,4,4,4
329,4,8.18,0.9599,50.7627,12.3902,0.39,0.79,105.0,90.0,0.6,,0,0,2,0
4692,4,165.05,0.9964,51.9007,4.2955,0.46,1.06,80.0,90.0,3600.0,,0,0,2,0
5603,4,165.24,0.6674,55.6668,-3.7298,2.16,1.71,58.4,77.0,1670.0,,0,0,0,0
5921,4,179.15,0.7951,53.8094,13.4682,0.72,0.85,137.0,126.0,3600.0,2018.0,4,0,4,1
5871,4,107.12,0.9612,45.9485,4.3916,0.98,0.23,120.0,,3000.0,,4,0,4,0
4701,4,1.95,1.0,51.6726,19.6647,0.03,0.59,80.5,106.0,3000.0,,0,0,0,0
5943,4,5.62,0.9017,55.8825,14.1646,0.45,0.78,95.0,90.0,2000.0,2008.5,4,4,4,4
5879,4,19.06,1.0,51.3118,5.848,0.97,1.75,209.5,149.1,4500.0,2021.0,4,4,4,4
5574,4,155.6,0.9778,50.1086,2.6196,1.11,1.29,84.0,82.0,2300.0,2019.0,4,4,4,4
5393,4,41.77,0.9996,57.6423,-7.371,1.79,1.07,8.0,44.0,900.0,,4,0,0,0
5575,4,143.51,0.996,46.6364,3.9542,0.87,0.81,114.0,131.0,3000.0,2019.0,4,4,4,4
1247,4,107.68,0.9765,48.6973,9.9482,0.77,0.16,120.0,77.0,1.5,,4,0,4,0
5944,4,29.65,0.9337,51.2355,5.3937,1.25,1.46,97.5,145.0,4000.0,,3,3,3,0
5579,4,19.01,0.7445,49.2824,-0.9693,0.48,0.45,80.0,100.0,2200.0,2018.0,4,4,4,4
1127,4,165.62,0.9814,48.306,-3.807,0.33,0.8,65.0,71.0,2000.0,2008.0,4,4,4,4
4436,4,166.99,0.9995,50.9138,18.9053,0.55,1.56,105.0,90.0,2000.0,,0,0,0,0
4691,4,11.35,0.7338,53.1118,12.2824,0.29,0.28,30.4,40.0,600.0,,0,0,0,0
4437,4,164.25,0.9999,51.5213,5.2334,0.69,1.53,91.0,117.0,2400.0,,0,0,4,0
2230,4,48.02,1.0,55.3979,10.534,0.51,0.26,70.5,44.0,0.7,1998.0,4,1,4,4
2238,4,150.09,1.0,55.4606,10.5115,0.77,0.75,80.0,93.0,2.3,2010.0,4,4,4,4
2970,4,142.01,0.96,41.5779,-5.7174,0.68,0.58,68.3,90.0,2500.0,,0,0,4,0
2081,4,153.02,1.0,56.4149,9.5309,0.42,0.46,50.0,47.0,660.0,,0,0,0,0
1108,4,173.33,0.6416,47.1451,-0.653,0.51,0.48,83.0,90.0,2500.0,2007.0,4,4,4,4
1113,4,7.33,0.8007,52.7073,9.9698,0.38,0.48,73.5,75.0,400.4,,4,0,4,0
4103,4,158.77,0.9998,52.9877,-4.2744,1.16,1.75,21.3,28.0,225.0,,0,0,0,0
4105,4,16.61,0.933,50.734,8.4947,0.7,1.03,149.0,115.0,3.0,,4,4,4,0
4115,4,19.22,0.726,56.172,-3.2666,0.57,0.41,65.0,90.0,2500.0,,0,0,0,0
1106,4,156.55,0.8839,52.56,-0.1773,0.65,0.75,68.3,90.0,3000.0,,0,0,0,0
649,4,137.13,0.9968,55.8939,12.1972,1.98,1.13,40.0,47.0,660.0,,0,0,0,0
4069,4,128.19,0.9205,49.6802,9.4922,0.59,0.33,78.0,40.0,600.0,,0,0,0,0
4078,4,133.51,0.9999,53.1861,18.4171,0.17,0.1,30.4,40.0,600.0,,0,0,0,0
4079,4,29.85,0.6402,54.0461,9.42,0.66,0.47,99.0,101.0,3000.0,,0,0,4,0
4083,4,52.1,0.7417,56.0304,-3.8671,0.78,0.37,75.0,100.0,2850.0,,0,0,4,0
6047,4,130.54,0.9854,53.4153,18.9199,1.48,0.77,115.0,108.0,3000.0,,0,0,4,0
6061,4,111.96,0.9987,51.0981,19.3073,1.38,0.33,53.9,71.0,2000.0,,0,0,0,0
6029,4,170.34,0.6041,52.3348,17.4568,0.85,0.62,75.9,100.0,2500.0,,0,0,0,0
6035,4,107.29,0.9032,58.4146,-6.4434,0.67,0.17,36.4,48.0,900.0,,0,0,0,0
621,4,141.57,0.8784,49.8112,12.076,0.35,0.25,71.0,36.5,0.8,,0,0,3,0
629,4,7.89,0.6202,54.3372,13.285,0.31,0.24,50.0,44.0,0.6,,4,4,4,0
6119,4,66.23,0.937,51.0956,-1.3937,0.69,0.23,30.4,40.0,0.0,,0,0,3,0
2989,4,170.21,0.9761,49.0039,11.2863,0.38,1.19,138.0,82.0,2300.0,,0,0,0,0
3011,4,17.71,0.8341,48.1578,-3.1481,0.34,0.37,67.0,48.0,800.0,2006.0,4,4,4,4
4059,4,34.27,0.8312,54.3769,9.8116,0.57,0.37,120.0,116.8,3000.0,,0,0,0,0
1543,4,105.82,1.0,56.1573,10.659,0.51,0.08,45.0,60.0,1300.0,,0,0,0,0
6076,4,173.82,0.967,62.0467,16.9528,0.37,0.85,105.0,90.0,2000.0,2012.0,4,4,4,4
6077,4,171.42,0.914,63.2492,18.1546,0.83,1.04,115.0,113.0,3000.0,2015.0,4,4,4,4
6080,4,12.26,0.9917,57.664,-1.9358,0.76,1.47,30.4,40.0,500.0,,0,0,0,0
6084,4,101.83,0.9462,56.6469,12.9991,3.43,0.56,95.0,100.0,1800.0,2015.0,4,4,4,4
188,4,30.24,0.8837,50.9572,10.7856,0.52,0.38,43.3,57.0,1050.0,,0,0,4,0
2982,4,167.25,0.9935,52.1406,9.2517,0.28,0.69,73.0,53.0,0.8,2009.0,4,4,4,1
2052,4,17.06,0.9022,53.9792,11.6252,1.78,2.56,21.3,28.0,250.0,,0,0,0,0
2056,4,119.46,0.9883,51.5748,9.2892,3.03,1.17,60.0,48.0,600.0,,0,0,0,0
2057,4,12.67,1.0,56.5985,10.1236,0.31,0.75,45.0,48.0,750.0,,0,0,0,0
2061,4,22.46,0.9943,51.1808,7.8232,1.8,2.73,85.0,71.0,2000.0,,0,0,0,0
2062,4,1.27,0.9964,57.4853,10.0473,0.39,3.08,32.0,27.0,225.0,,0,0,0,0
2067,4,158.15,0.6652,52.2246,10.1905,0.37,0.29,69.0,62.0,1300.0,,0,0,0,0
4042,4,137.25,0.9913,47.983,11.4083,1.41,0.96,149.0,115.0,3.0,,4,4,4,0
4052,4,137.65,0.998,58.34,11.4134,0.66,0.39,65.0,65.0,1750.0,2002.0,4,4,4,4
3966,4,24.81,0.861,50.9167,4.2267,0.51,0.67,150.0,82.0,2000.0,,4,0,4,0
3968,4,127.01,0.9943,53.5757,-1.2309,0.98,0.42,70.2,92.5,2050.0,,0,0,0,0
4015,4,48.48,0.6707,58.5808,12.3726,1.41,0.79,93.0,67.5,1400.0,2009.0,4,4,4,4
4019,4,176.92,0.9785,58.0534,13.736,0.38,1.15,72.0,52.0,850.0,2004.5,4,4,4,4
4026,4,29.08,0.9798,55.5352,14.3404,0.7,0.8,32.0,27.0,220.0,1993.0,4,4,4,4
4038,4,132.36,0.9403,49.6844,10.3902,0.7,0.44,139.4,92.0,2.4,,4,4,4,0
1066,4,29.28,0.9549,49.462,9.5063,0.73,0.76,170.0,82.0,2.4,2004.0,4,0,4,2
1075,4,67.51,0.9841,52.5684,9.4387,3.36,1.01,65.0,48.0,0.0,,0,0,1,0
6120,4,175.48,0.9154,60.8116,16.6624,0.43,0.7,108.0,82.0,2300.0,2014.0,4,4,4,4
6131,4,77.09,0.963,55.089,-6.6572,1.46,0.27,56.0,48.0,800.0,,0,0,0,0
6191,4,84.55,0.9677,47.6972,-1.1641,3.17,0.44,106.0,117.0,3600.0,,4,4,3,0
6192,4,4.56,0.8918,46.3441,0.3316,0.54,1.12,114.5,138.2,3000.0,2023.0,4,4,3,4
6209,4,168.47,1.0,46.7865,-1.6834,0.36,1.22,78.0,90.0,2000.0,2008.0,4,3,4,4
6214,4,142.34,0.8843,50.7736,-4.5114,1.73,1.29,23.5,31.0,330.0,,0,0,0,0
6184,4,44.02,0.8951,52.5991,19.9303,1.54,1.2,105.0,90.0,2000.0,,0,0,0,0
2006,4,63.29,0.933,47.9255,7.8812,2.03,0.98,160.0,138.2,4230.0,2024.5,4,3,4,4
2018,4,131.7,0.9921,42.1266,-4.635,0.82,0.56,105.0,90.0,2000.0,,0,0,0,0
2025,4,22.1,0.8751,55.4122,9.9967,0.46,0.45,50.0,48.0,750.0,2001.0,3,3,3,3
6185,4,48.27,0.7674,58.579,13.9714,0.28,0.15,31.0,27.0,220.0,2006.0,4,4,4,4
3035,4,52.6,0.9971,48.1548,-2.8943,0.59,0.32,105.0,136.0,3100.0,2024.0,2,2,4,2
3039,4,134.21,0.9983,48.0025,-2.7766,0.82,0.54,84.3,82.0,2000.0,2010.0,4,4,4,4
4001,4,102.66,0.9642,50.2551,21.2937,0.38,0.06,21.3,28.0,250.0,,0,0,0,0
3022,4,85.14,0.6397,52.8706,7.5229,0.62,0.27,50.0,40.3,0.5,,0,0,4,0
3950,4,55.58,0.9965,54.0154,15.2288,1.1,0.42,,,2000.0,,0,0,4,0
3964,4,154.23,1.0,53.5438,9.997,0.91,1.11,6.0,104.0,0.0,,4,0,3,0
6230,4,141.21,0.993,47.1927,-0.7874,1.01,0.85,83.0,90.0,2500.0,,4,4,4,0
1986,4,118.96,0.9952,50.7488,13.1325,1.31,0.47,65.0,70.0,1800.0,,0,0,0,0
3921,4,22.88,0.8491,50.3674,11.8815,0.5,0.6,76.7,101.0,3050.0,,0,0,0,0
3924,4,175.06,0.839,51.5702,-2.8577,0.96,1.34,80.0,90.0,3500.0,,0,0,1,0
3931,4,149.92,0.998,51.365,9.1903,0.91,0.99,135.0,101.0,3000.0,,0,0,0,0
3942,4,141.31,0.8736,51.8988,7.6111,3.02,1.94,175.0,117.0,3200.0,2015.5,1,0,3,2
687,4,7.63,0.913,48.0895,8.8805,0.43,0.88,85.0,40.3,0.5,,4,0,4,0
3914,4,40.32,0.989,39.7444,-3.2925,0.48,0.43,80.0,100.0,1800.0,,0,4,4,0
6221,4,5.08,0.8254,57.5967,-2.0859,2.04,2.62,55.0,48.0,800.0,2016.0,1,1,1,1
6224,4,153.46,0.9998,51.9204,4.8644,0.74,0.91,108.0,82.0,3000.0,,0,0,0,0
6229,4,84.9,1.0,47.026,-1.0008,0.95,0.06,80.0,90.0,2000.0,2010.0,4,4,4,4
664,4,121.54,0.8803,54.8525,-1.747,1.43,0.66,30.4,40.0,500.0,,0,0,0,0
673,4,140.75,0.7418,50.885,13.3653,0.37,0.24,78.0,40.0,700.0,,0,0,4,0
674,4,15.82,0.9919,48.3364,8.1409,0.91,1.94,109.5,87.0,2000.0,2010.0,4,4,4,4
677,4,150.1,0.8894,51.7591,12.9828,0.76,0.79,76.0,48.0,800.0,,0,0,0,0
3071,4,111.88,0.9999,47.0854,-0.1464,0.99,0.27,84.0,82.0,2000.0,,0,0,4,0
3073,4,140.88,1.0,49.7006,0.7728,0.73,0.58,85.0,71.0,2300.0,,4,0,4,0
3906,4,81.68,0.8018,58.1183,13.7467,1.07,0.29,98.0,82.0,2000.0,2008.0,4,4,4,4
657,4,95.93,0.7666,51.3839,12.7858,0.55,0.19,65.0,40.3,0.5,1996.0,0,0,4,4
659,4,9.84,0.9911,53.4389,9.5349,0.46,1.27,60.0,43.0,0.6,1996.0,2,2,2,2
662,4,2.39,0.9231,51.9664,8.8209,0.29,0.62,98.0,71.0,2300.0,2008.0,0,0,4,1
6276,4,116.66,0.784,54.4458,-7.6224,2.39,1.02,53.0,77.0,1500.0,,0,0,0,0
6279,4,157.05,0.9971,45.9073,-0.4085,0.44,0.71,112.0,110.0,2200.0,2022.0,4,4,4,4
6284,4,160.45,0.895,54.6232,-6.5438,1.24,1.84,21.3,28.0,250.0,,0,0,0,0
3059,4,35.36,1.0,47.2252,-1.2573,0.7,0.67,128.5,71.0,2300.0,2011.0,4,0,4,4
3065,4,172.86,0.9956,49.4715,7.2886,0.22,1.17,70.0,56.0,0.8,2001.0,4,4,4,4
6256,4,158.64,0.9952,50.4683,2.4519,0.66,1.09,94.0,112.0,3000.0,2022.0,4,4,4,4
6270,4,108.3,0.9999,46.368,1.5506,2.06,0.47,102.0,100.0,2000.0,2021.0,4,4,4,4
3886,4,98.21,1.0,46.8954,-1.7175,1.16,0.11,100.0,92.0,2050.0,2014.0,4,4,4,4
3049,4,158.65,0.9999,47.8547,-1.7617,0.28,0.48,68.0,64.0,1200.0,2008.0,4,4,4,4
3057,4,171.87,0.9999,49.2855,-1.3105,0.2,0.9,100.0,71.0,2000.0,,4,0,4,0
3856,4,24.33,0.7227,50.849,6.4766,0.56,0.44,105.0,149.0,5700.0,2025.0,3,3,3,3
3857,4,107.94,0.9939,58.6915,11.3018,3.16,0.57,47.5,47.0,700.0,2000.5,4,4,4,4
3865,4,18.68,0.9018,46.415,0.0854,0.53,0.96,78.0,90.0,2000.0,2012.0,0,0,4,4
160,4,108.89,0.884,51.8694,6.7818,4.58,1.33,100.0,70.5,0.2,,0,0,1,0
162,4,64.11,0.8756,51.0495,8.8798,0.53,0.24,32.6,43.0,250.3,1997.0,0,0,4,4
1923,4,4.52,0.9901,55.1008,10.1194,0.25,1.02,23.0,24.6,0.0,1981.0,1,0,1,1
1932,4,134.2,1.0,55.2668,12.2805,0.49,0.27,46.0,48.0,750.0,,0,0,0,0
1935,4,128.39,0.9499,55.6418,11.893,1.15,0.49,46.0,48.0,600.0,,0,0,0,0
6302,4,112.17,0.7616,54.9258,-6.8977,2.83,1.01,61.5,81.0,2300.0,,0,0,0,0
6315,4,132.15,0.9997,46.4611,-0.1464,0.86,0.53,150.0,100.0,3000.0,,4,0,4,0
710,4,134.86,0.6501,51.0109,14.7214,0.72,0.41,100.0,82.0,2000.0,,0,0,0,0
718,4,143.96,0.8877,50.6449,13.2691,0.44,0.33,36.0,28.0,250.0,,0,0,0,0
6348,4,177.21,0.9353,50.0605,2.7839,0.3,0.8,94.0,112.0,4000.0,,0,0,4,0
3807,4,14.52,0.9999,49.1224,8.585,0.23,0.56,30.0,82.4,0.0,2021.0,3,0,3,3
3812,4,146.19,0.9483,58.2229,13.0048,1.6,1.05,107.0,82.0,2000.0,2011.5,4,4,4,4
694,4,34.08,0.9309,48.3675,9.1492,0.86,0.82,46.0,43.0,600.0,,0,0,0,0
705,4,32.59,0.9581,51.5613,6.3783,0.71,0.69,44.0,58.0,3350.0,,0,0,2,0
6328,4,177.56,0.7332,51.7153,3.7662,0.01,0.02,85.0,82.0,2300.0,,0,0,0,0
6330,4,158.93,0.9575,48.2035,-0.9178,0.72,1.16,62.2,82.0,2850.0,,0,0,4,0
6338,4,9.59,0.9995,48.9627,0.4543,0.28,1.07,75.0,100.0,2200.0,2022.0,4,4,4,4
6341,4,16.53,0.7798,46.2504,0.2142,0.8,0.91,100.0,100.0,2625.0,,0,0,4,0
1939,4,57.96,0.7982,57.453,10.4771,3.54,1.56,30.0,25.0,150.0,,0,0,0,0
1962,4,143.89,0.8854,52.7907,10.7209,0.46,0.43,97.0,100.0,2050.0,2010.0,1,0,4,2
1963,4,150.1,0.854,54.192,10.8868,0.57,0.43,68.0,62.0,1300.0,,0,0,0,0
1969,4,13.04,0.9455,51.0964,3.6947,0.46,0.96,138.5,138.0,2000.0,2015.0,2,1,1,1
1027,4,173.26,0.9975,50.1587,4.9421,0.47,2.19,30.4,40.0,0.7,,0,0,2,0
1034,4,138.68,0.9859,53.5045,8.5756,2.93,1.93,35.0,37.0,4000.4,,0,0,2,0
3756,4,7.73,0.956,57.1459,18.1753,0.28,0.66,41.0,40.5,575.0,1996.5,4,4,4,4
3099,4,162.35,1.0,49.7183,2.4033,0.52,1.07,83.0,93.0,2300.0,2009.0,4,4,4,4
3101,4,35.83,0.8721,52.1857,17.3123,2.41,2.02,68.3,90.0,2000.0,,0,0,0,0
3105,4,96.2,0.8719,52.354,17.3769,1.75,0.41,75.9,100.0,2500.0,,0,0,0,0
6401,4,40.74,0.906,53.3848,5.9808,1.3,0.94,23.5,31.0,300.0,,0,0,0,0
1908,4,24.19,0.7201,50.4752,9.3562,0.49,0.45,50.0,43.0,600.0,,0,0,4,0
1910,4,163.24,0.9931,55.1366,10.4754,0.86,1.58,80.0,24.0,0.9,2002.0,3,0,3,3
1914,4,157.25,0.9607,55.2117,9.5556,0.61,0.86,46.0,50.0,800.0,,0,0,0,0
6374,4,118.64,0.9862,48.1717,-2.3569,1.22,0.48,92.0,115.0,2990.0,2022.0,4,4,4,4
6382,4,117.31,0.9822,41.5382,-4.9973,0.81,0.33,105.0,90.0,2.5,,0,0,4,0
144,4,154.14,0.9749,52.1339,8.9322,0.44,0.52,69.0,62.0,1300.0,,0,0,4,0
6447,4,34.28,0.9936,52.2811,17.3892,1.85,1.64,75.9,100.0,2500.0,,0,0,0,0
114,4,175.53,0.9968,52.0544,9.1429,0.18,1.26,58.4,77.0,1500.0,,0,0,0,0
1602,4,168.43,1.0,56.2924,10.0502,0.25,0.67,35.0,43.0,500.0,,0,0,0,0
1605,4,138.08,1.0,56.4625,8.8321,0.41,0.26,50.0,48.0,750.0,,0,0,0,0
1612,4,67.76,0.8761,55.8693,9.6786,0.69,0.21,49.0,52.0,850.0,,0,0,0,0
1624,4,155.81,0.9655,55.0177,12.3057,0.54,0.74,44.5,43.0,0.6,,3,3,3,0
6412,4,90.91,0.7625,28.5428,-13.9144,0.88,0.51,39.5,52.0,850.0,,0,0,0,0
6416,4,4.23,0.9374,53.6032,9.2755,0.37,0.89,149.0,66.0,4200.0,,4,0,4,0
3759,4,111.5,0.9974,55.4986,13.6051,0.48,0.11,65.0,40.0,500.0,1998.0,2,2,2,2
3780,4,27.13,0.9967,51.5593,-3.6233,1.17,1.3,80.0,85.0,0.2,,0,0,2,0
1921,4,167.23,1.0,56.4447,10.1946,0.29,0.7,50.0,48.0,750.0,,0,0,0,0
1599,4,79.24,0.9796,49.5088,7.4061,2.06,0.35,127.0,102.5,2.5,2013.5,4,4,4,4
1600,4,63.33,0.9842,54.9818,9.0443,2.07,0.57,35.7,47.0,750.0,,0,0,0,0
3734,4,111.46,0.9394,48.4016,8.2855,0.73,0.22,105.0,90.0,2000.0,,0,0,0,0
3738,4,74.64,0.6248,58.5375,12.5267,1.02,0.42,95.0,100.0,2500.0,2011.0,4,4,4,4
3742,4,149.01,0.9998,55.4536,13.4655,0.64,0.6,64.0,71.0,2300.0,2008.0,4,4,4,4
3745,4,27.61,0.9262,48.5472,11.3719,1.66,1.83,190.0,101.0,3.0,,4,4,4,0
3746,4,178.61,0.9999,50.852,2.7604,0.03,0.78,70.2,92.5,2050.0,,0,0,0,0
6485,4,35.45,0.6324,49.5338,6.5608,0.93,0.72,134.0,131.0,3.6,2023.0,4,4,4,4
3718,4,163.5,0.9801,52.1357,18.5777,0.52,1.06,35.7,47.0,750.0,,0,0,0,0
3721,4,1.68,0.8594,58.2924,11.4449,0.36,0.4,47.5,42.5,625.0,1997.5,4,4,4,4
3726,4,131.87,0.9892,53.4383,8.9854,0.64,0.33,58.0,40.0,600.0,,0,0,0,0
3727,4,27.35,0.9895,49.5864,6.8026,1.05,1.27,149.0,115.0,3.0,2015.0,4,4,4,4
3729,4,6.71,0.8617,53.5328,-1.2411,0.51,0.76,78.0,92.5,2000.0,,0,0,4,0
6478,4,30.78,0.9676,46.4183,0.5045,1.45,1.67,114.0,132.0,3000.0,2023.0,4,4,4,4
3144,4,158.5,0.8325,50.8075,12.1506,0.36,0.36,85.0,77.0,1500.0,,0,0,0,0
3708,4,173.42,0.8515,53.1902,8.2667,0.45,0.61,99.0,101.0,3000.0,,0,0,4,0
6464,4,131.26,0.9355,48.8143,8.601,1.03,0.66,164.0,149.0,4500.0,2024.0,4,4,4,4
6466,4,165.96,0.9965,48.7556,-0.0963,0.31,0.84,100.0,100.0,2000.0,2023.0,4,4,4,4
6469,4,48.6,0.878,51.2422,17.9633,2.39,1.51,64.5,85.0,2000.0,,0,0,0,0
6470,4,135.29,0.9029,51.1213,17.9156,1.26,0.83,119.0,112.0,3000.0,,0,0,0,0
6474,4,29.88,0.8885,52.7392,-3.3187,2.6,2.68,39.5,52.0,850.0,,0,0,0,0
740,4,84.35,0.9879,51.4088,13.2857,0.57,0.05,70.0,48.0,600.0,,0,0,0,0
745,4,173.2,0.9994,52.6287,8.3991,0.42,2.03,65.0,40.0,0.5,2011.0,4,4,4,1
1878,4,31.56,0.9997,55.8658,-4.1229,0.68,0.63,15.2,20.0,100.0,,0,0,0,0
3700,4,12.97,0.9476,49.8382,0.5746,0.34,0.62,119.0,82.0,2000.0,,4,4,4,0
727,4,17.13,0.9089,52.2114,13.4914,0.39,0.5,100.0,80.0,1000.9,2003.5,0,0,4,4
730,4,39.27,0.997,51.0186,13.573,1.58,1.27,60.0,46.0,600.0,2000.0,1,1,1,1
6508,4,15.88,0.8513,58.933,14.8234,1.51,1.55,120.0,142.0,4100.0,2021.0,4,4,4,4
6530,4,178.68,0.8957,54.2295,9.7516,0.54,0.88,93.0,114.0,4575.0,,0,0,4,0
1863,4,78.43,0.9414,54.9838,10.5304,1.62,0.29,29.0,31.0,300.0,2018.0,0,0,0,1
1868,4,48.37,0.9974,50.9188,19.1956,2.37,1.25,53.9,71.0,2000.0,,0,0,0,0
6487,4,98.5,0.9671,56.9189,12.8245,1.6,0.2,94.0,112.0,3300.0,2014.0,4,4,4,4
6499,4,164.92,0.7793,60.591,16.3169,1.07,0.79,100.0,101.0,2300.0,2012.0,4,4,4,4
6568,4,50.67,0.5962,47.8523,1.531,0.57,0.36,62.2,82.0,2200.0,,0,0,4,0
6587,4,44.31,0.9769,54.3095,-6.3311,4.15,2.51,19.0,25.0,150.0,,0,0,0,0
6588,4,49.31,0.7446,54.2636,-5.918,3.24,1.77,21.3,28.0,225.0,,0,0,0,0
6592,4,14.61,0.9867,54.0407,-6.0545,0.76,1.41,21.3,28.0,225.0,,0,0,0,0
6597,4,142.03,0.806,49.5584,9.3024,0.85,0.63,149.0,126.0,3450.0,,4,4,4,0
6601,4,73.61,0.8143,52.8585,10.8021,0.95,0.34,100.0,92.5,2050.0,,0,0,0,0
6553,4,47.41,0.6635,50.2307,3.352,0.97,0.53,117.0,126.0,3000.0,2022.0,4,4,4,4
6557,4,119.96,0.9917,49.1651,3.3308,0.83,0.31,92.0,115.0,3000.0,2022.0,4,4,4,4
1903,4,151.59,0.9991,55.1544,10.594,1.06,1.14,50.0,47.0,0.7,2000.0,3,3,3,3
1905,4,65.92,0.9581,55.801,9.5263,1.58,0.43,55.0,47.0,660.0,,0,0,0,0
1042,4,81.36,0.9605,50.4972,6.6919,0.64,0.11,64.0,71.0,2300.0,,0,0,0,0
3119,4,83.7,0.9163,41.8964,-4.5401,0.66,0.15,39.5,52.0,0.8,,0,0,4,0
1881,4,173.73,0.9851,52.124,4.6159,0.27,1.1,80.0,90.0,3000.0,2007.0,4,4,4,4
1883,4,159.83,0.8575,53.5116,8.744,0.43,0.45,64.0,71.0,2.0,,4,4,4,0
1886,4,171.95,0.9712,51.4836,13.4861,0.4,1.03,60.0,43.0,0.6,,3,4,4,0
3659,4,176.77,0.6693,52.6857,13.1297,0.49,0.44,108.0,82.0,1400.0,2007.5,0,0,4,4
6631,4,146.83,0.9663,54.5086,-6.707,2.18,1.94,76.7,101.0,3000.0,,0,0,0,0
6651,4,123.15,0.9607,56.2113,-5.6424,1.62,0.66,80.0,92.5,2050.0,,0,0,0,0
3184,4,133.85,0.992,55.9651,8.555,1.84,0.92,80.0,90.0,3000.0,2019.0,4,4,4,4
986,4,47.86,0.9362,55.3317,9.4989,2.39,1.3,46.0,48.0,600.0,,0,0,0,0
987,4,152.25,0.9825,54.1337,12.3134,1.09,1.28,100.0,82.0,2300.0,,0,0,0,0
989,4,18.28,0.9836,56.2584,10.1039,0.94,1.38,44.0,52.0,900.0,,0,0,0,0
990,4,41.47,0.8605,51.4943,8.4741,1.33,0.91,140.7,116.8,3000.0,,4,4,4,0
3653,4,167.31,0.8269,39.5308,-3.514,0.41,0.58,78.0,90.0,2000.0,,4,4,4,0
6617,4,10.27,0.9182,52.4965,16.2287,0.99,1.75,,,,,0,0,0,0
6625,4,151.8,0.958,54.2517,-6.0074,2.06,2.37,21.3,28.0,225.0,,0,0,0,0
3155,4,31.7,0.9274,58.2862,13.2288,0.68,0.48,73.5,53.0,825.0,2006.0,4,4,4,4
3170,4,118.45,0.9914,52.4312,19.1924,0.92,0.34,19.0,25.0,150.0,,0,0,0,0
6604,4,21.13,0.8168,51.7195,4.6029,0.54,0.58,70.0,50.0,6.2,,0,0,4,0
6606,4,150.99,0.6201,56.8557,-2.4969,3.25,1.96,75.1,99.0,2500.0,,0,0,0,0
6610,4,112.59,0.8344,54.1316,13.1595,0.89,0.3,137.0,70.5,4000.0,2023.0,4,0,4,4
3614,4,172.03,0.8427,52.5833,7.8357,1.16,1.59,75.0,43.0,600.0,,0,0,0,0
3625,4,140.18,0.9038,50.631,18.9987,1.29,1.09,17.5,23.0,160.0,,0,0,0,0
798,4,53.12,0.9971,55.7364,9.8631,2.49,1.0,50.0,54.2,1000.0,,0,0,0,0
3604,4,167.41,0.8982,53.1,10.6674,0.37,0.45,50.0,40.0,600.0,,0,0,0,0
3607,4,120.23,0.7301,49.9393,23.0139,0.83,0.37,78.0,87.0,2000.0,,0,0,0,0
3206,4,178.06,0.6924,50.2705,8.8814,0.39,0.39,70.0,48.0,600.0,,0,0,4,0
3225,4,121.08,0.9845,50.8876,-4.4136,2.78,1.19,49.0,60.0,1000.0,,0,0,0,0
3228,4,140.99,0.9083,53.3177,-1.2415,2.05,1.41,60.0,70.0,1500.0,,0,0,0,0
1809,4,136.55,0.9996,55.4719,11.7268,1.46,0.86,45.0,47.0,660.0,,0,0,0,0
1811,4,4.78,0.7242,55.4153,11.8585,2.49,2.06,45.0,47.0,660.0,,0,0,0,0
1815,4,157.1,0.8032,53.3748,9.1833,0.3,0.29,65.0,40.0,600.0,,0,0,0,0
766,4,21.14,0.9991,56.1409,8.8108,0.55,0.77,31.0,28.0,0.2,1992.0,3,3,3,3
776,4,155.94,0.8675,49.585,8.076,0.91,0.99,137.0,119.0,3.2,2014.5,4,4,4,4
786,4,25.35,0.9916,55.4224,9.1264,0.99,1.06,54.0,52.0,850.0,,0,0,0,0
1018,4,1.02,1.0,52.0194,4.633,0.03,1.01,135.0,43.0,3000.0,,4,0,4,0
765,4,20.99,0.9601,51.7498,6.6898,1.43,1.98,53.1,70.0,1800.0,,0,0,0,0
6699,4,17.8,0.9525,57.6459,-2.7391,0.64,1.02,53.9,71.0,2300.0,,0,0,0,0
6700,4,164.4,0.9961,51.1947,6.2774,0.73,1.73,70.0,48.0,4200.0,2024.0,0,0,3,3
6701,4,10.37,0.8657,50.9696,6.4256,0.57,0.84,119.0,70.5,6200.0,2024.0,4,0,4,4
6714,4,90.44,0.7932,53.8486,10.0874,2.21,0.75,60.0,80.0,6.0,2025.0,0,0,3,1
3561,4,138.7,0.9894,51.4434,4.5055,0.66,0.46,100.0,92.5,2050.0,,0,0,0,0
6670,4,171.66,0.9824,51.772,-4.2559,0.05,0.17,30.4,40.0,500.0,,0,0,0,0
1645,4,9.84,0.7636,55.344,9.2665,2.08,2.19,45.0,54.2,1000.0,,0,0,0,0
1655,4,20.81,0.9381,56.4654,10.8353,1.03,1.14,45.0,44.0,0.6,1998.0,0,3,3,3
1656,4,33.77,0.9914,56.4573,10.7752,1.73,1.41,45.0,44.0,0.6,1998.0,0,3,3,3
72,4,49.59,0.9535,52.2773,9.6667,2.54,1.37,76.0,47.0,0.7,2001.0,0,0,3,3
1789,4,3.36,1.0,56.5693,9.8006,0.06,0.61,45.0,47.0,0.7,2000.0,4,4,4,4
1641,4,104.99,0.9999,56.5037,8.482,0.71,0.1,45.0,44.0,0.6,,4,0,4,0
6742,4,91.22,0.8032,51.2733,18.0882,2.51,0.8,64.5,85.0,2000.0,,0,0,0,0
6746,4,3.08,0.7421,45.8742,-0.2388,0.41,0.49,113.0,110.0,2200.0,2023.0,4,4,4,4
6750,4,159.88,0.771,46.1173,1.1334,0.55,0.61,118.9,131.0,3000.0,2023.0,4,4,4,4
6751,4,28.23,0.9521,47.8112,-1.2728,1.03,1.22,107.0,103.0,2350.0,2023.0,4,4,4,4
6756,4,144.0,0.7464,49.9584,3.6287,0.53,0.47,98.0,101.0,4000.0,2023.0,0,0,4,4
6759,4,151.08,0.9899,48.5464,-3.6098,0.29,0.36,50.0,52.9,800.0,2023.0,4,4,4,4
3198,4,50.84,0.8969,53.2207,8.6775,0.62,0.3,64.7,70.0,1800.0,,0,0,0,0
6721,4,2.64,0.8203,50.4539,10.6101,0.42,0.59,30.6,40.3,3450.0,,0,0,4,0
6731,4,170.06,0.9991,49.6514,0.668,0.21,0.79,85.0,71.0,2200.0,2023.0,0,0,4,4
6735,4,152.18,0.7505,54.0965,10.5039,0.61,0.51,135.0,31.0,4850.0,,2,0,4,0
3556,4,4.11,0.8325,55.595,13.9451,0.39,0.45,67.5,57.0,1300.0,2005.5,4,4,4,4
3559,4,176.14,0.8801,57.2813,13.7612,0.41,0.64,80.0,90.0,2500.0,2009.0,4,4,4,4
95,4,149.56,0.9863,51.0335,11.218,0.4,0.38,68.0,62.0,1300.0,,0,0,4,0
96,4,26.62,0.7893,51.5844,6.6446,0.81,0.71,149.0,58.0,2.3,2015.0,2,0,4,2
3531,4,146.47,0.9951,56.8767,-6.1534,0.06,0.05,,,0.0,,0,0,4,0
3533,4,143.11,0.8152,51.1268,14.6532,0.35,0.26,30.4,40.0,500.0,,0,0,0,0
3534,4,141.91,0.832,50.9997,8.381,0.59,0.42,68.3,90.0,2000.0,,0,0,0,0
3543,4,162.19,0.7991,49.5311,7.0838,0.69,0.71,140.0,112.0,3.1,2013.0,4,4,4,4
3551,4,126.09,0.9563,55.5691,13.8969,2.4,1.16,65.0,46.0,700.0,2006.5,4,4,4,4
3554,4,141.42,0.9296,49.6016,10.0398,0.91,0.65,125.0,90.0,2000.0,,0,0,0,0
973,4,101.81,0.8478,51.1256,12.8858,0.48,0.14,65.0,40.3,0.5,,0,0,4,0
980,4,111.32,1.0,56.3627,10.0987,0.65,0.14,49.0,52.0,900.0,,0,0,0,0
3520,4,144.64,0.7991,52.6225,7.9013,0.53,0.33,90.0,76.0,2000.0,,1,1,1,0
79,4,113.52,0.9693,52.2014,9.9362,0.74,0.2,85.0,77.0,1500.0,,0,0,0,0
86,4,67.0,0.8801,49.8775,8.9792,0.61,0.22,104.0,68.0,1.5,2004.5,4,4,4,4
962,4,122.07,0.9645,14.5143,-60.8462,0.22,0.13,55.0,32.0,0.3,,0,0,4,0
964,4,125.29,0.8195,52.1957,7.2777,1.68,0.87,149.0,115.7,3000.0,,3,0,3,0
1779,4,147.71,0.9931,55.3509,10.0101,1.53,1.25,50.0,47.0,0.7,2000.0,3,3,3,3
6825,4,56.4,0.7092,45.8564,-0.1148,0.98,0.56,115.0,149.0,3450.0,,2,2,4,0
1734,4,70.95,0.9999,51.4703,9.4426,0.56,0.12,65.0,40.3,600.0,,0,0,4,0
1741,4,11.51,0.937,56.2473,8.6946,0.46,0.77,48.0,54.2,1000.0,,0,0,0,0
1756,4,11.24,0.983,52.2223,11.5554,0.62,1.41,70.0,58.0,1.0,2004.0,4,4,4,4
1776,4,99.95,0.5562,51.2694,12.5298,0.56,0.31,65.0,40.0,0.7,2003.0,0,0,4,4
6796,4,177.19,0.9869,52.8722,18.0117,0.22,0.92,29.6,39.0,500.0,,0,0,0,0
6798,4,134.65,0.8954,46.9903,0.269,1.02,0.67,99.0,117.0,2780.0,2024.0,4,4,4,4
6802,4,10.71,0.9421,51.9106,13.3854,0.44,0.96,65.0,40.0,600.0,,0,0,0,0
6782,4,79.3,0.9968,51.0352,19.7114,2.25,0.31,100.0,90.0,2000.0,,0,0,0,0
6858,4,135.99,0.9958,46.2533,1.1747,1.22,0.88,89.0,122.0,3600.0,,0,0,4,0
3243,4,112.19,0.9729,54.7803,-3.1751,3.07,0.86,45.5,60.0,1300.0,,0,0,0,0
3488,4,117.81,0.6862,55.8506,13.1621,0.55,0.22,62.5,46.5,650.0,2003.0,4,4,4,4
3504,4,159.27,0.9987,50.6561,3.6464,0.52,0.86,100.0,92.5,2050.0,,0,0,0,0
6839,4,141.48,0.9941,45.9828,-0.0926,0.86,0.74,95.0,110.0,2200.0,2024.0,4,4,4,4
6842,4,167.46,0.991,48.5515,-3.4909,0.5,1.18,60.0,58.0,3600.0,,0,0,4,0
6849,4,11.8,0.8841,51.1756,8.1505,0.51,0.77,161.0,158.0,5500.0,,4,4,4,0
825,4,177.99,0.8742,51.0138,9.8771,0.36,0.61,40.0,33.0,600.0,,2,2,4,0
827,4,115.96,0.9998,51.3685,11.7753,0.62,0.19,65.0,40.3,500.0,,0,0,0,0
809,4,24.99,0.6532,51.2832,8.3166,0.54,0.37,95.0,90.0,2000.0,,0,0,4,0
3294,4,73.67,1.0,56.8409,16.6881,1.19,0.19,80.0,90.0,2000.0,2011.0,4,4,4,4
3296,4,17.41,0.9939,58.0718,14.5649,0.65,1.07,100.0,101.0,2300.0,2011.0,4,4,4,4
912,4,124.39,1.0,58.3181,14.8859,0.83,0.3,74.0,52.0,850.0,2003.0,4,4,4,4
3454,4,34.76,0.9987,54.4676,8.8684,1.44,1.17,53.9,71.0,2300.0,,0,0,0,0
3473,4,165.78,0.9519,51.7594,17.9673,1.38,2.73,38.7,51.0,800.0,,0,0,0,0
6895,4,7.76,0.7958,49.5841,9.4548,1.15,1.21,139.8,138.2,3000.0,,4,4,4,0
6905,4,147.56,0.9721,51.8622,17.0505,1.51,1.46,,,,,0,0,0,0
3266,4,11.83,0.9038,49.7701,10.7512,0.51,0.68,140.0,112.0,3075.0,,0,0,2,0
6879,4,88.64,0.6378,51.1543,3.213,0.63,0.3,85.0,70.0,2950.0,,0,0,4,0
6881,4,26.62,0.6019,50.9357,8.2556,0.78,0.51,73.0,52.9,800.0,,0,0,0,0
6893,4,153.57,0.6172,48.3321,11.5094,0.96,0.78,175.0,172.0,7200.0,,4,4,4,0
3433,4,156.55,0.7377,52.8967,9.3638,0.48,0.48,64.0,71.0,2000.0,,0,0,0,0
3436,4,175.93,0.8143,54.538,-1.2258,1.08,1.33,80.0,92.5,2050.0,,0,0,0,0
890,4,114.49,0.9365,51.0515,14.1474,1.68,0.7,60.0,46.0,600.0,,1,0,0,0
3371,4,92.52,0.9831,51.4056,12.4342,1.19,0.11,140.0,100.0,2.5,,4,0,4,0
3373,4,171.29,0.9535,53.1968,5.848,0.35,0.78,21.3,52.9,800.0,2016.0,0,1,1,1
860,4,117.49,0.9502,52.1442,8.8077,5.55,2.11,65.0,70.0,1500.0,,0,0,0,0
870,4,176.29,0.7798,51.0489,9.8907,0.33,0.38,93.6,82.0,1500.0,,3,0,4,0
1694,4,138.63,0.9889,28.5522,-17.7887,0.24,0.25,20.5,27.0,225.0,,0,0,0,0
1698,4,159.6,0.5446,50.5708,12.2785,0.54,0.38,100.0,77.0,1500.0,,0,0,0,0
3320,4,28.88,1.0,49.4232,5.8389,0.93,1.09,80.0,90.0,2.5,,4,4,4,0
3322,4,179.16,0.9847,49.1547,11.8588,0.28,1.57,149.0,101.0,3000.0,,0,0,0,0
3323,4,121.91,0.9412,49.1679,11.7947,1.91,0.81,149.0,101.0,3000.0,,0,0,0,0
6934,4,175.52,0.7383,53.2405,15.856,1.18,1.22,91.1,120.0,2500.0,,0,0,0,0
6966,4,117.96,0.9437,46.115,0.9367,1.18,0.56,122.0,136.0,3000.0,2024.0,4,4,4,4
6968,4,20.34,0.8644,46.3988,0.4511,1.14,1.79,100.0,100.0,2200.0,2024.0,4,4,4,4
1687,4,171.88,1.0,56.8842,9.1887,0.1,0.4,45.0,48.0,750.0,,0,0,0,0
7015,4,71.71,0.8188,52.8172,17.4318,1.91,0.73,100.0,90.0,2000.0,,0,0,0,0
7020,4,11.11,0.8743,51.7006,12.4112,0.47,0.69,68.5,62.0,5500.0,2025.0,0,0,4,4
7027,4,12.17,0.8326,51.2885,8.916,0.71,0.98,164.0,149.0,5700.0,2025.0,4,4,4,4
7034,4,143.02,0.9606,48.0913,-2.6333,0.89,0.78,98.0,82.0,3000.0,,0,0,4,0
6977,4,15.95,0.8666,56.6106,-2.6848,1.41,1.56,23.5,31.0,330.0,,0,0,0,0
6990,4,107.69,0.8994,57.4442,14.2327,2.15,0.52,200.0,41.0,550.0,,4,0,0,0
6992,4,158.54,0.9313,50.6949,-2.1811,0.65,0.88,30.4,40.0,2000.0,,0,0,4,0
6993,4,47.47,0.9976,50.1743,3.3352,1.88,1.11,105.0,150.0,4200.0,2025.0,4,4,4,4
7013,4,18.01,0.9471,51.892,8.1104,0.56,0.82,169.0,40.0,6200.0,2025.0,4,0,4,4
1715,4,3.28,0.7892,51.5955,7.3902,0.27,0.31,73.0,52.9,800.0,,0,0,0,0
6971,4,95.66,0.9998,48.1631,-2.2911,1.25,0.09,115.0,138.0,3000.0,2024.0,4,4,4,4
841,4,132.76,0.6059,50.2481,11.9469,0.6,0.36,85.0,70.0,1800.0,,0,0,1,0
843,4,69.44,0.911,27.8999,-15.3886,0.28,0.16,34.9,46.0,660.0,,0,0,0,0
7235,4,159.24,0.9635,53.9676,9.5358,0.69,0.78,164.0,148.1,5.8,,4,4,4,0
3340,4,23.47,0.7917,51.0918,6.5303,0.5,0.56,128.0,104.0,3400.0,,0,0,0,0
3360,4,105.26,0.8567,53.3796,19.1909,3.34,0.86,105.0,90.0,2000.0,,0,0,0,0
3361,4,120.95,0.9388,49.393,9.5364,0.73,0.28,100.0,77.0,1500.0,2005.5,4,4,4,4
7177,4,34.68,0.7626,54.7958,9.253,0.65,0.43,105.0,82.0,5700.0,,4,0,4,0
7185,4,63.47,0.5934,52.6995,7.4561,0.72,0.35,169.0,40.3,7200.0,,4,0,4,0
7070,4,112.27,0.8531,51.0343,8.294,1.5,0.48,68.3,90.0,2000.0,,0,0,0,0
7082,4,119.21,0.9683,52.6324,9.6313,1.1,0.37,137.0,126.0,5700.0,2025.0,0,0,4,4
7168,4,176.21,0.93,51.0769,11.4854,0.43,0.99,30.4,40.0,4200.0,2025.0,0,0,4,4
7043,4,4.96,0.7788,60.4976,16.2412,0.79,0.76,115.0,101.0,6500.0,2023.0,1,0,1,1
7045,4,126.33,0.9794,47.9017,9.6582,1.1,0.57,100.0,100.0,5530.0,2026.0,0,0,4,4
52,4,38.87,0.8943,52.3158,8.9883,2.51,1.89,20.5,27.0,500.4,,0,0,2,0
61,4,122.98,0.9938,51.4722,6.5109,2.88,1.31,67.4,77.0,1500.0,2010.0,4,4,4,4
64,4,52.7,0.7817,50.8414,6.1999,0.6,0.32,102.0,99.5,3.0,,4,4,4,0
4,4,170.34,0.9986,52.9372,8.8454,0.16,0.57,65.0,40.3,500.0,,0,0,0,0
19,4,117.63,0.9322,50.2228,8.7227,0.7,0.24,105.0,90.0,1500.0,,0,0,4,0
7210,4,177.48,0.9458,50.8173,7.9849,0.77,2.09,166.0,77.0,5560.0,,4,0,4,0
7212,4,79.08,0.9998,5.4776,-53.2206,0.12,0.02,,,,,0,0,0,0
7213,4,179.22,0.9913,51.0124,9.3256,0.22,1.4,166.6,74.0,5560.0,,4,0,4,0
7221,4,167.89,0.9628,53.2751,13.7189,0.56,1.11,180.0,175.0,6800.0,,4,4,4,0
7094,4,102.75,0.9986,49.6885,1.1782,0.95,0.14,91.0,117.0,3600.0,2025.0,4,4,4,4
7105,4,164.98,0.9949,57.4234,-6.2195,0.2,0.35,12.0,71.0,2300.0,,4,0,0,0
7110,4,17.05,0.9671,53.8422,11.0774,0.84,1.2,169.0,162.0,6000.0,,4,4,4,0
7116,4,99.48,0.9999,12.1346,-68.8102,0.77,0.12,,,,,0,0,0,0
7121,4,64.18,0.8266,49.5816,7.7969,1.35,0.55,169.0,162.0,6200.0,,4,4,4,0
876,4,178.72,0.851,52.6528,8.4708,0.35,0.54,130.0,52.0,2.0,2007.0,4,2,4,4
881,4,12.48,0.9766,48.968,-0.9626,0.36,0.95,67.0,87.0,2.0,,4,0,4,0
7087,4,17.89,0.9839,52.8481,10.734,0.78,1.2,161.0,92.5,5500.0,,4,0,4,0
7092,4,142.8,0.9946,48.3191,-3.0903,1.78,1.72,91.0,126.0,3600.0,,4,4,4,0
5718,3,131.25,0.8494,50.7435,-4.3239,0.33,0.18,30.4,40.0,500.0,,0,0,0,0
4388,3,93.75,0.884,51.95,-0.6329,1.28,0.28,58.4,77.0,1500.0,,0,0,1,0
4390,3,112.1,0.9992,58.3681,12.8172,2.72,0.6,65.0,39.0,850.0,2003.0,3,2,3,3
4393,3,161.62,1.0,48.4226,-0.5042,0.28,0.55,87.0,71.0,2300.0,2012.0,3,3,3,3
5701,3,111.63,0.9882,55.6877,-2.692,1.89,0.49,59.0,82.0,2050.0,,0,0,0,0
5702,3,97.8,0.971,51.3035,20.9663,0.24,0.03,105.0,90.0,2000.0,,0,0,0,0
5706,3,24.24,0.9821,55.7181,-2.0396,1.42,1.51,65.0,90.0,2000.0,,0,0,0,0
4366,3,123.39,0.9828,52.8171,18.1419,1.18,0.43,40.2,53.0,2000.0,,0,0,1,0
4383,3,4.01,0.7125,48.6038,10.969,0.34,0.34,139.0,120.0,2.5,2016.0,3,3,3,3
1455,3,115.25,0.9999,52.7444,8.2397,0.56,0.16,98.0,70.0,1800.0,,0,0,0,0
1465,3,51.06,0.9942,55.7627,9.0046,2.56,1.12,49.0,62.0,1300.0,,0,0,0,0
1471,3,130.64,0.9999,51.0875,13.0514,0.31,0.17,60.0,43.0,600.0,,0,0,0,0
4357,3,124.82,1.0,51.6307,3.9448,0.96,0.41,85.0,104.0,3400.0,2014.0,3,3,3,3
4364,3,178.68,0.7887,50.6089,9.7861,0.39,0.43,198.0,117.0,2.4,,3,0,3,0
2202,3,107.84,0.9993,44.3141,4.7383,1.18,0.28,80.0,90.0,2300.0,,3,3,3,0
4310,3,166.15,0.9664,55.1447,14.9277,0.4,0.76,80.0,93.0,2300.0,,0,0,0,0
4318,3,171.45,0.8278,54.7332,8.5687,0.53,0.58,64.0,71.0,2300.0,2015.0,0,0,3,3
4320,3,125.86,1.0,55.9528,13.0505,0.73,0.3,80.0,90.0,2000.0,2011.0,3,3,3,3
4323,3,144.73,0.9999,56.601,-3.1154,0.09,0.07,21.3,28.0,250.0,,0,0,0,0
4324,3,104.06,0.9989,51.8851,8.328,1.26,0.19,170.0,120.0,2500.0,,3,3,3,0
258,3,81.26,0.7548,49.1526,7.5743,0.67,0.25,67.0,66.0,1.6,2001.0,3,3,3,3
259,3,165.82,1.0,53.9422,13.2873,0.13,0.3,32.6,43.0,0.7,,0,0,3,0
265,3,34.45,0.9912,51.2252,14.2274,1.73,1.65,86.0,52.0,0.8,2001.0,3,3,3,3
275,3,61.8,0.9457,54.5943,13.2862,0.61,0.18,50.1,66.0,1650.0,,0,0,1,0
2179,3,147.48,0.9054,53.8827,-1.6509,1.76,1.55,55.0,70.0,2000.0,,0,0,0,0
4295,3,133.67,0.9922,50.1036,11.9743,0.64,0.39,139.0,120.0,2750.0,,0,0,0,0
4297,3,158.61,0.8832,47.9679,10.7599,0.38,0.5,140.0,112.0,3300.0,,0,0,0,0
4299,3,87.71,1.0,58.4671,15.2532,0.58,0.01,73.0,53.0,850.0,2007.0,3,3,3,3
4304,3,177.78,0.9966,56.5276,-3.0087,0.21,1.72,30.4,40.0,500.0,,0,0,0,0
5803,3,157.31,0.9566,50.8936,-3.6786,0.02,0.03,59.0,82.0,2050.0,,0,0,0,0
5804,3,118.0,0.6414,50.8873,-3.9285,2.6,1.51,50.0,58.0,850.0,,0,0,0,0
4276,3,1.51,0.7581,54.4646,-2.9236,0.03,0.03,16.4,40.0,500.0,,3,0,0,0
4277,3,150.03,0.955,55.5265,11.5689,0.66,0.69,80.0,93.0,2300.0,,0,0,0,0
4285,3,179.91,0.5813,54.11,-2.7519,1.94,1.24,53.9,71.0,0.5,,0,0,1,0
4292,3,118.82,0.9167,56.0845,-3.3795,3.91,1.21,60.0,77.0,1500.0,,0,0,0,0
4293,3,82.47,0.9193,49.2767,6.8526,0.78,0.16,149.0,115.0,3.0,2018.0,3,3,3,3
5797,3,163.04,0.8587,50.9566,-4.2722,1.59,1.98,64.0,71.0,2300.0,,0,0,0,0
5798,3,3.34,0.9344,51.7339,7.2697,0.34,0.69,166.0,150.0,5600.0,,3,3,3,0
5799,3,112.12,0.9854,43.5209,-6.7876,0.34,0.1,68.3,90.0,2000.0,,0,0,0,0
1141,3,152.68,0.9848,51.771,8.4708,0.51,0.56,113.5,71.0,2300.0,,0,0,0,0
1147,3,156.34,0.7058,51.8139,8.6291,0.35,0.31,108.0,82.0,2300.0,,0,0,0,0
5758,3,162.12,0.9821,56.9594,-7.5007,0.81,1.31,33.4,44.0,900.0,,0,0,0,0
5773,3,174.1,0.9974,58.7808,-3.245,0.46,2.1,33.4,44.0,900.0,,0,0,0,0
5785,3,126.31,0.9844,58.3524,12.6228,1.95,0.72,105.0,82.0,2000.0,2009.0,3,3,3,3
5786,3,159.31,0.8592,49.7157,4.2347,0.47,0.54,86.0,136.0,3000.0,2020.0,3,3,3,3
4269,3,10.54,0.8898,50.8542,8.9947,0.38,0.62,141.0,117.0,2400.0,2014.0,3,0,3,3
4270,3,177.09,0.8068,56.15,14.7755,0.25,0.26,55.0,47.0,660.0,2000.0,3,3,3,3
4273,3,149.22,0.9984,52.4549,17.7779,1.07,1.05,19.0,25.0,150.0,,0,0,0,0
4235,3,131.69,0.9218,59.0109,14.9256,0.64,0.28,105.0,90.0,2000.0,2012.0,3,3,3,3
4243,3,43.38,0.9998,54.8261,-7.4299,0.78,0.47,21.3,28.0,250.0,,0,0,0,0
4254,3,7.46,0.9999,47.9484,-3.86,0.15,0.74,80.0,80.0,2000.0,2015.0,3,3,3,3
4256,3,164.12,1.0,47.9778,-2.0088,0.26,0.62,95.0,90.0,2000.0,2012.0,3,3,3,3
4259,3,145.51,0.9998,55.1622,14.7606,0.38,0.31,80.0,93.0,2.3,2015.0,3,3,3,3
5840,3,132.23,0.9983,47.724,-0.8599,0.66,0.4,95.0,100.0,2000.0,2020.0,3,3,3,3
5847,3,91.32,0.6501,54.6241,-1.6892,2.78,1.11,60.0,60.0,0.0,,0,0,1,0
2137,3,150.53,0.9804,50.5993,11.8357,0.36,0.39,39.5,52.0,900.0,,0,0,0,0
5813,3,158.04,0.9995,50.4515,8.4223,0.33,0.52,139.0,120.0,2.8,2020.0,3,3,3,3
5815,3,167.51,0.6944,46.7874,-0.4912,0.51,0.56,110.0,92.0,2350.0,,3,3,3,0
5824,3,3.44,0.9923,49.7192,10.6358,0.34,1.99,141.0,117.0,2400.0,,3,0,3,0
5825,3,40.9,0.9868,53.9112,-1.6023,0.63,0.41,55.0,70.0,2000.0,,0,0,0,0
5828,3,45.25,0.9992,58.9274,14.0484,0.86,0.44,100.0,100.0,2500.0,2011.0,3,3,3,3
5830,3,25.64,0.9595,52.1038,20.3212,0.21,0.22,,,,,0,0,0,0
5833,3,161.31,0.9974,55.6322,-4.3939,0.07,0.11,60.0,80.0,2000.0,,0,0,0,0
1098,3,161.45,0.9967,48.9772,6.8635,0.26,0.5,100.7,71.0,2300.0,2009.0,3,3,3,3
1099,3,154.84,0.9997,48.9638,6.8326,0.66,0.92,100.7,71.0,2300.0,2009.0,3,3,3,3
4222,3,169.84,0.9744,53.6265,-1.6821,1.02,2.65,60.0,80.0,2500.0,,0,0,0,0
4227,3,177.18,0.9595,52.3184,19.8794,0.26,0.79,105.0,90.0,2000.0,,3,0,3,0
584,3,14.93,0.9506,52.4044,9.1281,0.37,0.64,65.0,40.0,600.0,,0,0,0,0
5883,3,19.32,0.896,55.9248,-2.8378,1.5,1.81,39.5,52.0,850.0,,0,0,0,0
5890,3,172.33,0.7187,53.6935,16.991,0.48,0.43,68.3,90.0,2000.0,,0,0,0,0
2928,3,97.12,0.9311,54.2093,12.8776,0.44,0.08,30.6,40.3,500.0,,0,0,0,0
1092,3,112.91,0.7928,51.9084,10.5393,0.33,0.13,42.0,40.0,0.5,,3,2,3,0
1093,3,178.13,0.9983,53.7559,-0.9399,0.12,1.3,59.0,82.0,2050.0,,0,0,0,0
1097,3,100.32,0.9965,54.6713,9.5984,0.38,0.04,32.6,43.0,600.0,,0,0,0,0
2169,3,80.64,0.9976,48.0484,8.1251,0.42,0.05,65.0,40.0,600.0,,0,0,0,0
5860,3,179.97,0.9999,51.3943,21.1152,0.0,0.03,105.0,90.0,2000.0,,0,0,0,0
5863,3,133.85,0.9982,54.7022,-1.7724,2.15,1.25,46.0,50.0,800.0,,0,0,0,0
5878,3,161.69,1.0,51.2824,5.9886,0.6,1.13,98.0,82.0,2300.0,,0,0,0,0
2882,3,23.35,0.6351,53.4904,7.3319,0.38,0.26,53.1,70.0,1800.0,,0,0,0,0
2887,3,27.54,0.992,50.1822,10.2096,0.71,0.84,105.0,100.0,2000.0,2011.0,0,0,3,2
2888,3,20.42,0.9475,51.1769,-4.1229,0.25,0.41,36.4,48.0,800.0,,0,0,0,0
2149,3,96.59,0.8045,49.4955,12.0214,0.85,0.29,138.0,82.0,2.3,2011.0,2,2,3,3
2152,3,141.44,1.0,56.07,10.0815,0.25,0.17,44.0,48.0,750.0,,0,0,0,0
2165,3,148.93,0.9925,50.5511,1.7466,0.66,0.72,65.0,70.5,1500.0,2006.0,3,3,3,3
4193,3,75.98,0.9969,49.2415,10.6364,0.68,0.11,140.0,112.0,3.3,2017.0,3,0,3,3
4197,3,174.48,1.0,56.0948,-3.6676,0.02,0.11,59.0,82.0,2050.0,,0,0,0,0
4204,3,141.73,0.9998,59.0952,15.3676,0.83,0.54,95.0,100.0,1800.0,2016.0,3,3,3,3
2134,3,176.1,0.979,55.816,11.8906,0.08,0.27,36.0,31.0,0.4,1993.0,3,3,3,3
4179,3,79.12,0.8624,50.1434,10.0949,0.71,0.2,140.0,112.5,2500.0,2015.0,0,0,3,1
4186,3,162.61,0.9617,52.5127,10.2843,0.53,0.89,104.0,92.0,2350.0,,3,0,3,0
5928,3,129.54,0.9999,53.3886,9.2894,0.43,0.21,64.0,70.0,2000.0,,3,0,3,0
219,3,131.65,0.9906,52.7495,10.7192,0.46,0.25,74.0,52.0,0.8,,0,0,3,0
235,3,99.56,0.9831,51.1147,7.7834,2.88,0.41,76.0,47.0,0.7,,0,0,1,0
2122,3,34.79,1.0,55.4274,11.7037,0.28,0.23,45.0,44.0,600.0,,0,0,0,0
592,3,176.72,0.9964,55.3643,13.3285,0.2,1.36,45.0,42.0,600.0,1997.0,3,3,3,3
5910,3,157.43,0.9826,53.1178,-0.8611,0.43,0.58,41.0,54.0,500.0,,0,0,0,0
5911,3,166.25,0.9241,53.858,16.2916,0.61,1.0,85.8,113.0,3000.0,,0,0,0,0
5922,3,124.56,0.999,55.8228,-2.3798,0.1,0.04,69.0,92.5,2050.0,,0,0,0,0
5982,3,1.11,0.9994,51.637,9.0528,0.05,1.12,134.0,75.0,3300.0,,3,0,3,0
5995,3,122.37,0.9986,53.5577,-1.3698,0.64,0.24,75.0,103.0,2850.0,,0,0,0,0
5999,3,149.46,0.9947,51.2489,5.7767,0.6,0.62,200.0,140.0,4200.0,,3,3,3,0
6000,3,27.96,0.9942,54.4742,18.0512,1.13,1.2,36.4,48.0,800.0,,0,0,0,0
6002,3,179.49,1.0,60.5659,-1.0241,0.0,0.09,62.2,82.0,3000.0,,0,0,0,0
5963,3,9.56,0.9994,50.6638,3.7605,0.35,1.25,150.0,82.0,3400.0,,3,0,3,0
5968,3,178.7,0.9555,50.0946,3.1327,0.41,1.15,91.5,117.0,3450.0,2019.0,3,3,3,3
5969,3,114.17,0.9999,49.9521,3.3599,0.56,0.16,95.0,100.0,2200.0,2020.0,3,3,3,3
5976,3,170.57,0.9999,46.2724,1.1144,0.16,0.69,89.0,122.0,2200.0,,0,0,3,0
5978,3,0.89,1.0,47.5526,0.0994,0.02,0.76,95.0,100.0,2200.0,,3,3,3,0
5940,3,104.92,0.9965,51.783,5.2659,1.92,0.31,98.0,82.0,3675.0,,0,0,3,0
5948,3,65.99,1.0,53.5675,-2.0103,1.07,0.28,80.0,104.0,3400.0,,0,0,0,0
5951,3,69.07,0.9966,51.9056,1.0371,1.19,0.31,59.0,92.5,2050.0,,0,0,0,0
4218,3,119.2,0.9994,51.0743,19.5611,2.75,0.98,105.0,90.0,2000.0,,0,0,0,0
2902,3,12.22,0.7375,52.1027,9.1885,0.4,0.38,85.0,70.5,3450.0,2001.0,0,0,3,3
1500,3,144.36,1.0,57.7362,10.5678,0.28,0.21,45.0,52.0,0.9,2002.0,3,3,3,3
1513,3,169.86,0.999,56.317,10.3845,0.45,1.4,49.0,52.0,900.0,,0,0,0,0
1514,3,156.66,0.9414,55.3405,9.6001,1.15,1.36,44.0,52.0,900.0,,0,0,0,0
1520,3,4.18,1.0,55.4058,8.6851,0.12,0.94,49.0,62.0,1300.0,,0,0,0,0
4150,3,76.9,1.0,58.3834,15.2155,0.99,0.12,105.0,90.0,2000.0,2011.0,3,3,3,3
4151,3,4.46,0.9993,58.3831,15.3098,0.27,1.57,45.0,42.0,600.0,1997.0,3,3,3,3
2115,3,81.27,1.0,52.294,11.4697,0.43,0.04,77.0,43.0,600.0,,0,0,0,0
2120,3,105.76,1.0,55.2726,11.4985,0.34,0.06,32.0,37.0,0.5,1994.0,0,3,3,3
6015,3,157.65,1.0,55.6746,-2.4422,1.18,1.61,102.0,62.0,1300.0,,0,0,0,0
6016,3,96.72,0.9999,56.4966,-2.8524,0.17,0.01,85.0,71.0,2000.0,,0,0,0,0
4119,3,12.0,0.984,55.1668,14.8743,0.71,1.59,80.0,93.0,2300.0,,0,0,0,0
4120,3,72.67,0.9717,49.7359,11.6493,1.09,0.23,141.0,117.0,2400.0,,0,0,0,0
4129,3,58.37,0.991,49.1257,10.1463,1.45,0.55,140.0,77.0,2750.0,,2,0,2,0
4140,3,153.45,0.9537,51.7685,19.8562,0.46,0.59,80.5,106.0,3000.0,,0,0,0,0
4144,3,169.18,0.9675,58.4018,15.1383,0.33,0.63,73.0,53.0,800.0,2011.0,3,3,3,3
1123,3,137.49,0.9604,50.7765,6.2734,0.37,0.25,64.0,71.0,2300.0,,0,0,0,0
2940,3,7.27,0.9275,51.2868,9.2648,0.25,0.49,76.0,48.0,800.0,,0,0,3,0
5210,3,33.73,0.9814,54.7783,-5.7636,2.09,1.83,21.3,28.0,250.0,,0,0,0,0
2958,3,15.59,0.8235,49.543,10.1085,0.53,0.65,137.0,126.0,3300.0,,0,0,0,0
7196,3,46.9,0.9969,50.4895,7.7206,1.26,0.75,166.0,66.0,5560.0,,3,0,3,0
2971,3,178.61,1.0,52.4354,8.7531,0.04,1.0,135.0,127.0,7500.0,,0,0,0,0
6009,3,70.08,0.9905,43.1893,-8.942,1.93,0.5,87.0,126.0,2550.0,,3,3,0,0
6010,3,61.15,0.9985,60.1847,-1.3078,0.61,0.16,39.5,52.0,850.0,,0,0,0,0
6014,3,4.51,0.9168,50.7948,12.4721,0.39,0.76,169.0,117.0,5600.0,,3,0,3,0
1553,3,84.0,0.8881,56.2373,10.4882,4.27,0.88,40.0,43.0,600.0,,0,0,0,0
7147,3,46.61,1.0,49.1235,8.5051,0.02,0.01,101.0,82.4,2000.0,,0,0,0,0
7155,3,92.31,0.861,54.8539,-6.6387,2.99,0.67,21.3,28.0,250.0,,0,0,0,0
7159,3,169.89,0.9619,51.2611,8.7421,0.29,0.71,148.0,162.0,5600.0,,3,3,3,0
1118,3,157.88,0.9515,50.8556,12.7171,0.45,0.68,70.0,43.0,0.6,,0,0,2,0
4090,3,167.75,0.9947,58.9752,12.6074,0.21,0.46,32.0,25.0,150.0,2009.0,3,3,3,3
7164,3,56.44,0.9517,57.3851,-6.5218,0.34,0.13,10.0,71.0,2300.0,,3,0,0,0
4104,3,100.2,0.9625,50.7391,8.4457,1.02,0.17,149.0,115.0,3.0,,3,3,3,0
7234,3,64.51,0.999,52.4309,1.217,1.6,0.49,82.7,109.0,3400.0,,0,0,0,0
4114,3,26.82,1.0,42.3551,-3.6386,1.28,1.87,60.0,80.0,2000.0,,0,0,0,0
1662,3,172.55,0.9995,51.2924,8.4228,0.1,0.49,100.0,80.0,2000.0,,0,0,0,0
402,3,77.68,0.8791,53.3822,8.2972,0.41,0.11,67.0,66.0,1650.0,,0,0,1,0
6064,3,13.66,0.9994,55.8489,-2.2314,0.48,1.05,46.0,60.0,1300.0,,0,0,0,0
646,3,179.63,0.7509,54.3528,13.0396,0.23,0.26,30.6,40.3,500.0,,0,0,0,0
873,3,153.57,1.0,28.4606,-17.8345,0.09,0.17,44.0,44.0,0.9,,3,0,3,0
7145,3,32.3,0.9974,49.6308,7.2585,0.79,0.8,169.0,162.0,6200.0,2024.0,3,3,3,3
4073,3,17.28,0.9656,48.3157,11.0279,0.4,0.78,141.0,117.0,2.4,2015.0,3,3,3,3
7236,3,18.54,0.8759,50.5861,9.3856,0.38,0.48,138.0,82.0,2300.0,,0,0,3,0
5011,3,19.04,0.9569,51.7756,-4.9995,0.22,0.36,50.0,52.0,900.0,,0,0,0,0
5025,3,22.95,0.8591,53.7488,-0.1133,0.46,0.47,78.9,104.0,3400.0,,0,0,0,0
4085,3,6.54,0.5397,55.7682,-3.0218,0.63,0.35,76.7,101.0,2300.0,,0,0,0,0
5026,3,178.98,0.9824,53.6776,-0.1145,0.1,0.52,75.1,99.0,2500.0,,0,0,0,0
6049,3,105.77,0.9551,54.7953,-1.377,1.74,0.35,60.0,80.0,2000.0,,0,0,0,0
6050,3,8.26,1.0,57.2342,-5.8856,0.23,0.86,10.0,82.0,3000.0,,3,0,0,0
6053,3,134.94,0.9999,51.9161,-5.0932,2.22,1.36,42.5,56.0,1000.0,,0,0,0,0
6056,3,142.41,0.9938,57.9633,-6.9883,0.05,0.03,15.9,21.0,100.0,,0,0,0,0
5040,3,178.6,0.7487,53.6395,-2.7741,0.22,0.2,35.7,47.0,750.0,,0,0,0,0
6063,3,13.89,0.8929,57.6045,-7.4098,0.02,0.03,55.0,44.0,900.0,,0,0,0,0
639,3,4.56,0.8812,52.2771,9.3307,0.2,0.36,65.0,40.3,0.6,,0,0,3,0
6023,3,74.01,1.0,56.054,14.2291,0.46,0.07,65.0,44.0,600.0,2002.0,3,3,3,3
6028,3,145.7,0.9999,53.2189,6.8811,0.05,0.04,35.7,47.0,660.0,,0,0,0,0
5042,3,160.56,1.0,50.8074,-4.2597,0.29,0.53,62.2,82.0,2050.0,,0,0,0,0
6030,3,137.75,0.9998,52.815,1.1132,0.04,0.03,80.0,90.0,2000.0,,0,0,0,0
5045,3,96.32,0.9525,45.1901,3.2419,0.78,0.14,81.0,100.0,2000.0,2015.0,3,3,3,3
6040,3,9.91,1.0,51.3325,-2.4966,0.04,0.16,65.0,71.0,2000.0,,0,0,0,0
6042,3,13.45,0.9974,55.7242,-2.7027,0.4,0.87,80.0,90.0,3000.0,,0,0,0,0
6044,3,158.78,0.9754,53.4638,-2.6244,0.11,0.15,61.5,81.0,2300.0,,0,0,0,0
31,3,174.18,1.0,51.7086,4.113,0.07,0.44,80.0,113.0,2750.0,,0,0,0,0
2571,3,103.48,1.0,54.7762,11.9469,0.4,0.05,45.0,48.0,750.0,,0,0,0,0
632,3,178.84,0.9148,48.2808,11.4196,0.76,1.88,149.0,115.7,2650.0,,0,0,2,0
634,3,91.1,0.8717,55.7255,12.2478,4.56,0.86,54.0,52.0,850.0,,0,0,0,0
6097,3,89.77,0.9957,56.8069,-2.7886,1.89,0.08,30.4,40.0,500.0,,0,0,0,0
6101,3,125.66,0.9988,55.8977,-2.1961,4.14,1.66,23.5,31.0,280.0,,0,0,0,0
6114,3,85.75,0.9999,48.5461,-3.0621,0.94,0.05,100.0,100.0,2200.0,2021.0,3,3,3,3
2574,3,153.89,1.0,55.7309,11.518,0.25,0.29,35.0,44.0,600.0,,0,0,0,0
2575,3,157.95,1.0,55.6539,11.4578,0.22,0.31,50.0,47.0,660.0,,0,0,0,0
2990,3,24.88,0.919,49.9808,11.1179,0.53,0.55,142.0,112.0,3100.0,,0,0,1,0
3003,3,117.01,0.9999,48.6332,-3.3352,0.65,0.22,78.0,80.0,2000.0,2006.0,3,3,3,3
3008,3,150.54,0.9997,48.5892,-3.2173,0.34,0.4,85.0,71.0,2300.0,,0,0,3,0
4985,3,115.09,1.0,47.6264,3.407,0.6,0.19,120.0,82.0,2000.0,,3,0,3,0
3014,3,37.28,0.7673,50.8275,12.4858,0.42,0.31,141.5,117.0,3450.0,,0,0,1,0
4987,3,140.82,1.0,41.918,-4.3802,0.35,0.32,68.3,90.0,2000.0,,0,0,0,0
4065,3,0.14,0.8155,52.2467,18.4606,0.2,0.27,35.7,47.0,750.0,,0,0,0,0
1525,3,155.99,1.0,56.3309,9.8633,0.25,0.31,46.0,48.0,750.0,,0,0,0,0
5002,3,123.15,0.727,49.646,7.4905,0.72,0.4,120.0,117.0,2.4,2015.0,3,3,3,3
44,3,74.3,0.6604,51.288,12.2795,0.73,0.38,76.0,48.0,800.0,,0,0,0,0
2553,3,44.03,0.978,55.1495,14.8005,1.25,0.72,31.0,20.0,0.1,1988.0,2,2,2,2
2556,3,13.31,0.9995,55.7973,11.9792,0.6,1.46,18.0,15.0,0.1,,1,1,1,0
2561,3,4.05,0.9999,55.2351,12.0588,0.28,2.21,35.0,44.0,600.0,,0,0,0,0
1664,3,98.49,0.9999,55.5247,9.0659,0.39,0.03,55.0,47.0,660.0,,0,0,0,0
1665,3,146.28,1.0,56.085,9.929,0.32,0.27,45.0,47.0,660.0,,0,0,0,0
7132,3,167.45,0.9905,46.909,-0.467,0.26,0.82,114.0,131.0,4200.0,,3,3,3,0
7138,3,46.08,0.9892,57.3246,-6.4317,1.68,0.9,10.0,31.0,330.0,,3,0,0,0
7144,3,153.95,0.9995,54.7118,-7.4721,1.21,1.4,21.3,28.0,225.0,,0,0,0,0
2058,3,71.37,0.8337,54.8395,9.7396,0.5,0.16,45.0,54.2,1000.0,,0,0,0,0
2544,3,161.04,0.935,55.6322,8.8258,0.35,0.46,45.0,43.0,600.0,,0,0,0,0
2549,3,11.64,0.9853,42.6527,-1.7606,0.1,0.32,70.0,77.0,1500.0,,0,3,3,0
2064,3,141.97,0.9157,53.3625,6.028,1.64,1.12,23.5,31.0,300.0,,0,0,0,0
2508,3,74.64,0.6751,56.7588,9.2873,0.24,0.11,31.0,29.0,225.0,,0,0,0,0
2515,3,38.89,0.9978,55.7234,8.8668,1.58,1.05,46.0,48.0,750.0,,0,0,0,0
4046,3,110.79,1.0,56.848,16.8532,0.62,0.13,73.0,53.0,800.0,2010.0,3,3,3,3
4049,3,161.46,0.8372,54.6198,9.6021,0.41,0.42,93.0,114.0,3.2,,0,0,3,0
4966,3,63.91,1.0,51.5278,19.7103,0.14,0.04,80.5,106.0,3000.0,,0,0,0,0
4967,3,54.64,0.928,52.8123,19.7048,2.12,0.95,68.3,90.0,2000.0,,0,0,0,0
3967,3,11.18,0.9707,51.6035,12.1569,0.32,0.69,65.0,40.0,600.0,,0,0,0,0
4977,3,168.4,0.6643,52.7322,14.6495,0.37,0.34,100.0,100.0,2500.0,,0,0,0,0
3976,3,168.73,0.8386,48.4908,-2.4426,0.59,0.84,62.2,82.0,2350.0,,0,0,3,0
4012,3,172.36,1.0,58.283,12.9819,0.2,0.8,95.0,90.0,2000.0,2009.0,3,3,3,3
2536,3,125.36,0.988,54.9413,8.7879,0.48,0.21,23.8,31.3,480.0,,0,0,0,0
4949,3,143.25,0.942,56.9394,9.6668,1.55,1.0,53.0,44.0,750.0,,0,0,0,0
4023,3,74.16,0.9338,55.4111,13.4442,4.28,0.9,79.0,86.0,2150.0,2014.0,2,2,2,2
405,3,16.24,0.9727,50.4264,6.6,0.16,0.33,160.0,47.0,0.7,2021.0,1,0,3,1
4029,3,1.71,0.8461,54.6844,-3.4934,0.32,0.42,69.0,92.5,2050.0,,0,0,0,0
4035,3,74.27,0.9999,55.4023,13.0933,2.6,0.42,27.0,16.0,40.0,2012.0,2,2,2,2
417,3,77.72,1.0,53.8268,9.1882,0.44,0.06,53.0,44.0,0.6,,3,3,3,0
6143,3,177.08,0.9989,54.5186,-5.8088,0.22,2.05,19.0,25.0,150.0,,0,0,0,0
6145,3,153.26,0.9561,57.0324,14.9834,0.56,0.56,145.0,149.0,4800.0,2021.0,3,3,3,3
1057,3,25.86,0.8451,49.6314,9.7702,0.22,0.21,65.0,40.0,600.0,,0,0,0,0
420,3,66.77,0.9918,53.8832,10.4935,0.32,0.08,64.0,72.0,0.2,1992.0,0,0,3,3
2475,3,108.72,1.0,56.2357,9.6328,0.45,0.09,91.5,117.0,3600.0,,0,0,0,0
1078,3,162.19,0.9902,50.6933,13.3221,0.76,1.42,50.0,43.0,600.0,,0,0,0,0
4006,3,66.99,1.0,50.1984,18.0211,0.18,0.05,80.5,106.0,3000.0,,0,0,0,0
4011,3,141.06,0.9899,49.5619,7.9161,0.48,0.38,135.0,101.0,3.0,2014.0,3,3,3,3
2492,3,176.04,0.9704,56.9196,9.9922,0.16,0.46,45.0,39.0,500.0,,0,0,0,0
6122,3,100.33,0.7834,57.4847,-7.2285,0.09,0.02,55.0,44.0,900.0,,0,0,0,0
6128,3,132.3,1.0,56.9971,-1.8739,1.79,0.89,120.0,164.0,8400.0,,0,3,0,0
6129,3,164.08,0.7708,54.254,-5.7237,0.57,0.52,22.0,29.0,225.0,,0,0,0,0
2493,3,162.38,0.9962,56.963,9.8935,0.35,0.65,33.0,24.6,150.0,,0,0,0,0
6132,3,73.43,0.9664,55.1258,-6.6965,1.03,0.19,56.0,48.0,800.0,,0,0,0,0
6138,3,56.43,0.9444,54.533,-7.3775,0.83,0.38,86.5,114.0,3200.0,,0,0,0,0
6139,3,51.76,0.9954,54.5318,-7.4199,2.88,1.38,86.5,114.0,3200.0,,0,0,0,0
6187,3,15.14,0.8378,54.5155,-7.0399,0.32,0.37,86.5,114.0,2500.0,,0,0,3,0
6190,3,28.69,0.9996,54.6447,-1.8523,0.8,0.83,59.0,82.0,2000.0,,0,0,0,0
2506,3,172.91,0.9007,48.9296,11.4196,0.57,1.13,141.0,117.0,1500.0,,0,0,1,0
5104,3,37.99,0.8712,53.1016,17.5697,0.95,0.68,100.0,92.5,2050.0,,0,0,0,0
6208,3,31.32,0.9958,53.7348,-2.3315,0.9,0.89,55.0,70.0,1500.0,,0,0,0,0
356,3,143.43,0.9968,50.6755,9.0562,0.33,0.28,69.0,62.0,1300.0,2001.0,0,0,3,3
6211,3,149.02,0.9538,50.3156,21.3797,0.15,0.16,21.3,28.0,250.0,,0,0,0,0
2433,3,76.96,1.0,56.2719,9.8227,0.34,0.04,45.0,48.0,750.0,,0,0,0,0
6178,3,166.1,0.7627,49.4956,5.2609,0.43,0.42,266.0,110.0,2200.0,2021.0,3,3,3,3
5079,3,1.68,1.0,46.9952,-0.2827,0.03,0.69,101.0,92.0,2350.0,,3,3,3,0
5084,3,148.04,0.8776,61.5838,16.1691,0.56,0.34,91.0,59.0,3300.0,2016.0,3,3,3,3
2007,3,4.88,0.8474,56.0095,14.2743,0.3,0.4,95.0,100.0,1800.0,2014.0,3,3,3,3
2015,3,62.74,0.9998,51.1364,7.4688,0.32,0.1,73.0,52.9,800.0,,0,0,0,0
5091,3,103.15,0.981,47.6788,7.9155,0.69,0.11,149.0,115.7,3000.0,,0,0,0,0
5103,3,35.83,0.8105,53.1742,17.5915,0.65,0.46,100.0,92.5,2050.0,,0,0,0,0
5053,3,9.07,0.9904,52.4508,17.6351,0.46,1.46,19.0,25.0,150.0,,0,0,0,0
3030,3,156.61,0.9999,49.5977,5.1232,0.34,0.51,98.0,71.0,2300.0,,0,0,3,0
5054,3,18.8,0.9657,52.2309,-0.6042,0.49,0.7,104.0,137.0,2000.0,,0,0,3,0
5060,3,174.07,0.9775,52.3401,7.7989,0.29,0.99,100.0,100.0,2000.0,,0,0,0,0
6153,3,7.95,0.9527,49.3957,9.601,0.3,0.75,160.0,126.0,4200.0,,3,0,3,0
6154,3,171.39,0.9996,50.9394,9.1452,0.25,1.02,164.0,82.0,4500.0,,3,0,3,0
6159,3,164.18,0.9742,55.0666,-6.4717,0.53,0.82,21.3,28.0,225.0,,0,0,0,0
6161,3,170.22,0.9241,50.36,21.5053,0.1,0.19,21.3,28.0,250.0,,0,0,0,0
6171,3,160.28,0.9999,48.3194,1.3768,0.42,0.79,80.0,90.0,2200.0,,0,0,3,0
3988,3,48.52,0.9996,56.4303,12.9806,0.92,0.44,50.0,42.0,600.0,1998.0,3,3,3,3
3989,3,18.57,0.9991,62.0857,17.0425,0.54,0.75,105.0,90.0,2000.0,2012.0,3,3,3,3
3994,3,93.42,0.9999,56.9465,12.3778,2.12,0.08,30.0,27.0,220.0,1991.0,3,3,3,3
3997,3,176.78,0.9962,54.4167,-6.7673,0.1,0.65,76.7,101.0,3000.0,,0,0,0,0
5064,3,71.08,0.9999,46.2346,-0.9707,0.89,0.21,93.0,116.8,3000.0,2017.0,3,3,3,3
5076,3,0.15,0.995,46.5128,0.1476,0.08,0.94,100.0,110.0,3000.0,2017.0,3,3,3,3
3023,3,89.44,0.9933,53.0889,7.5918,0.29,0.01,65.0,70.0,1800.0,,0,0,3,0
3027,3,109.15,1.0,51.2492,11.7245,0.38,0.08,15.2,20.0,100.0,,0,0,0,0
3949,3,10.01,0.9126,59.1553,15.564,0.33,0.47,74.0,52.0,800.0,2006.0,3,3,3,3
2517,3,74.64,1.0,55.5459,10.2564,0.39,0.06,47.0,47.0,0.7,1998.0,3,3,3,3
3960,3,104.63,0.9379,42.6465,-8.5144,1.35,0.36,60.7,80.0,2000.0,,0,0,0,0
2518,3,77.24,1.0,55.5468,10.2965,0.34,0.04,50.0,48.0,0.8,1999.0,3,3,3,3
2519,3,163.31,1.0,55.5414,10.3656,0.26,0.49,50.0,48.0,0.8,1999.0,3,3,3,3
6232,3,139.36,0.997,48.8434,9.6169,0.8,0.61,166.0,54.0,5600.0,,3,0,3,0
1984,3,63.38,1.0,55.4599,8.3905,0.33,0.09,40.0,47.0,0.7,2002.0,3,3,3,3
2520,3,117.78,1.0,55.5323,10.3298,0.28,0.08,50.0,48.0,750.0,,0,0,0,0
3918,3,4.63,1.0,53.035,19.0127,0.02,0.13,67.6,89.0,2050.0,,0,0,0,0
2524,3,103.13,0.6898,55.1987,9.4626,0.64,0.23,32.0,24.6,150.0,,0,0,0,0
2525,3,29.55,1.0,55.232,9.6266,0.56,0.56,46.0,50.0,800.0,,0,0,0,0
3925,3,155.6,1.0,54.1773,15.5574,0.03,0.03,13.0,106.0,3000.0,,3,0,0,0
425,3,147.52,0.9981,54.355,13.0034,0.29,0.27,53.0,44.0,0.6,,0,0,3,0
3937,3,41.99,1.0,51.3487,4.6201,0.75,0.52,105.0,90.0,2000.0,,0,0,3,0
4930,3,161.44,0.9346,57.0932,9.3551,0.73,0.85,36.0,31.0,400.0,,0,0,0,0
3946,3,175.71,0.9741,58.2225,13.5491,0.26,0.74,65.0,53.0,800.0,2006.0,3,3,3,3
683,3,56.73,0.5915,51.0789,6.7112,0.45,0.28,73.0,52.9,800.0,,0,0,0,0
684,3,109.13,1.0,54.3534,10.4606,0.35,0.07,32.6,44.0,600.0,,0,3,0,0
4935,3,77.28,0.9688,57.5774,10.2306,1.67,0.25,40.0,44.0,750.0,,0,0,0,0
3910,3,172.99,1.0,52.784,-0.9064,0.37,1.77,55.0,48.0,800.0,,0,0,0,0
3911,3,8.32,0.9345,53.7746,10.4541,0.25,0.5,56.2,74.0,1.5,2005.0,0,0,3,3
3912,3,84.96,1.0,52.8402,17.9234,0.3,0.02,21.3,28.0,250.0,,0,0,0,0
2459,3,45.35,0.9995,55.9019,10.2181,2.65,1.47,45.0,39.0,500.0,,0,0,0,0
3917,3,53.77,0.5697,51.6792,7.1495,0.89,0.54,200.0,114.0,3.2,2014.0,3,0,3,3
6215,3,0.74,1.0,58.1687,-7.0004,0.0,0.05,25.0,33.0,500.0,,0,0,0,0
6217,3,5.84,0.8707,66.9778,22.1003,0.59,0.64,121.0,126.0,3600.0,2018.0,3,3,3,3
2464,3,114.33,1.0,56.4298,9.9219,0.39,0.1,44.0,48.0,750.0,,0,0,0,0
6222,3,25.3,0.6769,52.6319,6.2448,0.55,0.41,85.0,66.0,4260.0,,0,0,3,0
2472,3,1.66,0.7735,56.0578,8.4166,0.23,0.21,49.0,52.0,900.0,,0,0,0,0
6225,3,7.75,0.8575,51.6938,-4.7839,0.68,0.91,30.4,40.0,500.0,,0,0,0,0
2473,3,157.6,0.8214,56.0426,8.7729,0.35,0.32,49.0,52.0,0.9,2002.0,3,3,3,3
681,3,142.01,0.9132,52.3159,10.8362,0.45,0.36,55.6,48.0,800.0,,0,0,0,0
2474,3,0.21,0.9957,55.841,10.6115,0.2,1.87,50.0,54.2,1000.0,,0,0,0,0
371,3,24.94,0.6053,51.4159,14.0539,0.44,0.31,75.0,48.0,0.6,,0,0,3,0
4899,3,166.92,1.0,50.9221,7.8601,0.23,0.63,141.0,117.0,2400.0,2018.0,3,3,3,3
676,3,53.71,1.0,55.9017,12.2668,0.28,0.11,40.0,47.0,660.0,,0,0,0,0
4902,3,97.01,0.7198,58.5212,11.7362,0.9,0.29,105.0,90.0,2000.0,2012.0,3,3,3,3
678,3,35.07,1.0,50.3084,8.9391,0.47,0.42,70.0,48.0,600.0,2002.0,3,3,3,3
679,3,175.61,0.8143,51.7261,7.3991,0.18,0.2,78.0,52.9,800.0,,3,0,0,0
6297,3,76.22,0.9993,52.2041,16.6827,2.82,0.44,91.0,117.0,2400.0,,0,0,0,0
4909,3,124.57,0.6964,52.7893,8.4648,0.48,0.25,138.0,115.0,3000.0,,0,3,2,0
4911,3,13.95,1.0,46.99,-0.1693,0.53,1.45,100.0,100.0,2200.0,2017.0,3,3,3,3
3083,3,152.61,1.0,50.5982,1.9583,0.3,0.37,98.0,71.0,2300.0,2012.0,3,3,3,3
3904,3,139.9,0.9688,52.1165,10.0543,0.49,0.35,140.0,112.0,3000.0,2014.0,3,3,3,3
4917,3,25.82,0.9674,50.0748,-5.6657,1.16,1.4,30.4,40.0,500.0,,0,0,0,0
4920,3,124.23,0.9847,52.9984,9.5571,0.49,0.19,73.0,52.9,800.0,,0,0,3,0
1323,3,117.05,0.889,50.9386,13.1242,0.48,0.17,70.0,48.0,600.0,,0,0,0,0
1338,3,36.56,1.0,55.7585,13.2965,0.85,0.65,64.0,71.0,2000.0,2006.0,3,3,3,3
461,3,142.18,0.9772,52.3822,10.5019,0.42,0.32,100.0,66.0,1800.0,,3,3,3,0
4881,3,36.43,0.7866,55.8506,-5.0705,0.09,0.06,45.0,52.0,850.0,,0,0,0,0
4893,3,140.83,0.886,52.5963,18.7412,0.14,0.09,,,,,0,0,0,0
6287,3,165.46,0.9991,55.0711,-6.388,1.27,2.79,68.3,90.0,3000.0,,0,0,0,0
6288,3,54.07,0.9921,55.1248,-6.3245,2.53,0.98,59.0,82.0,2000.0,,0,0,0,0
6289,3,140.07,0.984,54.8576,-6.4424,2.83,2.04,19.0,25.0,150.0,,0,0,0,0
2439,3,161.46,0.9999,56.0069,8.7854,0.27,0.44,80.0,90.0,3.0,2013.0,3,3,3,3
2443,3,162.06,0.8516,56.453,8.7242,0.7,0.74,67.0,66.0,1650.0,,0,0,0,0
1995,3,133.22,0.9983,51.5173,9.1584,0.41,0.24,98.0,82.0,2300.0,,1,0,1,0
6243,3,22.71,0.6562,55.0313,-6.9043,1.71,1.1,39.0,37.0,500.0,,0,0,0,0
6246,3,57.44,1.0,47.628,-2.4698,0.61,0.26,117.0,63.0,3500.0,2024.0,2,2,3,2
2447,3,170.85,1.0,56.2518,9.1715,0.15,0.52,49.0,52.0,900.0,,0,0,0,0
6260,3,161.03,0.9916,51.9361,19.1945,0.38,0.67,175.0,48.0,2200.0,,3,0,3,0
6263,3,150.81,0.9996,58.149,-6.495,0.24,0.22,47.0,60.0,1300.0,,0,0,0,0
2957,3,48.69,0.9979,27.932,-15.4197,0.36,0.29,15.2,20.0,0.2,,0,0,1,0
2450,3,76.32,0.6355,56.6106,8.1663,1.49,0.72,25.0,23.8,150.0,,0,0,0,0
3871,3,16.14,0.7422,54.1623,15.7216,0.49,0.44,98.0,82.0,2300.0,,0,0,0,0
3879,3,109.28,1.0,46.4613,-0.5837,0.91,0.22,102.0,101.0,3000.0,2014.0,3,3,3,3
3881,3,58.64,0.9851,54.1288,15.7581,0.87,0.31,98.0,82.0,2300.0,,0,0,0,0
2456,3,173.56,0.76,55.3318,9.1093,0.18,0.2,46.0,47.0,660.0,,0,0,0,0
3045,3,114.23,1.0,47.8946,-2.5158,0.59,0.18,78.3,82.0,2000.0,2010.0,3,3,3,3
2579,3,146.21,0.843,55.7116,11.0321,0.35,0.27,40.0,44.0,750.0,,0,0,0,0
3056,3,152.51,1.0,47.7132,-1.3323,0.56,0.73,120.5,71.0,2300.0,,3,0,3,0
2584,3,66.85,0.993,55.2631,11.6128,2.47,0.61,80.0,93.0,2.3,2010.0,2,2,2,2
3829,3,177.31,0.5926,50.2728,9.335,0.53,0.41,129.0,120.0,2500.0,,3,0,3,0
3850,3,160.06,0.9995,41.6604,-0.9072,0.01,0.02,66.0,87.0,2000.0,,0,0,0,0
3853,3,143.42,0.9605,49.4257,10.7708,0.52,0.44,199.0,120.0,2500.0,2014.0,3,0,3,3
2589,3,26.66,1.0,55.7678,11.484,0.19,0.22,35.0,37.0,500.0,,0,0,0,0
2590,3,28.07,0.6991,55.8203,11.4884,1.72,1.3,80.0,93.0,2300.0,,0,0,0,0
3858,3,137.8,0.959,39.6863,-3.2225,1.09,0.82,100.0,90.0,2000.0,,3,3,3,0
2594,3,77.95,1.0,55.3589,12.2536,0.36,0.04,50.0,44.0,600.0,,0,0,0,0
3866,3,67.0,0.9565,46.46,-0.3815,1.2,0.34,76.7,101.0,3000.0,,0,0,3,0
154,3,77.37,0.8501,53.0846,7.6648,0.89,0.27,42.5,56.0,0.2,,0,0,1,0
434,3,5.56,0.8272,50.7926,13.1935,0.32,0.44,53.0,39.0,0.5,,0,0,1,0
445,3,173.14,1.0,55.3459,10.5043,0.08,0.37,45.0,47.0,0.7,2000.0,3,3,3,3
172,3,6.61,0.7785,53.6442,9.1046,0.11,0.12,64.0,71.0,0.2,,0,0,2,0
175,3,107.26,0.9467,52.236,8.5445,0.59,0.14,99.0,40.0,0.6,2001.5,1,0,2,2
448,3,7.98,0.9851,50.3821,11.5875,0.1,0.37,65.0,77.0,1500.0,2001.0,0,0,0,3
2576,3,16.11,1.0,55.7289,11.3112,0.14,0.27,30.0,27.0,200.0,,0,0,0,0
5155,3,70.41,0.7115,51.9723,13.4196,0.75,0.3,140.0,112.0,3000.0,2018.0,0,0,3,3
6300,3,4.41,0.6088,50.7551,9.5362,0.63,0.56,139.0,120.0,2750.0,,0,0,3,0
6301,3,16.09,0.9795,53.9745,15.8621,0.67,1.37,100.0,77.0,1500.0,,0,0,0,0
5164,3,177.51,0.831,58.3013,14.0526,0.33,0.35,73.0,53.0,800.0,2008.0,3,3,3,3
6304,3,32.09,0.9756,54.9927,-6.3362,0.46,0.36,21.3,28.0,225.0,,0,0,0,0
6306,3,44.73,0.9983,51.1456,19.1535,0.83,0.5,105.0,90.0,2000.0,,0,0,0,0
6314,3,71.43,0.9855,58.5764,14.0754,0.35,0.06,42.0,37.0,500.0,2013.0,3,3,3,3
5170,3,5.11,0.9992,55.4064,-4.1393,0.19,1.02,60.7,80.0,2000.0,,0,0,0,0
153,3,161.58,0.7088,51.875,9.6021,0.28,0.25,62.0,77.0,0.2,,0,0,1,0
707,3,73.81,0.8927,52.36,8.659,1.12,0.31,65.0,70.0,1150.0,,0,0,2,0
708,3,16.44,0.8967,52.3627,8.6933,0.22,0.29,73.0,52.9,800.0,,0,0,0,0
5171,3,178.16,0.994,57.3164,-2.1139,0.17,1.11,67.0,71.0,2300.0,,0,0,0,0
430,3,139.97,0.9894,50.6664,13.1913,0.41,0.3,53.0,39.0,0.6,,0,0,2,0
723,3,156.86,1.0,51.1337,13.9581,0.27,0.4,69.0,60.0,1300.0,1999.0,2,2,3,2
6346,3,173.11,0.9989,48.4585,-0.2389,0.13,0.69,120.0,117.0,3000.0,2022.0,3,3,3,3
432,3,57.23,1.0,54.0073,13.347,0.38,0.14,29.6,39.0,0.5,,0,0,3,0
6362,3,134.13,1.0,58.4343,15.3407,0.85,0.43,105.0,90.0,2000.0,2012.0,3,3,3,3
3786,3,46.36,0.9957,53.0399,15.2647,0.85,0.49,68.3,90.0,2000.0,,0,0,3,0
3804,3,2.22,0.7052,58.1708,11.6444,0.45,0.41,95.0,90.0,2000.0,2010.0,3,3,3,3
5128,3,179.95,0.9775,56.1278,8.3062,0.63,2.5,94.0,112.0,3300.0,,0,0,0,0
5130,3,135.11,0.9859,43.3694,-8.4301,0.03,0.02,8.0,58.0,850.0,,3,0,0,0
693,3,160.6,0.9893,52.1785,8.3855,0.15,0.25,164.0,163.0,6000.0,,1,1,1,0
5132,3,66.12,1.0,56.0183,9.0456,1.87,0.47,40.0,27.0,150.0,,0,0,0,0
704,3,0.81,0.9967,49.3685,10.8603,0.08,0.86,78.0,44.0,0.6,2001.0,0,2,3,3
5134,3,133.69,1.0,55.8326,9.0799,0.6,0.32,50.0,60.0,1300.0,,0,0,0,0
5138,3,53.74,1.0,55.8353,9.0465,0.52,0.21,50.0,60.0,1300.0,,0,0,0,0
5146,3,52.57,0.9606,55.4752,10.5543,0.72,0.3,91.5,117.0,3.3,2018.0,3,3,3,3
6331,3,113.26,0.9999,47.1141,-0.6828,0.84,0.25,95.0,117.0,3600.0,2021.0,3,3,3,3
6332,3,168.1,1.0,47.2496,-0.8229,0.21,0.67,95.0,117.0,3600.0,,3,3,3,0
6336,3,46.08,0.9947,48.135,1.9496,1.12,0.72,98.0,66.0,2625.0,,0,0,3,0
5149,3,80.41,1.0,55.6764,11.2745,0.64,0.06,80.0,100.0,2000.0,,0,0,0,0
6340,3,160.41,1.0,46.8114,-0.3382,0.27,0.52,95.0,110.0,2200.0,2021.0,3,3,3,3
4833,3,9.33,1.0,51.8677,5.3274,0.17,0.64,120.0,131.0,3600.0,2019.0,3,3,3,3
1938,3,81.82,0.9984,57.4572,10.4389,1.28,0.11,30.0,25.0,150.0,,0,0,0,0
4848,3,14.96,0.8617,48.157,5.2269,0.65,0.92,95.0,100.0,2000.0,2015.0,3,3,3,3
4850,3,153.52,1.0,49.5808,4.6818,0.3,0.39,40.2,52.9,800.0,,0,0,3,0
4873,3,17.79,0.9998,57.5476,-3.0772,0.06,0.11,70.6,93.0,2300.0,,0,0,0,0
1968,3,154.85,0.9998,51.0901,3.7853,0.43,0.58,105.0,82.0,2000.0,,0,0,0,0
5221,3,146.75,0.9952,49.0922,10.1994,0.56,0.57,149.0,126.0,3.3,2017.0,3,3,3,3
1973,3,147.16,0.9929,52.6844,10.0424,0.4,0.37,95.0,90.0,2000.0,,3,0,3,0
6326,3,139.88,1.0,47.512,-1.3603,0.55,0.44,180.0,100.0,4200.0,2022.0,3,0,3,3
1022,3,162.06,0.8731,50.8114,13.8939,0.31,0.41,65.0,40.0,600.0,,0,0,0,0
5222,3,45.39,0.9926,49.055,10.1244,1.06,0.7,207.0,115.7,3.0,2017.0,3,0,3,3
1029,3,31.0,0.9783,51.3946,7.6065,1.27,1.39,164.0,149.1,5700.0,,2,2,2,0
5223,3,84.99,0.9478,49.3574,11.7974,0.74,0.12,200.0,114.0,3.2,,3,0,3,0
3753,3,59.61,0.9373,57.8794,-6.9482,2.07,0.72,8.0,21.0,100.0,,1,0,0,0
3755,3,32.49,0.9999,57.4001,13.7235,0.57,0.48,105.0,90.0,2000.0,2013.0,3,3,3,3
2411,3,60.12,0.9999,56.5195,9.2679,0.37,0.12,59.0,52.0,850.0,,0,0,0,0
3757,3,4.71,0.799,55.8448,13.4811,0.39,0.45,98.0,82.0,2000.0,2009.0,3,3,3,3
1920,3,130.1,1.0,56.4268,10.0117,0.32,0.15,46.0,48.0,600.0,,0,0,0,0
3748,3,167.36,0.9786,57.9419,11.5671,0.08,0.19,32.0,29.0,220.0,1995.0,3,3,3,3
3750,3,128.07,0.899,51.7622,7.7684,0.28,0.13,73.0,48.0,800.0,,0,0,0,0
2416,3,110.25,0.9968,48.9668,0.3654,0.85,0.21,78.5,82.0,2000.0,2010.0,3,3,3,3
4818,3,149.7,0.9902,57.2406,-7.4058,0.11,0.1,53.9,71.0,2300.0,,0,0,0,0
4820,3,57.7,0.9915,54.66,-6.168,0.2,0.07,15.0,47.0,660.0,,3,0,0,0
3108,3,107.37,0.9999,54.2128,-7.4759,0.09,0.02,80.0,90.0,3000.0,,0,0,0,0
3111,3,70.19,0.9664,52.8374,7.7232,1.17,0.32,65.0,40.3,500.0,,0,0,0,0
4832,3,32.7,0.8399,49.0167,-0.5932,0.37,0.31,69.0,100.0,2500.0,,0,0,3,0
6405,3,170.17,0.9691,55.9119,-4.6802,0.29,0.69,30.4,40.0,500.0,,0,0,0,0
6407,3,24.97,0.9512,52.7573,17.0653,0.76,0.96,68.3,90.0,2000.0,,0,0,0,0
5202,3,110.82,1.0,54.8351,11.3014,0.72,0.16,90.0,101.0,3000.0,,0,0,0,0
5203,3,107.52,1.0,54.8109,11.4992,0.61,0.11,84.0,112.0,3300.0,,0,0,0,0
1911,3,94.92,0.9998,56.4921,10.4696,0.51,0.02,45.0,48.0,750.0,,0,0,0,0
5216,3,161.28,0.9982,50.9284,-3.1265,0.4,0.71,,,,,0,0,0,0
1918,3,107.76,1.0,55.8128,13.5094,0.58,0.1,65.0,71.0,2000.0,2004.0,3,3,3,3
6365,3,133.0,1.0,58.7853,15.1363,0.69,0.33,110.0,137.0,3800.0,2019.0,3,3,3,3
6367,3,61.02,0.9105,58.8074,15.009,1.15,0.34,100.0,100.0,2200.0,2017.0,3,3,3,3
6371,3,132.82,0.9999,66.8743,23.3902,1.05,0.38,120.0,117.0,3000.0,2015.0,3,3,3,3
5220,3,1.34,0.8355,49.23,9.9483,0.38,0.53,149.0,126.0,3.3,2017.0,3,3,3,3
2596,3,65.27,0.9029,55.357,12.3138,2.1,0.72,40.0,44.0,600.0,,0,0,0,0
6383,3,30.19,0.8252,53.8036,14.954,0.65,0.54,85.0,112.0,3075.0,,0,0,0,0
6387,3,127.76,0.9945,53.6911,17.6717,0.84,0.38,68.3,90.0,2000.0,,0,0,0,0
6400,3,166.32,1.0,50.831,3.0367,0.18,0.47,108.0,82.0,2300.0,,3,3,3,0
125,3,86.73,0.9926,51.4709,7.3922,2.21,0.15,100.0,70.5,1000.0,2002.0,3,0,2,3
132,3,42.12,0.9995,57.7062,11.6696,2.09,1.26,30.0,29.5,45.0,1999.0,3,2,3,3
2597,3,67.1,0.9999,54.9632,12.146,0.14,0.03,33.0,24.6,150.0,,0,0,0,0
6445,3,0.76,1.0,53.166,6.9678,0.0,0.06,35.7,47.0,660.0,,0,0,0,0
6446,3,118.98,1.0,53.238,7.0597,0.06,0.02,32.6,43.0,600.0,,0,0,0,0
2598,3,62.85,1.0,54.9982,12.3448,0.33,0.1,45.0,48.0,750.0,,0,0,0,0
6453,3,131.43,1.0,52.3543,1.2808,0.29,0.15,82.7,109.0,3400.0,,0,0,0,0
6458,3,71.76,0.9999,52.16,20.7652,0.02,0.0,22.8,30.0,250.0,,0,0,0,0
6417,3,174.9,0.9964,50.4776,4.3158,0.1,0.67,150.0,82.0,3.0,2022.0,3,0,3,3
6424,3,172.03,1.0,56.3689,9.4479,0.18,0.7,82.0,136.0,600.0,,3,3,0,0
110,3,39.89,0.9995,52.0132,8.6441,0.51,0.37,121.0,70.0,1.8,,3,3,3,0
111,3,171.54,0.7908,51.9934,8.7121,0.33,0.38,98.0,70.0,1800.0,,0,0,0,0
5173,3,132.8,0.9999,54.9563,-3.7601,0.35,0.19,40.2,52.9,800.0,,0,0,0,0
115,3,165.48,0.8213,50.8793,12.1809,0.41,0.51,94.0,43.0,0.6,1999.0,3,0,3,3
116,3,7.51,0.8973,50.106,10.8359,0.17,0.32,166.0,66.0,1.5,2025.0,1,0,3,1
124,3,173.29,0.8918,53.2901,10.0279,0.22,0.36,85.0,82.0,2000.0,,0,0,0,0
5184,3,33.2,0.9874,57.7119,13.4615,0.9,0.74,105.0,90.0,2000.0,2012.0,3,3,3,3
2605,3,99.71,1.0,55.9685,8.7925,0.4,0.04,45.0,44.0,0.8,2000.0,3,3,3,3
2626,3,19.28,0.9392,50.5116,4.2586,0.33,0.48,150.0,92.0,2.4,2017.0,3,0,3,3
1616,3,171.6,0.9832,48.2208,8.5274,0.2,0.71,86.0,66.0,1500.0,,0,0,0,0
1617,3,93.89,1.0,55.0753,9.4163,0.35,0.01,44.0,52.0,0.9,2002.0,3,3,3,3
2636,3,23.92,1.0,55.6504,-2.3679,0.06,0.08,102.0,62.0,1300.0,,0,0,0,0
5243,3,53.77,0.9737,54.9657,-7.3155,0.45,0.18,61.5,81.0,2300.0,2015.0,0,0,1,1
5250,3,166.74,0.787,52.2759,-0.2855,0.31,0.36,150.0,89.0,2000.0,2019.0,3,0,3,3
5258,3,51.32,0.9997,56.8567,13.9277,2.23,0.96,22.0,7.0,450.0,2011.0,1,1,0,1
3766,3,68.23,0.9845,51.7805,17.1676,0.85,0.21,,,,,0,0,0,0
3776,3,165.85,1.0,58.3814,11.295,0.15,0.32,41.0,39.0,500.0,1995.0,3,3,3,3
4779,3,83.63,0.9771,43.3929,-7.1135,0.53,0.07,68.3,90.0,3000.0,,0,0,0,0
1353,3,19.25,1.0,55.7399,13.2582,0.34,0.54,64.0,71.0,2000.0,2006.0,3,3,3,3
1358,3,150.91,0.7799,51.1527,13.076,0.58,0.49,65.0,40.3,500.0,,0,0,0,0
1360,3,143.52,0.9884,50.0941,6.4374,0.25,0.21,65.0,40.0,0.5,1998.0,3,3,3,3
1601,3,179.77,0.7489,54.9411,9.3353,0.28,0.29,45.0,47.0,660.0,,0,0,0,0
3730,3,142.01,0.9998,51.4566,21.252,0.16,0.13,105.0,90.0,2000.0,,0,0,0,0
1369,3,39.79,0.8195,50.4051,11.3339,0.29,0.2,70.0,54.2,1000.0,,0,0,0,0
3735,3,162.68,1.0,53.2503,16.5209,0.36,0.68,100.0,92.5,2050.0,,0,0,0,0
5225,3,166.24,0.9982,51.1147,5.0178,0.21,0.55,100.0,100.0,2200.0,,0,0,3,0
4879,3,1.97,0.9999,52.7817,23.1448,0.07,1.21,,,,,0,0,0,0
2418,3,72.61,0.9879,50.6038,4.0744,2.65,0.59,76.0,92.5,2050.0,,0,0,2,0
2419,3,53.92,1.0,56.2557,9.7438,0.37,0.15,35.7,47.0,660.0,,0,0,0,0
2422,3,166.87,0.7917,53.7497,-0.2376,0.39,0.39,45.5,60.0,1300.0,,0,0,0,0
3709,3,152.75,0.6626,59.0022,12.5522,0.44,0.25,108.0,82.0,2000.0,2011.0,3,3,3,3
3713,3,167.76,0.9838,52.7105,-2.9742,0.78,2.09,,,,,0,0,0,0
3715,3,111.95,0.9272,54.6954,17.8435,0.38,0.1,61.5,81.0,2300.0,,0,0,0,0
2429,3,0.55,0.7625,56.134,8.4814,0.19,0.18,50.0,47.0,0.7,1997.0,3,3,3,3
1351,3,21.78,0.9993,47.808,10.385,1.09,1.76,47.8,63.0,1200.0,,0,0,0,0
496,3,140.56,0.995,47.7904,10.1342,0.87,0.67,97.0,77.0,1500.0,,0,0,2,0
4745,3,171.29,0.9983,51.5564,-2.5067,0.13,0.51,64.0,71.0,2300.0,2017.0,0,0,0,3
4750,3,27.38,0.6668,49.9094,7.9498,0.49,0.36,73.0,53.0,0.8,2015.0,3,3,3,3
4751,3,9.56,0.9648,49.6782,7.5961,0.32,0.82,139.0,120.0,2.5,2014.0,3,3,3,3
6479,3,130.63,1.0,50.3763,5.0018,0.46,0.25,98.0,82.0,3.6,,0,0,3,0
3137,3,77.28,0.9997,57.1032,18.3323,2.12,0.27,80.0,90.0,2000.0,2011.0,3,3,3,3
3140,3,24.05,0.9979,51.9818,19.0227,0.51,0.66,,,,,0,0,0,0
4759,3,168.44,0.9898,54.3211,9.9941,0.19,0.54,93.5,113.0,3200.0,,0,0,3,0
3152,3,155.73,0.9849,50.9577,10.6313,0.21,0.28,39.5,52.0,600.0,2002.0,0,0,3,2
3704,3,42.85,0.9496,52.9118,15.5486,0.71,0.43,68.3,90.0,2000.0,,0,0,0,0
4761,3,52.31,0.7635,51.2481,15.8374,0.66,0.36,105.0,90.0,2000.0,,0,0,0,0
6461,3,96.7,1.0,51.1554,18.6284,0.48,0.04,58.4,77.0,1500.0,,0,0,0,0
5320,3,178.83,0.9807,54.7523,-6.8274,0.14,0.57,60.0,80.0,2000.0,,0,0,0,0
5329,3,25.79,0.8377,54.7522,-6.5066,0.58,0.54,21.3,28.0,250.0,,0,0,0,0
6468,3,173.99,0.9029,58.1602,12.0178,0.7,0.98,111.0,138.0,3500.0,2021.0,3,3,3,3
1282,3,85.82,0.9553,50.9455,5.3689,2.13,0.34,105.0,90.0,2000.0,,0,0,0,0
1286,3,153.72,0.9398,52.221,7.3152,0.19,0.23,64.5,85.0,2000.0,,0,0,0,0
6471,3,64.86,0.9999,51.1589,17.8442,0.94,0.28,119.0,112.0,3000.0,,0,0,0,0
5286,3,133.76,1.0,52.0525,-1.2613,1.6,0.94,75.0,54.0,500.0,,0,0,0,0
734,3,6.65,0.5908,51.0772,12.4812,0.35,0.3,60.7,80.0,2.0,2006.0,0,0,3,3
737,3,14.67,0.9603,52.3636,7.9821,0.28,0.54,105.0,90.0,2000.0,,0,0,3,0
739,3,81.94,0.998,47.8578,10.5214,0.58,0.06,137.0,126.0,3300.0,,0,0,3,0
5291,3,2.89,0.9983,51.9944,-4.5634,0.15,1.3,35.0,37.0,500.0,,0,0,0,0
742,3,175.45,0.9997,52.3176,8.0221,0.07,0.56,108.0,82.0,2000.0,,0,0,3,0
5294,3,90.39,1.0,49.0103,-1.16,1.72,0.01,83.0,82.0,2300.0,2014.0,3,3,3,3
749,3,165.93,0.9882,51.516,11.4144,0.19,0.45,60.0,43.0,600.0,,0,0,0,0
759,3,56.2,1.0,50.6604,9.2855,0.37,0.16,65.0,40.3,500.0,,0,0,3,0
1872,3,69.17,1.0,53.7257,-1.8729,1.13,0.25,60.0,80.0,0.0,2013.0,0,0,1,1
5306,3,13.89,0.9995,57.494,-2.026,0.24,0.52,55.0,48.0,0.8,,3,3,3,0
1880,3,0.46,1.0,55.358,11.9333,0.01,0.39,40.0,44.0,600.0,,0,0,0,0
3689,3,170.13,0.9128,55.5399,13.1869,0.41,0.65,80.0,90.0,2000.0,2011.0,3,3,3,3
3693,3,11.26,0.6947,48.6029,10.7466,0.45,0.38,141.0,117.0,2.4,2014.0,3,3,3,3
5316,3,50.05,1.0,52.311,20.138,0.28,0.14,120.0,90.0,2000.0,,3,0,0,0
2644,3,77.82,0.9999,51.7426,19.2524,0.3,0.04,100.0,90.0,2000.0,,0,0,0,0
4784,3,7.41,0.7598,50.8225,5.5656,0.49,0.51,143.0,117.0,3000.0,,0,0,3,0
4797,3,1.33,0.6781,52.2776,17.5659,0.33,0.29,68.3,90.0,2000.0,,0,0,0,0
6518,3,117.16,0.9971,57.2619,15.185,0.82,0.22,129.0,112.0,3000.0,2013.0,3,3,3,3
6519,3,5.76,1.0,56.3507,9.3892,0.12,0.69,87.0,126.0,3600.0,,3,3,3,0
6529,3,109.21,1.0,56.074,14.3011,0.59,0.11,69.0,92.0,2000.0,2011.0,3,3,3,3
5266,3,31.75,0.8309,52.6159,7.795,0.46,0.36,135.0,115.7,3.0,,0,0,3,0
5274,3,23.13,0.9963,57.9429,-6.8294,0.24,0.29,46.0,33.0,0.5,2015.0,3,0,3,3
1867,3,102.0,1.0,56.441,10.2513,0.4,0.05,45.0,48.0,750.0,,0,0,0,0
5277,3,1.09,0.9602,53.0426,16.5209,0.17,0.55,100.0,92.5,2050.0,,0,0,0,0
5279,3,99.56,0.8605,58.8294,-3.2075,3.3,0.79,53.9,71.0,2000.0,,0,0,0,0
6491,3,17.85,0.8324,64.3914,15.4006,0.3,0.24,70.0,64.0,1000.0,2008.0,3,3,3,3
6498,3,17.58,0.9892,51.0671,16.3442,0.54,0.99,100.0,92.5,2050.0,,0,0,0,0
5282,3,0.52,0.9996,54.7736,-3.3492,0.03,0.82,59.0,82.0,2050.0,,0,0,3,0
6502,3,150.34,0.9547,58.1089,12.0164,1.16,1.15,111.0,138.0,3500.0,2021.0,3,3,3,3
6504,3,147.32,0.9754,47.6205,1.3193,1.8,1.63,80.0,90.0,2300.0,,0,0,0,0
6505,3,163.17,0.9993,57.9598,13.5708,0.87,1.5,131.0,138.0,3500.0,2021.0,3,3,3,3
6506,3,84.55,0.9367,58.0983,14.0406,1.21,0.17,111.0,138.0,4200.0,2021.0,3,3,3,3
481,3,7.98,0.9565,50.7731,12.7275,0.19,0.47,50.0,37.0,500.0,,0,0,0,0
6582,3,170.01,0.7806,54.3508,-6.2119,0.99,0.99,19.0,25.0,150.0,,0,0,0,0
6586,3,38.03,0.7904,54.2312,-6.3246,2.35,1.58,19.0,25.0,150.0,,0,0,0,0
486,3,86.56,0.9515,48.5331,10.0081,0.54,0.08,100.0,92.0,2000.0,2008.0,3,3,3,3
2675,3,73.64,0.796,53.3961,7.0374,2.21,0.75,21.3,28.0,250.0,,0,0,0,0
1271,3,17.27,0.9189,50.74,13.6486,0.21,0.32,65.0,40.3,500.0,,0,0,0,0
1276,3,172.59,0.9841,51.93,8.0309,0.18,0.69,53.1,70.0,2000.0,,0,0,1,0
2383,3,19.23,0.7659,50.5866,13.31,0.17,0.16,40.0,23.8,150.0,,0,0,0,0
6543,3,122.14,0.5374,54.4032,-7.5042,2.26,1.44,80.0,80.0,2500.0,,0,0,0,0
6547,3,46.39,0.8734,47.7359,-0.7174,0.66,0.48,131.4,137.0,3800.0,2022.0,3,3,3,3
6551,3,159.3,0.7664,48.5005,-3.2393,0.35,0.38,122.0,117.0,3000.0,2022.0,3,3,3,3
4722,3,26.55,0.9629,52.796,-1.0935,1.72,2.1,55.0,48.0,800000.0,,0,0,1,0
6554,3,42.02,0.8466,46.437,0.0623,0.67,0.51,97.0,132.0,3000.0,2022.0,3,3,3,3
4726,3,3.07,0.9644,50.7456,6.8577,0.02,0.08,23.0,52.9,800.0,,3,0,0,0
6565,3,99.56,0.999,46.6304,-1.1428,0.77,0.09,88.0,110.0,2200.0,2022.0,3,3,3,3
6566,3,109.3,0.9999,46.6141,-1.1031,0.72,0.17,103.0,110.0,2260.0,,2,2,3,0
1898,3,89.31,0.9745,55.2598,10.3,0.51,0.04,45.0,47.0,660.0,1999.0,0,0,0,1
1900,3,0.01,0.765,55.2177,10.3508,0.23,0.21,46.0,48.0,750.0,,0,0,0,0
1901,3,96.67,1.0,55.1648,10.6867,0.36,0.02,50.0,52.0,0.9,2000.0,3,3,3,3
1902,3,121.94,1.0,55.1794,10.6094,0.33,0.12,50.0,50.0,0.8,2000.0,3,3,3,3
462,3,135.86,0.9294,52.3532,10.3027,0.3,0.17,90.0,62.0,1300.0,,3,0,3,0
463,3,150.02,0.9474,52.5991,10.5821,0.53,0.5,85.0,92.5,0.5,1998.0,1,0,1,1
6532,3,23.28,0.9998,55.5524,14.0309,1.13,1.51,65.0,52.0,800.0,2007.0,3,3,3,3
6542,3,38.02,0.9877,50.6594,21.2979,1.77,1.54,,,2000.0,,0,0,3,0
2361,3,121.78,1.0,51.9891,4.9625,0.7,0.27,80.0,80.0,2000.0,,0,0,0,0
3118,3,118.21,0.9947,49.1126,11.8718,1.13,0.41,135.0,101.0,3000.0,,3,0,3,0
2368,3,77.24,1.0,52.1617,6.1917,0.64,0.09,85.0,71.0,2000.0,,0,0,0,0
3124,3,123.27,0.9877,57.8034,18.7681,2.02,0.76,108.0,82.0,2000.0,2010.0,3,3,3,3
2380,3,12.95,1.0,53.3864,6.3384,0.39,1.0,39.5,52.0,850.0,,0,0,0,0
1882,3,148.54,0.9315,55.2612,10.4511,0.27,0.23,50.0,48.0,0.8,1999.0,3,3,3,3
4763,3,2.38,0.7298,49.4725,7.8126,0.65,0.67,140.0,112.0,3.1,2014.0,3,3,3,3
4765,3,10.87,0.9374,60.505,14.0225,0.38,0.58,65.0,52.0,850.0,2005.0,3,3,3,3
3656,3,159.57,0.9821,53.3147,13.9977,0.82,1.18,107.0,141.0,1000.0,2003.0,0,0,3,3
4772,3,131.78,0.9615,51.9697,5.1067,0.55,0.29,100.0,131.0,3.0,,0,0,3,0
3664,3,7.41,0.9691,53.3862,13.6822,0.24,0.67,85.0,70.0,1500.0,2001.0,0,0,3,3
316,3,164.11,0.9727,48.399,8.5734,0.95,2.0,138.4,82.0,1000.3,2012.0,1,1,2,1
6632,3,26.41,0.6043,51.8032,17.2175,1.1,0.77,40.2,52.9,800.0,,0,0,0,0
6642,3,5.6,0.9302,52.3928,19.3322,0.16,0.31,39.5,52.0,850.0,,0,0,0,0
317,3,55.56,0.9945,50.9049,12.5958,0.32,0.14,63.0,44.0,0.6,,0,0,3,0
6659,3,161.71,0.9989,51.8416,-4.9489,0.53,0.96,50.0,52.0,900.0,,0,0,0,0
320,3,3.54,0.9999,47.8695,8.6885,0.05,0.59,63.0,44.0,0.6,,0,3,3,0
323,3,46.53,0.8548,50.696,7.7253,0.48,0.32,42.0,30.0,0.2,1995.0,3,3,3,2
4695,3,144.35,0.9918,48.7753,9.4713,0.73,0.67,164.0,131.0,3300.0,,3,3,3,0
4697,3,7.15,0.9986,51.5355,18.9036,0.35,1.57,20.5,27.0,225.0,,0,0,0,0
4700,3,150.03,0.9874,51.6324,19.6868,1.25,1.4,80.5,106.0,3000.0,,0,0,0,0
1004,3,36.61,0.9921,51.3845,14.0935,0.43,0.37,75.0,48.0,600.0,,0,0,0,0
3633,3,159.18,1.0,52.3029,0.194,0.06,0.09,75.0,90.0,2000.0,,0,0,0,0
4710,3,13.93,0.9938,52.3485,19.7873,0.77,1.91,105.0,90.0,2000.0,,0,0,0,0
4712,3,172.16,0.9897,51.5883,10.3867,0.16,0.64,100.0,100.0,2000.0,,0,0,0,0
6623,3,141.77,0.9988,54.2413,-6.0675,3.25,2.41,21.3,28.0,225.0,,0,0,0,0
4716,3,147.37,0.9998,50.9414,6.7179,0.97,0.95,114.0,131.0,3000.0,,3,1,3,0
1237,3,80.04,1.0,58.3156,14.8345,0.48,0.04,65.0,52.0,850.0,2005.0,3,3,3,3
3161,3,97.29,0.5794,52.5674,8.8368,0.49,0.24,85.0,80.0,2.0,2004.0,3,3,3,3
3165,3,179.23,0.9469,52.8662,8.9057,0.17,0.39,65.0,40.3,500.0,,0,0,0,0
1254,3,29.21,0.737,52.4098,4.8503,2.61,1.99,64.5,85.0,2000.0,,0,0,0,0
3172,3,63.6,0.8713,51.234,7.1459,2.56,0.94,16.0,40.0,600.0,,1,0,0,0
4679,3,108.45,0.9999,52.0971,18.8151,0.23,0.05,,,,,0,0,0,0
6605,3,1.61,0.9992,54.7592,-5.9597,0.08,1.07,64.0,71.0,2300.0,,0,0,0,0
4686,3,109.16,1.0,50.8103,5.52,1.03,0.23,200.0,117.0,3450.0,,2,0,0,0
6607,3,30.16,0.99,52.8545,16.5751,1.73,1.61,100.0,92.5,2050.0,,0,0,0,0
4687,3,3.18,0.6028,57.7118,-7.1816,1.6,1.11,15.9,21.0,100.0,,0,0,0,0
6612,3,10.36,0.9946,48.044,-1.9844,0.22,0.8,122.0,117.0,3675.0,2023.0,3,3,3,3
6614,3,179.74,0.85,50.6436,21.3424,0.5,0.66,21.3,28.0,2000.0,,0,0,3,0
6615,3,94.56,0.9191,50.6823,21.2286,2.3,0.43,,,2000.0,,0,0,3,0
3611,3,110.86,1.0,56.0045,8.1123,0.72,0.15,88.0,112.0,3.1,2011.0,3,3,3,3
5364,3,144.35,0.976,52.7727,0.385,0.6,0.55,56.2,74.0,1500.0,,0,0,0,0
3623,3,27.04,0.9993,50.0478,12.2173,0.86,1.08,141.0,117.0,2400.0,2014.0,0,0,3,3
5367,3,54.3,0.6461,54.9978,-7.2416,1.53,0.84,61.5,81.0,2300.0,,0,0,0,0
1832,3,138.64,0.9351,50.5235,9.1234,0.23,0.15,59.8,48.0,800.0,1998.0,0,0,3,3
1844,3,129.21,0.882,52.5028,12.7932,0.32,0.15,41.0,27.0,150.0,,0,0,0,0
1855,3,117.54,0.9995,56.3865,10.7439,0.3,0.09,44.0,43.0,600.0,,0,0,0,0
6666,3,23.87,0.8096,58.8433,11.3335,0.7,0.56,122.0,155.0,6600.0,2023.0,3,3,3,3
5374,3,115.18,0.972,50.2297,10.2141,0.76,0.23,141.0,117.0,2400.0,2015.0,0,0,3,1
800,3,4.99,1.0,55.7815,9.8963,0.07,0.47,50.0,47.0,660.0,,0,0,0,0
801,3,19.47,0.9227,55.7745,9.9594,0.71,0.85,45.0,47.0,660.0,,0,0,0,0
3589,3,165.93,0.7632,49.4953,10.2554,0.45,0.43,105.0,90.0,2000.0,,0,0,3,0
3594,3,91.98,0.9996,52.3006,15.5989,0.8,0.02,30.4,40.0,500.0,,0,0,0,0
3596,3,10.16,0.9879,43.6844,3.1262,0.08,0.31,45.0,44.0,0.9,2008.0,0,0,3,3
5376,3,82.19,0.8891,49.6231,2.8461,0.65,0.15,138.5,103.0,2350.0,2020.0,3,3,3,3
5391,3,74.81,1.0,53.0395,-0.8068,0.67,0.11,41.0,54.0,2500.0,,0,0,3,0
2401,3,78.79,0.9883,54.5599,-1.9137,1.13,0.17,21.3,28.0,250.0,,0,0,0,0
3214,3,42.35,0.9999,52.1878,7.7932,1.05,0.71,,,,,0,0,0,0
3217,3,135.75,1.0,50.3031,8.7697,0.53,0.35,95.0,90.0,2000.0,,0,0,3,0
3222,3,12.87,0.9975,50.1736,-5.1485,0.63,1.69,39.5,52.0,0.8,,0,0,2,0
5353,3,155.67,0.9974,56.055,-3.8279,0.28,0.35,75.0,100.0,0.8,,0,0,3,0
5361,3,121.78,0.9991,54.924,-7.146,0.8,0.29,78.0,82.0,3000.0,,0,0,0,0
790,3,8.01,0.838,55.3945,9.5679,0.65,0.82,46.0,60.0,1300.0,,0,0,0,0
793,3,51.6,1.0,55.471,9.8618,0.38,0.17,50.0,48.0,750.0,,0,0,0,0
6662,3,161.25,0.9995,58.3405,13.3447,0.49,0.76,95.0,109.0,2400.0,2015.0,3,3,3,3
1807,3,177.42,1.0,55.1579,11.7356,0.02,0.29,35.0,37.0,0.5,1995.0,3,3,3,3
1808,3,157.77,0.9415,52.4451,7.4517,0.26,0.35,98.0,70.0,1800.0,,0,0,0,0
4665,3,47.0,1.0,48.6214,3.57,0.69,0.42,78.5,100.0,2000.0,2016.0,3,3,3,3
4676,3,131.68,0.9976,53.4126,18.8544,0.2,0.11,115.0,108.0,2300.0,,0,0,0,0
2314,3,134.67,0.9936,58.3031,11.6368,1.81,1.0,78.0,82.0,2000.0,2011.0,3,2,3,3
1824,3,78.31,0.9988,55.1241,11.8696,0.2,0.02,92.0,112.0,3300.0,,0,0,0,0
1830,3,9.19,0.9999,53.8237,-1.9519,0.29,1.04,60.0,80.0,2000.0,,0,0,0,0
2316,3,148.24,0.9982,55.2936,10.174,1.24,1.19,50.0,48.0,750.0,,0,0,0,0
2317,3,141.56,1.0,55.3742,8.7866,0.31,0.22,40.0,37.0,500.0,,0,0,0,0
780,3,51.17,1.0,55.5783,9.2584,0.36,0.17,50.0,48.0,750.0,,0,0,0,0
781,3,156.38,1.0,55.5725,9.3112,0.33,0.43,67.0,66.0,1750.0,,0,0,0,0
784,3,162.65,1.0,55.5588,9.2073,0.2,0.36,46.0,48.0,600.0,,0,0,0,0
2319,3,4.18,1.0,55.2981,10.0286,0.07,0.51,50.0,47.0,0.7,1999.0,3,3,3,3
1009,3,175.04,0.9834,62.6071,17.9646,0.44,1.32,80.0,100.0,2500.0,2012.0,3,3,0,3
4635,3,58.14,0.9206,52.5335,18.784,2.46,0.89,,,,,0,0,0,0
3565,3,173.6,0.7412,53.9736,22.0206,0.21,0.22,58.4,77.0,1500.0,,0,0,0,0
3573,3,166.55,0.9757,51.8973,19.4627,0.1,0.23,100.0,90.0,2000.0,,0,0,0,0
3576,3,162.02,0.9695,49.8935,10.2963,0.32,0.61,143.0,114.0,3200.0,,0,0,3,0
3582,3,80.81,0.7395,53.2564,10.7148,0.45,0.14,85.0,71.0,2000.0,,0,0,0,0
3584,3,102.88,0.9999,52.5863,0.8297,0.04,0.01,80.0,90.0,1800.0,,0,0,0,0
3587,3,4.29,0.6307,52.5071,18.648,0.12,0.09,35.7,47.0,750.0,,0,0,0,0
762,3,172.75,1.0,47.9341,10.7606,0.3,1.56,95.0,90.0,2.0,,0,0,1,0
4639,3,20.6,0.9878,53.2085,18.4464,1.23,1.69,30.4,40.0,600.0,,0,0,0,0
6697,3,12.09,0.9748,51.5425,19.9499,0.33,0.88,80.5,106.0,3000.0,,0,0,0,0
5431,3,107.79,0.9219,52.1029,-4.2242,4.36,1.09,70.6,93.0,2300.0,,0,0,0,0
5433,3,129.68,0.9946,56.0791,-3.697,3.03,1.37,59.0,82.0,2050.0,,0,0,0,0
5434,3,50.03,0.9706,53.9924,-0.7109,1.81,0.81,22.8,30.0,250.0,,0,0,0,0
6708,3,168.32,0.9995,57.4422,-2.7286,0.55,1.39,47.0,66.0,1750.0,,0,0,0,0
4721,3,166.35,1.0,51.7978,13.9954,0.26,0.67,123.0,114.0,3200.0,,0,0,3,0
6717,3,104.43,1.0,54.294,-6.5788,2.54,0.39,21.3,28.0,225.0,,0,0,0,0
5394,3,89.86,0.6259,54.1925,23.0409,0.55,0.22,103.0,101.0,2300.0,,0,0,0,0
6667,3,171.48,0.986,61.464,16.4815,0.29,0.81,105.0,90.0,2000.0,2010.0,3,3,3,3
5397,3,165.92,0.9993,50.3727,-3.97,0.71,1.71,30.4,40.0,0.1,,0,0,1,0
6671,3,27.57,0.8065,54.7356,17.7978,0.67,0.56,61.5,81.0,3900.0,,0,0,3,0
6673,3,2.67,0.9967,54.2166,19.6023,0.07,0.54,,,3385.0,,0,0,0,0
6675,3,74.11,0.9949,57.6722,-2.144,2.23,0.39,36.4,48.0,800.0,,0,0,0,0
6682,3,63.87,0.9985,57.4091,-2.1825,2.23,0.62,36.4,48.0,800.0,,0,0,0,0
6683,3,133.94,0.9963,51.5904,3.8722,0.81,0.48,125.0,149.1,5700.0,2024.0,3,3,3,3
6687,3,125.24,1.0,51.9646,6.2802,2.15,0.93,98.0,85.0,2000.0,,0,0,0,0
5400,3,153.6,0.9779,50.7101,6.3981,0.29,0.34,98.0,82.0,2300.0,,0,0,0,0
5413,3,14.18,0.8226,53.1785,18.8787,0.81,0.95,40.2,52.9,800.0,,0,0,0,0
4597,3,71.26,0.9996,52.3564,19.4406,1.29,0.27,39.5,52.0,850.0,,0,0,0,0
1659,3,172.7,1.0,55.8148,9.4445,0.1,0.43,45.0,47.0,660.0,,0,0,0,0
6762,3,179.58,1.0,47.5839,-1.2456,0.01,0.72,115.1,138.2,3000.0,2023.0,3,3,3,3
6763,3,147.16,0.9994,49.687,0.8279,0.33,0.33,80.0,100.0,2200.0,2023.0,3,3,3,3
6767,3,172.96,0.9919,28.1109,-17.1198,0.05,0.33,17.5,23.0,2350.0,,0,0,3,0
4607,3,167.65,1.0,51.2843,18.8689,0.4,1.13,105.0,90.0,2000.0,,0,0,0,0
6760,3,179.15,1.0,47.4772,-1.9516,0.02,0.79,106.0,117.0,3000.0,2023.0,3,3,3,3
5492,3,127.52,0.9994,54.9124,-5.0762,0.22,0.1,22.8,30.0,330.0,,0,0,0,0
1628,3,157.46,0.9965,51.337,7.2002,1.22,1.79,131.0,48.0,600.0,,1,0,0,0
1630,3,70.47,0.9961,48.5206,-4.5645,0.61,0.14,84.0,70.0,2000.0,2006.0,3,3,3,3
1635,3,7.19,1.0,56.4314,9.671,0.13,0.57,50.0,54.2,1000.0,,0,0,0,0
5500,3,30.15,0.9146,51.0399,20.4216,0.07,0.07,21.3,28.0,225.0,,0,0,0,0
1642,3,135.7,0.9921,51.563,11.0461,0.38,0.24,30.4,40.0,500.0,,0,0,0,0
1643,3,117.96,0.9925,58.2798,12.9021,2.71,0.83,73.0,53.0,850.0,2008.0,3,3,3,3
5478,3,143.13,0.9999,57.5011,-1.9605,0.43,0.31,36.4,48.0,800.0,,0,0,0,0
5486,3,68.47,0.9751,52.0647,-4.4352,2.72,0.71,46.0,62.0,1300.0,,0,0,0,0
5487,3,6.47,0.9896,52.8983,14.849,0.55,2.12,64.5,85.0,2400.0,,0,0,3,0
2357,3,148.31,0.8741,53.4111,6.4992,0.48,0.36,39.5,52.0,850.0,2020.0,0,0,0,1
6752,3,138.1,0.9956,46.9525,-0.6412,0.54,0.41,94.0,112.0,3000.0,2024.0,3,3,3,3
6754,3,155.09,0.9999,47.6032,-1.0972,0.48,0.69,98.0,110.0,2200.0,2023.0,3,3,3,3
5462,3,176.16,0.7796,54.8634,-6.5707,0.63,0.74,19.0,25.0,150.0,,0,0,0,0
5466,3,113.87,0.7936,49.0112,12.4976,0.75,0.33,149.0,136.0,3450.0,2022.0,3,3,3,1
5474,3,61.66,0.7228,52.8714,14.9089,2.22,1.01,104.0,92.0,2000.0,,0,0,3,0
5477,3,97.57,0.836,55.0734,-1.9606,0.13,0.04,45.0,43.0,600.0,,0,0,0,0
6722,3,171.05,0.9962,42.5665,-1.6678,0.1,0.48,60.0,77.0,1500.0,,0,3,3,0
6726,3,51.49,0.9125,54.5916,-6.6536,1.31,0.6,76.7,101.0,3000.0,,0,0,0,0
6730,3,159.25,1.0,52.7336,0.2032,0.02,0.03,80.0,90.0,2000.0,,0,0,0,0
2695,3,26.12,0.7192,56.9245,16.7413,0.44,0.32,44.0,52.0,850.0,2004.0,3,3,3,3
2696,3,54.74,0.5451,50.7284,11.9594,0.38,0.21,100.0,70.5,1500.0,,0,0,0,0
6737,3,93.73,0.7358,54.9822,-6.2848,1.16,0.39,21.3,28.0,225.0,,0,0,0,0
2334,3,40.58,1.0,56.0425,14.0609,0.73,0.48,98.0,90.0,2500.0,2009.0,3,3,3,3
2346,3,128.01,0.7493,52.7605,4.8158,1.82,0.97,23.5,31.0,300.0,,0,0,0,0
4566,3,38.12,1.0,56.5004,9.197,0.75,0.53,90.0,101.0,3000.0,,0,0,0,0
4580,3,148.25,0.9501,49.4881,7.0752,1.01,0.92,137.0,126.0,3.3,2017.0,3,3,3,3
97,3,138.32,0.9998,51.6042,6.4629,0.46,0.32,98.0,70.0,1800.0,,0,0,0,0
98,3,59.23,0.9994,51.6094,6.4196,0.71,0.26,53.5,70.5,1500.0,,0,0,0,0
99,3,131.11,0.9445,51.0831,13.2212,0.48,0.24,30.6,40.3,500.0,,0,0,0,0
100,3,54.58,0.7762,52.8324,8.9436,0.37,0.19,30.6,40.3,500.0,,0,0,0,0
4588,3,94.06,0.9999,53.1702,19.4156,0.19,0.01,68.3,90.0,2000.0,,0,0,0,0
1257,3,162.9,0.9374,49.885,8.3039,0.15,0.26,73.0,53.0,0.8,2010.0,3,3,3,2
1379,3,0.45,0.867,53.8274,11.2017,0.26,0.44,85.0,70.0,2.3,,0,0,1,0
4550,3,44.01,1.0,57.2353,10.4427,1.24,0.7,67.0,80.0,2000.0,,0,0,0,0
4558,3,8.45,0.7981,56.1642,12.6302,0.33,0.39,59.0,82.0,2000.0,2014.0,3,3,3,3
3553,3,119.08,1.0,51.0849,7.2898,1.84,0.65,85.0,70.0,1800.0,,0,0,0,0
4560,3,99.4,0.9379,57.6181,-2.0419,0.87,0.14,55.0,48.0,800.0,,3,3,3,0
3555,3,39.45,1.0,58.4258,15.2847,0.44,0.28,74.0,52.0,850.0,2005.0,3,3,3,3
965,3,64.27,0.9999,55.8433,10.5374,0.49,0.13,50.0,54.2,1000.0,,0,0,0,0
967,3,144.95,0.9998,52.1834,7.0008,0.81,0.72,50.0,43.0,600.0,,0,0,0,0
971,3,121.46,0.9222,49.6707,9.8496,0.31,0.12,78.0,40.0,600.0,,0,0,0,0
5529,3,171.12,0.9889,48.0203,9.5691,0.23,0.93,100.0,92.5,3450.0,2019.0,0,0,3,3
1442,3,62.78,1.0,52.5971,4.7544,1.03,0.32,85.0,81.0,2300.0,,2,0,0,0
2275,3,14.49,1.0,55.4439,11.293,0.1,0.23,30.0,27.0,200.0,,0,0,0,0
3525,3,99.6,0.9803,52.2082,8.2439,1.14,0.15,164.0,77.0,6800.0,,1,0,1,0
3527,3,164.91,0.6852,52.8896,19.0826,0.15,0.12,67.6,89.0,2050.0,,0,0,0,0
75,3,33.83,0.9894,50.1016,11.6302,0.85,0.79,98.0,70.0,1800.0,,0,0,0,0
77,3,12.55,0.9641,51.6146,6.9045,0.25,0.47,30.6,40.3,500.0,,0,0,0,0
1211,3,18.25,0.9495,49.5582,9.2548,0.42,0.68,146.0,92.5,2.0,,3,0,3,0
82,3,152.48,0.8547,51.8205,8.3822,0.2,0.19,70.0,60.0,1000.0,,0,0,3,0
1222,3,13.78,0.9947,52.7122,1.663,0.39,0.96,25.8,34.0,1500.0,,0,0,1,0
89,3,105.69,0.9891,52.3278,10.9959,0.36,0.06,64.8,70.0,1800.0,,0,0,0,0
5503,3,71.55,0.8275,52.7455,0.0649,3.99,1.35,59.0,82.0,2000.0,,0,0,0,0
5512,3,126.55,0.8488,58.7828,13.9369,0.99,0.41,100.0,90.0,2000.0,2011.0,3,3,3,3
5518,3,13.54,0.9202,49.5656,12.173,0.53,0.94,141.0,117.0,2400.0,,0,0,0,0
1784,3,165.25,0.979,49.5548,10.5827,0.2,0.47,113.5,71.0,2.0,2011.0,3,3,3,1
5520,3,171.02,0.5818,52.9871,9.5199,0.28,0.22,73.0,52.9,800.0,,0,0,3,0
6830,3,71.46,0.9945,54.0836,9.1063,1.81,0.4,30.4,40.0,500.0,,0,0,0,0
6831,3,80.94,0.9716,54.063,9.0185,0.8,0.12,30.4,40.0,500.0,,0,0,0,0
6832,3,30.02,0.9994,46.2498,-1.005,0.66,0.79,119.0,162.0,5600.0,2024.0,3,3,3,3
6836,3,100.01,0.6901,51.6347,7.3543,0.95,0.44,164.0,40.3,5600.0,,3,0,2,0
6838,3,14.36,0.9926,52.4763,-3.3318,0.76,1.73,30.0,28.0,275.0,,0,0,0,0
6818,3,28.02,0.9486,54.6638,-6.7109,1.72,1.84,80.0,99.0,2500.0,,0,0,0,0
5528,3,0.06,0.9267,62.6202,14.1619,0.36,0.64,99.0,101.0,600.0,2012.0,3,3,0,3
1176,3,133.9,0.9973,53.1495,8.7386,2.18,1.32,108.0,82.0,2300.0,,0,0,0,0
1748,3,114.06,1.0,51.5789,8.145,1.97,0.55,75.0,53.0,0.8,2009.5,2,3,3,2
1749,3,19.74,0.8404,49.5298,8.3072,0.57,0.66,108.0,82.0,2.0,2011.0,3,3,3,3
4488,3,172.63,0.9982,51.3978,18.0465,0.12,0.58,64.5,85.0,2000.0,,0,0,0,0
1775,3,127.68,0.9997,51.0495,12.0941,0.36,0.17,30.4,40.0,600.0,,0,0,0,0
4494,3,169.67,0.7456,50.5649,7.9392,0.41,0.39,141.0,117.0,2.4,2014.0,3,3,3,3
6789,3,3.18,1.0,52.9602,0.5631,0.0,0.04,59.0,82.0,2050.0,,0,0,0,0
6790,3,172.8,0.9617,52.9286,0.572,0.01,0.04,59.0,82.0,2050.0,,0,0,0,0
4496,3,51.11,0.9789,51.5996,5.0598,2.42,1.32,91.0,117.0,3.6,2019.0,0,0,2,2
509,3,126.77,0.675,52.543,10.3039,0.32,0.18,74.0,48.0,0.8,,3,0,3,0
2770,3,17.76,0.9763,60.3461,16.2245,1.05,1.6,95.0,100.0,1800.0,2012.0,3,3,3,3
6807,3,17.57,0.9999,54.8732,-4.4715,0.05,0.08,75.9,100.0,2500.0,,0,0,0,0
6813,3,9.35,0.9999,57.3815,-6.062,0.01,0.04,23.5,31.0,330.0,,0,0,0,0
6815,3,80.83,0.9544,55.762,-3.8304,2.98,0.47,81.0,101.0,4200.0,2023.0,2,0,2,2
6770,3,53.88,0.9372,39.442,-1.7161,1.53,0.92,53.5,70.5,2500.0,,0,0,2,0
6772,3,119.5,0.9979,52.2626,-4.1164,2.23,0.82,40.0,52.0,850.0,,0,0,0,0
6778,3,1.75,1.0,60.3084,16.5379,0.11,1.69,115.0,100.0,6580.0,2023.0,3,0,3,3
6780,3,172.34,1.0,47.9034,-1.1244,0.15,0.76,93.0,117.0,3000.0,,3,3,3,0
6781,3,75.85,0.9929,46.2156,0.1348,1.69,0.32,127.0,149.0,4500.0,,3,3,3,0
2776,3,128.24,0.7857,52.8187,19.1296,0.21,0.11,95.0,90.0,2000.0,,0,0,0,0
6785,3,9.18,0.9926,57.0655,15.2355,0.36,1.19,116.0,52.9,4300.0,2023.0,3,0,3,3
6788,3,154.01,0.9558,55.4028,-1.6908,0.03,0.03,80.0,90.0,3000.0,,0,0,0,0
958,3,14.94,0.9785,51.4818,13.9285,0.35,0.79,100.0,90.0,2000.0,,0,0,0,0
6853,3,74.68,0.9834,51.9652,16.3934,0.66,0.11,19.0,25.0,2000.0,,0,0,3,0
2778,3,156.12,0.7878,53.661,0.0631,1.96,1.72,49.0,62.0,1300.0,,0,0,0,0
6861,3,80.59,0.9972,52.8006,1.4985,1.56,0.18,65.0,70.0,1800.0,,0,0,0,0
6866,3,176.54,1.0,53.8847,18.5074,0.11,1.12,78.0,90.0,2000.0,,0,0,0,0
6867,3,28.37,0.8318,53.8718,19.1454,0.79,0.64,75.9,100.0,2000.0,,0,0,0,0
6877,3,177.49,0.9973,51.801,7.816,0.09,0.84,160.0,74.0,4200.0,2025.0,3,0,3,3
6878,3,13.78,0.8137,54.8069,-6.3824,1.68,1.7,19.0,25.0,150.0,,0,0,0,0
3509,3,9.82,0.7128,53.3383,8.0648,0.38,0.35,58.0,44.0,600.0,,0,0,0,0
4538,3,97.42,0.9846,58.2005,12.8283,2.35,0.24,105.0,90.0,2000.0,2009.0,3,3,3,3
3253,3,66.64,0.9786,55.5783,13.9852,2.89,0.73,78.0,82.0,2000.0,2011.0,3,3,3,3
3254,3,147.78,0.8689,49.77,7.7952,0.22,0.19,65.0,44.0,0.6,2001.0,3,3,3,3
3259,3,84.75,1.0,50.5292,18.3885,0.2,0.01,80.5,106.0,3000.0,,0,0,0,0
3260,3,169.51,0.9948,55.5501,13.7622,0.14,0.43,65.0,70.0,1500.0,2002.0,3,3,3,3
950,3,163.95,1.0,51.6476,10.2925,0.16,0.35,68.0,62.0,1300.0,,0,0,0,0
955,3,16.86,0.985,49.3095,10.0001,0.47,0.94,108.0,82.0,1500.0,2004.0,0,0,3,3
3479,3,92.0,0.9091,54.0214,15.7627,0.74,0.12,78.0,80.0,1500.0,,0,0,3,0
3485,3,163.26,1.0,55.8262,13.1345,0.37,0.69,80.0,90.0,2000.0,2011.0,3,3,3,3
4539,3,17.77,0.9863,51.3072,19.0043,0.92,1.89,105.0,90.0,2000.0,,0,0,0,0
3500,3,99.7,1.0,51.7112,18.2387,0.2,0.02,,,333.0,,0,0,0,0
3501,3,6.32,0.9535,51.6329,17.8604,0.12,0.31,40.2,52.9,800.0,,0,0,0,0
4540,3,105.25,0.9974,49.5082,22.0567,0.7,0.13,70.2,92.5,2050.0,,0,0,0,0
3505,3,117.07,0.9999,51.0988,5.6849,0.78,0.25,105.0,90.0,2000.0,,0,0,3,0
3508,3,75.1,0.9713,52.8566,19.7244,1.52,0.28,68.3,90.0,2000.0,,0,0,0,0
1394,3,113.0,0.9999,51.1899,13.2103,0.26,0.07,78.0,40.0,600.0,,0,0,0,0
5534,3,175.25,0.7655,50.3959,9.1808,0.27,0.3,70.0,48.0,600.0,,0,0,0,0
6847,3,33.32,0.9976,52.5209,-1.2608,1.06,1.01,41.0,54.0,500.0,,0,0,0,0
5535,3,160.03,0.9998,51.7824,-4.4675,0.11,0.19,36.4,48.0,750.0,,0,0,0,0
6850,3,0.62,1.0,51.1471,19.9188,0.0,0.01,100.0,90.0,2000.0,,0,0,0,0
812,3,50.74,0.9112,51.5123,7.6799,0.34,0.16,55.0,44.0,600.0,,0,0,0,0
5537,3,148.35,0.7895,53.0543,-1.5127,1.11,0.86,60.0,82.0,2050.0,,0,0,0,0
4479,3,18.08,0.8962,54.448,-1.1804,0.15,0.18,80.0,92.5,2050.0,,0,0,0,0
4480,3,157.76,0.992,50.8261,0.2742,0.29,0.44,70.0,90.0,2500.0,,0,0,0,0
6906,3,34.03,0.9648,51.8719,17.1077,1.91,1.92,,,,,0,0,0,0
6908,3,2.33,0.7981,52.4792,7.6609,0.44,0.5,160.0,141.0,4200.0,,3,0,3,0
6909,3,125.5,0.9985,56.4253,-2.9326,0.09,0.04,41.0,54.0,500.0,,0,0,0,0
6917,3,177.52,1.0,49.6696,8.5781,0.0,0.02,58.4,77.0,1500.0,,0,0,0,0
6924,3,140.68,0.9065,42.0066,-0.8209,1.15,1.03,105.0,155.0,5900.0,,3,3,3,0
6930,3,47.27,1.0,42.8492,3.2487,1.24,0.84,45.5,60.0,10000.0,,0,0,3,0
6931,3,36.0,1.0,43.0232,3.3229,1.81,1.82,198.0,47.0,10000.0,,3,0,3,0
3278,3,167.39,0.8291,50.0335,7.2803,0.26,0.31,113.0,70.0,2.0,2005.0,3,3,3,1
4481,3,148.09,0.9917,57.6567,-3.5793,0.16,0.14,44.0,30.0,330.0,,0,0,0,0
4484,3,5.13,0.7249,52.9262,18.1599,0.28,0.31,70.0,48.0,600.0,,0,0,0,0
4485,3,109.32,0.72,49.4438,6.931,0.64,0.29,134.0,131.0,3.0,2018.0,3,3,3,3
921,3,92.62,0.9948,50.6181,9.3536,0.49,0.03,78.0,40.0,600.0,,0,0,3,0
2799,3,23.91,0.9061,49.6661,9.7042,0.57,0.62,95.0,80.0,2000.0,,0,0,3,0
3462,3,12.5,0.8631,52.7185,10.2991,0.31,0.4,64.0,71.0,2300.0,,3,0,3,0
4455,3,153.3,1.0,50.9811,3.8168,0.54,0.67,104.0,82.0,2300.0,2010.0,0,3,3,3
4460,3,34.77,0.9943,51.7767,-3.8498,1.6,1.5,80.0,92.5,2050.0,,0,0,0,0
6897,3,47.38,1.0,43.19,4.794,1.51,1.02,97.0,154.0,8400.0,,3,3,3,0
4467,3,2.75,0.9821,51.1754,11.6767,0.04,0.18,15.2,20.0,100.0,,0,0,0,0
3447,3,134.81,1.0,56.1979,9.1599,0.35,0.19,49.0,52.0,900.0,,0,0,0,0
3449,3,8.42,0.9967,55.8243,13.6498,0.19,0.73,78.0,82.0,2000.0,2009.0,3,3,3,3
3450,3,179.48,0.7662,55.8201,13.7747,0.49,0.46,80.0,90.0,2000.0,2011.0,3,3,3,3
4469,3,5.95,0.9968,57.76,18.443,0.1,0.51,42.0,29.0,250.0,1996.0,3,3,3,3
3267,3,177.57,0.8302,52.4334,12.1549,0.3,0.36,46.3,61.0,1300.0,,0,0,0,0
2257,3,22.51,0.9939,51.9523,6.8345,0.59,0.91,76.0,48.0,800.0,,0,0,0,0
1421,3,40.28,1.0,50.634,6.5616,0.31,0.23,30.4,40.0,600.0,,0,0,0,0
6882,3,28.72,0.8778,51.9169,6.8152,0.63,0.56,150.0,48.0,5500.0,,3,0,3,0
6884,3,158.16,0.8994,47.9425,11.7019,1.6,2.26,166.6,160.0,5.6,,3,3,3,0
6885,3,18.68,0.9673,51.8115,-4.2815,1.18,1.71,100.0,92.5,2050.0,,0,0,0,0
6887,3,10.5,0.9874,54.1731,18.1219,0.54,1.37,,,,,0,0,0,0
6892,3,165.49,0.9999,46.6054,-1.1991,0.3,0.79,93.0,117.0,2400.0,2024.0,3,3,3,3
1423,3,179.22,0.7982,54.6695,9.8763,0.18,0.2,50.0,48.0,600.0,,0,0,0,0
3428,3,9.89,0.9976,53.8858,-1.7112,0.27,0.93,55.0,70.0,2000.0,,0,0,0,0
5563,3,123.54,1.0,47.9204,-0.8244,0.64,0.28,108.0,103.0,2350.0,,0,0,3,0
5567,3,147.7,1.0,48.0266,-4.344,0.23,0.24,74.5,70.0,2300.0,2019.0,3,3,3,3
882,3,50.69,0.984,55.9626,10.5619,1.75,0.76,30.0,23.8,150.0,,0,0,0,0
4500,3,12.46,0.9449,51.055,5.1129,0.38,0.77,85.0,112.0,3000.0,,0,0,0,0
896,3,94.5,1.0,54.1492,11.9321,0.4,0.02,27.3,36.0,450.0,,0,0,0,0
4503,3,41.76,0.9964,53.7139,-2.3115,0.83,0.55,55.0,70.0,1500.0,,0,0,0,0
4508,3,4.09,0.9034,49.2442,7.5885,0.35,0.74,137.0,126.0,3.3,2016.0,3,3,3,3
857,3,13.44,0.9846,51.0335,11.584,0.18,0.47,21.3,28.0,250.0,,0,0,0,0
4509,3,111.6,0.9962,51.9329,18.6333,2.22,0.58,,,,,0,0,0,0
867,3,14.28,0.9892,50.851,8.7359,0.3,0.73,85.0,77.0,1500.0,,0,0,3,0
4517,3,73.28,0.9995,56.3217,-3.5859,2.79,0.49,69.0,70.0,0.0,2024.0,1,1,3,1
871,3,172.97,0.9988,51.9353,5.1959,0.11,0.53,80.0,80.0,2000.0,,0,0,3,0
3421,3,149.79,0.9998,52.0193,5.1423,1.16,1.23,105.0,90.0,2000.0,,0,0,3,0
3423,3,177.18,0.8727,52.4042,8.9276,0.47,0.65,108.0,82.0,1500.0,,0,0,0,0
3425,3,13.02,0.9998,51.8357,4.8912,0.27,0.72,108.0,82.0,5000.0,,3,0,3,0
5637,3,1.99,0.9802,53.9629,12.2252,0.18,0.83,100.0,145.0,2000.0,,0,0,1,0
5649,3,62.4,0.9912,57.5208,-2.919,5.08,1.42,53.9,71.0,2300.0,,0,0,0,0
3310,3,107.72,0.6995,51.9306,13.668,0.62,0.26,105.0,90.0,2000.0,2006.0,0,0,3,2
3313,3,69.02,1.0,56.5786,-6.6834,0.65,0.14,33.4,44.0,900.0,,0,0,0,0
3317,3,177.03,1.0,47.2165,-0.8216,0.06,0.8,100.0,100.0,2.5,,3,3,3,0
5651,3,32.3,0.9893,52.7198,6.2566,1.66,1.61,50.0,48.0,800.0,,0,0,0,0
5653,3,83.68,0.9999,50.344,19.1123,0.59,0.04,17.5,23.0,160.0,,0,0,0,0
5656,3,174.61,0.832,48.2045,7.9898,0.45,0.69,160.0,52.0,2350.0,,3,0,3,0
5661,3,20.75,0.6028,53.8147,-0.9876,1.88,1.15,59.0,82.0,2050.0,,0,0,0,0
6947,3,110.1,0.801,50.8388,-4.3473,2.85,1.1,30.4,40.0,500.0,,0,0,0,0
6948,3,19.18,0.9515,47.7632,-2.2021,0.41,0.73,120.0,131.0,3600.0,2025.0,3,3,3,3
6952,3,25.34,0.9632,41.826,-0.0013,0.42,0.64,101.0,158.0,5800.0,,3,3,3,0
6963,3,172.33,0.9988,49.8268,2.4472,0.2,0.93,87.3,115.0,3600.0,,0,0,3,0
5606,3,105.52,1.0,51.5626,18.8662,0.24,0.04,20.5,27.0,225.0,,0,0,0,0
5609,3,22.8,0.828,44.9043,6.5755,0.07,0.08,,,0.0,,0,0,3,0
5615,3,46.99,0.9959,57.5907,-2.7936,0.99,0.51,53.9,71.0,2300.0,,0,0,0,0
5625,3,91.15,0.9983,56.578,-3.4068,0.08,0.0,30.4,40.0,500.0,,0,0,0,0
5628,3,47.5,0.8115,52.4947,12.2213,0.69,0.39,30.6,40.3,500.0,,0,0,0,0
5629,3,163.93,0.9977,57.3588,-7.2948,0.37,0.69,55.0,44.0,2300.0,,0,0,3,0
7028,3,177.63,0.9999,55.7581,-4.5869,0.11,1.34,15.2,20.0,100.0,,0,0,0,0
5586,3,4.05,1.0,48.1049,-2.6869,0.1,0.9,100.0,92.0,2050.0,2015.0,3,3,3,3
7035,3,138.74,1.0,46.6913,-1.0264,0.64,0.5,240.0,131.0,3600.0,,3,3,3,0
7041,3,20.68,0.9885,53.7098,-2.7023,0.03,0.04,35.7,47.0,0.0,,0,0,3,0
7042,3,4.67,1.0,52.6874,0.9933,0.01,0.04,80.0,90.0,2000.0,,0,0,0,0
6972,3,128.65,0.9967,48.2172,-0.627,0.48,0.26,97.0,110.0,2200.0,2024.0,3,3,3,3
5593,3,108.04,0.9998,54.0992,-0.2313,1.45,0.27,18.0,9.0,3000.0,,2,2,0,0
5595,3,30.49,0.9908,53.8457,16.4182,0.49,0.49,85.8,113.0,3000.0,,0,0,0,0
2806,3,68.26,0.9999,54.6201,9.743,2.34,0.53,61.5,77.0,0.2,,0,0,1,0
2809,3,144.23,0.8668,51.9673,7.0928,0.91,0.66,98.0,70.0,1800.0,,0,0,0,0
6999,3,119.09,0.6002,53.3667,16.9009,0.75,0.37,68.3,90.0,2000.0,,0,0,0,0
7010,3,78.95,1.0,52.0264,18.8299,0.4,0.05,,,,,0,0,0,0
2819,3,33.96,0.7463,50.4478,17.0057,0.49,0.37,30.0,27.0,225.0,,0,0,0,0
936,3,164.65,0.8153,47.8868,9.3547,0.31,0.41,60.0,54.0,1000.0,,0,0,0,0
1714,3,20.38,1.0,55.6476,11.5203,0.26,0.4,50.0,47.0,660.0,,0,0,0,0
5573,3,26.92,0.9955,49.2853,5.0029,0.63,0.8,91.0,117.0,2400.0,2018.0,3,3,3,3
1718,3,161.27,0.6374,50.2675,6.5972,0.25,0.18,73.0,48.0,0.8,2009.5,3,3,3,2
1720,3,110.79,0.7632,55.8198,9.2338,2.38,0.9,40.0,43.0,600.0,,0,0,0,0
6969,3,168.79,0.9997,52.7374,0.9647,0.01,0.04,80.0,90.0,2000.0,,0,0,0,0
6970,3,33.18,0.9247,49.3671,6.8446,0.9,0.93,149.0,115.7,5700.0,2026.0,0,0,3,3
5576,3,128.06,0.9994,48.6327,1.461,0.43,0.22,62.2,82.0,2000.0,,0,0,3,0
3400,3,170.51,0.9363,48.9077,10.9297,0.28,0.6,78.0,40.0,3.0,2012.0,0,0,3,2
3405,3,165.7,0.8459,52.9122,20.5873,0.67,0.79,105.0,90.0,2000.0,,0,0,0,0
837,3,79.18,0.9998,49.9978,6.5264,0.76,0.09,80.0,80.0,2.5,2001.0,3,3,3,3
840,3,61.4,0.9998,53.5012,9.7941,0.41,0.13,70.0,48.0,600.0,,0,0,0,0
4432,3,3.16,0.7579,54.1006,21.1128,0.54,0.61,,,2000.0,,0,0,3,0
5675,3,173.7,0.9953,52.6818,19.1607,0.17,0.88,95.0,90.0,2000.0,,0,0,0,0
847,3,102.76,0.8756,53.7502,-2.002,2.15,0.57,60.0,80.0,2000.0,,0,0,0,0
932,3,104.36,0.9934,50.512,13.0811,0.9,0.15,40.0,27.0,0.8,,0,0,3,0
5689,3,96.97,0.999,57.8302,-7.0312,0.12,0.01,15.9,21.0,100.0,,0,0,0,0
4402,3,152.17,0.545,50.7623,3.4489,0.45,0.34,108.0,71.0,2300.0,,0,0,0,0
3342,3,158.13,1.0,53.2889,8.5613,0.24,0.36,64.0,71.0,2.3,2011.0,3,0,3,3
3345,3,157.57,0.9929,51.5491,11.7473,0.26,0.39,62.2,82.0,2300.0,,0,0,0,0
3352,3,39.96,1.0,52.9185,9.636,0.59,0.42,75.8,48.0,800.0,,0,0,0,0
4425,3,77.72,0.6101,47.7686,8.6315,0.93,0.45,134.0,131.0,3.3,2017.0,0,0,3,3
4427,3,120.25,0.9973,49.2502,7.2916,0.76,0.28,100.0,92.0,2.0,2016.0,3,3,3,3
10,3,158.88,0.9068,51.6442,7.4889,1.6,1.81,30.4,40.0,800.0,2009.0,0,0,1,1
7170,3,147.15,0.8861,54.8441,-4.441,0.06,0.04,75.9,100.0,2500.0,,0,0,0,0
7175,3,26.45,0.5713,57.5157,-6.5571,0.05,0.03,12.0,71.0,2300.0,,3,0,0,0
4428,3,8.93,0.9453,52.3204,16.4674,0.45,0.96,91.0,117.0,2400.0,,0,0,0,0
7180,3,120.3,0.9958,51.0807,8.3469,1.11,0.4,68.3,90.0,2000.0,,0,0,0,0
7181,3,8.85,0.8888,53.9175,9.8168,0.28,0.45,148.0,80.0,6000.0,,3,0,3,0
7182,3,84.8,0.9994,54.5958,9.7029,0.67,0.04,110.0,61.0,4200.0,,3,0,2,0
7183,3,2.77,0.9965,53.9711,10.1743,0.09,0.7,164.0,70.0,6800.0,,3,0,3,0
4430,3,9.68,0.9371,50.2704,7.0859,0.37,0.76,139.0,120.0,2.5,2016.0,3,3,3,3
7067,3,178.54,1.0,53.7913,-2.4562,0.01,0.17,80.0,82.0,2050.0,,0,0,0,0
2861,3,159.97,0.9538,52.0124,18.1556,0.17,0.23,,,333.0,,0,0,0,0
7073,3,21.23,0.92,52.0108,7.2896,0.67,0.77,167.0,56.0,6000.0,2025.0,3,0,3,3
2870,3,145.78,0.9304,65.0642,14.7678,0.5,0.27,49.0,52.0,900.0,,0,0,0,0
7083,3,178.55,0.8658,57.0979,-5.8636,0.02,0.04,8.0,82.0,3000.0,,3,0,0,0
7167,3,143.07,1.0,52.7847,0.3144,0.32,0.26,56.2,74.0,1500.0,,0,0,0,0
2878,3,24.87,0.9965,55.0836,-2.3193,0.35,0.42,60.0,80.0,2000.0,,0,0,0,0
7169,3,138.58,0.94,54.0266,22.8653,0.8,0.51,140.0,101.0,2000.0,2026.0,3,0,3,3
575,3,19.51,0.9946,53.3264,9.7986,0.81,1.24,61.0,70.5,1500.0,,0,0,0,0
5667,3,18.93,0.7753,51.0624,6.2502,0.39,0.4,123.0,106.0,3600.0,,1,0,3,0
7046,3,173.8,0.9999,51.7474,5.3023,0.14,0.79,145.0,149.0,5000.0,,3,3,3,0
7047,3,162.78,1.0,51.2192,4.568,0.34,0.68,150.0,90.0,3450.0,,3,0,3,0
7049,3,10.57,0.9991,52.4575,1.0991,0.01,0.05,82.7,109.0,3400.0,,0,0,0,0
7052,3,173.98,0.9889,53.0342,19.3291,0.13,0.58,68.3,90.0,2000.0,,0,0,0,0
7060,3,34.65,0.9994,51.5586,4.4429,0.88,0.79,105.0,90.0,3000.0,,0,0,3,0
26,3,165.05,0.9685,53.5082,10.0352,0.39,0.68,98.0,104.0,1.5,,0,0,3,0
2213,3,152.63,0.9977,50.415,2.4006,1.53,1.77,98.0,70.0,2300.0,2012.0,2,2,3,2
6,3,153.66,1.0,55.5991,12.0469,0.21,0.24,41.0,39.0,500.0,,0,0,0,0
5,3,31.02,0.9763,55.5494,12.0693,0.78,0.73,33.0,37.0,500.0,,0,0,0,0
2216,3,143.01,0.9967,53.7048,11.3436,0.54,0.43,59.0,82.0,2050.0,,0,0,0,0
63,3,54.9,0.9912,53.4961,9.9601,1.63,0.69,140.0,100.0,1.5,,0,0,2,0
2217,3,56.69,1.0,55.5866,9.0346,0.61,0.23,49.0,62.0,1300.0,,0,0,0,0
2218,3,66.23,1.0,55.9242,9.0648,0.37,0.09,69.0,62.0,1300.0,,0,0,0,0
2224,3,71.09,0.9997,55.3792,10.6925,0.55,0.11,50.0,47.0,0.7,2000.0,3,3,3,3
7123,3,173.0,0.9999,57.2473,-5.9162,0.01,0.05,10.0,82.0,3000.0,,3,0,0,0
7124,3,91.21,0.9364,50.0505,7.6809,0.96,0.14,164.0,163.0,5.7,2025.0,3,3,3,3
2226,3,105.2,0.9999,55.3973,10.6547,0.34,0.05,50.0,50.0,0.8,2000.0,3,3,3,3
2227,3,0.74,0.746,55.3688,10.6301,0.22,0.19,50.0,48.2,0.8,2001.0,3,3,3,3
2844,3,3.37,0.9998,51.8706,14.312,0.09,0.87,65.0,40.0,600.0,,0,0,0,0
7215,3,167.35,0.8551,46.4118,4.9863,0.02,0.03,,,,,0,0,0,0
5732,3,13.95,0.9456,49.5553,6.9492,0.53,0.92,164.0,131.0,3.3,2020.0,3,3,3,3
7227,3,44.78,0.9835,48.2485,0.4306,0.94,0.63,125.0,150.0,4200.0,2026.0,3,3,3,3
5736,3,77.62,1.0,50.1785,20.6339,0.08,0.01,23.5,31.0,300.0,,0,0,0,0
7097,3,129.34,1.0,46.3056,0.83,0.86,0.48,125.0,150.0,4200.0,2025.0,3,3,3,3
7102,3,21.73,0.9593,54.4006,-6.0823,1.93,2.87,19.0,25.0,150.0,,0,0,0,0
5738,3,101.43,1.0,47.4854,-3.4634,1.98,0.27,,,9500.0,,0,0,3,0
5744,3,169.72,0.9789,54.279,16.43,0.62,1.51,,,,,0,0,0,0
7111,3,138.27,0.9613,48.4877,8.0578,0.7,0.5,175.0,172.0,7200.0,,3,3,3,0
570,3,167.87,0.9771,56.129,9.3072,0.31,0.68,45.0,44.0,600.0,,0,0,0,0
1184,3,72.71,0.8785,51.9438,8.0976,2.3,0.67,145.5,40.0,4200.0,,2,0,2,0
874,3,18.5,0.982,47.947,10.5125,0.65,1.08,73.0,52.9,3600.0,,0,0,1,0
875,3,131.6,1.0,52.1171,7.794,0.42,0.23,80.0,82.0,2.0,,3,3,3,0
1185,3,113.09,0.9985,48.9036,2.4604,0.01,0.0,15.9,21.0,130.0,,0,0,0,0
878,3,22.9,0.6065,51.3419,7.1487,0.58,0.39,30.6,40.3,500.0,,0,0,0,0
1190,3,175.38,0.8872,50.864,8.1528,0.13,0.25,73.0,53.0,0.8,2008.0,0,3,3,3
2841,3,48.55,0.9988,53.0653,19.1044,2.15,1.18,67.6,89.0,2050.0,,0,0,0,0
5710,3,177.52,0.8635,55.6859,-4.6629,1.13,1.42,23.5,31.0,330.0,,0,0,0,0
7188,3,44.38,0.9668,54.6693,-4.9551,0.12,0.07,60.0,80.0,2000.0,,0,0,0,0
