species,order,migratory_status,marine,conservation_weight
Abeillia_abeillei,APODIFORMES,resident,False,0.1
Abroscopus_albogularis,PASSERIFORMES,resident,False,0.1
Abroscopus_schisticeps,PASSERIFORMES,resident,False,0.1
Abroscopus_superciliaris,PASSERIFORMES,resident,False,0.1
Aburria_aburri,GALLIFORMES,resident,False,0.1
Acanthagenys_rufogularis,PASSERIFORMES,resident,False,0.1
Acanthidops_bairdi,PASSERIFORMES,resident,False,0.1
Acanthisitta_chloris,PASSERIFORMES,resident,False,0.1
Acanthiza_apicalis,PASSERIFORMES,resident,False,0.1
Acanthiza_chrysorrhoa,PASSERIFORMES,resident,False,0.1
Acanthiza_ewingii,PASSERIFORMES,resident,False,0.1
Acanthiza_inornata,PASSERIFORMES,resident,False,0.1
Acanthiza_iredalei,PASSERIFORMES,resident,False,0.1
Acanthiza_katherina,PASSERIFORMES,resident,False,0.1
Acanthiza_lineata,PASSERIFORMES,resident,False,0.1
Acanthiza_murina,PASSERIFORMES,resident,False,0.1
Acanthiza_nana,PASSERIFORMES,resident,False,0.1
Acanthiza_pusilla,PASSERIFORMES,resident,False,0.1
Acanthiza_reguloides,PASSERIFORMES,resident,False,0.1
Acanthiza_robustirostris,PASSERIFORMES,resident,False,0.1
Acanthiza_uropygialis,PASSERIFORMES,resident,False,0.1
Acanthorhynchus_superciliosus,PASSERIFORMES,resident,False,0.1
Acanthorhynchus_tenuirostris,PASSERIFORMES,resident,False,0.1
Acanthornis_magna,PASSERIFORMES,resident,False,0.1
Accipiter_albogularis,ACCIPITRIFORMES,resident,False,0.1
Accipiter_badius,ACCIPITRIFORMES,directional migratory,False,1.0
Accipiter_bicolor,ACCIPITRIFORMES,resident,False,0.1
Accipiter_brachyurus,ACCIPITRIFORMES,resident,False,0.1
Accipiter_brevipes,ACCIPITRIFORMES,directional migratory,False,1.0
Accipiter_butleri,ACCIPITRIFORMES,resident,False,0.1
Accipiter_castanilius,ACCIPITRIFORMES,resident,False,0.1
Accipiter_chilensis,ACCIPITRIFORMES,resident,False,0.1
Accipiter_chionogaster,ACCIPITRIFORMES,resident,False,0.1
Accipiter_cirrocephalus,ACCIPITRIFORMES,directional migratory,False,1.0
Accipiter_collaris,ACCIPITRIFORMES,resident,False,0.1
Accipiter_cooperii,ACCIPITRIFORMES,directional migratory,False,1.0
Accipiter_erythrauchen,ACCIPITRIFORMES,resident,False,0.1
Accipiter_erythronemius,ACCIPITRIFORMES,resident,False,0.1
Accipiter_erythropus,ACCIPITRIFORMES,resident,False,0.1
Accipiter_fasciatus,ACCIPITRIFORMES,directional migratory,False,1.0
Accipiter_francesiae,ACCIPITRIFORMES,resident,False,0.1
Accipiter_gentilis,ACCIPITRIFORMES,directional migratory,False,1.0
Accipiter_griseiceps,ACCIPITRIFORMES,resident,False,0.1
Accipiter_gularis,ACCIPITRIFORMES,directional migratory,False,1.0
Accipiter_gundlachi,ACCIPITRIFORMES,resident,False,0.1
Accipiter_haplochrous,ACCIPITRIFORMES,resident,False,0.1
Accipiter_henicogrammus,ACCIPITRIFORMES,resident,False,0.1
Accipiter_henstii,ACCIPITRIFORMES,resident,False,0.1
Accipiter_hiogaster,ACCIPITRIFORMES,resident,False,0.1
Accipiter_imitator,ACCIPITRIFORMES,resident,False,0.1
Accipiter_luteoschistaceus,ACCIPITRIFORMES,resident,False,0.1
Accipiter_madagascariensis,ACCIPITRIFORMES,resident,False,0.1
Accipiter_melanochlamys,ACCIPITRIFORMES,resident,False,0.1
Accipiter_melanoleucus,ACCIPITRIFORMES,resident,False,0.1
Accipiter_meyerianus,ACCIPITRIFORMES,resident,False,0.1
Accipiter_minullus,ACCIPITRIFORMES,resident,False,0.1
Accipiter_nanus,ACCIPITRIFORMES,resident,False,0.1
Accipiter_nisus,ACCIPITRIFORMES,directional migratory,False,1.0
Accipiter_novaehollandiae,ACCIPITRIFORMES,resident,False,0.1
Accipiter_ovampensis,ACCIPITRIFORMES,directional migratory,False,1.0
Accipiter_poliocephalus,ACCIPITRIFORMES,resident,False,0.1
Accipiter_poliogaster,ACCIPITRIFORMES,resident,False,0.1
Accipiter_princeps,ACCIPITRIFORMES,resident,False,0.1
Accipiter_rhodogaster,ACCIPITRIFORMES,resident,False,0.1
Accipiter_rufitorques,ACCIPITRIFORMES,resident,False,0.1
Accipiter_rufiventris,ACCIPITRIFORMES,resident,False,0.1
Accipiter_soloensis,ACCIPITRIFORMES,directional migratory,False,1.0
Accipiter_striatus,ACCIPITRIFORMES,directional migratory,False,1.0
Accipiter_superciliosus,ACCIPITRIFORMES,resident,False,0.1
Accipiter_tachiro,ACCIPITRIFORMES,resident,False,0.1
Accipiter_toussenelii,ACCIPITRIFORMES,resident,False,0.1
Accipiter_trinotatus,ACCIPITRIFORMES,resident,False,0.1
Accipiter_trivirgatus,ACCIPITRIFORMES,resident,False,0.1
Accipiter_ventralis,ACCIPITRIFORMES,resident,False,0.1
Accipiter_virgatus,ACCIPITRIFORMES,resident,False,0.1
Aceros_cassidix,BUCEROTIFORMES,resident,False,0.1
Aceros_corrugatus,BUCEROTIFORMES,resident,False,0.1
Aceros_leucocephalus,BUCEROTIFORMES,resident,False,0.1
Aceros_nipalensis,BUCEROTIFORMES,resident,False,0.1
Aceros_waldeni,BUCEROTIFORMES,resident,False,0.1
Achaetops_pycnopygius,PASSERIFORMES,resident,False,0.1
Acridotheres_albocinctus,PASSERIFORMES,resident,False,0.1
Acridotheres_burmannicus,PASSERIFORMES,resident,False,0.1
Acridotheres_cinereus,PASSERIFORMES,resident,False,0.1
Acridotheres_cristatellus,PASSERIFORMES,resident,False,0.1
Acridotheres_fuscus,PASSERIFORMES,resident,False,0.1
Acridotheres_ginginianus,PASSERIFORMES,resident,False,0.1
Acridotheres_grandis,PASSERIFORMES,resident,False,0.1
Acridotheres_javanicus,PASSERIFORMES,resident,False,0.1
Acridotheres_melanopterus,PASSERIFORMES,resident,False,0.1
Acridotheres_tristis,PASSERIFORMES,resident,False,0.1
Acritillas_indica,PASSERIFORMES,resident,False,0.1
Acrobatornis_fonsecai,PASSERIFORMES,resident,False,0.1
Acrocephalus_aequinoctialis,PASSERIFORMES,resident,False,0.1
Acrocephalus_agricola,PASSERIFORMES,directional migratory,False,1.0
Acrocephalus_arundinaceus,PASSERIFORMES,directional migratory,False,1.0
Acrocephalus_astrolabii,PASSERIFORMES,extinct,False,0.0
Acrocephalus_atyphus,PASSERIFORMES,resident,False,0.1
Acrocephalus_australis,PASSERIFORMES,directional migratory,False,1.0
Acrocephalus_baeticatus,PASSERIFORMES,directional migratory,False,1.0
Acrocephalus_bistrigiceps,PASSERIFORMES,directional migratory,False,1.0
Acrocephalus_brevipennis,PASSERIFORMES,resident,False,0.1
Acrocephalus_caffer,PASSERIFORMES,resident,False,0.1
Acrocephalus_concinens,PASSERIFORMES,directional migratory,False,1.0
Acrocephalus_dumetorum,PASSERIFORMES,directional migratory,False,1.0
Acrocephalus_familiaris,PASSERIFORMES,resident,False,0.1
Acrocephalus_gracilirostris,PASSERIFORMES,resident,False,0.1
Acrocephalus_griseldis,PASSERIFORMES,directional migratory,False,1.0
Acrocephalus_hiwae,PASSERIFORMES,resident,False,0.1
Acrocephalus_kerearako,PASSERIFORMES,resident,False,0.1
Acrocephalus_longirostris,PASSERIFORMES,extinct,False,0.0
Acrocephalus_luscinius,PASSERIFORMES,resident,False,0.1
Acrocephalus_melanopogon,PASSERIFORMES,directional migratory,False,1.0
Acrocephalus_mendanae,PASSERIFORMES,resident,False,0.1
Acrocephalus_musae,PASSERIFORMES,extinct,False,0.0
Acrocephalus_newtoni,PASSERIFORMES,resident,False,0.1
Acrocephalus_orientalis,PASSERIFORMES,directional migratory,False,1.0
Acrocephalus_orinus,PASSERIFORMES,directional migratory,False,1.0
Acrocephalus_paludicola,PASSERIFORMES,directional migratory,False,1.0
Acrocephalus_palustris,PASSERIFORMES,directional migratory,False,1.0
Acrocephalus_percernis,PASSERIFORMES,resident,False,0.1
Acrocephalus_rehsei,PASSERIFORMES,resident,False,0.1
Acrocephalus_rimitarae,PASSERIFORMES,resident,False,0.1
Acrocephalus_rodericanus,PASSERIFORMES,resident,False,0.1
Acrocephalus_rufescens,PASSERIFORMES,resident,False,0.1
Acrocephalus_schoenobaenus,PASSERIFORMES,directional migratory,False,1.0
Acrocephalus_scirpaceus,PASSERIFORMES,directional migratory,False,1.0
Acrocephalus_sechellensis,PASSERIFORMES,resident,False,0.1
Acrocephalus_sorghophilus,PASSERIFORMES,directional migratory,False,1.0
Acrocephalus_stentoreus,PASSERIFORMES,directional migratory,False,1.0
Acrocephalus_syrinx,PASSERIFORMES,resident,False,0.1
Acrocephalus_taiti,PASSERIFORMES,resident,False,0.1
Acrocephalus_tangorum,PASSERIFORMES,directional migratory,False,1.0
Acrocephalus_vaughani,PASSERIFORMES,resident,False,0.1
Acrocephalus_yamashinae,PASSERIFORMES,extinct,False,0.0
Acropternis_orthonyx,PASSERIFORMES,resident,False,0.1
Acryllium_vulturinum,GALLIFORMES,resident,False,0.1
Actenoides_bougainvillei,CORACIIFORMES,resident,False,0.1
Actenoides_concretus,CORACIIFORMES,resident,False,0.1
Actenoides_hombroni,CORACIIFORMES,resident,False,0.1
Actenoides_lindsayi,CORACIIFORMES,resident,False,0.1
Actenoides_monachus,CORACIIFORMES,resident,False,0.1
Actenoides_princeps,CORACIIFORMES,resident,False,0.1
Actinodura_egertoni,PASSERIFORMES,resident,False,0.1
Actinodura_morrisoniana,PASSERIFORMES,resident,False,0.1
Actinodura_nipalensis,PASSERIFORMES,resident,False,0.1
Actinodura_ramsayi,PASSERIFORMES,resident,False,0.1
Actinodura_sodangorum,PASSERIFORMES,resident,False,0.1
Actinodura_souliei,PASSERIFORMES,resident,False,0.1
Actinodura_waldeni,PASSERIFORMES,resident,False,0.1
Actitis_hypoleucos,CHARADRIIFORMES,directional migratory,False,1.0
Actitis_macularius,CHARADRIIFORMES,directional migratory,False,1.0
Actophilornis_africanus,CHARADRIIFORMES,nomadic,False,0.3
Actophilornis_albinucha,CHARADRIIFORMES,resident,False,0.1
Adelomyia_melanogenys,APODIFORMES,resident,False,0.1
Aechmophorus_clarkii,PODICIPEDIFORMES,directional migratory,False,1.0
Aechmophorus_occidentalis,PODICIPEDIFORMES,directional migratory,False,1.0
Aechmorhynchus_cancellatus,CHARADRIIFORMES,extinct,False,0.0
Aechmorhynchus_parvirostris,CHARADRIIFORMES,resident,False,0.1
Aegithalos_bonvaloti,PASSERIFORMES,resident,False,0.1
Aegithalos_caudatus,PASSERIFORMES,directional migratory,False,1.0
Aegithalos_concinnus,PASSERIFORMES,resident,False,0.1
Aegithalos_fuliginosus,PASSERIFORMES,resident,False,0.1
Aegithalos_glaucogularis,PASSERIFORMES,resident,False,0.1
Aegithalos_iouschistos,PASSERIFORMES,resident,False,0.1
Aegithalos_leucogenys,PASSERIFORMES,resident,False,0.1
Aegithalos_niveogularis,PASSERIFORMES,resident,False,0.1
Aegithalos_sharpei,PASSERIFORMES,resident,False,0.1
Aegithina_lafresnayei,PASSERIFORMES,resident,False,0.1
Aegithina_nigrolutea,PASSERIFORMES,resident,False,0.1
Aegithina_tiphia,PASSERIFORMES,resident,False,0.1
Aegithina_viridissima,PASSERIFORMES,resident,False,0.1
Aegolius_acadicus,STRIGIFORMES,directional migratory,False,1.0
Aegolius_funereus,STRIGIFORMES,dispersive migratory,False,0.5
Aegolius_harrisii,STRIGIFORMES,resident,False,0.1
Aegolius_ridgwayi,STRIGIFORMES,resident,False,0.1
Aegotheles_affinis,APODIFORMES,resident,False,0.1
Aegotheles_albertisi,APODIFORMES,resident,False,0.1
Aegotheles_archboldi,APODIFORMES,resident,False,0.1
Aegotheles_bennettii,APODIFORMES,resident,False,0.1
Aegotheles_crinifrons,APODIFORMES,resident,False,0.1
Aegotheles_cristatus,APODIFORMES,resident,False,0.1
Aegotheles_insignis,APODIFORMES,resident,False,0.1
Aegotheles_savesi,APODIFORMES,resident,False,0.1
Aegotheles_tatei,APODIFORMES,resident,False,0.1
Aegotheles_wallacii,APODIFORMES,resident,False,0.1
Aegypius_monachus,ACCIPITRIFORMES,directional migratory,False,1.0
Aenigmatolimnas_marginalis,GRUIFORMES,directional migratory,False,1.0
Aepypodius_arfakianus,GALLIFORMES,resident,False,0.1
Aepypodius_bruijnii,GALLIFORMES,resident,False,0.1
Aerodramus_bartschi,APODIFORMES,resident,False,0.1
Aerodramus_brevirostris,APODIFORMES,directional migratory,False,1.0
Aerodramus_ceramensis,APODIFORMES,resident,False,0.1
Aerodramus_elaphrus,APODIFORMES,resident,False,0.1
Aerodramus_francicus,APODIFORMES,resident,False,0.1
Aerodramus_fuciphagus,APODIFORMES,resident,False,0.1
Aerodramus_germani,APODIFORMES,resident,False,0.1
Aerodramus_hirundinaceus,APODIFORMES,resident,False,0.1
Aerodramus_infuscatus,APODIFORMES,resident,False,0.1
Aerodramus_inquietus,APODIFORMES,resident,False,0.1
Aerodramus_leucophaeus,APODIFORMES,resident,False,0.1
Aerodramus_maximus,APODIFORMES,resident,False,0.1
Aerodramus_mearnsi,APODIFORMES,resident,False,0.1
Aerodramus_nuditarsus,APODIFORMES,resident,False,0.1
Aerodramus_ocistus,APODIFORMES,resident,False,0.1
Aerodramus_orientalis,APODIFORMES,resident,False,0.1
Aerodramus_papuensis,APODIFORMES,resident,False,0.1
Aerodramus_pelewensis,APODIFORMES,resident,False,0.1
Aerodramus_salangana,APODIFORMES,resident,False,0.1
Aerodramus_sawtelli,APODIFORMES,resident,False,0.1
Aerodramus_sororum,APODIFORMES,resident,False,0.1
Aerodramus_spodiopygius,APODIFORMES,resident,False,0.1
Aerodramus_terraereginae,APODIFORMES,resident,False,0.1
Aerodramus_unicolor,APODIFORMES,resident,False,0.1
Aerodramus_vanikorensis,APODIFORMES,resident,False,0.1
Aerodramus_vulcanorum,APODIFORMES,resident,False,0.1
Aerodramus_whiteheadi,APODIFORMES,resident,False,0.1
Aeronautes_andecolus,APODIFORMES,resident,False,0.1
Aeronautes_montivagus,APODIFORMES,resident,False,0.1
Aeronautes_saxatalis,APODIFORMES,directional migratory,False,1.0
Aethia_cristatella,CHARADRIIFORMES,directional migratory,True,1.5
Aethia_psittacula,CHARADRIIFORMES,directional migratory,True,1.5
Aethia_pusilla,CHARADRIIFORMES,directional migratory,True,1.5
Aethia_pygmaea,CHARADRIIFORMES,dispersive migratory,True,0.5
Aethopyga_bella,PASSERIFORMES,resident,False,0.1
Aethopyga_boltoni,PASSERIFORMES,resident,False,0.1
Aethopyga_christinae,PASSERIFORMES,resident,False,0.1
Aethopyga_duyvenbodei,PASSERIFORMES,resident,False,0.1
Aethopyga_eximia,PASSERIFORMES,resident,False,0.1
Aethopyga_flagrans,PASSERIFORMES,resident,False,0.1
Aethopyga_gouldiae,PASSERIFORMES,dispersive migratory,False,0.5
Aethopyga_ignicauda,PASSERIFORMES,resident,False,0.1
Aethopyga_linaraborae,PASSERIFORMES,resident,False,0.1
Aethopyga_mystacalis,PASSERIFORMES,resident,False,0.1
Aethopyga_nipalensis,PASSERIFORMES,resident,False,0.1
Aethopyga_primigenia,PASSERIFORMES,resident,False,0.1
Aethopyga_pulcherrima,PASSERIFORMES,resident,False,0.1
Aethopyga_saturata,PASSERIFORMES,dispersive migratory,False,0.5
Aethopyga_shelleyi,PASSERIFORMES,resident,False,0.1
Aethopyga_siparaja,PASSERIFORMES,resident,False,0.1
Aethopyga_temminckii,PASSERIFORMES,resident,False,0.1
Aethopyga_vigorsii,PASSERIFORMES,resident,False,0.1
Afropavo_congensis,GALLIFORMES,resident,False,0.1
Afrotis_afra,OTIDIFORMES,resident,False,0.1
Afrotis_afraoides,OTIDIFORMES,resident,False,0.1
Agamia_agami,PELECANIFORMES,resident,False,0.1
Agapornis_canus,PSITTACIFORMES,resident,False,0.1
Agapornis_fischeri,PSITTACIFORMES,resident,False,0.1
Agapornis_lilianae,PSITTACIFORMES,resident,False,0.1
Agapornis_nigrigenis,PSITTACIFORMES,resident,False,0.1
Agapornis_personatus,PSITTACIFORMES,resident,False,0.1
Agapornis_pullarius,PSITTACIFORMES,dispersive migratory,False,0.5
Agapornis_roseicollis,PSITTACIFORMES,resident,False,0.1
Agapornis_swindernianus,PSITTACIFORMES,resident,False,0.1
Agapornis_taranta,PSITTACIFORMES,resident,False,0.1
Agelaioides_badius,PASSERIFORMES,resident,False,0.1
Agelaioides_oreopsar,PASSERIFORMES,resident,False,0.1
Agelaius_assimilis,PASSERIFORMES,resident,False,0.1
Agelaius_humeralis,PASSERIFORMES,resident,False,0.1
Agelaius_phoeniceus,PASSERIFORMES,directional migratory,False,1.0
Agelaius_tricolor,PASSERIFORMES,directional migratory,False,1.0
Agelaius_xanthomus,PASSERIFORMES,resident,False,0.1
Agelastes_meleagrides,GALLIFORMES,resident,False,0.1
Agelastes_niger,GALLIFORMES,resident,False,0.1
Agelasticus_cyanopus,PASSERIFORMES,resident,False,0.1
Agelasticus_thilius,PASSERIFORMES,directional migratory,False,1.0
Agelasticus_xanthophthalmus,PASSERIFORMES,resident,False,0.1
Aglaeactis_aliciae,APODIFORMES,resident,False,0.1
Aglaeactis_castelnaudii,APODIFORMES,resident,False,0.1
Aglaeactis_cupripennis,APODIFORMES,resident,False,0.1
Aglaeactis_pamela,APODIFORMES,resident,False,0.1
Aglaiocercus_berlepschi,APODIFORMES,resident,False,0.1
Aglaiocercus_coelestis,APODIFORMES,resident,False,0.1
Aglaiocercus_kingii,APODIFORMES,resident,False,0.1
Agriornis_albicauda,PASSERIFORMES,resident,False,0.1
Agriornis_lividus,PASSERIFORMES,resident,False,0.1
Agriornis_micropterus,PASSERIFORMES,directional migratory,False,1.0
Agriornis_montanus,PASSERIFORMES,directional migratory,False,1.0
Agriornis_murinus,PASSERIFORMES,directional migratory,False,1.0
Agropsar_philippensis,PASSERIFORMES,directional migratory,False,1.0
Agropsar_sturninus,PASSERIFORMES,directional migratory,False,1.0
Ailuroedus_buccoides,PASSERIFORMES,resident,False,0.1
Ailuroedus_crassirostris,PASSERIFORMES,resident,False,0.1
Ailuroedus_melanotis,PASSERIFORMES,resident,False,0.1
Aimophila_notosticta,PASSERIFORMES,resident,False,0.1
Aimophila_rufescens,PASSERIFORMES,resident,False,0.1
Aimophila_ruficeps,PASSERIFORMES,resident,False,0.1
Aix_galericulata,ANSERIFORMES,directional migratory,False,1.0
Aix_sponsa,ANSERIFORMES,directional migratory,False,1.0
Alaemon_alaudipes,PASSERIFORMES,resident,False,0.1
Alaemon_hamertoni,PASSERIFORMES,resident,False,0.1
Alauda_arvensis,PASSERIFORMES,directional migratory,False,1.0
Alauda_gulgula,PASSERIFORMES,directional migratory,False,1.0
Alauda_razae,PASSERIFORMES,resident,False,0.1
Alca_torda,CHARADRIIFORMES,directional migratory,True,1.5
Alcedo_atthis,CORACIIFORMES,directional migratory,False,1.0
Alcedo_coerulescens,CORACIIFORMES,resident,False,0.1
Alcedo_euryzona,CORACIIFORMES,resident,False,0.1
Alcedo_hercules,CORACIIFORMES,resident,False,0.1
Alcedo_meninting,CORACIIFORMES,resident,False,0.1
Alcedo_quadribrachys,CORACIIFORMES,resident,False,0.1
Alcedo_semitorquata,CORACIIFORMES,resident,False,0.1
Alcippe_brunnea,PASSERIFORMES,resident,False,0.1
Alcippe_brunneicauda,PASSERIFORMES,resident,False,0.1
Alcippe_castaneceps,PASSERIFORMES,resident,False,0.1
Alcippe_cinerea,PASSERIFORMES,resident,False,0.1
Alcippe_davidi,PASSERIFORMES,resident,False,0.1
Alcippe_dubia,PASSERIFORMES,resident,False,0.1
Alcippe_fratercula,PASSERIFORMES,resident,False,0.1
Alcippe_grotei,PASSERIFORMES,resident,False,0.1
Alcippe_hueti,PASSERIFORMES,resident,False,0.1
Alcippe_klossi,PASSERIFORMES,resident,False,0.1
Alcippe_morrisonia,PASSERIFORMES,resident,False,0.1
Alcippe_nipalensis,PASSERIFORMES,resident,False,0.1
Alcippe_peracensis,PASSERIFORMES,resident,False,0.1
Alcippe_poioicephala,PASSERIFORMES,resident,False,0.1
Alcippe_pyrrhoptera,PASSERIFORMES,resident,False,0.1
Alcippe_rufogularis,PASSERIFORMES,resident,False,0.1
Alcippe_variegaticeps,PASSERIFORMES,resident,False,0.1
Aleadryas_rufinucha,PASSERIFORMES,resident,False,0.1
Alectoris_barbara,GALLIFORMES,resident,False,0.1
Alectoris_chukar,GALLIFORMES,resident,False,0.1
Alectoris_graeca,GALLIFORMES,resident,False,0.1
Alectoris_magna,GALLIFORMES,resident,False,0.1
Alectoris_melanocephala,GALLIFORMES,resident,False,0.1
Alectoris_philbyi,GALLIFORMES,resident,False,0.1
Alectoris_rufa,GALLIFORMES,resident,False,0.1
Alectroenas_madagascariensis,COLUMBIFORMES,resident,False,0.1
Alectroenas_nitidissima,COLUMBIFORMES,extinct,False,0.0
Alectroenas_pulcherrimus,COLUMBIFORMES,resident,False,0.1
Alectroenas_sganzini,COLUMBIFORMES,resident,False,0.1
Alectrurus_risora,PASSERIFORMES,resident,False,0.1
Alectrurus_tricolor,PASSERIFORMES,resident,False,0.1
Alectura_lathami,GALLIFORMES,resident,False,0.1
Alethe_castanea,PASSERIFORMES,resident,False,0.1
Alethe_diademata,PASSERIFORMES,resident,False,0.1
Alipiopsitta_xanthops,PSITTACIFORMES,resident,False,0.1
Alisterus_amboinensis,PSITTACIFORMES,resident,False,0.1
Alisterus_chloropterus,PSITTACIFORMES,resident,False,0.1
Alisterus_scapularis,PSITTACIFORMES,resident,False,0.1
Alle_alle,CHARADRIIFORMES,directional migratory,True,1.5
Allenia_fusca,PASSERIFORMES,resident,False,0.1
Alophoixus_bres,PASSERIFORMES,resident,False,0.1
Alophoixus_finschii,PASSERIFORMES,resident,False,0.1
Alophoixus_flaveolus,PASSERIFORMES,resident,False,0.1
Alophoixus_frater,PASSERIFORMES,resident,False,0.1
Alophoixus_ochraceus,PASSERIFORMES,resident,False,0.1
Alophoixus_pallidus,PASSERIFORMES,resident,False,0.1
Alophoixus_phaeocephalus,PASSERIFORMES,resident,False,0.1
Alopochelidon_fucata,PASSERIFORMES,directional migratory,False,1.0
Alopochen_aegyptiaca,ANSERIFORMES,resident,False,0.1
Alopochen_mauritianus,ANSERIFORMES,extinct,False,0.0
Amadina_erythrocephala,PASSERIFORMES,dispersive migratory,False,0.5
Amadina_fasciata,PASSERIFORMES,resident,False,0.1
Amalocichla_incerta,PASSERIFORMES,resident,False,0.1
Amalocichla_sclateriana,PASSERIFORMES,resident,False,0.1
Amandava_amandava,PASSERIFORMES,resident,False,0.1
Amandava_formosa,PASSERIFORMES,resident,False,0.1
Amandava_subflava,PASSERIFORMES,resident,False,0.1
Amaurocichla_bocagii,PASSERIFORMES,resident,False,0.1
Amaurolimnas_concolor,GRUIFORMES,resident,False,0.1
Amaurornis_akool,GRUIFORMES,directional migratory,False,1.0
Amaurornis_flavirostra,GRUIFORMES,resident,False,0.1
Amaurornis_isabellina,GRUIFORMES,resident,False,0.1
Amaurornis_magnirostris,GRUIFORMES,resident,False,0.1
Amaurornis_moluccana,GRUIFORMES,resident,False,0.1
Amaurornis_olivacea,GRUIFORMES,resident,False,0.1
Amaurornis_olivieri,GRUIFORMES,resident,False,0.1
Amaurornis_phoenicurus,GRUIFORMES,directional migratory,False,1.0
Amaurospiza_carrizalensis,PASSERIFORMES,resident,False,0.1
Amaurospiza_concolor,PASSERIFORMES,resident,False,0.1
Amaurospiza_moesta,PASSERIFORMES,resident,False,0.1
Amazilia_amabilis,APODIFORMES,dispersive migratory,False,0.5
Amazilia_amazilia,APODIFORMES,resident,False,0.1
Amazilia_beryllina,APODIFORMES,resident,False,0.1
Amazilia_boucardi,APODIFORMES,resident,False,0.1
Amazilia_brevirostris,APODIFORMES,resident,False,0.1
Amazilia_candida,APODIFORMES,directional migratory,False,1.0
Amazilia_castaneiventris,APODIFORMES,resident,False,0.1
Amazilia_chionogaster,APODIFORMES,resident,False,0.1
Amazilia_cyanifrons,APODIFORMES,resident,False,0.1
Amazilia_cyanocephala,APODIFORMES,directional migratory,False,1.0
Amazilia_cyanura,APODIFORMES,resident,False,0.1
Amazilia_decora,APODIFORMES,resident,False,0.1
Amazilia_edward,APODIFORMES,resident,False,0.1
Amazilia_fimbriata,APODIFORMES,resident,False,0.1
Amazilia_franciae,APODIFORMES,resident,False,0.1
Amazilia_lactea,APODIFORMES,resident,False,0.1
Amazilia_leucogaster,APODIFORMES,resident,False,0.1
Amazilia_luciae,APODIFORMES,resident,False,0.1
Amazilia_rosenbergi,APODIFORMES,resident,False,0.1
Amazilia_rutila,APODIFORMES,directional migratory,False,1.0
Amazilia_saucerrottei,APODIFORMES,resident,False,0.1
Amazilia_tobaci,APODIFORMES,resident,False,0.1
Amazilia_tzacatl,APODIFORMES,resident,False,0.1
Amazilia_versicolor,APODIFORMES,resident,False,0.1
Amazilia_violiceps,APODIFORMES,directional migratory,False,1.0
Amazilia_viridicauda,APODIFORMES,resident,False,0.1
Amazilia_viridifrons,APODIFORMES,resident,False,0.1
Amazilia_viridigaster,APODIFORMES,resident,False,0.1
Amazilia_wagneri,APODIFORMES,resident,False,0.1
Amazilia_yucatanensis,APODIFORMES,directional migratory,False,1.0
Amazona_aestiva,PSITTACIFORMES,resident,False,0.1
Amazona_agilis,PSITTACIFORMES,resident,False,0.1
Amazona_albifrons,PSITTACIFORMES,resident,False,0.1
Amazona_amazonica,PSITTACIFORMES,resident,False,0.1
Amazona_arausiaca,PSITTACIFORMES,resident,False,0.1
Amazona_auropalliata,PSITTACIFORMES,resident,False,0.1
Amazona_autumnalis,PSITTACIFORMES,resident,False,0.1
Amazona_barbadensis,PSITTACIFORMES,resident,False,0.1
Amazona_brasiliensis,PSITTACIFORMES,resident,False,0.1
Amazona_collaria,PSITTACIFORMES,resident,False,0.1
Amazona_diadema,PSITTACIFORMES,resident,False,0.1
Amazona_dufresniana,PSITTACIFORMES,resident,False,0.1
Amazona_farinosa,PSITTACIFORMES,resident,False,0.1
Amazona_festiva,PSITTACIFORMES,resident,False,0.1
Amazona_finschi,PSITTACIFORMES,resident,False,0.1
Amazona_guildingii,PSITTACIFORMES,resident,False,0.1
Amazona_imperialis,PSITTACIFORMES,resident,False,0.1
Amazona_kawalli,PSITTACIFORMES,resident,False,0.1
Amazona_leucocephala,PSITTACIFORMES,resident,False,0.1
Amazona_mercenarius,PSITTACIFORMES,resident,False,0.1
Amazona_ochrocephala,PSITTACIFORMES,resident,False,0.1
Amazona_oratrix,PSITTACIFORMES,resident,False,0.1
Amazona_pretrei,PSITTACIFORMES,directional migratory,False,1.0
Amazona_rhodocorytha,PSITTACIFORMES,resident,False,0.1
Amazona_tresmariae,PSITTACIFORMES,resident,False,0.1
Amazona_tucumana,PSITTACIFORMES,resident,False,0.1
Amazona_ventralis,PSITTACIFORMES,resident,False,0.1
Amazona_versicolor,PSITTACIFORMES,resident,False,0.1
Amazona_vinacea,PSITTACIFORMES,resident,False,0.1
Amazona_viridigenalis,PSITTACIFORMES,dispersive migratory,False,0.5
Amazona_vittata,PSITTACIFORMES,resident,False,0.1
Amazona_xantholora,PSITTACIFORMES,resident,False,0.1
Amazonetta_brasiliensis,ANSERIFORMES,directional migratory,False,1.0
Amblycercus_holosericeus,PASSERIFORMES,resident,False,0.1
Amblyornis_flavifrons,PASSERIFORMES,resident,False,0.1
Amblyornis_inornata,PASSERIFORMES,resident,False,0.1
Amblyornis_macgregoriae,PASSERIFORMES,resident,False,0.1
Amblyornis_subalaris,PASSERIFORMES,resident,False,0.1
Amblyospiza_albifrons,PASSERIFORMES,resident,False,0.1
Amblyramphus_holosericeus,PASSERIFORMES,resident,False,0.1
Ammodramus_aurifrons,PASSERIFORMES,resident,False,0.1
Ammodramus_bairdii,PASSERIFORMES,directional migratory,False,1.0
Ammodramus_caudacutus,PASSERIFORMES,directional migratory,False,1.0
Ammodramus_henslowii,PASSERIFORMES,directional migratory,False,1.0
Ammodramus_humeralis,PASSERIFORMES,resident,False,0.1
Ammodramus_leconteii,PASSERIFORMES,directional migratory,False,1.0
Ammodramus_maritimus,PASSERIFORMES,directional migratory,False,1.0
Ammodramus_nelsoni,PASSERIFORMES,directional migratory,False,1.0
Ammodramus_savannarum,PASSERIFORMES,directional migratory,False,1.0
Ammomanes_cinctura,PASSERIFORMES,resident,False,0.1
Ammomanes_deserti,PASSERIFORMES,resident,False,0.1
Ammomanes_phoenicura,PASSERIFORMES,resident,False,0.1
Ammomanopsis_grayi,PASSERIFORMES,resident,False,0.1
Ammoperdix_griseogularis,GALLIFORMES,resident,False,0.1
Ammoperdix_heyi,GALLIFORMES,resident,False,0.1
Ampeliceps_coronatus,PASSERIFORMES,resident,False,0.1
Ampelioides_tschudii,PASSERIFORMES,resident,False,0.1
Ampelion_rubrocristatus,PASSERIFORMES,resident,False,0.1
Ampelion_rufaxilla,PASSERIFORMES,resident,False,0.1
Amphilais_seebohmi,PASSERIFORMES,resident,False,0.1
Amphispiza_bilineata,PASSERIFORMES,directional migratory,False,1.0
Amphispiza_quinquestriata,PASSERIFORMES,resident,False,0.1
Amytornis_ballarae,PASSERIFORMES,resident,False,0.1
Amytornis_barbatus,PASSERIFORMES,resident,False,0.1
Amytornis_dorotheae,PASSERIFORMES,resident,False,0.1
Amytornis_goyderi,PASSERIFORMES,resident,False,0.1
Amytornis_housei,PASSERIFORMES,resident,False,0.1
Amytornis_merrotsyi,PASSERIFORMES,resident,False,0.1
Amytornis_modestus,PASSERIFORMES,resident,False,0.1
Amytornis_purnelli,PASSERIFORMES,resident,False,0.1
Amytornis_striatus,PASSERIFORMES,resident,False,0.1
Amytornis_textilis,PASSERIFORMES,resident,False,0.1
Amytornis_woodwardi,PASSERIFORMES,resident,False,0.1
Anabacerthia_amaurotis,PASSERIFORMES,resident,False,0.1
Anabacerthia_striaticollis,PASSERIFORMES,resident,False,0.1
Anabacerthia_variegaticeps,PASSERIFORMES,resident,False,0.1
Anabathmis_hartlaubii,PASSERIFORMES,resident,False,0.1
Anabathmis_newtonii,PASSERIFORMES,resident,False,0.1
Anabathmis_reichenbachii,PASSERIFORMES,resident,False,0.1
Anabazenops_dorsalis,PASSERIFORMES,resident,False,0.1
Anabazenops_fuscus,PASSERIFORMES,resident,False,0.1
Anairetes_agilis,PASSERIFORMES,resident,False,0.1
Anairetes_agraphia,PASSERIFORMES,resident,False,0.1
Anairetes_alpinus,PASSERIFORMES,resident,False,0.1
Anairetes_fernandezianus,PASSERIFORMES,resident,False,0.1
Anairetes_flavirostris,PASSERIFORMES,directional migratory,False,1.0
Anairetes_nigrocristatus,PASSERIFORMES,resident,False,0.1
Anairetes_parulus,PASSERIFORMES,directional migratory,False,1.0
Anairetes_reguloides,PASSERIFORMES,resident,False,0.1
Anaplectes_rubriceps,PASSERIFORMES,resident,False,0.1
Anarhynchus_frontalis,CHARADRIIFORMES,directional migratory,False,1.0
Anas_acuta,ANSERIFORMES,directional migratory,False,1.0
Anas_albogularis,ANSERIFORMES,resident,False,0.1
Anas_americana,ANSERIFORMES,directional migratory,False,1.0
Anas_andium,ANSERIFORMES,resident,False,0.1
Anas_aucklandica,ANSERIFORMES,resident,False,0.1
Anas_bahamensis,ANSERIFORMES,resident,False,0.1
Anas_bernieri,ANSERIFORMES,resident,False,0.1
Anas_capensis,ANSERIFORMES,dispersive migratory,False,0.5
Anas_carolinensis,ANSERIFORMES,directional migratory,False,1.0
Anas_castanea,ANSERIFORMES,resident,False,0.1
Anas_chlorotis,ANSERIFORMES,resident,False,0.1
Anas_clypeata,ANSERIFORMES,directional migratory,False,1.0
Anas_crecca,ANSERIFORMES,directional migratory,False,1.0
Anas_cyanoptera,ANSERIFORMES,directional migratory,False,1.0
Anas_diazi,ANSERIFORMES,resident,False,0.1
Anas_discors,ANSERIFORMES,directional migratory,False,1.0
Anas_eatoni,ANSERIFORMES,resident,False,0.1
Anas_erythrorhyncha,ANSERIFORMES,resident,False,0.1
Anas_falcata,ANSERIFORMES,directional migratory,False,1.0
Anas_flavirostris,ANSERIFORMES,directional migratory,False,1.0
Anas_formosa,ANSERIFORMES,directional migratory,False,1.0
Anas_fulvigula,ANSERIFORMES,dispersive migratory,False,0.5
Anas_georgica,ANSERIFORMES,directional migratory,False,1.0
Anas_gibberifrons,ANSERIFORMES,resident,False,0.1
Anas_gracilis,ANSERIFORMES,dispersive migratory,False,0.5
Anas_hottentota,ANSERIFORMES,resident,False,0.1
Anas_laysanensis,ANSERIFORMES,resident,False,0.1
Anas_luzonica,ANSERIFORMES,resident,False,0.1
Anas_marecula,ANSERIFORMES,extinct,False,0.0
Anas_melleri,ANSERIFORMES,resident,False,0.1
Anas_nesiotis,ANSERIFORMES,resident,False,0.1
Anas_penelope,ANSERIFORMES,directional migratory,False,1.0
Anas_platalea,ANSERIFORMES,directional migratory,False,1.0
Anas_platyrhynchos,ANSERIFORMES,directional migratory,False,1.0
Anas_poecilorhyncha,ANSERIFORMES,resident,False,0.1
Anas_puna,ANSERIFORMES,resident,False,0.1
Anas_querquedula,ANSERIFORMES,directional migratory,False,1.0
Anas_rhynchotis,ANSERIFORMES,resident,False,0.1
Anas_rubripes,ANSERIFORMES,directional migratory,False,1.0
Anas_sibilatrix,ANSERIFORMES,directional migratory,False,1.0
Anas_smithii,ANSERIFORMES,resident,False,0.1
Anas_sparsa,ANSERIFORMES,resident,False,0.1
Anas_strepera,ANSERIFORMES,directional migratory,False,1.0
Anas_superciliosa,ANSERIFORMES,dispersive migratory,False,0.5
Anas_theodori,ANSERIFORMES,extinct,False,0.0
Anas_undulata,ANSERIFORMES,resident,False,0.1
Anas_versicolor,ANSERIFORMES,directional migratory,False,1.0
Anas_wyvilliana,ANSERIFORMES,resident,False,0.1
Anas_zonorhyncha,ANSERIFORMES,directional migratory,False,1.0
Anastomus_lamelligerus,CICONIIFORMES,directional migratory,False,1.0
Anastomus_oscitans,CICONIIFORMES,dispersive migratory,False,0.5
Ancistrops_strigilatus,PASSERIFORMES,resident,False,0.1
Andigena_cucullata,PICIFORMES,resident,False,0.1
Andigena_hypoglauca,PICIFORMES,resident,False,0.1
Andigena_laminirostris,PICIFORMES,resident,False,0.1
Andigena_nigrirostris,PICIFORMES,resident,False,0.1
Androdon_aequatorialis,APODIFORMES,resident,False,0.1
Andropadus_importunus,PASSERIFORMES,resident,False,0.1
Androphobus_viridis,PASSERIFORMES,resident,False,0.1
Anhima_cornuta,ANSERIFORMES,resident,False,0.1
Anhinga_anhinga,SULIFORMES,directional migratory,False,1.0
Anhinga_melanogaster,SULIFORMES,resident,False,0.1
Anhinga_novaehollandiae,SULIFORMES,resident,False,0.1
Anhinga_rufa,SULIFORMES,resident,False,0.1
Anisognathus_igniventris,PASSERIFORMES,resident,False,0.1
Anisognathus_lacrymosus,PASSERIFORMES,resident,False,0.1
Anisognathus_melanogenys,PASSERIFORMES,resident,False,0.1
Anisognathus_notabilis,PASSERIFORMES,resident,False,0.1
Anisognathus_somptuosus,PASSERIFORMES,resident,False,0.1
Anodorhynchus_glaucus,PSITTACIFORMES,unknown,False,0.2
Anodorhynchus_hyacinthinus,PSITTACIFORMES,resident,False,0.1
Anodorhynchus_leari,PSITTACIFORMES,resident,False,0.1
Anomalospiza_imberbis,PASSERIFORMES,resident,False,0.1
Anopetia_gounellei,APODIFORMES,resident,False,0.1
Anorrhinus_austeni,BUCEROTIFORMES,resident,False,0.1
Anorrhinus_galeritus,BUCEROTIFORMES,resident,False,0.1
Anorrhinus_tickelli,BUCEROTIFORMES,resident,False,0.1
Anous_minutus,CHARADRIIFORMES,dispersive migratory,True,0.5
Anous_stolidus,CHARADRIIFORMES,directional migratory,True,1.5
Anous_tenuirostris,CHARADRIIFORMES,dispersive migratory,True,0.5
Anser_albifrons,ANSERIFORMES,directional migratory,False,1.0
Anser_anser,ANSERIFORMES,directional migratory,False,1.0
Anser_brachyrhynchus,ANSERIFORMES,directional migratory,False,1.0
Anser_cygnoides,ANSERIFORMES,directional migratory,False,1.0
Anser_erythropus,ANSERIFORMES,directional migratory,False,1.0
Anser_fabalis,ANSERIFORMES,directional migratory,False,1.0
Anser_indicus,ANSERIFORMES,directional migratory,False,1.0
Anser_serrirostris,ANSERIFORMES,directional migratory,False,1.0
Anseranas_semipalmata,ANSERIFORMES,dispersive migratory,False,0.5
Anthipes_monileger,PASSERIFORMES,resident,False,0.1
Anthipes_solitaris,PASSERIFORMES,resident,False,0.1
Anthobaphes_violacea,PASSERIFORMES,resident,False,0.1
Anthocephala_floriceps,APODIFORMES,resident,False,0.1
Anthochaera_carunculata,PASSERIFORMES,dispersive migratory,False,0.5
Anthochaera_chrysoptera,PASSERIFORMES,resident,False,0.1
Anthochaera_lunulata,PASSERIFORMES,resident,False,0.1
Anthochaera_paradoxa,PASSERIFORMES,resident,False,0.1
Anthochaera_phrygia,PASSERIFORMES,dispersive migratory,False,0.5
Anthornis_melanocephala,PASSERIFORMES,extinct,False,0.0
Anthornis_melanura,PASSERIFORMES,resident,False,0.1
Anthoscopus_caroli,PASSERIFORMES,resident,False,0.1
Anthoscopus_flavifrons,PASSERIFORMES,resident,False,0.1
Anthoscopus_minutus,PASSERIFORMES,resident,False,0.1
Anthoscopus_musculus,PASSERIFORMES,resident,False,0.1
Anthoscopus_parvulus,PASSERIFORMES,resident,False,0.1
Anthoscopus_punctifrons,PASSERIFORMES,resident,False,0.1
Anthracoceros_albirostris,BUCEROTIFORMES,resident,False,0.1
Anthracoceros_coronatus,BUCEROTIFORMES,resident,False,0.1
Anthracoceros_malayanus,BUCEROTIFORMES,resident,False,0.1
Anthracoceros_marchei,BUCEROTIFORMES,resident,False,0.1
Anthracoceros_montani,BUCEROTIFORMES,resident,False,0.1
Anthracothorax_dominicus,APODIFORMES,resident,False,0.1
Anthracothorax_mango,APODIFORMES,resident,False,0.1
Anthracothorax_nigricollis,APODIFORMES,dispersive migratory,False,0.5
Anthracothorax_prevostii,APODIFORMES,dispersive migratory,False,0.5
Anthracothorax_veraguensis,APODIFORMES,resident,False,0.1
Anthracothorax_viridigula,APODIFORMES,resident,False,0.1
Anthracothorax_viridis,APODIFORMES,resident,False,0.1
Anthreptes_anchietae,PASSERIFORMES,resident,False,0.1
Anthreptes_aurantius,PASSERIFORMES,resident,False,0.1
Anthreptes_gabonicus,PASSERIFORMES,resident,False,0.1
Anthreptes_griseigularis,PASSERIFORMES,resident,False,0.1
Anthreptes_longuemarei,PASSERIFORMES,dispersive migratory,False,0.5
Anthreptes_malacensis,PASSERIFORMES,resident,False,0.1
Anthreptes_neglectus,PASSERIFORMES,resident,False,0.1
Anthreptes_orientalis,PASSERIFORMES,resident,False,0.1
Anthreptes_rectirostris,PASSERIFORMES,resident,False,0.1
Anthreptes_reichenowi,PASSERIFORMES,resident,False,0.1
Anthreptes_rhodolaemus,PASSERIFORMES,resident,False,0.1
Anthreptes_rubritorques,PASSERIFORMES,resident,False,0.1
Anthreptes_seimundi,PASSERIFORMES,resident,False,0.1
Anthreptes_simplex,PASSERIFORMES,resident,False,0.1
Anthus_antarcticus,PASSERIFORMES,resident,False,0.1
Anthus_australis,PASSERIFORMES,resident,False,0.1
Anthus_berthelotii,PASSERIFORMES,resident,False,0.1
Anthus_bogotensis,PASSERIFORMES,resident,False,0.1
Anthus_brachyurus,PASSERIFORMES,dispersive migratory,False,0.5
Anthus_caffer,PASSERIFORMES,resident,False,0.1
Anthus_campestris,PASSERIFORMES,directional migratory,False,1.0
Anthus_cervinus,PASSERIFORMES,directional migratory,False,1.0
Anthus_chacoensis,PASSERIFORMES,directional migratory,False,1.0
Anthus_chloris,PASSERIFORMES,dispersive migratory,False,0.5
Anthus_cinnamomeus,PASSERIFORMES,directional migratory,False,1.0
Anthus_correndera,PASSERIFORMES,directional migratory,False,1.0
Anthus_crenatus,PASSERIFORMES,resident,False,0.1
Anthus_furcatus,PASSERIFORMES,resident,False,0.1
Anthus_godlewskii,PASSERIFORMES,directional migratory,False,1.0
Anthus_gustavi,PASSERIFORMES,directional migratory,False,1.0
Anthus_gutturalis,PASSERIFORMES,resident,False,0.1
Anthus_hellmayri,PASSERIFORMES,directional migratory,False,1.0
Anthus_hodgsoni,PASSERIFORMES,directional migratory,False,1.0
Anthus_hoeschi,PASSERIFORMES,directional migratory,False,1.0
Anthus_latistriatus,PASSERIFORMES,dispersive migratory,False,0.5
Anthus_leucophrys,PASSERIFORMES,resident,False,0.1
Anthus_lineiventris,PASSERIFORMES,directional migratory,False,1.0
Anthus_longicaudatus,PASSERIFORMES,directional migratory,False,1.0
Anthus_lutescens,PASSERIFORMES,resident,False,0.1
Anthus_melindae,PASSERIFORMES,resident,False,0.1
Anthus_nattereri,PASSERIFORMES,resident,False,0.1
Anthus_nilghiriensis,PASSERIFORMES,resident,False,0.1
Anthus_novaeseelandiae,PASSERIFORMES,resident,False,0.1
Anthus_nyassae,PASSERIFORMES,resident,False,0.1
Anthus_pallidiventris,PASSERIFORMES,resident,False,0.1
Anthus_petrosus,PASSERIFORMES,directional migratory,False,1.0
Anthus_pratensis,PASSERIFORMES,directional migratory,False,1.0
Anthus_pseudosimilis,PASSERIFORMES,resident,False,0.1
Anthus_richardi,PASSERIFORMES,directional migratory,False,1.0
Anthus_roseatus,PASSERIFORMES,directional migratory,False,1.0
Anthus_rubescens,PASSERIFORMES,directional migratory,False,1.0
Anthus_rufulus,PASSERIFORMES,resident,False,0.1
Anthus_similis,PASSERIFORMES,directional migratory,False,1.0
Anthus_sokokensis,PASSERIFORMES,resident,False,0.1
Anthus_spinoletta,PASSERIFORMES,directional migratory,False,1.0
Anthus_spragueii,PASSERIFORMES,directional migratory,False,1.0
Anthus_sylvanus,PASSERIFORMES,resident,False,0.1
Anthus_trivialis,PASSERIFORMES,directional migratory,False,1.0
Anthus_vaalensis,PASSERIFORMES,resident,False,0.1
Antilophia_bokermanni,PASSERIFORMES,resident,False,0.1
Antilophia_galeata,PASSERIFORMES,resident,False,0.1
Antrostomus_arizonae,CAPRIMULGIFORMES,directional migratory,False,1.0
Antrostomus_badius,CAPRIMULGIFORMES,directional migratory,False,1.0
Antrostomus_carolinensis,CAPRIMULGIFORMES,directional migratory,False,1.0
Antrostomus_cubanensis,CAPRIMULGIFORMES,resident,False,0.1
Antrostomus_ekmani,CAPRIMULGIFORMES,resident,False,0.1
Antrostomus_noctitherus,CAPRIMULGIFORMES,resident,False,0.1
Antrostomus_ridgwayi,CAPRIMULGIFORMES,directional migratory,False,1.0
Antrostomus_rufus,CAPRIMULGIFORMES,directional migratory,False,1.0
Antrostomus_salvini,CAPRIMULGIFORMES,resident,False,0.1
Antrostomus_saturatus,CAPRIMULGIFORMES,resident,False,0.1
Antrostomus_sericocaudatus,CAPRIMULGIFORMES,resident,False,0.1
Antrostomus_vociferus,CAPRIMULGIFORMES,directional migratory,False,1.0
Anumbius_annumbi,PASSERIFORMES,resident,False,0.1
Anurolimnas_castaneiceps,GRUIFORMES,resident,False,0.1
Anurophasis_monorthonyx,GALLIFORMES,resident,False,0.1
Apalharpactes_mackloti,TROGONIFORMES,resident,False,0.1
Apalharpactes_reinwardtii,TROGONIFORMES,resident,False,0.1
Apalis_alticola,PASSERIFORMES,resident,False,0.1
Apalis_argentea,PASSERIFORMES,resident,False,0.1
Apalis_bamendae,PASSERIFORMES,resident,False,0.1
Apalis_binotata,PASSERIFORMES,resident,False,0.1
Apalis_chapini,PASSERIFORMES,resident,False,0.1
Apalis_chariessa,PASSERIFORMES,resident,False,0.1
Apalis_chirindensis,PASSERIFORMES,resident,False,0.1
Apalis_cinerea,PASSERIFORMES,resident,False,0.1
Apalis_flavida,PASSERIFORMES,resident,False,0.1
Apalis_flavigularis,PASSERIFORMES,resident,False,0.1
Apalis_fuscigularis,PASSERIFORMES,resident,False,0.1
Apalis_goslingi,PASSERIFORMES,resident,False,0.1
Apalis_jacksoni,PASSERIFORMES,resident,False,0.1
Apalis_kaboboensis,PASSERIFORMES,resident,False,0.1
Apalis_karamojae,PASSERIFORMES,resident,False,0.1
Apalis_lynesi,PASSERIFORMES,resident,False,0.1
Apalis_melanocephala,PASSERIFORMES,resident,False,0.1
Apalis_nigriceps,PASSERIFORMES,resident,False,0.1
Apalis_personata,PASSERIFORMES,resident,False,0.1
Apalis_porphyrolaema,PASSERIFORMES,resident,False,0.1
Apalis_ruddi,PASSERIFORMES,resident,False,0.1
Apalis_rufogularis,PASSERIFORMES,resident,False,0.1
Apalis_sharpii,PASSERIFORMES,resident,False,0.1
Apalis_thoracica,PASSERIFORMES,resident,False,0.1
Apaloderma_aequatoriale,TROGONIFORMES,resident,False,0.1
Apaloderma_narina,TROGONIFORMES,dispersive migratory,False,0.5
Apaloderma_vittatum,TROGONIFORMES,resident,False,0.1
Apalopteron_familiare,PASSERIFORMES,resident,False,0.1
Aphanapteryx_bonasia,GRUIFORMES,extinct,False,0.0
Aphanocrex_podarces,GRUIFORMES,extinct,False,0.0
Aphanotriccus_audax,PASSERIFORMES,resident,False,0.1
Aphanotriccus_capitalis,PASSERIFORMES,resident,False,0.1
Aphantochroa_cirrochloris,APODIFORMES,resident,False,0.1
Aphelocephala_leucopsis,PASSERIFORMES,resident,False,0.1
Aphelocephala_nigricincta,PASSERIFORMES,resident,False,0.1
Aphelocephala_pectoralis,PASSERIFORMES,resident,False,0.1
Aphelocoma_californica,PASSERIFORMES,resident,False,0.1
Aphelocoma_coerulescens,PASSERIFORMES,resident,False,0.1
Aphelocoma_insularis,PASSERIFORMES,resident,False,0.1
Aphelocoma_ultramarina,PASSERIFORMES,resident,False,0.1
Aphelocoma_unicolor,PASSERIFORMES,resident,False,0.1
Aphelocoma_wollweberi,PASSERIFORMES,resident,False,0.1
Aphelocoma_woodhouseii,PASSERIFORMES,resident,False,0.1
Aphrastura_masafuerae,PASSERIFORMES,resident,False,0.1
Aphrastura_spinicauda,PASSERIFORMES,resident,False,0.1
Aphriza_virgata,CHARADRIIFORMES,directional migratory,False,1.0
Aphrodroma_brevirostris,PROCELLARIIFORMES,dispersive migratory,True,0.5
Aplonis_atrifusca,PASSERIFORMES,resident,False,0.1
Aplonis_brunneicapillus,PASSERIFORMES,resident,False,0.1
Aplonis_cantoroides,PASSERIFORMES,resident,False,0.1
Aplonis_cinerascens,PASSERIFORMES,resident,False,0.1
Aplonis_circumscripta,PASSERIFORMES,resident,False,0.1
Aplonis_corvina,PASSERIFORMES,extinct,False,0.0
Aplonis_crassa,PASSERIFORMES,resident,False,0.1
Aplonis_dichroa,PASSERIFORMES,resident,False,0.1
Aplonis_feadensis,PASSERIFORMES,resident,False,0.1
Aplonis_fusca,PASSERIFORMES,extinct,False,0.0
Aplonis_grandis,PASSERIFORMES,resident,False,0.1
Aplonis_insularis,PASSERIFORMES,resident,False,0.1
Aplonis_magna,PASSERIFORMES,resident,False,0.1
Aplonis_mavornata,PASSERIFORMES,extinct,False,0.0
Aplonis_metallica,PASSERIFORMES,directional migratory,False,1.0
Aplonis_minor,PASSERIFORMES,resident,False,0.1
Aplonis_mysolensis,PASSERIFORMES,resident,False,0.1
Aplonis_mystacea,PASSERIFORMES,resident,False,0.1
Aplonis_opaca,PASSERIFORMES,resident,False,0.1
Aplonis_panayensis,PASSERIFORMES,resident,False,0.1
Aplonis_pelzelni,PASSERIFORMES,resident,False,0.1
Aplonis_santovestris,PASSERIFORMES,resident,False,0.1
Aplonis_striata,PASSERIFORMES,resident,False,0.1
Aplonis_tabuensis,PASSERIFORMES,resident,False,0.1
Aplonis_zelandica,PASSERIFORMES,resident,False,0.1
Aprosmictus_erythropterus,PSITTACIFORMES,resident,False,0.1
Aprosmictus_jonquillaceus,PSITTACIFORMES,resident,False,0.1
Aptenodytes_forsteri,SPHENISCIFORMES,dispersive migratory,True,0.5
Aptenodytes_patagonicus,SPHENISCIFORMES,dispersive migratory,True,0.5
Apteryx_australis,APTERYGIFORMES,resident,False,0.1
Apteryx_haastii,APTERYGIFORMES,resident,False,0.1
Apteryx_mantelli,APTERYGIFORMES,resident,False,0.1
Apteryx_owenii,APTERYGIFORMES,resident,False,0.1
Apteryx_rowi,APTERYGIFORMES,resident,False,0.1
Apus_acuticauda,APODIFORMES,directional migratory,False,1.0
Apus_affinis,APODIFORMES,directional migratory,False,1.0
Apus_alexandri,APODIFORMES,resident,False,0.1
Apus_apus,APODIFORMES,directional migratory,False,1.0
Apus_balstoni,APODIFORMES,resident,False,0.1
Apus_barbatus,APODIFORMES,directional migratory,False,1.0
Apus_batesi,APODIFORMES,resident,False,0.1
Apus_berliozi,APODIFORMES,directional migratory,False,1.0
Apus_bradfieldi,APODIFORMES,resident,False,0.1
Apus_caffer,APODIFORMES,directional migratory,False,1.0
Apus_cooki,APODIFORMES,directional migratory,False,1.0
Apus_horus,APODIFORMES,resident,False,0.1
Apus_leuconyx,APODIFORMES,directional migratory,False,1.0
Apus_niansae,APODIFORMES,directional migratory,False,1.0
Apus_nipalensis,APODIFORMES,resident,False,0.1
Apus_pacificus,APODIFORMES,directional migratory,False,1.0
Apus_pallidus,APODIFORMES,directional migratory,False,1.0
Apus_salimalii,APODIFORMES,directional migratory,False,1.0
Apus_sladeniae,APODIFORMES,resident,False,0.1
Apus_unicolor,APODIFORMES,directional migratory,False,1.0
Aquila_adalberti,ACCIPITRIFORMES,resident,False,0.1
Aquila_africana,ACCIPITRIFORMES,resident,False,0.1
Aquila_audax,ACCIPITRIFORMES,resident,False,0.1
Aquila_chrysaetos,ACCIPITRIFORMES,directional migratory,False,1.0
Aquila_clanga,ACCIPITRIFORMES,directional migratory,False,1.0
Aquila_fasciata,ACCIPITRIFORMES,resident,False,0.1
Aquila_gurneyi,ACCIPITRIFORMES,resident,False,0.1
Aquila_hastata,ACCIPITRIFORMES,resident,False,0.1
Aquila_heliaca,ACCIPITRIFORMES,directional migratory,False,1.0
Aquila_nipalensis,ACCIPITRIFORMES,directional migratory,False,1.0
Aquila_pomarina,ACCIPITRIFORMES,directional migratory,False,1.0
Aquila_rapax,ACCIPITRIFORMES,resident,False,0.1
Aquila_spilogaster,ACCIPITRIFORMES,resident,False,0.1
Aquila_verreauxii,ACCIPITRIFORMES,resident,False,0.1
Ara_ambiguus,PSITTACIFORMES,resident,False,0.1
Ara_ararauna,PSITTACIFORMES,resident,False,0.1
Ara_chloropterus,PSITTACIFORMES,resident,False,0.1
Ara_glaucogularis,PSITTACIFORMES,resident,False,0.1
Ara_macao,PSITTACIFORMES,resident,False,0.1
Ara_militaris,PSITTACIFORMES,resident,False,0.1
Ara_rubrogenys,PSITTACIFORMES,resident,False,0.1
Ara_severus,PSITTACIFORMES,resident,False,0.1
Ara_tricolor,PSITTACIFORMES,extinct,False,0.0
Arachnothera_affinis,PASSERIFORMES,resident,False,0.1
Arachnothera_chrysogenys,PASSERIFORMES,resident,False,0.1
Arachnothera_clarae,PASSERIFORMES,resident,False,0.1
Arachnothera_crassirostris,PASSERIFORMES,resident,False,0.1
Arachnothera_dilutior,PASSERIFORMES,resident,False,0.1
Arachnothera_everetti,PASSERIFORMES,resident,False,0.1
Arachnothera_flammifera,PASSERIFORMES,resident,False,0.1
Arachnothera_flavigaster,PASSERIFORMES,resident,False,0.1
Arachnothera_juliae,PASSERIFORMES,resident,False,0.1
Arachnothera_longirostra,PASSERIFORMES,resident,False,0.1
Arachnothera_magna,PASSERIFORMES,resident,False,0.1
Arachnothera_modesta,PASSERIFORMES,resident,False,0.1
Arachnothera_robusta,PASSERIFORMES,resident,False,0.1
Aramides_axillaris,GRUIFORMES,resident,False,0.1
Aramides_cajaneus,GRUIFORMES,resident,False,0.1
Aramides_calopterus,GRUIFORMES,resident,False,0.1
Aramides_mangle,GRUIFORMES,resident,False,0.1
Aramides_saracura,GRUIFORMES,resident,False,0.1
Aramides_wolfi,GRUIFORMES,resident,False,0.1
Aramides_ypecaha,GRUIFORMES,resident,False,0.1
Aramidopsis_plateni,GRUIFORMES,resident,False,0.1
Aramus_guarauna,GRUIFORMES,dispersive migratory,False,0.5
Aratinga_acuticaudata,PSITTACIFORMES,dispersive migratory,False,0.5
Aratinga_aurea,PSITTACIFORMES,resident,False,0.1
Aratinga_auricapillus,PSITTACIFORMES,resident,False,0.1
Aratinga_brevipes,PSITTACIFORMES,resident,False,0.1
Aratinga_cactorum,PSITTACIFORMES,resident,False,0.1
Aratinga_canicularis,PSITTACIFORMES,resident,False,0.1
Aratinga_chloroptera,PSITTACIFORMES,resident,False,0.1
Aratinga_erythrogenys,PSITTACIFORMES,resident,False,0.1
Aratinga_euops,PSITTACIFORMES,resident,False,0.1
Aratinga_finschi,PSITTACIFORMES,resident,False,0.1
Aratinga_holochlora,PSITTACIFORMES,resident,False,0.1
Aratinga_jandaya,PSITTACIFORMES,resident,False,0.1
Aratinga_leucophthalma,PSITTACIFORMES,resident,False,0.1
Aratinga_maculata,PSITTACIFORMES,resident,False,0.1
Aratinga_mitrata,PSITTACIFORMES,resident,False,0.1
Aratinga_nana,PSITTACIFORMES,resident,False,0.1
Aratinga_pertinax,PSITTACIFORMES,resident,False,0.1
Aratinga_rubritorquis,PSITTACIFORMES,resident,False,0.1
Aratinga_solstitialis,PSITTACIFORMES,resident,False,0.1
Aratinga_strenua,PSITTACIFORMES,resident,False,0.1
Aratinga_wagleri,PSITTACIFORMES,resident,False,0.1
Aratinga_weddellii,PSITTACIFORMES,resident,False,0.1
Arborophila_ardens,GALLIFORMES,resident,False,0.1
Arborophila_atrogularis,GALLIFORMES,resident,False,0.1
Arborophila_brunneopectus,GALLIFORMES,resident,False,0.1
Arborophila_cambodiana,GALLIFORMES,resident,False,0.1
Arborophila_campbelli,GALLIFORMES,resident,False,0.1
Arborophila_charltonii,GALLIFORMES,resident,False,0.1
Arborophila_chloropus,GALLIFORMES,resident,False,0.1
Arborophila_crudigularis,GALLIFORMES,resident,False,0.1
Arborophila_davidi,GALLIFORMES,resident,False,0.1
Arborophila_diversa,GALLIFORMES,resident,False,0.1
Arborophila_gingica,GALLIFORMES,resident,False,0.1
Arborophila_hyperythra,GALLIFORMES,resident,False,0.1
Arborophila_javanica,GALLIFORMES,resident,False,0.1
Arborophila_mandellii,GALLIFORMES,resident,False,0.1
Arborophila_orientalis,GALLIFORMES,resident,False,0.1
Arborophila_rolli,GALLIFORMES,resident,False,0.1
Arborophila_rubrirostris,GALLIFORMES,resident,False,0.1
Arborophila_rufipectus,GALLIFORMES,resident,False,0.1
Arborophila_rufogularis,GALLIFORMES,resident,False,0.1
Arborophila_sumatrana,GALLIFORMES,resident,False,0.1
Arborophila_torqueola,GALLIFORMES,resident,False,0.1
Arcanator_orostruthus,PASSERIFORMES,resident,False,0.1
Archboldia_papuensis,PASSERIFORMES,resident,False,0.1
Archilochus_alexandri,APODIFORMES,directional migratory,False,1.0
Archilochus_colubris,APODIFORMES,directional migratory,False,1.0
Ardea_alba,PELECANIFORMES,directional migratory,False,1.0
Ardea_cinerea,PELECANIFORMES,directional migratory,False,1.0
Ardea_cocoi,PELECANIFORMES,resident,False,0.1
Ardea_goliath,PELECANIFORMES,dispersive migratory,False,0.5
Ardea_herodias,PELECANIFORMES,directional migratory,False,1.0
Ardea_humbloti,PELECANIFORMES,resident,False,0.1
Ardea_insignis,PELECANIFORMES,resident,False,0.1
Ardea_melanocephala,PELECANIFORMES,dispersive migratory,False,0.5
Ardea_pacifica,PELECANIFORMES,nomadic,False,0.3
Ardea_purpurea,PELECANIFORMES,directional migratory,False,1.0
Ardea_sumatrana,PELECANIFORMES,resident,False,0.1
Ardeola_bacchus,PELECANIFORMES,directional migratory,False,1.0
Ardeola_grayii,PELECANIFORMES,resident,False,0.1
Ardeola_idae,PELECANIFORMES,directional migratory,False,1.0
Ardeola_ralloides,PELECANIFORMES,directional migratory,False,1.0
Ardeola_rufiventris,PELECANIFORMES,resident,False,0.1
Ardeola_speciosa,PELECANIFORMES,resident,False,0.1
Ardeotis_arabs,OTIDIFORMES,dispersive migratory,False,0.5
Ardeotis_australis,OTIDIFORMES,dispersive migratory,False,0.5
Ardeotis_kori,OTIDIFORMES,resident,False,0.1
Ardeotis_nigriceps,OTIDIFORMES,dispersive migratory,False,0.5
Arenaria_interpres,CHARADRIIFORMES,directional migratory,False,1.0
Arenaria_melanocephala,CHARADRIIFORMES,directional migratory,False,1.0
Argusianus_argus,GALLIFORMES,resident,False,0.1
Arizelocichla_chlorigula,PASSERIFORMES,resident,False,0.1
Arizelocichla_fusciceps,PASSERIFORMES,resident,False,0.1
Arizelocichla_kakamegae,PASSERIFORMES,resident,False,0.1
Arizelocichla_kikuyuensis,PASSERIFORMES,resident,False,0.1
Arizelocichla_masukuensis,PASSERIFORMES,resident,False,0.1
Arizelocichla_milanjensis,PASSERIFORMES,resident,False,0.1
Arizelocichla_montana,PASSERIFORMES,resident,False,0.1
Arizelocichla_neumanni,PASSERIFORMES,resident,False,0.1
Arizelocichla_nigriceps,PASSERIFORMES,resident,False,0.1
Arizelocichla_olivaceiceps,PASSERIFORMES,resident,False,0.1
Arizelocichla_striifacies,PASSERIFORMES,resident,False,0.1
Arizelocichla_tephrolaema,PASSERIFORMES,resident,False,0.1
Arremon_abeillei,PASSERIFORMES,resident,False,0.1
Arremon_assimilis,PASSERIFORMES,resident,False,0.1
Arremon_atricapillus,PASSERIFORMES,resident,False,0.1
Arremon_aurantiirostris,PASSERIFORMES,resident,False,0.1
Arremon_basilicus,PASSERIFORMES,resident,False,0.1
Arremon_brunneinucha,PASSERIFORMES,resident,False,0.1
Arremon_castaneiceps,PASSERIFORMES,resident,False,0.1
Arremon_costaricensis,PASSERIFORMES,resident,False,0.1
Arremon_crassirostris,PASSERIFORMES,resident,False,0.1
Arremon_flavirostris,PASSERIFORMES,resident,False,0.1
Arremon_franciscanus,PASSERIFORMES,resident,False,0.1
Arremon_perijanus,PASSERIFORMES,resident,False,0.1
Arremon_phaeopleurus,PASSERIFORMES,resident,False,0.1
Arremon_phygas,PASSERIFORMES,resident,False,0.1
Arremon_schlegeli,PASSERIFORMES,resident,False,0.1
Arremon_semitorquatus,PASSERIFORMES,resident,False,0.1
Arremon_taciturnus,PASSERIFORMES,resident,False,0.1
Arremon_torquatus,PASSERIFORMES,resident,False,0.1
Arremon_virenticeps,PASSERIFORMES,resident,False,0.1
Arremonops_chloronotus,PASSERIFORMES,resident,False,0.1
Arremonops_conirostris,PASSERIFORMES,resident,False,0.1
Arremonops_rufivirgatus,PASSERIFORMES,resident,False,0.1
Arremonops_tocuyensis,PASSERIFORMES,resident,False,0.1
Arses_insularis,PASSERIFORMES,resident,False,0.1
Arses_kaupi,PASSERIFORMES,resident,False,0.1
Arses_lorealis,PASSERIFORMES,resident,False,0.1
Arses_telescopthalmus,PASSERIFORMES,resident,False,0.1
Artamella_viridis,PASSERIFORMES,resident,False,0.1
Artamus_cinereus,PASSERIFORMES,resident,False,0.1
Artamus_cyanopterus,PASSERIFORMES,directional migratory,False,1.0
Artamus_fuscus,PASSERIFORMES,resident,False,0.1
Artamus_insignis,PASSERIFORMES,resident,False,0.1
Artamus_leucorynchus,PASSERIFORMES,directional migratory,False,1.0
Artamus_maximus,PASSERIFORMES,resident,False,0.1
Artamus_mentalis,PASSERIFORMES,resident,False,0.1
Artamus_minor,PASSERIFORMES,dispersive migratory,False,0.5
Artamus_monachus,PASSERIFORMES,resident,False,0.1
Artamus_personatus,PASSERIFORMES,dispersive migratory,False,0.5
Artamus_superciliosus,PASSERIFORMES,dispersive migratory,False,0.5
Artemisiospiza_belli,PASSERIFORMES,directional migratory,False,1.0
Artisornis_metopias,PASSERIFORMES,resident,False,0.1
Artisornis_moreaui,PASSERIFORMES,resident,False,0.1
Arundinicola_leucocephala,PASSERIFORMES,resident,False,0.1
Asarcornis_scutulata,ANSERIFORMES,resident,False,0.1
Ashbyia_lovensis,PASSERIFORMES,dispersive migratory,False,0.5
Asio_abyssinicus,STRIGIFORMES,resident,False,0.1
Asio_capensis,STRIGIFORMES,dispersive migratory,False,0.5
Asio_flammeus,STRIGIFORMES,directional migratory,False,1.0
Asio_madagascariensis,STRIGIFORMES,resident,False,0.1
Asio_otus,STRIGIFORMES,directional migratory,False,1.0
Asio_stygius,STRIGIFORMES,resident,False,0.1
Aspatha_gularis,CORACIIFORMES,resident,False,0.1
Asthenes_anthoides,PASSERIFORMES,resident,False,0.1
Asthenes_arequipae,PASSERIFORMES,resident,False,0.1
Asthenes_baeri,PASSERIFORMES,resident,False,0.1
Asthenes_berlepschi,PASSERIFORMES,resident,False,0.1
Asthenes_coryi,PASSERIFORMES,resident,False,0.1
Asthenes_dorbignyi,PASSERIFORMES,resident,False,0.1
Asthenes_flammulata,PASSERIFORMES,resident,False,0.1
Asthenes_fuliginosa,PASSERIFORMES,resident,False,0.1
Asthenes_griseomurina,PASSERIFORMES,resident,False,0.1
Asthenes_harterti,PASSERIFORMES,resident,False,0.1
Asthenes_helleri,PASSERIFORMES,resident,False,0.1
Asthenes_heterura,PASSERIFORMES,resident,False,0.1
Asthenes_huancavelicae,PASSERIFORMES,resident,False,0.1
Asthenes_hudsoni,PASSERIFORMES,resident,False,0.1
Asthenes_humilis,PASSERIFORMES,resident,False,0.1
Asthenes_luizae,PASSERIFORMES,resident,False,0.1
Asthenes_maculicauda,PASSERIFORMES,resident,False,0.1
Asthenes_modesta,PASSERIFORMES,resident,False,0.1
Asthenes_moreirae,PASSERIFORMES,resident,False,0.1
Asthenes_ottonis,PASSERIFORMES,resident,False,0.1
Asthenes_palpebralis,PASSERIFORMES,resident,False,0.1
Asthenes_perijana,PASSERIFORMES,resident,False,0.1
Asthenes_pudibunda,PASSERIFORMES,resident,False,0.1
Asthenes_pyrrholeuca,PASSERIFORMES,directional migratory,False,1.0
Asthenes_sclateri,PASSERIFORMES,resident,False,0.1
Asthenes_urubambensis,PASSERIFORMES,resident,False,0.1
Asthenes_vilcabambae,PASSERIFORMES,resident,False,0.1
Asthenes_virgata,PASSERIFORMES,resident,False,0.1
Asthenes_wyatti,PASSERIFORMES,resident,False,0.1
Astrapia_mayeri,PASSERIFORMES,resident,False,0.1
Astrapia_nigra,PASSERIFORMES,resident,False,0.1
Astrapia_rothschildi,PASSERIFORMES,resident,False,0.1
Astrapia_splendidissima,PASSERIFORMES,resident,False,0.1
Astrapia_stephaniae,PASSERIFORMES,resident,False,0.1
Atalotriccus_pilaris,PASSERIFORMES,resident,False,0.1
Atelornis_crossleyi,CORACIIFORMES,resident,False,0.1
Atelornis_pittoides,CORACIIFORMES,resident,False,0.1
Athene_brama,STRIGIFORMES,resident,False,0.1
Athene_cunicularia,STRIGIFORMES,directional migratory,False,1.0
Athene_noctua,STRIGIFORMES,resident,False,0.1
Atimastillas_flavicollis,PASSERIFORMES,resident,False,0.1
Atlantisia_rogersi,GRUIFORMES,resident,False,0.1
Atlapetes_albiceps,PASSERIFORMES,resident,False,0.1
Atlapetes_albinucha,PASSERIFORMES,resident,False,0.1
Atlapetes_albofrenatus,PASSERIFORMES,resident,False,0.1
Atlapetes_blancae,PASSERIFORMES,unknown,False,0.2
Atlapetes_canigenis,PASSERIFORMES,resident,False,0.1
Atlapetes_citrinellus,PASSERIFORMES,resident,False,0.1
Atlapetes_crassus,PASSERIFORMES,resident,False,0.1
Atlapetes_flaviceps,PASSERIFORMES,resident,False,0.1
Atlapetes_forbesi,PASSERIFORMES,resident,False,0.1
Atlapetes_fulviceps,PASSERIFORMES,resident,False,0.1
Atlapetes_fuscoolivaceus,PASSERIFORMES,resident,False,0.1
Atlapetes_latinuchus,PASSERIFORMES,resident,False,0.1
Atlapetes_leucopis,PASSERIFORMES,resident,False,0.1
Atlapetes_leucopterus,PASSERIFORMES,resident,False,0.1
Atlapetes_melanocephalus,PASSERIFORMES,resident,False,0.1
Atlapetes_melanolaemus,PASSERIFORMES,resident,False,0.1
Atlapetes_melanopsis,PASSERIFORMES,resident,False,0.1
Atlapetes_nationi,PASSERIFORMES,resident,False,0.1
Atlapetes_pallidiceps,PASSERIFORMES,resident,False,0.1
Atlapetes_pallidinucha,PASSERIFORMES,resident,False,0.1
Atlapetes_personatus,PASSERIFORMES,resident,False,0.1
Atlapetes_pileatus,PASSERIFORMES,resident,False,0.1
Atlapetes_rufigenis,PASSERIFORMES,resident,False,0.1
Atlapetes_rufinucha,PASSERIFORMES,resident,False,0.1
Atlapetes_schistaceus,PASSERIFORMES,resident,False,0.1
Atlapetes_seebohmi,PASSERIFORMES,resident,False,0.1
Atlapetes_semirufus,PASSERIFORMES,resident,False,0.1
Atlapetes_terborghi,PASSERIFORMES,resident,False,0.1
Atlapetes_tricolor,PASSERIFORMES,resident,False,0.1
Atrichornis_clamosus,PASSERIFORMES,resident,False,0.1
Atrichornis_rufescens,PASSERIFORMES,resident,False,0.1
Attagis_gayi,CHARADRIIFORMES,resident,False,0.1
Attagis_malouinus,CHARADRIIFORMES,dispersive migratory,False,0.5
Atthis_ellioti,APODIFORMES,resident,False,0.1
Atthis_heloisa,APODIFORMES,resident,False,0.1
Atticora_fasciata,PASSERIFORMES,resident,False,0.1
Atticora_melanoleuca,PASSERIFORMES,resident,False,0.1
Attila_bolivianus,PASSERIFORMES,resident,False,0.1
Attila_cinnamomeus,PASSERIFORMES,resident,False,0.1
Attila_citriniventris,PASSERIFORMES,resident,False,0.1
Attila_phoenicurus,PASSERIFORMES,directional migratory,False,1.0
Attila_rufus,PASSERIFORMES,resident,False,0.1
Attila_spadiceus,PASSERIFORMES,resident,False,0.1
Attila_torridus,PASSERIFORMES,resident,False,0.1
Augastes_lumachella,APODIFORMES,resident,False,0.1
Augastes_scutatus,APODIFORMES,resident,False,0.1
Aulacorhynchus_albivitta,PICIFORMES,resident,False,0.1
Aulacorhynchus_atrogularis,PICIFORMES,resident,False,0.1
Aulacorhynchus_caeruleogularis,PICIFORMES,resident,False,0.1
Aulacorhynchus_coeruleicinctis,PICIFORMES,resident,False,0.1
Aulacorhynchus_cognatus,PICIFORMES,resident,False,0.1
Aulacorhynchus_derbianus,PICIFORMES,resident,False,0.1
Aulacorhynchus_griseigularis,PICIFORMES,resident,False,0.1
Aulacorhynchus_haematopygus,PICIFORMES,resident,False,0.1
Aulacorhynchus_huallagae,PICIFORMES,resident,False,0.1
Aulacorhynchus_lautus,PICIFORMES,resident,False,0.1
Aulacorhynchus_prasinus,PICIFORMES,resident,False,0.1
Aulacorhynchus_sulcatus,PICIFORMES,resident,False,0.1
Aulacorhynchus_wagleri,PICIFORMES,resident,False,0.1
Aulacorhynchus_whitelianus,PICIFORMES,resident,False,0.1
Auriparus_flaviceps,PASSERIFORMES,resident,False,0.1
Automolus_infuscatus,PASSERIFORMES,resident,False,0.1
Automolus_lammi,PASSERIFORMES,resident,False,0.1
Automolus_leucophthalmus,PASSERIFORMES,resident,False,0.1
Automolus_melanopezus,PASSERIFORMES,resident,False,0.1
Automolus_ochrolaemus,PASSERIFORMES,resident,False,0.1
Automolus_paraensis,PASSERIFORMES,resident,False,0.1
Automolus_rubiginosus,PASSERIFORMES,resident,False,0.1
Automolus_rufipectus,PASSERIFORMES,resident,False,0.1
Automolus_rufipileatus,PASSERIFORMES,resident,False,0.1
Aviceda_cuculoides,ACCIPITRIFORMES,resident,False,0.1
Aviceda_jerdoni,ACCIPITRIFORMES,resident,False,0.1
Aviceda_leuphotes,ACCIPITRIFORMES,directional migratory,False,1.0
Aviceda_madagascariensis,ACCIPITRIFORMES,resident,False,0.1
Aviceda_subcristata,ACCIPITRIFORMES,resident,False,0.1
Avocettula_recurvirostris,APODIFORMES,resident,False,0.1
Aythya_affinis,ANSERIFORMES,directional migratory,False,1.0
Aythya_americana,ANSERIFORMES,directional migratory,False,1.0
Aythya_australis,ANSERIFORMES,dispersive migratory,False,0.5
Aythya_baeri,ANSERIFORMES,directional migratory,False,1.0
Aythya_collaris,ANSERIFORMES,directional migratory,False,1.0
Aythya_ferina,ANSERIFORMES,directional migratory,False,1.0
Aythya_fuligula,ANSERIFORMES,directional migratory,False,1.0
Aythya_innotata,ANSERIFORMES,resident,False,0.1
Aythya_marila,ANSERIFORMES,directional migratory,False,1.0
Aythya_novaeseelandiae,ANSERIFORMES,resident,False,0.1
Aythya_nyroca,ANSERIFORMES,directional migratory,False,1.0
Aythya_valisineria,ANSERIFORMES,directional migratory,False,1.0
Babax_koslowi,PASSERIFORMES,resident,False,0.1
Babax_lanceolatus,PASSERIFORMES,resident,False,0.1
Babax_waddelli,PASSERIFORMES,resident,False,0.1
Babax_woodi,PASSERIFORMES,resident,False,0.1
Baeolophus_atricristatus,PASSERIFORMES,resident,False,0.1
Baeolophus_bicolor,PASSERIFORMES,resident,False,0.1
Baeolophus_inornatus,PASSERIFORMES,resident,False,0.1
Baeolophus_ridgwayi,PASSERIFORMES,resident,False,0.1
Baeolophus_wollweberi,PASSERIFORMES,resident,False,0.1
Baeopogon_clamans,PASSERIFORMES,resident,False,0.1
Baeopogon_indicator,PASSERIFORMES,resident,False,0.1
Balaeniceps_rex,PELECANIFORMES,resident,False,0.1
Balearica_pavonina,GRUIFORMES,resident,False,0.1
Balearica_regulorum,GRUIFORMES,resident,False,0.1
Bambusicola_fytchii,GALLIFORMES,resident,False,0.1
Bambusicola_thoracicus,GALLIFORMES,resident,False,0.1
Bangsia_arcaei,PASSERIFORMES,resident,False,0.1
Bangsia_aureocincta,PASSERIFORMES,resident,False,0.1
Bangsia_edwardsi,PASSERIFORMES,resident,False,0.1
Bangsia_melanochlamys,PASSERIFORMES,resident,False,0.1
Bangsia_rothschildi,PASSERIFORMES,resident,False,0.1
Barnardius_zonarius,PSITTACIFORMES,resident,False,0.1
Bartramia_longicauda,CHARADRIIFORMES,directional migratory,False,1.0
Baryphthengus_martii,CORACIIFORMES,resident,False,0.1
Baryphthengus_ruficapillus,CORACIIFORMES,resident,False,0.1
Basileuterus_basilicus,PASSERIFORMES,resident,False,0.1
Basileuterus_belli,PASSERIFORMES,resident,False,0.1
Basileuterus_culicivorus,PASSERIFORMES,resident,False,0.1
Basileuterus_ignotus,PASSERIFORMES,resident,False,0.1
Basileuterus_lachrymosus,PASSERIFORMES,directional migratory,False,1.0
Basileuterus_melanogenys,PASSERIFORMES,resident,False,0.1
Basileuterus_rufifrons,PASSERIFORMES,resident,False,0.1
Basileuterus_trifasciatus,PASSERIFORMES,resident,False,0.1
Basileuterus_tristriatus,PASSERIFORMES,resident,False,0.1
Basilinna_leucotis,APODIFORMES,resident,False,0.1
Basilinna_xantusii,APODIFORMES,resident,False,0.1
Basilornis_celebensis,PASSERIFORMES,resident,False,0.1
Basilornis_corythaix,PASSERIFORMES,resident,False,0.1
Basilornis_galeatus,PASSERIFORMES,resident,False,0.1
Basilornis_mirandus,PASSERIFORMES,resident,False,0.1
Batara_cinerea,PASSERIFORMES,resident,False,0.1
Bathmocercus_cerviniventris,PASSERIFORMES,resident,False,0.1
Bathmocercus_rufus,PASSERIFORMES,resident,False,0.1
Batis_capensis,PASSERIFORMES,resident,False,0.1
Batis_crypta,PASSERIFORMES,resident,False,0.1
Batis_diops,PASSERIFORMES,resident,False,0.1
Batis_erlangeri,PASSERIFORMES,resident,False,0.1
Batis_fratrum,PASSERIFORMES,resident,False,0.1
Batis_ituriensis,PASSERIFORMES,resident,False,0.1
Batis_margaritae,PASSERIFORMES,resident,False,0.1
Batis_minima,PASSERIFORMES,resident,False,0.1
Batis_minor,PASSERIFORMES,resident,False,0.1
Batis_minulla,PASSERIFORMES,resident,False,0.1
Batis_mixta,PASSERIFORMES,resident,False,0.1
Batis_molitor,PASSERIFORMES,resident,False,0.1
Batis_orientalis,PASSERIFORMES,resident,False,0.1
Batis_perkeo,PASSERIFORMES,resident,False,0.1
Batis_poensis,PASSERIFORMES,resident,False,0.1
Batis_pririt,PASSERIFORMES,resident,False,0.1
Batis_reichenowi,PASSERIFORMES,resident,False,0.1
Batis_senegalensis,PASSERIFORMES,resident,False,0.1
Batis_soror,PASSERIFORMES,resident,False,0.1
Batrachostomus_affinis,CAPRIMULGIFORMES,resident,False,0.1
Batrachostomus_auritus,CAPRIMULGIFORMES,resident,False,0.1
Batrachostomus_chaseni,CAPRIMULGIFORMES,resident,False,0.1
Batrachostomus_cornutus,CAPRIMULGIFORMES,resident,False,0.1
Batrachostomus_harterti,CAPRIMULGIFORMES,resident,False,0.1
Batrachostomus_hodgsoni,CAPRIMULGIFORMES,resident,False,0.1
Batrachostomus_javensis,CAPRIMULGIFORMES,resident,False,0.1
Batrachostomus_mixtus,CAPRIMULGIFORMES,resident,False,0.1
Batrachostomus_moniliger,CAPRIMULGIFORMES,resident,False,0.1
Batrachostomus_poliolophus,CAPRIMULGIFORMES,resident,False,0.1
Batrachostomus_septimus,CAPRIMULGIFORMES,resident,False,0.1
Batrachostomus_stellatus,CAPRIMULGIFORMES,resident,False,0.1
Berenicornis_comatus,BUCEROTIFORMES,resident,False,0.1
Berlepschia_rikeri,PASSERIFORMES,resident,False,0.1
Bernieria_madagascariensis,PASSERIFORMES,resident,False,0.1
Bias_musicus,PASSERIFORMES,resident,False,0.1
Biatas_nigropectus,PASSERIFORMES,resident,False,0.1
Biziura_lobata,ANSERIFORMES,resident,False,0.1
Bleda_canicapillus,PASSERIFORMES,resident,False,0.1
Bleda_eximius,PASSERIFORMES,resident,False,0.1
Bleda_notatus,PASSERIFORMES,resident,False,0.1
Bleda_syndactylus,PASSERIFORMES,resident,False,0.1
Blythipicus_pyrrhotis,PICIFORMES,resident,False,0.1
Blythipicus_rubiginosus,PICIFORMES,resident,False,0.1
Bocagia_minuta,PASSERIFORMES,resident,False,0.1
Boissonneaua_flavescens,APODIFORMES,resident,False,0.1
Boissonneaua_jardini,APODIFORMES,resident,False,0.1
Boissonneaua_matthewsii,APODIFORMES,resident,False,0.1
Bolbopsittacus_lunulatus,PSITTACIFORMES,resident,False,0.1
Bolborhynchus_ferrugineifrons,PSITTACIFORMES,resident,False,0.1
Bolborhynchus_lineola,PSITTACIFORMES,nomadic,False,0.3
Bolborhynchus_orbygnesius,PSITTACIFORMES,resident,False,0.1
Bombycilla_cedrorum,PASSERIFORMES,directional migratory,False,1.0
Bombycilla_garrulus,PASSERIFORMES,directional migratory,False,1.0
Bombycilla_japonica,PASSERIFORMES,directional migratory,False,1.0
Bonasa_umbellus,GALLIFORMES,resident,False,0.1
Bostrychia_bocagei,PELECANIFORMES,resident,False,0.1
Bostrychia_carunculata,PELECANIFORMES,resident,False,0.1
Bostrychia_hagedash,PELECANIFORMES,resident,False,0.1
Bostrychia_olivacea,PELECANIFORMES,resident,False,0.1
Bostrychia_rara,PELECANIFORMES,resident,False,0.1
Botaurus_lentiginosus,PELECANIFORMES,directional migratory,False,1.0
Botaurus_pinnatus,PELECANIFORMES,directional migratory,False,1.0
Botaurus_poiciloptilus,PELECANIFORMES,resident,False,0.1
Botaurus_stellaris,PELECANIFORMES,directional migratory,False,1.0
Brachycope_anomala,PASSERIFORMES,resident,False,0.1
Brachygalba_albogularis,PICIFORMES,resident,False,0.1
Brachygalba_goeringi,PICIFORMES,resident,False,0.1
Brachygalba_lugubris,PICIFORMES,resident,False,0.1
Brachygalba_salmoni,PICIFORMES,resident,False,0.1
Brachypteracias_leptosomus,CORACIIFORMES,resident,False,0.1
Brachypteryx_hyperythra,PASSERIFORMES,resident,False,0.1
Brachypteryx_leucophris,PASSERIFORMES,resident,False,0.1
Brachypteryx_montana,PASSERIFORMES,resident,False,0.1
Brachyramphus_brevirostris,CHARADRIIFORMES,dispersive migratory,True,0.5
Brachyramphus_marmoratus,CHARADRIIFORMES,dispersive migratory,True,0.5
Brachyramphus_perdix,CHARADRIIFORMES,directional migratory,True,1.5
Bradornis_infuscatus,PASSERIFORMES,resident,False,0.1
Bradornis_mariquensis,PASSERIFORMES,resident,False,0.1
Bradornis_microrhynchus,PASSERIFORMES,resident,False,0.1
Bradornis_pallidus,PASSERIFORMES,dispersive migratory,False,0.5
Bradypterus_alfredi,PASSERIFORMES,resident,False,0.1
Bradypterus_baboecala,PASSERIFORMES,resident,False,0.1
Bradypterus_bangwaensis,PASSERIFORMES,resident,False,0.1
Bradypterus_barratti,PASSERIFORMES,dispersive migratory,False,0.5
Bradypterus_brunneus,PASSERIFORMES,resident,False,0.1
Bradypterus_carpalis,PASSERIFORMES,resident,False,0.1
Bradypterus_cinnamomeus,PASSERIFORMES,resident,False,0.1
Bradypterus_grandis,PASSERIFORMES,resident,False,0.1
Bradypterus_graueri,PASSERIFORMES,resident,False,0.1
Bradypterus_lopezi,PASSERIFORMES,resident,False,0.1
Bradypterus_sylvaticus,PASSERIFORMES,resident,False,0.1
Branta_bernicla,ANSERIFORMES,directional migratory,False,1.0
Branta_canadensis,ANSERIFORMES,directional migratory,False,1.0
Branta_hutchinsii,ANSERIFORMES,directional migratory,False,1.0
Branta_leucopsis,ANSERIFORMES,directional migratory,False,1.0
Branta_ruficollis,ANSERIFORMES,directional migratory,False,1.0
Branta_sandvicensis,ANSERIFORMES,resident,False,0.1
Brotogeris_chiriri,PSITTACIFORMES,resident,False,0.1
Brotogeris_chrysoptera,PSITTACIFORMES,resident,False,0.1
Brotogeris_cyanoptera,PSITTACIFORMES,resident,False,0.1
Brotogeris_jugularis,PSITTACIFORMES,resident,False,0.1
Brotogeris_pyrrhoptera,PSITTACIFORMES,resident,False,0.1
Brotogeris_sanctithomae,PSITTACIFORMES,resident,False,0.1
Brotogeris_tirica,PSITTACIFORMES,resident,False,0.1
Brotogeris_versicolurus,PSITTACIFORMES,resident,False,0.1
Bubalornis_albirostris,PASSERIFORMES,resident,False,0.1
Bubalornis_niger,PASSERIFORMES,resident,False,0.1
Bubo_africanus,STRIGIFORMES,resident,False,0.1
Bubo_ascalaphus,STRIGIFORMES,resident,False,0.1
Bubo_bengalensis,STRIGIFORMES,resident,False,0.1
Bubo_blakistoni,STRIGIFORMES,resident,False,0.1
Bubo_bubo,STRIGIFORMES,resident,False,0.1
Bubo_capensis,STRIGIFORMES,resident,False,0.1
Bubo_cinerascens,STRIGIFORMES,resident,False,0.1
Bubo_coromandus,STRIGIFORMES,resident,False,0.1
Bubo_lacteus,STRIGIFORMES,resident,False,0.1
Bubo_leucostictus,STRIGIFORMES,resident,False,0.1
Bubo_magellanicus,STRIGIFORMES,resident,False,0.1
Bubo_nipalensis,STRIGIFORMES,resident,False,0.1
Bubo_philippensis,STRIGIFORMES,resident,False,0.1
Bubo_poensis,STRIGIFORMES,resident,False,0.1
Bubo_scandiacus,STRIGIFORMES,directional migratory,False,1.0
Bubo_shelleyi,STRIGIFORMES,resident,False,0.1
Bubo_sumatranus,STRIGIFORMES,resident,False,0.1
Bubo_virginianus,STRIGIFORMES,resident,False,0.1
Bubo_vosseleri,STRIGIFORMES,resident,False,0.1
Bubulcus_coromandus,PELECANIFORMES,directional migratory,False,1.0
Bubulcus_ibis,PELECANIFORMES,directional migratory,False,1.0
Bucanetes_githagineus,PASSERIFORMES,directional migratory,False,1.0
Buccanodon_duchaillui,PICIFORMES,resident,False,0.1
Bucco_capensis,PICIFORMES,resident,False,0.1
Bucco_macrodactylus,PICIFORMES,resident,False,0.1
Bucco_noanamae,PICIFORMES,resident,False,0.1
Bucco_tamatia,PICIFORMES,resident,False,0.1
Bucephala_albeola,ANSERIFORMES,directional migratory,False,1.0
Bucephala_clangula,ANSERIFORMES,directional migratory,False,1.0
Bucephala_islandica,ANSERIFORMES,dispersive migratory,False,0.5
Buceros_bicornis,BUCEROTIFORMES,resident,False,0.1
Buceros_hydrocorax,BUCEROTIFORMES,resident,False,0.1
Buceros_rhinoceros,BUCEROTIFORMES,resident,False,0.1
Bucorvus_abyssinicus,BUCEROTIFORMES,resident,False,0.1
Bucorvus_leadbeateri,BUCEROTIFORMES,resident,False,0.1
Buettikoferella_bivittata,PASSERIFORMES,resident,False,0.1
Bulweria_bifax,PROCELLARIIFORMES,extinct,True,0.0
Bulweria_bulwerii,PROCELLARIIFORMES,dispersive migratory,True,0.5
Bulweria_fallax,PROCELLARIIFORMES,dispersive migratory,True,0.5
Buphagus_africanus,PASSERIFORMES,resident,False,0.1
Buphagus_erythrorhynchus,PASSERIFORMES,resident,False,0.1
Burhinus_bistriatus,CHARADRIIFORMES,resident,False,0.1
Burhinus_capensis,CHARADRIIFORMES,resident,False,0.1
Burhinus_grallarius,CHARADRIIFORMES,resident,False,0.1
Burhinus_indicus,CHARADRIIFORMES,resident,False,0.1
Burhinus_oedicnemus,CHARADRIIFORMES,directional migratory,False,1.0
Burhinus_senegalensis,CHARADRIIFORMES,resident,False,0.1
Burhinus_superciliaris,CHARADRIIFORMES,resident,False,0.1
Burhinus_vermiculatus,CHARADRIIFORMES,resident,False,0.1
Busarellus_nigricollis,ACCIPITRIFORMES,resident,False,0.1
Butastur_indicus,ACCIPITRIFORMES,directional migratory,False,1.0
Butastur_liventer,ACCIPITRIFORMES,resident,False,0.1
Butastur_rufipennis,ACCIPITRIFORMES,directional migratory,False,1.0
Butastur_teesa,ACCIPITRIFORMES,resident,False,0.1
Buteo_albicaudatus,ACCIPITRIFORMES,resident,False,0.1
Buteo_albigula,ACCIPITRIFORMES,directional migratory,False,1.0
Buteo_albonotatus,ACCIPITRIFORMES,directional migratory,False,1.0
Buteo_archeri,ACCIPITRIFORMES,resident,False,0.1
Buteo_augur,ACCIPITRIFORMES,resident,False,0.1
Buteo_auguralis,ACCIPITRIFORMES,dispersive migratory,False,0.5
Buteo_bannermani,ACCIPITRIFORMES,resident,False,0.1
Buteo_brachypterus,ACCIPITRIFORMES,resident,False,0.1
Buteo_brachyurus,ACCIPITRIFORMES,directional migratory,False,1.0
Buteo_burmanicus,ACCIPITRIFORMES,resident,False,0.1
Buteo_buteo,ACCIPITRIFORMES,directional migratory,False,1.0
Buteo_galapagoensis,ACCIPITRIFORMES,resident,False,0.1
Buteo_hemilasius,ACCIPITRIFORMES,directional migratory,False,1.0
Buteo_jamaicensis,ACCIPITRIFORMES,directional migratory,False,1.0
Buteo_japonicus,ACCIPITRIFORMES,directional migratory,False,1.0
Buteo_lagopus,ACCIPITRIFORMES,directional migratory,False,1.0
Buteo_leucorrhous,ACCIPITRIFORMES,resident,False,0.1
Buteo_lineatus,ACCIPITRIFORMES,directional migratory,False,1.0
Buteo_magnirostris,ACCIPITRIFORMES,resident,False,0.1
Buteo_nitidus,ACCIPITRIFORMES,directional migratory,False,1.0
Buteo_oreophilus,ACCIPITRIFORMES,resident,False,0.1
Buteo_platypterus,ACCIPITRIFORMES,directional migratory,False,1.0
Buteo_polyosoma,ACCIPITRIFORMES,directional migratory,False,1.0
Buteo_regalis,ACCIPITRIFORMES,directional migratory,False,1.0
Buteo_ridgwayi,ACCIPITRIFORMES,resident,False,0.1
Buteo_rufinus,ACCIPITRIFORMES,directional migratory,False,1.0
Buteo_rufofuscus,ACCIPITRIFORMES,resident,False,0.1
Buteo_socotraensis,ACCIPITRIFORMES,resident,False,0.1
Buteo_solitarius,ACCIPITRIFORMES,resident,False,0.1
Buteo_swainsoni,ACCIPITRIFORMES,directional migratory,False,1.0
Buteo_trizonatus,ACCIPITRIFORMES,directional migratory,False,1.0
Buteo_ventralis,ACCIPITRIFORMES,resident,False,0.1
Buteogallus_aequinoctialis,ACCIPITRIFORMES,resident,False,0.1
Buteogallus_anthracinus,ACCIPITRIFORMES,directional migratory,False,1.0
Buteogallus_gundlachii,ACCIPITRIFORMES,resident,False,0.1
Buteogallus_meridionalis,ACCIPITRIFORMES,directional migratory,False,1.0
Buteogallus_urubitinga,ACCIPITRIFORMES,resident,False,0.1
Buthraupis_aureodorsalis,PASSERIFORMES,resident,False,0.1
Buthraupis_eximia,PASSERIFORMES,resident,False,0.1
Buthraupis_montana,PASSERIFORMES,resident,False,0.1
Buthraupis_wetmorei,PASSERIFORMES,resident,False,0.1
Butorides_striata,PELECANIFORMES,directional migratory,False,1.0
Butorides_sundevalli,PELECANIFORMES,resident,False,0.1
Butorides_virescens,PELECANIFORMES,directional migratory,False,1.0
Bycanistes_albotibialis,BUCEROTIFORMES,resident,False,0.1
Bycanistes_brevis,BUCEROTIFORMES,resident,False,0.1
Bycanistes_bucinator,BUCEROTIFORMES,resident,False,0.1
Bycanistes_cylindricus,BUCEROTIFORMES,resident,False,0.1
Bycanistes_fistulator,BUCEROTIFORMES,resident,False,0.1
Bycanistes_subcylindricus,BUCEROTIFORMES,resident,False,0.1
Cacatua_alba,PSITTACIFORMES,resident,False,0.1
Cacatua_ducorpsii,PSITTACIFORMES,resident,False,0.1
Cacatua_galerita,PSITTACIFORMES,resident,False,0.1
Cacatua_goffiniana,PSITTACIFORMES,resident,False,0.1
Cacatua_haematuropygia,PSITTACIFORMES,resident,False,0.1
Cacatua_moluccensis,PSITTACIFORMES,resident,False,0.1
Cacatua_ophthalmica,PSITTACIFORMES,resident,False,0.1
Cacatua_pastinator,PSITTACIFORMES,dispersive migratory,False,0.5
Cacatua_sanguinea,PSITTACIFORMES,resident,False,0.1
Cacatua_sulphurea,PSITTACIFORMES,resident,False,0.1
Cacatua_tenuirostris,PSITTACIFORMES,resident,False,0.1
Cacicus_cela,PASSERIFORMES,resident,False,0.1
Cacicus_chrysonotus,PASSERIFORMES,resident,False,0.1
Cacicus_chrysopterus,PASSERIFORMES,resident,False,0.1
Cacicus_haemorrhous,PASSERIFORMES,resident,False,0.1
Cacicus_koepckeae,PASSERIFORMES,resident,False,0.1
Cacicus_leucoramphus,PASSERIFORMES,resident,False,0.1
Cacicus_melanicterus,PASSERIFORMES,resident,False,0.1
Cacicus_microrhynchus,PASSERIFORMES,resident,False,0.1
Cacicus_sclateri,PASSERIFORMES,resident,False,0.1
Cacicus_solitarius,PASSERIFORMES,resident,False,0.1
Cacicus_uropygialis,PASSERIFORMES,resident,False,0.1
Cacomantis_castaneiventris,CUCULIFORMES,directional migratory,False,1.0
Cacomantis_flabelliformis,CUCULIFORMES,directional migratory,False,1.0
Cacomantis_heinrichi,CUCULIFORMES,resident,False,0.1
Cacomantis_leucolophus,CUCULIFORMES,resident,False,0.1
Cacomantis_merulinus,CUCULIFORMES,directional migratory,False,1.0
Cacomantis_pallidus,CUCULIFORMES,directional migratory,False,1.0
Cacomantis_passerinus,CUCULIFORMES,directional migratory,False,1.0
Cacomantis_sepulcralis,CUCULIFORMES,resident,False,0.1
Cacomantis_sonneratii,CUCULIFORMES,dispersive migratory,False,0.5
Cacomantis_variolosus,CUCULIFORMES,directional migratory,False,1.0
Cairina_moschata,ANSERIFORMES,resident,False,0.1
Calamanthus_campestris,PASSERIFORMES,resident,False,0.1
Calamanthus_cautus,PASSERIFORMES,resident,False,0.1
Calamanthus_fuliginosus,PASSERIFORMES,resident,False,0.1
Calamanthus_montanellus,PASSERIFORMES,resident,False,0.1
Calamanthus_pyrrhopygius,PASSERIFORMES,resident,False,0.1
Calamonastes_fasciolatus,PASSERIFORMES,resident,False,0.1
Calamonastes_simplex,PASSERIFORMES,resident,False,0.1
Calamonastes_stierlingi,PASSERIFORMES,resident,False,0.1
Calamonastes_undosus,PASSERIFORMES,resident,False,0.1
Calamonastides_gracilirostris,PASSERIFORMES,resident,False,0.1
Calamospiza_melanocorys,PASSERIFORMES,directional migratory,False,1.0
Calandrella_acutirostris,PASSERIFORMES,directional migratory,False,1.0
Calandrella_athensis,PASSERIFORMES,resident,False,0.1
Calandrella_blanfordi,PASSERIFORMES,resident,False,0.1
Calandrella_brachydactyla,PASSERIFORMES,directional migratory,False,1.0
Calandrella_cheleensis,PASSERIFORMES,directional migratory,False,1.0
Calandrella_cinerea,PASSERIFORMES,dispersive migratory,False,0.5
Calandrella_erlangeri,PASSERIFORMES,resident,False,0.1
Calandrella_raytal,PASSERIFORMES,resident,False,0.1
Calandrella_rufescens,PASSERIFORMES,directional migratory,False,1.0
Calandrella_somalica,PASSERIFORMES,resident,False,0.1
Calcarius_lapponicus,PASSERIFORMES,directional migratory,False,1.0
Calcarius_ornatus,PASSERIFORMES,directional migratory,False,1.0
Calcarius_pictus,PASSERIFORMES,directional migratory,False,1.0
Calendulauda_africanoides,PASSERIFORMES,resident,False,0.1
Calendulauda_albescens,PASSERIFORMES,resident,False,0.1
Calendulauda_alopex,PASSERIFORMES,resident,False,0.1
Calendulauda_barlowi,PASSERIFORMES,resident,False,0.1
Calendulauda_burra,PASSERIFORMES,resident,False,0.1
Calendulauda_erythrochlamys,PASSERIFORMES,resident,False,0.1
Calendulauda_poecilosterna,PASSERIFORMES,resident,False,0.1
Calendulauda_sabota,PASSERIFORMES,resident,False,0.1
Calicalicus_madagascariensis,PASSERIFORMES,resident,False,0.1
Calicalicus_rufocarpalis,PASSERIFORMES,resident,False,0.1
Calidris_acuminata,CHARADRIIFORMES,directional migratory,False,1.0
Calidris_alba,CHARADRIIFORMES,directional migratory,False,1.0
Calidris_alpina,CHARADRIIFORMES,directional migratory,False,1.0
Calidris_bairdii,CHARADRIIFORMES,directional migratory,False,1.0
Calidris_canutus,CHARADRIIFORMES,directional migratory,False,1.0
Calidris_ferruginea,CHARADRIIFORMES,directional migratory,False,1.0
Calidris_fuscicollis,CHARADRIIFORMES,directional migratory,False,1.0
Calidris_himantopus,CHARADRIIFORMES,directional migratory,False,1.0
Calidris_maritima,CHARADRIIFORMES,directional migratory,False,1.0
Calidris_mauri,CHARADRIIFORMES,directional migratory,False,1.0
Calidris_melanotos,CHARADRIIFORMES,directional migratory,False,1.0
Calidris_minuta,CHARADRIIFORMES,directional migratory,False,1.0
Calidris_minutilla,CHARADRIIFORMES,directional migratory,False,1.0
Calidris_ptilocnemis,CHARADRIIFORMES,directional migratory,False,1.0
Calidris_pusilla,CHARADRIIFORMES,directional migratory,False,1.0
Calidris_ruficollis,CHARADRIIFORMES,directional migratory,False,1.0
Calidris_subminuta,CHARADRIIFORMES,directional migratory,False,1.0
Calidris_temminckii,CHARADRIIFORMES,directional migratory,False,1.0
Calidris_tenuirostris,CHARADRIIFORMES,directional migratory,False,1.0
Callacanthis_burtoni,PASSERIFORMES,resident,False,0.1
Callaeas_cinereus,PASSERIFORMES,extinct,False,0.0
Callaeas_wilsoni,PASSERIFORMES,resident,False,0.1
Callipepla_californica,GALLIFORMES,resident,False,0.1
Callipepla_douglasii,GALLIFORMES,resident,False,0.1
Callipepla_gambelii,GALLIFORMES,resident,False,0.1
Callipepla_squamata,GALLIFORMES,resident,False,0.1
Calliphlox_amethystina,APODIFORMES,resident,False,0.1
Calliphlox_bryantae,APODIFORMES,resident,False,0.1
Calliphlox_evelynae,APODIFORMES,resident,False,0.1
Calliphlox_mitchellii,APODIFORMES,resident,False,0.1
Callocephalon_fimbriatum,PSITTACIFORMES,resident,False,0.1
Callonetta_leucophrys,ANSERIFORMES,dispersive migratory,False,0.5
Calochaetes_coccineus,PASSERIFORMES,resident,False,0.1
Calocitta_colliei,PASSERIFORMES,resident,False,0.1
Calocitta_formosa,PASSERIFORMES,resident,False,0.1
Caloenas_maculata,COLUMBIFORMES,extinct,False,0.0
Caloenas_nicobarica,COLUMBIFORMES,nomadic,False,0.3
Calonectris_diomedea,PROCELLARIIFORMES,directional migratory,True,1.5
Calonectris_edwardsii,PROCELLARIIFORMES,directional migratory,True,1.5
Calonectris_leucomelas,PROCELLARIIFORMES,directional migratory,True,1.5
Caloperdix_oculeus,GALLIFORMES,resident,False,0.1
Caloramphus_fuliginosus,PICIFORMES,resident,False,0.1
Calothorax_lucifer,APODIFORMES,directional migratory,False,1.0
Calothorax_pulcher,APODIFORMES,resident,False,0.1
Calypte_anna,APODIFORMES,dispersive migratory,False,0.5
Calypte_costae,APODIFORMES,directional migratory,False,1.0
Calyptocichla_serinus,PASSERIFORMES,resident,False,0.1
Calyptomena_hosii,PASSERIFORMES,resident,False,0.1
Calyptomena_viridis,PASSERIFORMES,resident,False,0.1
Calyptomena_whiteheadi,PASSERIFORMES,resident,False,0.1
Calyptophilus_frugivorus,PASSERIFORMES,resident,False,0.1
Calyptophilus_tertius,PASSERIFORMES,resident,False,0.1
Calyptorhynchus_banksii,PSITTACIFORMES,dispersive migratory,False,0.5
Calyptorhynchus_baudinii,PSITTACIFORMES,dispersive migratory,False,0.5
Calyptorhynchus_funereus,PSITTACIFORMES,resident,False,0.1
Calyptorhynchus_lathami,PSITTACIFORMES,resident,False,0.1
Calyptorhynchus_latirostris,PSITTACIFORMES,dispersive migratory,False,0.5
Calyptura_cristata,PASSERIFORMES,resident,False,0.1
Camarhynchus_heliobates,PASSERIFORMES,resident,False,0.1
Camarhynchus_pallidus,PASSERIFORMES,resident,False,0.1
Camarhynchus_parvulus,PASSERIFORMES,resident,False,0.1
Camarhynchus_pauper,PASSERIFORMES,resident,False,0.1
Camarhynchus_psittacula,PASSERIFORMES,resident,False,0.1
Camaroptera_brachyura,PASSERIFORMES,resident,False,0.1
Camaroptera_brevicaudata,PASSERIFORMES,resident,False,0.1
Camaroptera_chloronota,PASSERIFORMES,resident,False,0.1
Camaroptera_harterti,PASSERIFORMES,resident,False,0.1
Camaroptera_superciliaris,PASSERIFORMES,resident,False,0.1
Campephaga_flava,PASSERIFORMES,directional migratory,False,1.0
Campephaga_petiti,PASSERIFORMES,resident,False,0.1
Campephaga_phoenicea,PASSERIFORMES,directional migratory,False,1.0
Campephaga_quiscalina,PASSERIFORMES,resident,False,0.1
Campephilus_gayaquilensis,PICIFORMES,resident,False,0.1
Campephilus_guatemalensis,PICIFORMES,resident,False,0.1
Campephilus_haematogaster,PICIFORMES,resident,False,0.1
Campephilus_imperialis,PICIFORMES,extinct,False,0.0
Campephilus_leucopogon,PICIFORMES,resident,False,0.1
Campephilus_magellanicus,PICIFORMES,resident,False,0.1
Campephilus_melanoleucos,PICIFORMES,resident,False,0.1
Campephilus_pollens,PICIFORMES,resident,False,0.1
Campephilus_principalis,PICIFORMES,resident,False,0.1
Campephilus_robustus,PICIFORMES,resident,False,0.1
Campephilus_rubricollis,PICIFORMES,resident,False,0.1
Campethera_abingoni,PICIFORMES,resident,False,0.1
Campethera_bennettii,PICIFORMES,resident,False,0.1
Campethera_cailliautii,PICIFORMES,resident,False,0.1
Campethera_caroli,PICIFORMES,resident,False,0.1
Campethera_maculosa,PICIFORMES,resident,False,0.1
Campethera_mombassica,PICIFORMES,resident,False,0.1
Campethera_nivosa,PICIFORMES,resident,False,0.1
Campethera_notata,PICIFORMES,resident,False,0.1
Campethera_nubica,PICIFORMES,resident,False,0.1
Campethera_punctuligera,PICIFORMES,resident,False,0.1
Campethera_scriptoricauda,PICIFORMES,resident,False,0.1
Campethera_tullbergi,PICIFORMES,resident,False,0.1
Campicoloides_bifasciatus,PASSERIFORMES,resident,False,0.1
Campochaera_sloetii,PASSERIFORMES,resident,False,0.1
Camptorhynchus_labradorius,ANSERIFORMES,extinct,False,0.0
Camptostoma_imberbe,PASSERIFORMES,directional migratory,False,1.0
Camptostoma_obsoletum,PASSERIFORMES,resident,False,0.1
Campylopterus_curvipennis,APODIFORMES,resident,False,0.1
Campylopterus_duidae,APODIFORMES,resident,False,0.1
Campylopterus_ensipennis,APODIFORMES,resident,False,0.1
Campylopterus_excellens,APODIFORMES,resident,False,0.1
Campylopterus_falcatus,APODIFORMES,resident,False,0.1
Campylopterus_hemileucurus,APODIFORMES,resident,False,0.1
Campylopterus_hyperythrus,APODIFORMES,resident,False,0.1
Campylopterus_largipennis,APODIFORMES,resident,False,0.1
Campylopterus_pampa,APODIFORMES,resident,False,0.1
Campylopterus_phainopeplus,APODIFORMES,resident,False,0.1
Campylopterus_rufus,APODIFORMES,resident,False,0.1
Campylopterus_villaviscensio,APODIFORMES,resident,False,0.1
Campylorhamphus_falcularius,PASSERIFORMES,resident,False,0.1
Campylorhamphus_procurvoides,PASSERIFORMES,resident,False,0.1
Campylorhamphus_pusillus,PASSERIFORMES,resident,False,0.1
Campylorhamphus_trochilirostris,PASSERIFORMES,resident,False,0.1
Campylorhynchus_albobrunneus,PASSERIFORMES,resident,False,0.1
Campylorhynchus_brunneicapillus,PASSERIFORMES,resident,False,0.1
Campylorhynchus_capistratus,PASSERIFORMES,resident,False,0.1
Campylorhynchus_chiapensis,PASSERIFORMES,resident,False,0.1
Campylorhynchus_fasciatus,PASSERIFORMES,resident,False,0.1
Campylorhynchus_griseus,PASSERIFORMES,resident,False,0.1
Campylorhynchus_gularis,PASSERIFORMES,resident,False,0.1
Campylorhynchus_humilis,PASSERIFORMES,resident,False,0.1
Campylorhynchus_jocosus,PASSERIFORMES,resident,False,0.1
Campylorhynchus_megalopterus,PASSERIFORMES,resident,False,0.1
Campylorhynchus_nuchalis,PASSERIFORMES,resident,False,0.1
Campylorhynchus_rufinucha,PASSERIFORMES,resident,False,0.1
Campylorhynchus_turdinus,PASSERIFORMES,resident,False,0.1
Campylorhynchus_yucatanicus,PASSERIFORMES,resident,False,0.1
Campylorhynchus_zonatus,PASSERIFORMES,resident,False,0.1
Canirallus_beankaensis,GRUIFORMES,resident,False,0.1
Canirallus_kioloides,GRUIFORMES,resident,False,0.1
Canirallus_oculeus,GRUIFORMES,resident,False,0.1
Cantorchilus_griseus,PASSERIFORMES,resident,False,0.1
Cantorchilus_guarayanus,PASSERIFORMES,resident,False,0.1
Cantorchilus_leucopogon,PASSERIFORMES,resident,False,0.1
Cantorchilus_leucotis,PASSERIFORMES,resident,False,0.1
Cantorchilus_longirostris,PASSERIFORMES,resident,False,0.1
Cantorchilus_modestus,PASSERIFORMES,resident,False,0.1
Cantorchilus_nigricapillus,PASSERIFORMES,resident,False,0.1
Cantorchilus_semibadius,PASSERIFORMES,resident,False,0.1
Cantorchilus_superciliaris,PASSERIFORMES,resident,False,0.1
Cantorchilus_thoracicus,PASSERIFORMES,resident,False,0.1
Capito_auratus,PICIFORMES,resident,False,0.1
Capito_aurovirens,PICIFORMES,resident,False,0.1
Capito_brunneipectus,PICIFORMES,resident,False,0.1
Capito_dayi,PICIFORMES,resident,False,0.1
Capito_fitzpatricki,PICIFORMES,resident,False,0.1
Capito_hypoleucus,PICIFORMES,resident,False,0.1
Capito_maculicoronatus,PICIFORMES,resident,False,0.1
Capito_niger,PICIFORMES,resident,False,0.1
Capito_quinticolor,PICIFORMES,resident,False,0.1
Capito_squamatus,PICIFORMES,resident,False,0.1
Capito_wallacei,PICIFORMES,resident,False,0.1
Caprimulgus_aegyptius,CAPRIMULGIFORMES,directional migratory,False,1.0
Caprimulgus_affinis,CAPRIMULGIFORMES,directional migratory,False,1.0
Caprimulgus_andamanicus,CAPRIMULGIFORMES,resident,False,0.1
Caprimulgus_anthonyi,CAPRIMULGIFORMES,resident,False,0.1
Caprimulgus_asiaticus,CAPRIMULGIFORMES,resident,False,0.1
Caprimulgus_atripennis,CAPRIMULGIFORMES,resident,False,0.1
Caprimulgus_batesi,CAPRIMULGIFORMES,resident,False,0.1
Caprimulgus_candicans,CAPRIMULGIFORMES,unknown,False,0.2
Caprimulgus_cayennensis,CAPRIMULGIFORMES,resident,False,0.1
Caprimulgus_celebensis,CAPRIMULGIFORMES,resident,False,0.1
Caprimulgus_centralasicus,CAPRIMULGIFORMES,unknown,False,0.2
Caprimulgus_clarus,CAPRIMULGIFORMES,resident,False,0.1
Caprimulgus_climacurus,CAPRIMULGIFORMES,directional migratory,False,1.0
Caprimulgus_concretus,CAPRIMULGIFORMES,resident,False,0.1
Caprimulgus_donaldsoni,CAPRIMULGIFORMES,resident,False,0.1
Caprimulgus_enarratus,CAPRIMULGIFORMES,resident,False,0.1
Caprimulgus_europaeus,CAPRIMULGIFORMES,directional migratory,False,1.0
Caprimulgus_eximius,CAPRIMULGIFORMES,resident,False,0.1
Caprimulgus_fossii,CAPRIMULGIFORMES,directional migratory,False,1.0
Caprimulgus_fraenatus,CAPRIMULGIFORMES,resident,False,0.1
Caprimulgus_heterurus,CAPRIMULGIFORMES,resident,False,0.1
Caprimulgus_hirundinaceus,CAPRIMULGIFORMES,resident,False,0.1
Caprimulgus_indicus,CAPRIMULGIFORMES,directional migratory,False,1.0
Caprimulgus_inornatus,CAPRIMULGIFORMES,directional migratory,False,1.0
Caprimulgus_jotaka,CAPRIMULGIFORMES,directional migratory,False,1.0
Caprimulgus_longirostris,CAPRIMULGIFORMES,directional migratory,False,1.0
Caprimulgus_macrurus,CAPRIMULGIFORMES,directional migratory,False,1.0
Caprimulgus_maculicaudus,CAPRIMULGIFORMES,directional migratory,False,1.0
Caprimulgus_maculosus,CAPRIMULGIFORMES,unknown,False,0.2
Caprimulgus_madagascariensis,CAPRIMULGIFORMES,resident,False,0.1
Caprimulgus_mahrattensis,CAPRIMULGIFORMES,dispersive migratory,False,0.5
Caprimulgus_manillensis,CAPRIMULGIFORMES,resident,False,0.1
Caprimulgus_meesi,CAPRIMULGIFORMES,resident,False,0.1
Caprimulgus_natalensis,CAPRIMULGIFORMES,resident,False,0.1
Caprimulgus_nigrescens,CAPRIMULGIFORMES,resident,False,0.1
Caprimulgus_nigriscapularis,CAPRIMULGIFORMES,resident,False,0.1
Caprimulgus_nubicus,CAPRIMULGIFORMES,directional migratory,False,1.0
Caprimulgus_parvulus,CAPRIMULGIFORMES,directional migratory,False,1.0
Caprimulgus_pectoralis,CAPRIMULGIFORMES,directional migratory,False,1.0
Caprimulgus_poliocephalus,CAPRIMULGIFORMES,resident,False,0.1
Caprimulgus_prigoginei,CAPRIMULGIFORMES,unknown,False,0.2
Caprimulgus_pulchellus,CAPRIMULGIFORMES,resident,False,0.1
Caprimulgus_ruficollis,CAPRIMULGIFORMES,directional migratory,False,1.0
Caprimulgus_rufigena,CAPRIMULGIFORMES,directional migratory,False,1.0
Caprimulgus_ruwenzorii,CAPRIMULGIFORMES,resident,False,0.1
Caprimulgus_solala,CAPRIMULGIFORMES,unknown,False,0.2
Caprimulgus_stellatus,CAPRIMULGIFORMES,resident,False,0.1
Caprimulgus_tristigma,CAPRIMULGIFORMES,resident,False,0.1
Caprimulgus_whitelyi,CAPRIMULGIFORMES,resident,False,0.1
Capsiempis_flaveola,PASSERIFORMES,resident,False,0.1
Caracara_cheriway,FALCONIFORMES,resident,False,0.1
Caracara_lutosa,FALCONIFORMES,extinct,False,0.0
Caracara_plancus,FALCONIFORMES,resident,False,0.1
Cardellina_canadensis,PASSERIFORMES,directional migratory,False,1.0
Cardellina_pusilla,PASSERIFORMES,directional migratory,False,1.0
Cardellina_rubra,PASSERIFORMES,resident,False,0.1
Cardellina_rubrifrons,PASSERIFORMES,directional migratory,False,1.0
Cardellina_versicolor,PASSERIFORMES,resident,False,0.1
Cardinalis_cardinalis,PASSERIFORMES,resident,False,0.1
Cardinalis_phoeniceus,PASSERIFORMES,resident,False,0.1
Cardinalis_sinuatus,PASSERIFORMES,resident,False,0.1
Carduelis_atrata,PASSERIFORMES,resident,False,0.1
Carduelis_atriceps,PASSERIFORMES,resident,False,0.1
Carduelis_barbata,PASSERIFORMES,resident,False,0.1
Carduelis_cannabina,PASSERIFORMES,directional migratory,False,1.0
Carduelis_carduelis,PASSERIFORMES,directional migratory,False,1.0
Carduelis_citrinella,PASSERIFORMES,directional migratory,False,1.0
Carduelis_corsicana,PASSERIFORMES,resident,False,0.1
Carduelis_crassirostris,PASSERIFORMES,dispersive migratory,False,0.5
Carduelis_cucullata,PASSERIFORMES,dispersive migratory,False,0.5
Carduelis_dominicensis,PASSERIFORMES,resident,False,0.1
Carduelis_flammea,PASSERIFORMES,directional migratory,False,1.0
Carduelis_flavirostris,PASSERIFORMES,directional migratory,False,1.0
Carduelis_hornemanni,PASSERIFORMES,directional migratory,False,1.0
Carduelis_johannis,PASSERIFORMES,resident,False,0.1
Carduelis_lawrencei,PASSERIFORMES,directional migratory,False,1.0
Carduelis_magellanica,PASSERIFORMES,resident,False,0.1
Carduelis_notata,PASSERIFORMES,resident,False,0.1
Carduelis_olivacea,PASSERIFORMES,resident,False,0.1
Carduelis_pinus,PASSERIFORMES,directional migratory,False,1.0
Carduelis_psaltria,PASSERIFORMES,directional migratory,False,1.0
Carduelis_siemiradzkii,PASSERIFORMES,resident,False,0.1
Carduelis_spinescens,PASSERIFORMES,dispersive migratory,False,0.5
Carduelis_spinus,PASSERIFORMES,directional migratory,False,1.0
Carduelis_tristis,PASSERIFORMES,directional migratory,False,1.0
Carduelis_uropygialis,PASSERIFORMES,directional migratory,False,1.0
Carduelis_xanthogastra,PASSERIFORMES,resident,False,0.1
Carduelis_yarrellii,PASSERIFORMES,resident,False,0.1
Carduelis_yemenensis,PASSERIFORMES,resident,False,0.1
Cariama_cristata,CARIAMIFORMES,resident,False,0.1
Caridonax_fulgidus,CORACIIFORMES,resident,False,0.1
Carpococcyx_radiceus,CUCULIFORMES,resident,False,0.1
Carpococcyx_renauldi,CUCULIFORMES,resident,False,0.1
Carpococcyx_viridis,CUCULIFORMES,resident,False,0.1
Carpodacus_cassinii,PASSERIFORMES,directional migratory,False,1.0
Carpodacus_davidianus,PASSERIFORMES,resident,False,0.1
Carpodacus_dubius,PASSERIFORMES,resident,False,0.1
Carpodacus_edwardsii,PASSERIFORMES,resident,False,0.1
Carpodacus_eos,PASSERIFORMES,dispersive migratory,False,0.5
Carpodacus_erythrinus,PASSERIFORMES,directional migratory,False,1.0
Carpodacus_grandis,PASSERIFORMES,dispersive migratory,False,0.5
Carpodacus_mexicanus,PASSERIFORMES,directional migratory,False,1.0
Carpodacus_nipalensis,PASSERIFORMES,dispersive migratory,False,0.5
Carpodacus_pulcherrimus,PASSERIFORMES,resident,False,0.1
Carpodacus_puniceus,PASSERIFORMES,resident,False,0.1
Carpodacus_purpureus,PASSERIFORMES,directional migratory,False,1.0
Carpodacus_rhodochlamys,PASSERIFORMES,resident,False,0.1
Carpodacus_rodochroa,PASSERIFORMES,resident,False,0.1
Carpodacus_rodopeplus,PASSERIFORMES,resident,False,0.1
Carpodacus_roseus,PASSERIFORMES,directional migratory,False,1.0
Carpodacus_rubescens,PASSERIFORMES,resident,False,0.1
Carpodacus_rubicilla,PASSERIFORMES,resident,False,0.1
Carpodacus_rubicilloides,PASSERIFORMES,dispersive migratory,False,0.5
Carpodacus_severtzovi,PASSERIFORMES,resident,False,0.1
Carpodacus_synoicus,PASSERIFORMES,resident,False,0.1
Carpodacus_thura,PASSERIFORMES,resident,False,0.1
Carpodacus_trifasciatus,PASSERIFORMES,dispersive migratory,False,0.5
Carpodacus_verreauxii,PASSERIFORMES,resident,False,0.1
Carpodacus_vinaceus,PASSERIFORMES,resident,False,0.1
Carpodectes_antoniae,PASSERIFORMES,resident,False,0.1
Carpodectes_hopkei,PASSERIFORMES,resident,False,0.1
Carpodectes_nitidus,PASSERIFORMES,resident,False,0.1
Carpornis_cucullata,PASSERIFORMES,resident,False,0.1
Carpornis_melanocephala,PASSERIFORMES,resident,False,0.1
Carpospiza_brachydactyla,PASSERIFORMES,directional migratory,False,1.0
Carterornis_chrysomela,PASSERIFORMES,resident,False,0.1
Carterornis_leucotis,PASSERIFORMES,resident,False,0.1
Carterornis_pileatus,PASSERIFORMES,resident,False,0.1
Caryothraustes_canadensis,PASSERIFORMES,resident,False,0.1
Caryothraustes_poliogaster,PASSERIFORMES,resident,False,0.1
Casiornis_fuscus,PASSERIFORMES,resident,False,0.1
Casiornis_rufus,PASSERIFORMES,directional migratory,False,1.0
Casuarius_bennetti,CASUARIIFORMES,resident,False,0.1
Casuarius_casuarius,CASUARIIFORMES,resident,False,0.1
Casuarius_unappendiculatus,CASUARIIFORMES,resident,False,0.1
Catamblyrhynchus_diadema,PASSERIFORMES,resident,False,0.1
Catamenia_analis,PASSERIFORMES,resident,False,0.1
Catamenia_homochroa,PASSERIFORMES,resident,False,0.1
Catamenia_inornata,PASSERIFORMES,resident,False,0.1
Cataponera_turdoides,PASSERIFORMES,resident,False,0.1
Catharopeza_bishopi,PASSERIFORMES,resident,False,0.1
Cathartes_aura,ACCIPITRIFORMES,directional migratory,False,1.0
Cathartes_burrovianus,ACCIPITRIFORMES,resident,False,0.1
Cathartes_melambrotus,ACCIPITRIFORMES,resident,False,0.1
Catharus_aurantiirostris,PASSERIFORMES,dispersive migratory,False,0.5
Catharus_bicknelli,PASSERIFORMES,directional migratory,False,1.0
Catharus_dryas,PASSERIFORMES,resident,False,0.1
Catharus_frantzii,PASSERIFORMES,resident,False,0.1
Catharus_fuscater,PASSERIFORMES,resident,False,0.1
Catharus_fuscescens,PASSERIFORMES,directional migratory,False,1.0
Catharus_gracilirostris,PASSERIFORMES,resident,False,0.1
Catharus_guttatus,PASSERIFORMES,directional migratory,False,1.0
Catharus_mexicanus,PASSERIFORMES,resident,False,0.1
Catharus_minimus,PASSERIFORMES,directional migratory,False,1.0
Catharus_occidentalis,PASSERIFORMES,resident,False,0.1
Catharus_ustulatus,PASSERIFORMES,directional migratory,False,1.0
Catherpes_mexicanus,PASSERIFORMES,resident,False,0.1
Catreus_wallichii,GALLIFORMES,resident,False,0.1
Cecropis_abyssinica,PASSERIFORMES,directional migratory,False,1.0
Cecropis_badia,PASSERIFORMES,resident,False,0.1
Cecropis_cucullata,PASSERIFORMES,directional migratory,False,1.0
Cecropis_daurica,PASSERIFORMES,directional migratory,False,1.0
Cecropis_domicella,PASSERIFORMES,resident,False,0.1
Cecropis_hyperythra,PASSERIFORMES,resident,False,0.1
Cecropis_semirufa,PASSERIFORMES,directional migratory,False,1.0
Cecropis_senegalensis,PASSERIFORMES,dispersive migratory,False,0.5
Cecropis_striolata,PASSERIFORMES,directional migratory,False,1.0
Celeus_castaneus,PICIFORMES,resident,False,0.1
Celeus_elegans,PICIFORMES,resident,False,0.1
Celeus_flavescens,PICIFORMES,resident,False,0.1
Celeus_flavus,PICIFORMES,resident,False,0.1
Celeus_grammicus,PICIFORMES,resident,False,0.1
Celeus_loricatus,PICIFORMES,resident,False,0.1
Celeus_lugubris,PICIFORMES,resident,False,0.1
Celeus_obrieni,PICIFORMES,resident,False,0.1
Celeus_spectabilis,PICIFORMES,resident,False,0.1
Celeus_torquatus,PICIFORMES,resident,False,0.1
Celeus_undatus,PICIFORMES,resident,False,0.1
Centrocercus_minimus,GALLIFORMES,resident,False,0.1
Centrocercus_urophasianus,GALLIFORMES,resident,False,0.1
Centropus_andamanensis,CUCULIFORMES,resident,False,0.1
Centropus_anselli,CUCULIFORMES,resident,False,0.1
Centropus_ateralbus,CUCULIFORMES,resident,False,0.1
Centropus_bengalensis,CUCULIFORMES,resident,False,0.1
Centropus_bernsteini,CUCULIFORMES,resident,False,0.1
Centropus_burchellii,CUCULIFORMES,resident,False,0.1
Centropus_celebensis,CUCULIFORMES,resident,False,0.1
Centropus_chalybeus,CUCULIFORMES,resident,False,0.1
Centropus_chlororhynchos,CUCULIFORMES,resident,False,0.1
Centropus_cupreicaudus,CUCULIFORMES,resident,False,0.1
Centropus_goliath,CUCULIFORMES,resident,False,0.1
Centropus_grillii,CUCULIFORMES,dispersive migratory,False,0.5
Centropus_leucogaster,CUCULIFORMES,resident,False,0.1
Centropus_melanops,CUCULIFORMES,resident,False,0.1
Centropus_menbeki,CUCULIFORMES,resident,False,0.1
Centropus_milo,CUCULIFORMES,resident,False,0.1
Centropus_monachus,CUCULIFORMES,resident,False,0.1
Centropus_nigrorufus,CUCULIFORMES,resident,False,0.1
Centropus_phasianinus,CUCULIFORMES,resident,False,0.1
Centropus_rectunguis,CUCULIFORMES,resident,False,0.1
Centropus_senegalensis,CUCULIFORMES,resident,False,0.1
Centropus_sinensis,CUCULIFORMES,resident,False,0.1
Centropus_steerii,CUCULIFORMES,resident,False,0.1
Centropus_superciliosus,CUCULIFORMES,resident,False,0.1
Centropus_toulou,CUCULIFORMES,resident,False,0.1
Centropus_unirufus,CUCULIFORMES,resident,False,0.1
Centropus_violaceus,CUCULIFORMES,resident,False,0.1
Centropus_viridis,CUCULIFORMES,resident,False,0.1
Cephalopterus_glabricollis,PASSERIFORMES,resident,False,0.1
Cephalopterus_ornatus,PASSERIFORMES,resident,False,0.1
Cephalopterus_penduliger,PASSERIFORMES,resident,False,0.1
Cephalopyrus_flammiceps,PASSERIFORMES,directional migratory,False,1.0
Cepphus_carbo,CHARADRIIFORMES,directional migratory,True,1.5
Cepphus_columba,CHARADRIIFORMES,directional migratory,True,1.5
Cepphus_grylle,CHARADRIIFORMES,dispersive migratory,True,0.5
Cerasophila_thompsoni,PASSERIFORMES,resident,False,0.1
Ceratogymna_atrata,BUCEROTIFORMES,resident,False,0.1
Ceratogymna_elata,BUCEROTIFORMES,resident,False,0.1
Cercibis_oxycerca,PELECANIFORMES,resident,False,0.1
Cercococcyx_mechowi,CUCULIFORMES,resident,False,0.1
Cercococcyx_montanus,CUCULIFORMES,resident,False,0.1
Cercococcyx_olivinus,CUCULIFORMES,resident,False,0.1
Cercomacra_brasiliana,PASSERIFORMES,resident,False,0.1
Cercomacra_carbonaria,PASSERIFORMES,resident,False,0.1
Cercomacra_cinerascens,PASSERIFORMES,resident,False,0.1
Cercomacra_ferdinandi,PASSERIFORMES,resident,False,0.1
Cercomacra_laeta,PASSERIFORMES,resident,False,0.1
Cercomacra_manu,PASSERIFORMES,resident,False,0.1
Cercomacra_melanaria,PASSERIFORMES,resident,False,0.1
Cercomacra_nigrescens,PASSERIFORMES,resident,False,0.1
Cercomacra_nigricans,PASSERIFORMES,resident,False,0.1
Cercomacra_parkeri,PASSERIFORMES,resident,False,0.1
Cercomacra_serva,PASSERIFORMES,resident,False,0.1
Cercomacra_tyrannina,PASSERIFORMES,resident,False,0.1
Cercotrichas_podobe,PASSERIFORMES,dispersive migratory,False,0.5
Cereopsis_novaehollandiae,ANSERIFORMES,dispersive migratory,False,0.5
Cerorhinca_monocerata,CHARADRIIFORMES,directional migratory,True,1.5
Certhia_americana,PASSERIFORMES,directional migratory,False,1.0
Certhia_brachydactyla,PASSERIFORMES,resident,False,0.1
Certhia_discolor,PASSERIFORMES,resident,False,0.1
Certhia_familiaris,PASSERIFORMES,resident,False,0.1
Certhia_himalayana,PASSERIFORMES,dispersive migratory,False,0.5
Certhia_hodgsoni,PASSERIFORMES,resident,False,0.1
Certhia_manipurensis,PASSERIFORMES,resident,False,0.1
Certhia_nipalensis,PASSERIFORMES,resident,False,0.1
Certhia_tianquanensis,PASSERIFORMES,resident,False,0.1
Certhiaxis_cinnamomeus,PASSERIFORMES,resident,False,0.1
Certhiaxis_mustelinus,PASSERIFORMES,resident,False,0.1
Certhidea_fusca,PASSERIFORMES,resident,False,0.1
Certhidea_olivacea,PASSERIFORMES,resident,False,0.1
Certhilauda_benguelensis,PASSERIFORMES,resident,False,0.1
Certhilauda_brevirostris,PASSERIFORMES,resident,False,0.1
Certhilauda_chuana,PASSERIFORMES,resident,False,0.1
Certhilauda_curvirostris,PASSERIFORMES,resident,False,0.1
Certhilauda_semitorquata,PASSERIFORMES,resident,False,0.1
Certhilauda_subcoronata,PASSERIFORMES,resident,False,0.1
Certhionyx_variegatus,PASSERIFORMES,nomadic,False,0.3
Ceryle_rudis,CORACIIFORMES,resident,False,0.1
Cettia_brunnifrons,PASSERIFORMES,resident,False,0.1
Cettia_castaneocoronata,PASSERIFORMES,dispersive migratory,False,0.5
Cettia_cetti,PASSERIFORMES,directional migratory,False,1.0
Cettia_major,PASSERIFORMES,resident,False,0.1
Ceuthmochares_aereus,CUCULIFORMES,resident,False,0.1
Ceuthmochares_australis,CUCULIFORMES,resident,False,0.1
Ceyx_argentatus,CORACIIFORMES,resident,False,0.1
Ceyx_azureus,CORACIIFORMES,resident,False,0.1
Ceyx_cyanopectus,CORACIIFORMES,resident,False,0.1
Ceyx_erithaca,CORACIIFORMES,directional migratory,False,1.0
Ceyx_fallax,CORACIIFORMES,resident,False,0.1
Ceyx_lepidus,CORACIIFORMES,resident,False,0.1
Ceyx_melanurus,CORACIIFORMES,resident,False,0.1
Ceyx_pusillus,CORACIIFORMES,resident,False,0.1
Ceyx_websteri,CORACIIFORMES,resident,False,0.1
Chaetocercus_astreans,APODIFORMES,resident,False,0.1
Chaetocercus_berlepschi,APODIFORMES,resident,False,0.1
Chaetocercus_bombus,APODIFORMES,resident,False,0.1
Chaetocercus_heliodor,APODIFORMES,resident,False,0.1
Chaetocercus_jourdanii,APODIFORMES,resident,False,0.1
Chaetocercus_mulsant,APODIFORMES,resident,False,0.1
Chaetops_aurantius,PASSERIFORMES,resident,False,0.1
Chaetops_frenatus,PASSERIFORMES,resident,False,0.1
Chaetoptila_angustipluma,PASSERIFORMES,extinct,False,0.0
Chaetorhynchus_papuensis,PASSERIFORMES,resident,False,0.1
Chaetornis_striata,PASSERIFORMES,directional migratory,False,1.0
Chaetura_brachyura,APODIFORMES,resident,False,0.1
Chaetura_chapmani,APODIFORMES,resident,False,0.1
Chaetura_cinereiventris,APODIFORMES,resident,False,0.1
Chaetura_egregia,APODIFORMES,resident,False,0.1
Chaetura_fumosa,APODIFORMES,resident,False,0.1
Chaetura_martinica,APODIFORMES,resident,False,0.1
Chaetura_meridionalis,APODIFORMES,directional migratory,False,1.0
Chaetura_pelagica,APODIFORMES,directional migratory,False,1.0
Chaetura_spinicaudus,APODIFORMES,resident,False,0.1
Chaetura_vauxi,APODIFORMES,directional migratory,False,1.0
Chaetura_viridipennis,APODIFORMES,directional migratory,False,1.0
Chaimarrornis_leucocephalus,PASSERIFORMES,directional migratory,False,1.0
Chalcomitra_adelberti,PASSERIFORMES,resident,False,0.1
Chalcomitra_amethystina,PASSERIFORMES,resident,False,0.1
Chalcomitra_balfouri,PASSERIFORMES,resident,False,0.1
Chalcomitra_fuliginosa,PASSERIFORMES,resident,False,0.1
Chalcomitra_hunteri,PASSERIFORMES,resident,False,0.1
Chalcomitra_rubescens,PASSERIFORMES,resident,False,0.1
Chalcomitra_senegalensis,PASSERIFORMES,dispersive migratory,False,0.5
Chalcoparia_singalensis,PASSERIFORMES,resident,False,0.1
Chalcophaps_indica,COLUMBIFORMES,resident,False,0.1
Chalcophaps_longirostris,COLUMBIFORMES,resident,False,0.1
Chalcophaps_stephani,COLUMBIFORMES,resident,False,0.1
Chalcopsitta_atra,PSITTACIFORMES,resident,False,0.1
Chalcopsitta_cardinalis,PSITTACIFORMES,resident,False,0.1
Chalcopsitta_duivenbodei,PSITTACIFORMES,resident,False,0.1
Chalcopsitta_sintillata,PSITTACIFORMES,resident,False,0.1
Chalcostigma_herrani,APODIFORMES,resident,False,0.1
Chalcostigma_heteropogon,APODIFORMES,resident,False,0.1
Chalcostigma_olivaceum,APODIFORMES,resident,False,0.1
Chalcostigma_ruficeps,APODIFORMES,resident,False,0.1
Chalcostigma_stanleyi,APODIFORMES,resident,False,0.1
Chalybura_buffonii,APODIFORMES,resident,False,0.1
Chalybura_urochrysia,APODIFORMES,resident,False,0.1
Chamaea_fasciata,PASSERIFORMES,resident,False,0.1
Chamaepetes_goudotii,GALLIFORMES,resident,False,0.1
Chamaepetes_unicolor,GALLIFORMES,resident,False,0.1
Chamaeza_campanisona,PASSERIFORMES,resident,False,0.1
Chamaeza_meruloides,PASSERIFORMES,resident,False,0.1
Chamaeza_mollissima,PASSERIFORMES,resident,False,0.1
Chamaeza_nobilis,PASSERIFORMES,resident,False,0.1
Chamaeza_ruficauda,PASSERIFORMES,resident,False,0.1
Chamaeza_turdina,PASSERIFORMES,resident,False,0.1
Charadrius_alexandrinus,CHARADRIIFORMES,directional migratory,False,1.0
Charadrius_alticola,CHARADRIIFORMES,dispersive migratory,False,0.5
Charadrius_asiaticus,CHARADRIIFORMES,directional migratory,False,1.0
Charadrius_bicinctus,CHARADRIIFORMES,directional migratory,False,1.0
Charadrius_collaris,CHARADRIIFORMES,resident,False,0.1
Charadrius_dubius,CHARADRIIFORMES,directional migratory,False,1.0
Charadrius_falklandicus,CHARADRIIFORMES,directional migratory,False,1.0
Charadrius_forbesi,CHARADRIIFORMES,resident,False,0.1
Charadrius_hiaticula,CHARADRIIFORMES,directional migratory,False,1.0
Charadrius_javanicus,CHARADRIIFORMES,resident,False,0.1
Charadrius_leschenaultii,CHARADRIIFORMES,directional migratory,False,1.0
Charadrius_marginatus,CHARADRIIFORMES,dispersive migratory,False,0.5
Charadrius_melodus,CHARADRIIFORMES,directional migratory,False,1.0
Charadrius_modestus,CHARADRIIFORMES,directional migratory,False,1.0
Charadrius_mongolus,CHARADRIIFORMES,directional migratory,False,1.0
Charadrius_montanus,CHARADRIIFORMES,directional migratory,False,1.0
Charadrius_morinellus,CHARADRIIFORMES,directional migratory,False,1.0
Charadrius_nivosus,CHARADRIIFORMES,directional migratory,False,1.0
Charadrius_obscurus,CHARADRIIFORMES,dispersive migratory,False,0.5
Charadrius_pallidus,CHARADRIIFORMES,dispersive migratory,False,0.5
Charadrius_pecuarius,CHARADRIIFORMES,resident,False,0.1
Charadrius_peronii,CHARADRIIFORMES,resident,False,0.1
Charadrius_placidus,CHARADRIIFORMES,directional migratory,False,1.0
Charadrius_ruficapillus,CHARADRIIFORMES,resident,False,0.1
Charadrius_sanctaehelenae,CHARADRIIFORMES,resident,False,0.1
Charadrius_semipalmatus,CHARADRIIFORMES,directional migratory,False,1.0
Charadrius_thoracicus,CHARADRIIFORMES,resident,False,0.1
Charadrius_tricollaris,CHARADRIIFORMES,resident,False,0.1
Charadrius_veredus,CHARADRIIFORMES,directional migratory,False,1.0
Charadrius_vociferus,CHARADRIIFORMES,directional migratory,False,1.0
Charadrius_wilsonia,CHARADRIIFORMES,directional migratory,False,1.0
Charitospiza_eucosma,PASSERIFORMES,resident,False,0.1
Charmosyna_aureicincta,PSITTACIFORMES,resident,False,0.1
Charmosyna_diadema,PSITTACIFORMES,unknown,False,0.2
Charmosyna_josefinae,PSITTACIFORMES,resident,False,0.1
Charmosyna_margarethae,PSITTACIFORMES,resident,False,0.1
Charmosyna_meeki,PSITTACIFORMES,nomadic,False,0.3
Charmosyna_multistriata,PSITTACIFORMES,resident,False,0.1
Charmosyna_palmarum,PSITTACIFORMES,nomadic,False,0.3
Charmosyna_papou,PSITTACIFORMES,resident,False,0.1
Charmosyna_placentis,PSITTACIFORMES,resident,False,0.1
Charmosyna_pulchella,PSITTACIFORMES,resident,False,0.1
Charmosyna_rubrigularis,PSITTACIFORMES,resident,False,0.1
Charmosyna_rubronotata,PSITTACIFORMES,resident,False,0.1
Charmosyna_toxopei,PSITTACIFORMES,resident,False,0.1
Charmosyna_wilhelminae,PSITTACIFORMES,resident,False,0.1
Chasiempis_ibidis,PASSERIFORMES,resident,False,0.1
Chasiempis_sandwichensis,PASSERIFORMES,resident,False,0.1
Chasiempis_sclateri,PASSERIFORMES,resident,False,0.1
Chauna_chavaria,ANSERIFORMES,resident,False,0.1
Chauna_torquata,ANSERIFORMES,resident,False,0.1
Chaunoproctus_ferreorostris,PASSERIFORMES,extinct,False,0.0
Chelictinia_riocourii,ACCIPITRIFORMES,dispersive migratory,False,0.5
Chelidoptera_tenebrosa,PICIFORMES,resident,False,0.1
Chelidorhynx_hypoxantha,PASSERIFORMES,dispersive migratory,False,0.5
Chen_caerulescens,ANSERIFORMES,directional migratory,False,1.0
Chen_canagica,ANSERIFORMES,directional migratory,False,1.0
Chen_rossii,ANSERIFORMES,directional migratory,False,1.0
Chenonetta_jubata,ANSERIFORMES,resident,False,0.1
Chenorhamphus_campbelli,PASSERIFORMES,resident,False,0.1
Chenorhamphus_grayi,PASSERIFORMES,resident,False,0.1
Cheramoeca_leucosterna,PASSERIFORMES,resident,False,0.1
Chersomanes_albofasciata,PASSERIFORMES,resident,False,0.1
Chersomanes_beesleyi,PASSERIFORMES,resident,False,0.1
Chersophilus_duponti,PASSERIFORMES,resident,False,0.1
Chionis_albus,CHARADRIIFORMES,directional migratory,False,1.0
Chionis_minor,CHARADRIIFORMES,resident,False,0.1
Chiroxiphia_boliviana,PASSERIFORMES,resident,False,0.1
Chiroxiphia_caudata,PASSERIFORMES,resident,False,0.1
Chiroxiphia_lanceolata,PASSERIFORMES,resident,False,0.1
Chiroxiphia_linearis,PASSERIFORMES,resident,False,0.1
Chiroxiphia_pareola,PASSERIFORMES,resident,False,0.1
Chlamydera_cerviniventris,PASSERIFORMES,resident,False,0.1
Chlamydera_guttata,PASSERIFORMES,resident,False,0.1
Chlamydera_lauterbachi,PASSERIFORMES,resident,False,0.1
Chlamydera_maculata,PASSERIFORMES,resident,False,0.1
Chlamydera_nuchalis,PASSERIFORMES,resident,False,0.1
Chlamydochaera_jefferyi,PASSERIFORMES,resident,False,0.1
Chlamydotis_macqueenii,OTIDIFORMES,directional migratory,False,1.0
Chlamydotis_undulata,OTIDIFORMES,resident,False,0.1
Chleuasicus_atrosuperciliaris,PASSERIFORMES,resident,False,0.1
Chlidonias_albostriatus,CHARADRIIFORMES,dispersive migratory,False,0.5
Chlidonias_hybrida,CHARADRIIFORMES,directional migratory,False,1.0
Chlidonias_leucopterus,CHARADRIIFORMES,directional migratory,False,1.0
Chlidonias_niger,CHARADRIIFORMES,directional migratory,False,1.0
Chloephaga_hybrida,ANSERIFORMES,dispersive migratory,False,0.5
Chloephaga_melanoptera,ANSERIFORMES,resident,False,0.1
Chloephaga_picta,ANSERIFORMES,directional migratory,False,1.0
Chloephaga_poliocephala,ANSERIFORMES,directional migratory,False,1.0
Chloephaga_rubidiceps,ANSERIFORMES,directional migratory,False,1.0
Chlorestes_notata,APODIFORMES,resident,False,0.1
Chloridops_kona,PASSERIFORMES,extinct,False,0.0
Chloris_ambigua,PASSERIFORMES,dispersive migratory,False,0.5
Chloris_chloris,PASSERIFORMES,directional migratory,False,1.0
Chloris_monguilloti,PASSERIFORMES,resident,False,0.1
Chloris_sinica,PASSERIFORMES,directional migratory,False,1.0
Chloris_spinoides,PASSERIFORMES,dispersive migratory,False,0.5
Chloroceryle_aenea,CORACIIFORMES,resident,False,0.1
Chloroceryle_amazona,CORACIIFORMES,resident,False,0.1
Chloroceryle_americana,CORACIIFORMES,resident,False,0.1
Chloroceryle_inda,CORACIIFORMES,resident,False,0.1
Chlorocharis_emiliae,PASSERIFORMES,resident,False,0.1
Chlorochrysa_calliparaea,PASSERIFORMES,resident,False,0.1
Chlorochrysa_nitidissima,PASSERIFORMES,resident,False,0.1
Chlorochrysa_phoenicotis,PASSERIFORMES,resident,False,0.1
Chlorocichla_falkensteini,PASSERIFORMES,resident,False,0.1
Chlorocichla_flaviventris,PASSERIFORMES,resident,False,0.1
Chlorocichla_laetissima,PASSERIFORMES,resident,False,0.1
Chlorocichla_prigoginei,PASSERIFORMES,resident,False,0.1
Chlorocichla_simplex,PASSERIFORMES,resident,False,0.1
Chlorophanes_spiza,PASSERIFORMES,resident,False,0.1
Chlorophoneus_bocagei,PASSERIFORMES,resident,False,0.1
Chlorophoneus_kupeensis,PASSERIFORMES,resident,False,0.1
Chlorophoneus_multicolor,PASSERIFORMES,resident,False,0.1
Chlorophoneus_nigrifrons,PASSERIFORMES,resident,False,0.1
Chlorophoneus_olivaceus,PASSERIFORMES,resident,False,0.1
Chlorophoneus_sulfureopectus,PASSERIFORMES,resident,False,0.1
Chlorophonia_callophrys,PASSERIFORMES,resident,False,0.1
Chlorophonia_cyanea,PASSERIFORMES,resident,False,0.1
Chlorophonia_flavirostris,PASSERIFORMES,resident,False,0.1
Chlorophonia_occipitalis,PASSERIFORMES,resident,False,0.1
Chlorophonia_pyrrhophrys,PASSERIFORMES,resident,False,0.1
Chloropsis_aurifrons,PASSERIFORMES,resident,False,0.1
Chloropsis_cochinchinensis,PASSERIFORMES,resident,False,0.1
Chloropsis_cyanopogon,PASSERIFORMES,resident,False,0.1
Chloropsis_flavipennis,PASSERIFORMES,resident,False,0.1
Chloropsis_hardwickii,PASSERIFORMES,resident,False,0.1
Chloropsis_jerdoni,PASSERIFORMES,resident,False,0.1
Chloropsis_kinabaluensis,PASSERIFORMES,resident,False,0.1
Chloropsis_media,PASSERIFORMES,resident,False,0.1
Chloropsis_palawanensis,PASSERIFORMES,resident,False,0.1
Chloropsis_sonnerati,PASSERIFORMES,resident,False,0.1
Chloropsis_venusta,PASSERIFORMES,resident,False,0.1
Chlorornis_riefferii,PASSERIFORMES,resident,False,0.1
Chlorospingus_canigularis,PASSERIFORMES,resident,False,0.1
Chlorospingus_flavigularis,PASSERIFORMES,resident,False,0.1
Chlorospingus_flavovirens,PASSERIFORMES,resident,False,0.1
Chlorospingus_inornatus,PASSERIFORMES,resident,False,0.1
Chlorospingus_ophthalmicus,PASSERIFORMES,resident,False,0.1
Chlorospingus_parvirostris,PASSERIFORMES,resident,False,0.1
Chlorospingus_pileatus,PASSERIFORMES,resident,False,0.1
Chlorospingus_semifuscus,PASSERIFORMES,resident,False,0.1
Chlorospingus_tacarcunae,PASSERIFORMES,resident,False,0.1
Chlorostilbon_alice,APODIFORMES,resident,False,0.1
Chlorostilbon_assimilis,APODIFORMES,resident,False,0.1
Chlorostilbon_auriceps,APODIFORMES,resident,False,0.1
Chlorostilbon_bracei,APODIFORMES,extinct,False,0.0
Chlorostilbon_canivetii,APODIFORMES,resident,False,0.1
Chlorostilbon_elegans,APODIFORMES,extinct,False,0.0
Chlorostilbon_forficatus,APODIFORMES,resident,False,0.1
Chlorostilbon_gibsoni,APODIFORMES,resident,False,0.1
Chlorostilbon_lucidus,APODIFORMES,resident,False,0.1
Chlorostilbon_maugaeus,APODIFORMES,resident,False,0.1
Chlorostilbon_melanorhynchus,APODIFORMES,resident,False,0.1
Chlorostilbon_mellisugus,APODIFORMES,resident,False,0.1
Chlorostilbon_olivaresi,APODIFORMES,resident,False,0.1
Chlorostilbon_poortmani,APODIFORMES,resident,False,0.1
Chlorostilbon_ricordii,APODIFORMES,resident,False,0.1
Chlorostilbon_russatus,APODIFORMES,resident,False,0.1
Chlorostilbon_stenurus,APODIFORMES,resident,False,0.1
Chlorostilbon_swainsonii,APODIFORMES,resident,False,0.1
Chlorothraupis_carmioli,PASSERIFORMES,resident,False,0.1
Chlorothraupis_frenata,PASSERIFORMES,resident,False,0.1
Chlorothraupis_olivacea,PASSERIFORMES,resident,False,0.1
Chlorothraupis_stolzmanni,PASSERIFORMES,resident,False,0.1
Cholornis_paradoxa,PASSERIFORMES,resident,False,0.1
Cholornis_unicolor,PASSERIFORMES,resident,False,0.1
Chondestes_grammacus,PASSERIFORMES,directional migratory,False,1.0
Chondrohierax_uncinatus,ACCIPITRIFORMES,resident,False,0.1
Chondrohierax_wilsonii,ACCIPITRIFORMES,resident,False,0.1
Chordeiles_acutipennis,CAPRIMULGIFORMES,directional migratory,False,1.0
Chordeiles_gundlachii,CAPRIMULGIFORMES,directional migratory,False,1.0
Chordeiles_minor,CAPRIMULGIFORMES,directional migratory,False,1.0
Chordeiles_nacunda,CAPRIMULGIFORMES,directional migratory,False,1.0
Chordeiles_pusillus,CAPRIMULGIFORMES,directional migratory,False,1.0
Chordeiles_rupestris,CAPRIMULGIFORMES,resident,False,0.1
Chroicocephalus_brunnicephalus,CHARADRIIFORMES,directional migratory,False,1.0
Chroicocephalus_bulleri,CHARADRIIFORMES,dispersive migratory,False,0.5
Chroicocephalus_cirrocephalus,CHARADRIIFORMES,dispersive migratory,False,0.5
Chroicocephalus_genei,CHARADRIIFORMES,directional migratory,False,1.0
Chroicocephalus_hartlaubii,CHARADRIIFORMES,resident,False,0.1
Chroicocephalus_maculipennis,CHARADRIIFORMES,dispersive migratory,False,0.5
Chroicocephalus_novaehollandiae,CHARADRIIFORMES,dispersive migratory,False,0.5
Chroicocephalus_philadelphia,CHARADRIIFORMES,directional migratory,False,1.0
Chroicocephalus_ridibundus,CHARADRIIFORMES,directional migratory,False,1.0
Chroicocephalus_saundersi,CHARADRIIFORMES,directional migratory,False,1.0
Chroicocephalus_scopulinus,CHARADRIIFORMES,resident,False,0.1
Chroicocephalus_serranus,CHARADRIIFORMES,dispersive migratory,False,0.5
Chrysococcyx_basalis,CUCULIFORMES,directional migratory,False,1.0
Chrysococcyx_caprius,CUCULIFORMES,directional migratory,False,1.0
Chrysococcyx_cupreus,CUCULIFORMES,directional migratory,False,1.0
Chrysococcyx_flavigularis,CUCULIFORMES,resident,False,0.1
Chrysococcyx_klaas,CUCULIFORMES,directional migratory,False,1.0
Chrysococcyx_lucidus,CUCULIFORMES,directional migratory,False,1.0
Chrysococcyx_maculatus,CUCULIFORMES,directional migratory,False,1.0
Chrysococcyx_megarhynchus,CUCULIFORMES,resident,False,0.1
Chrysococcyx_meyerii,CUCULIFORMES,resident,False,0.1
Chrysococcyx_minutillus,CUCULIFORMES,directional migratory,False,1.0
Chrysococcyx_osculans,CUCULIFORMES,dispersive migratory,False,0.5
Chrysococcyx_ruficollis,CUCULIFORMES,resident,False,0.1
Chrysococcyx_xanthorhynchus,CUCULIFORMES,directional migratory,False,1.0
Chrysocolaptes_erythrocephalus,PICIFORMES,resident,False,0.1
Chrysocolaptes_festivus,PICIFORMES,resident,False,0.1
Chrysocolaptes_guttacristatus,PICIFORMES,resident,False,0.1
Chrysocolaptes_haematribon,PICIFORMES,resident,False,0.1
Chrysocolaptes_lucidus,PICIFORMES,resident,False,0.1
Chrysocolaptes_stricklandi,PICIFORMES,resident,False,0.1
Chrysocolaptes_strictus,PICIFORMES,resident,False,0.1
Chrysocolaptes_xanthocephalus,PICIFORMES,resident,False,0.1
Chrysolampis_mosquitus,APODIFORMES,directional migratory,False,1.0
Chrysolophus_amherstiae,GALLIFORMES,resident,False,0.1
Chrysolophus_pictus,GALLIFORMES,resident,False,0.1
Chrysomma_altirostre,PASSERIFORMES,resident,False,0.1
Chrysomma_sinense,PASSERIFORMES,resident,False,0.1
Chrysomus_icterocephalus,PASSERIFORMES,resident,False,0.1
Chrysomus_ruficapillus,PASSERIFORMES,resident,False,0.1
Chrysophlegma_flavinucha,PICIFORMES,resident,False,0.1
Chrysophlegma_mentale,PICIFORMES,resident,False,0.1
Chrysophlegma_miniaceum,PICIFORMES,resident,False,0.1
Chrysothlypis_chrysomelas,PASSERIFORMES,resident,False,0.1
Chrysothlypis_salmoni,PASSERIFORMES,resident,False,0.1
Chrysuronia_oenone,APODIFORMES,resident,False,0.1
Chunga_burmeisteri,CARIAMIFORMES,resident,False,0.1
Cichladusa_arquata,PASSERIFORMES,resident,False,0.1
Cichladusa_guttata,PASSERIFORMES,resident,False,0.1
Cichladusa_ruficauda,PASSERIFORMES,resident,False,0.1
Cichlocolaptes_leucophrus,PASSERIFORMES,resident,False,0.1
Cichlopsis_leucogenys,PASSERIFORMES,resident,False,0.1
Cicinnurus_regius,PASSERIFORMES,resident,False,0.1
Ciconia_abdimii,CICONIIFORMES,directional migratory,False,1.0
Ciconia_boyciana,CICONIIFORMES,directional migratory,False,1.0
Ciconia_ciconia,CICONIIFORMES,directional migratory,False,1.0
Ciconia_episcopus,CICONIIFORMES,dispersive migratory,False,0.5
Ciconia_maguari,CICONIIFORMES,resident,False,0.1
Ciconia_nigra,CICONIIFORMES,directional migratory,False,1.0
Ciconia_stormi,CICONIIFORMES,resident,False,0.1
Cinclidium_frontale,PASSERIFORMES,dispersive migratory,False,0.5
Cinclocerthia_gutturalis,PASSERIFORMES,resident,False,0.1
Cinclocerthia_ruficauda,PASSERIFORMES,resident,False,0.1
Cinclodes_albidiventris,PASSERIFORMES,resident,False,0.1
Cinclodes_albiventris,PASSERIFORMES,resident,False,0.1
Cinclodes_antarcticus,PASSERIFORMES,resident,False,0.1
Cinclodes_aricomae,PASSERIFORMES,resident,False,0.1
Cinclodes_atacamensis,PASSERIFORMES,resident,False,0.1
Cinclodes_comechingonus,PASSERIFORMES,directional migratory,False,1.0
Cinclodes_excelsior,PASSERIFORMES,resident,False,0.1
Cinclodes_fuscus,PASSERIFORMES,directional migratory,False,1.0
Cinclodes_nigrofumosus,PASSERIFORMES,resident,False,0.1
Cinclodes_olrogi,PASSERIFORMES,resident,False,0.1
Cinclodes_oustaleti,PASSERIFORMES,directional migratory,False,1.0
Cinclodes_pabsti,PASSERIFORMES,resident,False,0.1
Cinclodes_palliatus,PASSERIFORMES,resident,False,0.1
Cinclodes_patagonicus,PASSERIFORMES,directional migratory,False,1.0
Cinclodes_taczanowskii,PASSERIFORMES,resident,False,0.1
Cinclosoma_ajax,PASSERIFORMES,resident,False,0.1
Cinclosoma_alisteri,PASSERIFORMES,resident,False,0.1
Cinclosoma_castaneothorax,PASSERIFORMES,resident,False,0.1
Cinclosoma_castanotum,PASSERIFORMES,resident,False,0.1
Cinclosoma_cinnamomeum,PASSERIFORMES,resident,False,0.1
Cinclosoma_marginatum,PASSERIFORMES,resident,False,0.1
Cinclosoma_punctatum,PASSERIFORMES,resident,False,0.1
Cinclus_cinclus,PASSERIFORMES,directional migratory,False,1.0
Cinclus_leucocephalus,PASSERIFORMES,resident,False,0.1
Cinclus_mexicanus,PASSERIFORMES,resident,False,0.1
Cinclus_pallasii,PASSERIFORMES,resident,False,0.1
Cinclus_schulzii,PASSERIFORMES,resident,False,0.1
Cinnycerthia_fulva,PASSERIFORMES,resident,False,0.1
Cinnycerthia_olivascens,PASSERIFORMES,resident,False,0.1
Cinnycerthia_peruana,PASSERIFORMES,resident,False,0.1
Cinnycerthia_unirufa,PASSERIFORMES,resident,False,0.1
Cinnyricinclus_leucogaster,PASSERIFORMES,directional migratory,False,1.0
Cinnyris_abbotti,PASSERIFORMES,resident,False,0.1
Cinnyris_afer,PASSERIFORMES,resident,False,0.1
Cinnyris_asiaticus,PASSERIFORMES,resident,False,0.1
Cinnyris_batesi,PASSERIFORMES,resident,False,0.1
Cinnyris_bifasciatus,PASSERIFORMES,dispersive migratory,False,0.5
Cinnyris_bouvieri,PASSERIFORMES,resident,False,0.1
Cinnyris_buettikoferi,PASSERIFORMES,resident,False,0.1
Cinnyris_chalcomelas,PASSERIFORMES,resident,False,0.1
Cinnyris_chalybeus,PASSERIFORMES,resident,False,0.1
Cinnyris_chloropygius,PASSERIFORMES,dispersive migratory,False,0.5
Cinnyris_coccinigastrus,PASSERIFORMES,dispersive migratory,False,0.5
Cinnyris_comorensis,PASSERIFORMES,resident,False,0.1
Cinnyris_congensis,PASSERIFORMES,resident,False,0.1
Cinnyris_coquerellii,PASSERIFORMES,resident,False,0.1
Cinnyris_cupreus,PASSERIFORMES,dispersive migratory,False,0.5
Cinnyris_dussumieri,PASSERIFORMES,resident,False,0.1
Cinnyris_erythrocercus,PASSERIFORMES,resident,False,0.1
Cinnyris_fuelleborni,PASSERIFORMES,resident,False,0.1
Cinnyris_fuscus,PASSERIFORMES,nomadic,False,0.3
Cinnyris_habessinicus,PASSERIFORMES,resident,False,0.1
Cinnyris_hofmanni,PASSERIFORMES,resident,False,0.1
Cinnyris_humbloti,PASSERIFORMES,resident,False,0.1
Cinnyris_johannae,PASSERIFORMES,resident,False,0.1
Cinnyris_jugularis,PASSERIFORMES,resident,False,0.1
Cinnyris_lotenius,PASSERIFORMES,resident,False,0.1
Cinnyris_loveridgei,PASSERIFORMES,resident,False,0.1
Cinnyris_ludovicensis,PASSERIFORMES,resident,False,0.1
Cinnyris_manoensis,PASSERIFORMES,resident,False,0.1
Cinnyris_mariquensis,PASSERIFORMES,nomadic,False,0.3
Cinnyris_mediocris,PASSERIFORMES,resident,False,0.1
Cinnyris_minullus,PASSERIFORMES,resident,False,0.1
Cinnyris_moreaui,PASSERIFORMES,resident,False,0.1
Cinnyris_nectarinioides,PASSERIFORMES,resident,False,0.1
Cinnyris_neergaardi,PASSERIFORMES,resident,False,0.1
Cinnyris_notatus,PASSERIFORMES,resident,False,0.1
Cinnyris_osea,PASSERIFORMES,resident,False,0.1
Cinnyris_oustaleti,PASSERIFORMES,resident,False,0.1
Cinnyris_pembae,PASSERIFORMES,resident,False,0.1
Cinnyris_prigoginei,PASSERIFORMES,resident,False,0.1
Cinnyris_pulchellus,PASSERIFORMES,dispersive migratory,False,0.5
Cinnyris_regius,PASSERIFORMES,resident,False,0.1
Cinnyris_reichenowi,PASSERIFORMES,resident,False,0.1
Cinnyris_rockefelleri,PASSERIFORMES,resident,False,0.1
Cinnyris_rufipennis,PASSERIFORMES,resident,False,0.1
Cinnyris_shelleyi,PASSERIFORMES,resident,False,0.1
Cinnyris_solaris,PASSERIFORMES,resident,False,0.1
Cinnyris_sovimanga,PASSERIFORMES,resident,False,0.1
Cinnyris_stuhlmanni,PASSERIFORMES,resident,False,0.1
Cinnyris_superbus,PASSERIFORMES,resident,False,0.1
Cinnyris_talatala,PASSERIFORMES,dispersive migratory,False,0.5
Cinnyris_tsavoensis,PASSERIFORMES,resident,False,0.1
Cinnyris_ursulae,PASSERIFORMES,resident,False,0.1
Cinnyris_usambaricus,PASSERIFORMES,resident,False,0.1
Cinnyris_venustus,PASSERIFORMES,dispersive migratory,False,0.5
Circaetus_beaudouini,ACCIPITRIFORMES,directional migratory,False,1.0
Circaetus_cinerascens,ACCIPITRIFORMES,resident,False,0.1
Circaetus_cinereus,ACCIPITRIFORMES,resident,False,0.1
Circaetus_fasciolatus,ACCIPITRIFORMES,resident,False,0.1
Circaetus_gallicus,ACCIPITRIFORMES,directional migratory,False,1.0
Circaetus_pectoralis,ACCIPITRIFORMES,nomadic,False,0.3
Circus_aeruginosus,ACCIPITRIFORMES,directional migratory,False,1.0
Circus_approximans,ACCIPITRIFORMES,directional migratory,False,1.0
Circus_assimilis,ACCIPITRIFORMES,directional migratory,False,1.0
Circus_buffoni,ACCIPITRIFORMES,directional migratory,False,1.0
Circus_cinereus,ACCIPITRIFORMES,directional migratory,False,1.0
Circus_cyaneus,ACCIPITRIFORMES,directional migratory,False,1.0
Circus_hudsonius,ACCIPITRIFORMES,directional migratory,False,1.0
Circus_macrosceles,ACCIPITRIFORMES,resident,False,0.1
Circus_macrourus,ACCIPITRIFORMES,directional migratory,False,1.0
Circus_maillardi,ACCIPITRIFORMES,resident,False,0.1
Circus_maurus,ACCIPITRIFORMES,dispersive migratory,False,0.5
Circus_melanoleucos,ACCIPITRIFORMES,directional migratory,False,1.0
Circus_pygargus,ACCIPITRIFORMES,directional migratory,False,1.0
Circus_ranivorus,ACCIPITRIFORMES,resident,False,0.1
Circus_spilonotus,ACCIPITRIFORMES,directional migratory,False,1.0
Circus_spilothorax,ACCIPITRIFORMES,resident,False,0.1
Ciridops_anna,PASSERIFORMES,extinct,False,0.0
Cissa_chinensis,PASSERIFORMES,resident,False,0.1
Cissa_hypoleuca,PASSERIFORMES,resident,False,0.1
Cissa_jefferyi,PASSERIFORMES,resident,False,0.1
Cissa_thalassina,PASSERIFORMES,resident,False,0.1
Cissomela_pectoralis,PASSERIFORMES,dispersive migratory,False,0.5
Cissopis_leverianus,PASSERIFORMES,resident,False,0.1
Cisticola_aberdare,PASSERIFORMES,resident,False,0.1
Cisticola_aberrans,PASSERIFORMES,resident,False,0.1
Cisticola_angusticauda,PASSERIFORMES,resident,False,0.1
Cisticola_anonymus,PASSERIFORMES,resident,False,0.1
Cisticola_aridulus,PASSERIFORMES,resident,False,0.1
Cisticola_ayresii,PASSERIFORMES,resident,False,0.1
Cisticola_bodessa,PASSERIFORMES,resident,False,0.1
Cisticola_brachypterus,PASSERIFORMES,resident,False,0.1
Cisticola_brunnescens,PASSERIFORMES,resident,False,0.1
Cisticola_bulliens,PASSERIFORMES,resident,False,0.1
Cisticola_cantans,PASSERIFORMES,resident,False,0.1
Cisticola_carruthersi,PASSERIFORMES,resident,False,0.1
Cisticola_cherina,PASSERIFORMES,resident,False,0.1
Cisticola_chiniana,PASSERIFORMES,resident,False,0.1
Cisticola_chubbi,PASSERIFORMES,resident,False,0.1
Cisticola_cinereolus,PASSERIFORMES,resident,False,0.1
Cisticola_cinnamomeus,PASSERIFORMES,resident,False,0.1
Cisticola_dambo,PASSERIFORMES,resident,False,0.1
Cisticola_distinctus,PASSERIFORMES,resident,False,0.1
Cisticola_dorsti,PASSERIFORMES,resident,False,0.1
Cisticola_emini,PASSERIFORMES,resident,False,0.1
Cisticola_erythrops,PASSERIFORMES,resident,False,0.1
Cisticola_exilis,PASSERIFORMES,resident,False,0.1
Cisticola_eximius,PASSERIFORMES,resident,False,0.1
Cisticola_fulvicapilla,PASSERIFORMES,resident,False,0.1
Cisticola_galactotes,PASSERIFORMES,resident,False,0.1
Cisticola_haematocephalus,PASSERIFORMES,resident,False,0.1
Cisticola_haesitatus,PASSERIFORMES,resident,False,0.1
Cisticola_hunteri,PASSERIFORMES,resident,False,0.1
Cisticola_juncidis,PASSERIFORMES,directional migratory,False,1.0
Cisticola_lais,PASSERIFORMES,resident,False,0.1
Cisticola_lateralis,PASSERIFORMES,resident,False,0.1
Cisticola_lepe,PASSERIFORMES,resident,False,0.1
Cisticola_luapula,PASSERIFORMES,resident,False,0.1
Cisticola_lugubris,PASSERIFORMES,resident,False,0.1
Cisticola_marginatus,PASSERIFORMES,resident,False,0.1
Cisticola_melanurus,PASSERIFORMES,resident,False,0.1
Cisticola_nana,PASSERIFORMES,resident,False,0.1
Cisticola_natalensis,PASSERIFORMES,resident,False,0.1
Cisticola_nigriloris,PASSERIFORMES,resident,False,0.1
Cisticola_njombe,PASSERIFORMES,resident,False,0.1
Cisticola_pipiens,PASSERIFORMES,resident,False,0.1
Cisticola_restrictus,PASSERIFORMES,resident,False,0.1
Cisticola_robustus,PASSERIFORMES,resident,False,0.1
Cisticola_ruficeps,PASSERIFORMES,resident,False,0.1
Cisticola_rufilatus,PASSERIFORMES,resident,False,0.1
Cisticola_rufus,PASSERIFORMES,resident,False,0.1
Cisticola_subruficapilla,PASSERIFORMES,resident,False,0.1
Cisticola_textrix,PASSERIFORMES,resident,False,0.1
Cisticola_tinniens,PASSERIFORMES,resident,False,0.1
Cisticola_troglodytes,PASSERIFORMES,resident,False,0.1
Cisticola_woosnami,PASSERIFORMES,resident,False,0.1
Cistothorus_apolinari,PASSERIFORMES,resident,False,0.1
Cistothorus_meridae,PASSERIFORMES,resident,False,0.1
Cistothorus_palustris,PASSERIFORMES,directional migratory,False,1.0
Cistothorus_platensis,PASSERIFORMES,directional migratory,False,1.0
Cittura_cyanotis,CORACIIFORMES,resident,False,0.1
Cladorhynchus_leucocephalus,CHARADRIIFORMES,dispersive migratory,False,0.5
Clamator_coromandus,CUCULIFORMES,directional migratory,False,1.0
Clamator_glandarius,CUCULIFORMES,directional migratory,False,1.0
Clamator_jacobinus,CUCULIFORMES,directional migratory,False,1.0
Clamator_levaillantii,CUCULIFORMES,directional migratory,False,1.0
Clangula_hyemalis,ANSERIFORMES,directional migratory,False,1.0
Claravis_geoffroyi,COLUMBIFORMES,resident,False,0.1
Claravis_mondetoura,COLUMBIFORMES,nomadic,False,0.3
Claravis_pretiosa,COLUMBIFORMES,resident,False,0.1
Cleptornis_marchei,PASSERIFORMES,resident,False,0.1
Clibanornis_dendrocolaptoides,PASSERIFORMES,resident,False,0.1
Climacteris_affinis,PASSERIFORMES,resident,False,0.1
Climacteris_erythrops,PASSERIFORMES,resident,False,0.1
Climacteris_melanurus,PASSERIFORMES,resident,False,0.1
Climacteris_picumnus,PASSERIFORMES,resident,False,0.1
Climacteris_rufus,PASSERIFORMES,resident,False,0.1
Clypicterus_oseryi,PASSERIFORMES,resident,False,0.1
Clytoceyx_rex,CORACIIFORMES,resident,False,0.1
Clytoctantes_alixii,PASSERIFORMES,resident,False,0.1
Clytoctantes_atrogularis,PASSERIFORMES,resident,False,0.1
Clytolaema_rubricauda,APODIFORMES,resident,False,0.1
Clytomyias_insignis,PASSERIFORMES,resident,False,0.1
Clytorhynchus_hamlini,PASSERIFORMES,resident,False,0.1
Clytorhynchus_nigrogularis,PASSERIFORMES,resident,False,0.1
Clytorhynchus_pachycephaloides,PASSERIFORMES,resident,False,0.1
Clytorhynchus_sanctaecrucis,PASSERIFORMES,resident,False,0.1
Clytorhynchus_vitiensis,PASSERIFORMES,resident,False,0.1
Clytospiza_monteiri,PASSERIFORMES,resident,False,0.1
Cnemarchus_erythropygius,PASSERIFORMES,resident,False,0.1
Cnemophilus_loriae,PASSERIFORMES,resident,False,0.1
Cnemophilus_macgregorii,PASSERIFORMES,resident,False,0.1
Cnemoscopus_rubrirostris,PASSERIFORMES,resident,False,0.1
Cnemotriccus_fuscatus,PASSERIFORMES,resident,False,0.1
Cnipodectes_subbrunneus,PASSERIFORMES,resident,False,0.1
Cnipodectes_superrufus,PASSERIFORMES,resident,False,0.1
Coccopygia_bocagei,PASSERIFORMES,resident,False,0.1
Coccopygia_melanotis,PASSERIFORMES,resident,False,0.1
Coccopygia_quartinia,PASSERIFORMES,resident,False,0.1
Coccothraustes_coccothraustes,PASSERIFORMES,directional migratory,False,1.0
Coccycua_cinerea,CUCULIFORMES,directional migratory,False,1.0
Coccycua_minuta,CUCULIFORMES,resident,False,0.1
Coccycua_pumila,CUCULIFORMES,resident,False,0.1
Coccyzus_americanus,CUCULIFORMES,directional migratory,False,1.0
Coccyzus_erythropthalmus,CUCULIFORMES,directional migratory,False,1.0
Coccyzus_euleri,CUCULIFORMES,directional migratory,False,1.0
Coccyzus_ferrugineus,CUCULIFORMES,resident,False,0.1
Coccyzus_lansbergi,CUCULIFORMES,directional migratory,False,1.0
Coccyzus_longirostris,CUCULIFORMES,resident,False,0.1
Coccyzus_melacoryphus,CUCULIFORMES,directional migratory,False,1.0
Coccyzus_merlini,CUCULIFORMES,resident,False,0.1
Coccyzus_minor,CUCULIFORMES,resident,False,0.1
Coccyzus_pluvialis,CUCULIFORMES,resident,False,0.1
Coccyzus_rufigularis,CUCULIFORMES,resident,False,0.1
Coccyzus_vetula,CUCULIFORMES,resident,False,0.1
Coccyzus_vieilloti,CUCULIFORMES,resident,False,0.1
Cochlearius_cochlearius,PELECANIFORMES,resident,False,0.1
Cochoa_azurea,PASSERIFORMES,resident,False,0.1
Cochoa_beccarii,PASSERIFORMES,resident,False,0.1
Cochoa_purpurea,PASSERIFORMES,dispersive migratory,False,0.5
Cochoa_viridis,PASSERIFORMES,dispersive migratory,False,0.5
Coeligena_bonapartei,APODIFORMES,resident,False,0.1
Coeligena_coeligena,APODIFORMES,resident,False,0.1
Coeligena_helianthea,APODIFORMES,resident,False,0.1
Coeligena_iris,APODIFORMES,resident,False,0.1
Coeligena_lutetiae,APODIFORMES,resident,False,0.1
Coeligena_orina,APODIFORMES,resident,False,0.1
Coeligena_phalerata,APODIFORMES,resident,False,0.1
Coeligena_prunellei,APODIFORMES,resident,False,0.1
Coeligena_torquata,APODIFORMES,resident,False,0.1
Coeligena_violifer,APODIFORMES,resident,False,0.1
Coeligena_wilsoni,APODIFORMES,resident,False,0.1
Coenocorypha_aucklandica,CHARADRIIFORMES,resident,False,0.1
Coenocorypha_barrierensis,CHARADRIIFORMES,extinct,False,0.0
Coenocorypha_huegeli,CHARADRIIFORMES,resident,False,0.1
Coenocorypha_iredalei,CHARADRIIFORMES,extinct,False,0.0
Coenocorypha_pusilla,CHARADRIIFORMES,resident,False,0.1
Coereba_flaveola,PASSERIFORMES,resident,False,0.1
Colaptes_aeruginosus,PICIFORMES,resident,False,0.1
Colaptes_atricollis,PICIFORMES,resident,False,0.1
Colaptes_auratus,PICIFORMES,directional migratory,False,1.0
Colaptes_auricularis,PICIFORMES,resident,False,0.1
Colaptes_campestris,PICIFORMES,resident,False,0.1
Colaptes_chrysoides,PICIFORMES,resident,False,0.1
Colaptes_fernandinae,PICIFORMES,resident,False,0.1
Colaptes_melanochloros,PICIFORMES,directional migratory,False,1.0
Colaptes_pitius,PICIFORMES,resident,False,0.1
Colaptes_punctigula,PICIFORMES,resident,False,0.1
Colaptes_rivolii,PICIFORMES,resident,False,0.1
Colaptes_rubiginosus,PICIFORMES,resident,False,0.1
Colaptes_rupicola,PICIFORMES,resident,False,0.1
Colibri_coruscans,APODIFORMES,resident,False,0.1
Colibri_delphinae,APODIFORMES,resident,False,0.1
Colibri_serrirostris,APODIFORMES,resident,False,0.1
Colibri_thalassinus,APODIFORMES,resident,False,0.1
Colinus_cristatus,GALLIFORMES,resident,False,0.1
Colinus_leucopogon,GALLIFORMES,resident,False,0.1
Colinus_nigrogularis,GALLIFORMES,resident,False,0.1
Colinus_virginianus,GALLIFORMES,resident,False,0.1
Colius_castanotus,COLIIFORMES,resident,False,0.1
Colius_colius,COLIIFORMES,resident,False,0.1
Colius_leucocephalus,COLIIFORMES,resident,False,0.1
Colius_striatus,COLIIFORMES,resident,False,0.1
Collocalia_dodgei,APODIFORMES,resident,False,0.1
Collocalia_esculenta,APODIFORMES,resident,False,0.1
Collocalia_linchi,APODIFORMES,resident,False,0.1
Collocalia_troglodytes,APODIFORMES,resident,False,0.1
Colluricincla_boweri,PASSERIFORMES,resident,False,0.1
Colluricincla_harmonica,PASSERIFORMES,resident,False,0.1
Colluricincla_megarhyncha,PASSERIFORMES,resident,False,0.1
Colluricincla_sanghirensis,PASSERIFORMES,resident,False,0.1
Colluricincla_tenebrosa,PASSERIFORMES,resident,False,0.1
Colluricincla_umbrina,PASSERIFORMES,resident,False,0.1
Colluricincla_woodwardi,PASSERIFORMES,resident,False,0.1
Coloeus_dauuricus,PASSERIFORMES,directional migratory,False,1.0
Coloeus_monedula,PASSERIFORMES,directional migratory,False,1.0
Colonia_colonus,PASSERIFORMES,resident,False,0.1
Colorhamphus_parvirostris,PASSERIFORMES,directional migratory,False,1.0
Columba_albinucha,COLUMBIFORMES,resident,False,0.1
Columba_albitorques,COLUMBIFORMES,resident,False,0.1
Columba_argentina,COLUMBIFORMES,resident,False,0.1
Columba_arquatrix,COLUMBIFORMES,resident,False,0.1
Columba_bollii,COLUMBIFORMES,resident,False,0.1
Columba_delegorguei,COLUMBIFORMES,resident,False,0.1
Columba_elphinstonii,COLUMBIFORMES,resident,False,0.1
Columba_eversmanni,COLUMBIFORMES,directional migratory,False,1.0
Columba_guinea,COLUMBIFORMES,resident,False,0.1
Columba_hodgsonii,COLUMBIFORMES,resident,False,0.1
Columba_iriditorques,COLUMBIFORMES,resident,False,0.1
Columba_janthina,COLUMBIFORMES,resident,False,0.1
Columba_jouyi,COLUMBIFORMES,extinct,False,0.0
Columba_junoniae,COLUMBIFORMES,resident,False,0.1
Columba_larvata,COLUMBIFORMES,resident,False,0.1
Columba_leucomela,COLUMBIFORMES,nomadic,False,0.3
Columba_leuconota,COLUMBIFORMES,resident,False,0.1
Columba_livia,COLUMBIFORMES,resident,False,0.1
Columba_malherbii,COLUMBIFORMES,resident,False,0.1
Columba_oenas,COLUMBIFORMES,directional migratory,False,1.0
Columba_oliviae,COLUMBIFORMES,resident,False,0.1
Columba_pallidiceps,COLUMBIFORMES,resident,False,0.1
Columba_palumboides,COLUMBIFORMES,resident,False,0.1
Columba_palumbus,COLUMBIFORMES,directional migratory,False,1.0
Columba_pollenii,COLUMBIFORMES,resident,False,0.1
Columba_pulchricollis,COLUMBIFORMES,resident,False,0.1
Columba_punicea,COLUMBIFORMES,resident,False,0.1
Columba_rupestris,COLUMBIFORMES,resident,False,0.1
Columba_sjostedti,COLUMBIFORMES,resident,False,0.1
Columba_thomensis,COLUMBIFORMES,resident,False,0.1
Columba_torringtoniae,COLUMBIFORMES,resident,False,0.1
Columba_trocaz,COLUMBIFORMES,resident,False,0.1
Columba_unicincta,COLUMBIFORMES,resident,False,0.1
Columba_versicolor,COLUMBIFORMES,extinct,False,0.0
Columba_vitiensis,COLUMBIFORMES,resident,False,0.1
Columbina_buckleyi,COLUMBIFORMES,resident,False,0.1
Columbina_cruziana,COLUMBIFORMES,resident,False,0.1
Columbina_cyanopis,COLUMBIFORMES,resident,False,0.1
Columbina_inca,COLUMBIFORMES,resident,False,0.1
Columbina_minuta,COLUMBIFORMES,resident,False,0.1
Columbina_passerina,COLUMBIFORMES,resident,False,0.1
Columbina_picui,COLUMBIFORMES,directional migratory,False,1.0
Columbina_squammata,COLUMBIFORMES,resident,False,0.1
Columbina_talpacoti,COLUMBIFORMES,resident,False,0.1
Compsospiza_baeri,PASSERIFORMES,resident,False,0.1
Compsospiza_garleppi,PASSERIFORMES,resident,False,0.1
Compsothraupis_loricata,PASSERIFORMES,resident,False,0.1
Conioptilon_mcilhennyi,PASSERIFORMES,resident,False,0.1
Conirostrum_albifrons,PASSERIFORMES,resident,False,0.1
Conirostrum_bicolor,PASSERIFORMES,resident,False,0.1
Conirostrum_cinereum,PASSERIFORMES,resident,False,0.1
Conirostrum_ferrugineiventre,PASSERIFORMES,resident,False,0.1
Conirostrum_leucogenys,PASSERIFORMES,resident,False,0.1
Conirostrum_margaritae,PASSERIFORMES,resident,False,0.1
Conirostrum_rufum,PASSERIFORMES,resident,False,0.1
Conirostrum_sitticolor,PASSERIFORMES,resident,False,0.1
Conirostrum_speciosum,PASSERIFORMES,resident,False,0.1
Conirostrum_tamarugense,PASSERIFORMES,directional migratory,False,1.0
Conopias_albovittatus,PASSERIFORMES,resident,False,0.1
Conopias_cinchoneti,PASSERIFORMES,resident,False,0.1
Conopias_parvus,PASSERIFORMES,resident,False,0.1
Conopias_trivirgatus,PASSERIFORMES,resident,False,0.1
Conopophaga_ardesiaca,PASSERIFORMES,resident,False,0.1
Conopophaga_aurita,PASSERIFORMES,resident,False,0.1
Conopophaga_castaneiceps,PASSERIFORMES,resident,False,0.1
Conopophaga_cearae,PASSERIFORMES,resident,False,0.1
Conopophaga_lineata,PASSERIFORMES,resident,False,0.1
Conopophaga_melanogaster,PASSERIFORMES,resident,False,0.1
Conopophaga_melanops,PASSERIFORMES,resident,False,0.1
Conopophaga_peruviana,PASSERIFORMES,resident,False,0.1
Conopophaga_roberti,PASSERIFORMES,resident,False,0.1
Conopophila_albogularis,PASSERIFORMES,resident,False,0.1
Conopophila_rufogularis,PASSERIFORMES,nomadic,False,0.3
Conopophila_whitei,PASSERIFORMES,resident,False,0.1
Conostoma_aemodium,PASSERIFORMES,resident,False,0.1
Conothraupis_mesoleuca,PASSERIFORMES,resident,False,0.1
Conothraupis_speculigera,PASSERIFORMES,directional migratory,False,1.0
Contopus_albogularis,PASSERIFORMES,resident,False,0.1
Contopus_caribaeus,PASSERIFORMES,resident,False,0.1
Contopus_cinereus,PASSERIFORMES,directional migratory,False,1.0
Contopus_cooperi,PASSERIFORMES,directional migratory,False,1.0
Contopus_fumigatus,PASSERIFORMES,resident,False,0.1
Contopus_hispaniolensis,PASSERIFORMES,resident,False,0.1
Contopus_latirostris,PASSERIFORMES,resident,False,0.1
Contopus_lugubris,PASSERIFORMES,resident,False,0.1
Contopus_nigrescens,PASSERIFORMES,resident,False,0.1
Contopus_ochraceus,PASSERIFORMES,resident,False,0.1
Contopus_pallidus,PASSERIFORMES,resident,False,0.1
Contopus_pertinax,PASSERIFORMES,directional migratory,False,1.0
Contopus_punensis,PASSERIFORMES,resident,False,0.1
Contopus_sordidulus,PASSERIFORMES,directional migratory,False,1.0
Contopus_virens,PASSERIFORMES,directional migratory,False,1.0
Conuropsis_carolinensis,PSITTACIFORMES,extinct,False,0.0
Copsychus_albiventris,PASSERIFORMES,resident,False,0.1
Copsychus_albospecularis,PASSERIFORMES,resident,False,0.1
Copsychus_cebuensis,PASSERIFORMES,resident,False,0.1
Copsychus_luzoniensis,PASSERIFORMES,resident,False,0.1
Copsychus_malabaricus,PASSERIFORMES,resident,False,0.1
Copsychus_mindanensis,PASSERIFORMES,resident,False,0.1
Copsychus_niger,PASSERIFORMES,resident,False,0.1
Copsychus_saularis,PASSERIFORMES,resident,False,0.1
Copsychus_sechellarum,PASSERIFORMES,resident,False,0.1
Copsychus_stricklandii,PASSERIFORMES,resident,False,0.1
Coracias_abyssinicus,CORACIIFORMES,directional migratory,False,1.0
Coracias_benghalensis,CORACIIFORMES,resident,False,0.1
Coracias_caudatus,CORACIIFORMES,directional migratory,False,1.0
Coracias_cyanogaster,CORACIIFORMES,directional migratory,False,1.0
Coracias_garrulus,CORACIIFORMES,directional migratory,False,1.0
Coracias_naevius,CORACIIFORMES,directional migratory,False,1.0
Coracias_spatulatus,CORACIIFORMES,resident,False,0.1
Coracias_temminckii,CORACIIFORMES,resident,False,0.1
Coracina_abbotti,PASSERIFORMES,resident,False,0.1
Coracina_analis,PASSERIFORMES,resident,False,0.1
Coracina_atriceps,PASSERIFORMES,resident,False,0.1
Coracina_azurea,PASSERIFORMES,resident,False,0.1
Coracina_bicolor,PASSERIFORMES,resident,False,0.1
Coracina_boyeri,PASSERIFORMES,resident,False,0.1
Coracina_caeruleogrisea,PASSERIFORMES,resident,False,0.1
Coracina_caesia,PASSERIFORMES,resident,False,0.1
Coracina_caledonica,PASSERIFORMES,resident,False,0.1
Coracina_ceramensis,PASSERIFORMES,resident,False,0.1
Coracina_cinerea,PASSERIFORMES,resident,False,0.1
Coracina_coerulescens,PASSERIFORMES,resident,False,0.1
Coracina_cucullata,PASSERIFORMES,resident,False,0.1
Coracina_dispar,PASSERIFORMES,resident,False,0.1
Coracina_dobsoni,PASSERIFORMES,resident,False,0.1
Coracina_dohertyi,PASSERIFORMES,resident,False,0.1
Coracina_fimbriata,PASSERIFORMES,resident,False,0.1
Coracina_fortis,PASSERIFORMES,resident,False,0.1
Coracina_graueri,PASSERIFORMES,resident,False,0.1
Coracina_holopolia,PASSERIFORMES,resident,False,0.1
Coracina_incerta,PASSERIFORMES,resident,False,0.1
Coracina_ingens,PASSERIFORMES,resident,False,0.1
Coracina_insperata,PASSERIFORMES,resident,False,0.1
Coracina_javensis,PASSERIFORMES,resident,False,0.1
Coracina_larvata,PASSERIFORMES,resident,False,0.1
Coracina_leucopygia,PASSERIFORMES,resident,False,0.1
Coracina_lineata,PASSERIFORMES,resident,False,0.1
Coracina_longicauda,PASSERIFORMES,resident,False,0.1
Coracina_macei,PASSERIFORMES,resident,False,0.1
Coracina_maxima,PASSERIFORMES,nomadic,False,0.3
Coracina_mcgregori,PASSERIFORMES,resident,False,0.1
Coracina_melanoptera,PASSERIFORMES,directional migratory,False,1.0
Coracina_melas,PASSERIFORMES,resident,False,0.1
Coracina_melaschistos,PASSERIFORMES,directional migratory,False,1.0
Coracina_mindanensis,PASSERIFORMES,resident,False,0.1
Coracina_monacha,PASSERIFORMES,resident,False,0.1
Coracina_montana,PASSERIFORMES,resident,False,0.1
Coracina_morio,PASSERIFORMES,resident,False,0.1
Coracina_nesiotis,PASSERIFORMES,resident,False,0.1
Coracina_newtoni,PASSERIFORMES,resident,False,0.1
Coracina_novaehollandiae,PASSERIFORMES,directional migratory,False,1.0
Coracina_ostenta,PASSERIFORMES,resident,False,0.1
Coracina_papuensis,PASSERIFORMES,resident,False,0.1
Coracina_parvula,PASSERIFORMES,resident,False,0.1
Coracina_pectoralis,PASSERIFORMES,resident,False,0.1
Coracina_personata,PASSERIFORMES,resident,False,0.1
Coracina_polioptera,PASSERIFORMES,resident,False,0.1
Coracina_remota,PASSERIFORMES,resident,False,0.1
Coracina_salomonis,PASSERIFORMES,resident,False,0.1
Coracina_schistacea,PASSERIFORMES,resident,False,0.1
Coracina_schisticeps,PASSERIFORMES,resident,False,0.1
Coracina_striata,PASSERIFORMES,resident,False,0.1
Coracina_sula,PASSERIFORMES,resident,False,0.1
Coracina_temminckii,PASSERIFORMES,resident,False,0.1
Coracina_tenuirostris,PASSERIFORMES,directional migratory,False,1.0
Coracina_typica,PASSERIFORMES,resident,False,0.1
Coracina_welchmani,PASSERIFORMES,resident,False,0.1
Coracopsis_nigra,PSITTACIFORMES,resident,False,0.1
Coracopsis_vasa,PSITTACIFORMES,resident,False,0.1
Coracornis_raveni,PASSERIFORMES,resident,False,0.1
Coragyps_atratus,ACCIPITRIFORMES,resident,False,0.1
Corapipo_altera,PASSERIFORMES,resident,False,0.1
Corapipo_gutturalis,PASSERIFORMES,resident,False,0.1
Corapipo_leucorrhoa,PASSERIFORMES,resident,False,0.1
Corcorax_melanoramphos,PASSERIFORMES,resident,False,0.1
Cormobates_leucophaea,PASSERIFORMES,resident,False,0.1
Cormobates_placens,PASSERIFORMES,resident,False,0.1
Corvinella_corvina,PASSERIFORMES,resident,False,0.1
Corvus_albicollis,PASSERIFORMES,resident,False,0.1
Corvus_albus,PASSERIFORMES,resident,False,0.1
Corvus_bennetti,PASSERIFORMES,nomadic,False,0.3
Corvus_brachyrhynchos,PASSERIFORMES,directional migratory,False,1.0
Corvus_capensis,PASSERIFORMES,resident,False,0.1
Corvus_caurinus,PASSERIFORMES,resident,False,0.1
Corvus_corax,PASSERIFORMES,dispersive migratory,False,0.5
Corvus_cornix,PASSERIFORMES,directional migratory,False,1.0
Corvus_corone,PASSERIFORMES,directional migratory,False,1.0
Corvus_coronoides,PASSERIFORMES,resident,False,0.1
Corvus_crassirostris,PASSERIFORMES,resident,False,0.1
Corvus_cryptoleucus,PASSERIFORMES,dispersive migratory,False,0.5
Corvus_culminatus,PASSERIFORMES,resident,False,0.1
Corvus_edithae,PASSERIFORMES,resident,False,0.1
Corvus_enca,PASSERIFORMES,resident,False,0.1
Corvus_florensis,PASSERIFORMES,resident,False,0.1
Corvus_frugilegus,PASSERIFORMES,directional migratory,False,1.0
Corvus_fuscicapillus,PASSERIFORMES,resident,False,0.1
Corvus_hawaiiensis,PASSERIFORMES,extinct,False,0.0
Corvus_imparatus,PASSERIFORMES,resident,False,0.1
Corvus_insularis,PASSERIFORMES,resident,False,0.1
Corvus_jamaicensis,PASSERIFORMES,resident,False,0.1
Corvus_kubaryi,PASSERIFORMES,resident,False,0.1
Corvus_leucognaphalus,PASSERIFORMES,resident,False,0.1
Corvus_levaillantii,PASSERIFORMES,resident,False,0.1
Corvus_macrorhynchos,PASSERIFORMES,resident,False,0.1
Corvus_meeki,PASSERIFORMES,resident,False,0.1
Corvus_mellori,PASSERIFORMES,dispersive migratory,False,0.5
Corvus_minutus,PASSERIFORMES,resident,False,0.1
Corvus_moneduloides,PASSERIFORMES,resident,False,0.1
Corvus_nasicus,PASSERIFORMES,resident,False,0.1
Corvus_orru,PASSERIFORMES,resident,False,0.1
Corvus_ossifragus,PASSERIFORMES,directional migratory,False,1.0
Corvus_palmarum,PASSERIFORMES,resident,False,0.1
Corvus_rhipidurus,PASSERIFORMES,resident,False,0.1
Corvus_ruficollis,PASSERIFORMES,directional migratory,False,1.0
Corvus_sinaloae,PASSERIFORMES,resident,False,0.1
Corvus_splendens,PASSERIFORMES,resident,False,0.1
Corvus_tasmanicus,PASSERIFORMES,resident,False,0.1
Corvus_torquatus,PASSERIFORMES,directional migratory,False,1.0
Corvus_tristis,PASSERIFORMES,resident,False,0.1
Corvus_typicus,PASSERIFORMES,resident,False,0.1
Corvus_unicolor,PASSERIFORMES,resident,False,0.1
Corvus_validus,PASSERIFORMES,resident,False,0.1
Corvus_violaceus,PASSERIFORMES,resident,False,0.1
Corvus_woodfordi,PASSERIFORMES,resident,False,0.1
Corydon_sumatranus,PASSERIFORMES,resident,False,0.1
Coryphaspiza_melanotis,PASSERIFORMES,resident,False,0.1
Coryphistera_alaudina,PASSERIFORMES,resident,False,0.1
Coryphospingus_cucullatus,PASSERIFORMES,directional migratory,False,1.0
Coryphospingus_pileatus,PASSERIFORMES,resident,False,0.1
Corythaeola_cristata,MUSOPHAGIFORMES,resident,False,0.1
Corythaixoides_concolor,MUSOPHAGIFORMES,resident,False,0.1
Corythaixoides_leucogaster,MUSOPHAGIFORMES,resident,False,0.1
Corythaixoides_personatus,MUSOPHAGIFORMES,resident,False,0.1
Corythopis_delalandi,PASSERIFORMES,resident,False,0.1
Corythopis_torquatus,PASSERIFORMES,resident,False,0.1
Corythornis_cristatus,CORACIIFORMES,dispersive migratory,False,0.5
Corythornis_leucogaster,CORACIIFORMES,resident,False,0.1
Corythornis_madagascariensis,CORACIIFORMES,resident,False,0.1
Corythornis_nais,CORACIIFORMES,resident,False,0.1
Corythornis_thomensis,CORACIIFORMES,resident,False,0.1
Corythornis_vintsioides,CORACIIFORMES,resident,False,0.1
Coscoroba_coscoroba,ANSERIFORMES,directional migratory,False,1.0
Cossypha_albicapillus,PASSERIFORMES,resident,False,0.1
Cossypha_anomala,PASSERIFORMES,resident,False,0.1
Cossypha_archeri,PASSERIFORMES,resident,False,0.1
Cossypha_caffra,PASSERIFORMES,resident,False,0.1
Cossypha_cyanocampter,PASSERIFORMES,resident,False,0.1
Cossypha_dichroa,PASSERIFORMES,resident,False,0.1
Cossypha_heinrichi,PASSERIFORMES,resident,False,0.1
Cossypha_heuglini,PASSERIFORMES,resident,False,0.1
Cossypha_humeralis,PASSERIFORMES,resident,False,0.1
Cossypha_isabellae,PASSERIFORMES,resident,False,0.1
Cossypha_natalensis,PASSERIFORMES,directional migratory,False,1.0
Cossypha_niveicapilla,PASSERIFORMES,resident,False,0.1
Cossypha_polioptera,PASSERIFORMES,resident,False,0.1
Cossypha_semirufa,PASSERIFORMES,resident,False,0.1
Cossyphicula_roberti,PASSERIFORMES,resident,False,0.1
Cotinga_amabilis,PASSERIFORMES,resident,False,0.1
Cotinga_cayana,PASSERIFORMES,resident,False,0.1
Cotinga_cotinga,PASSERIFORMES,resident,False,0.1
Cotinga_maculata,PASSERIFORMES,resident,False,0.1
Cotinga_maynana,PASSERIFORMES,resident,False,0.1
Cotinga_nattererii,PASSERIFORMES,resident,False,0.1
Cotinga_ridgwayi,PASSERIFORMES,resident,False,0.1
Coturnicops_exquisitus,GRUIFORMES,directional migratory,False,1.0
Coturnicops_notatus,GRUIFORMES,resident,False,0.1
Coturnicops_noveboracensis,GRUIFORMES,directional migratory,False,1.0
Coturnix_coromandelica,GALLIFORMES,nomadic,False,0.3
Coturnix_coturnix,GALLIFORMES,directional migratory,False,1.0
Coturnix_delegorguei,GALLIFORMES,nomadic,False,0.3
Coturnix_japonica,GALLIFORMES,directional migratory,False,1.0
Coturnix_novaezelandiae,GALLIFORMES,extinct,False,0.0
Coturnix_pectoralis,GALLIFORMES,nomadic,False,0.3
Coturnix_ypsilophora,GALLIFORMES,resident,False,0.1
Coua_caerulea,CUCULIFORMES,resident,False,0.1
Coua_coquereli,CUCULIFORMES,resident,False,0.1
Coua_cristata,CUCULIFORMES,resident,False,0.1
Coua_cursor,CUCULIFORMES,resident,False,0.1
Coua_delalandei,CUCULIFORMES,extinct,False,0.0
Coua_gigas,CUCULIFORMES,resident,False,0.1
Coua_reynaudii,CUCULIFORMES,resident,False,0.1
Coua_ruficeps,CUCULIFORMES,resident,False,0.1
Coua_serriana,CUCULIFORMES,resident,False,0.1
Coua_verreauxi,CUCULIFORMES,resident,False,0.1
Cracticus_cassicus,PASSERIFORMES,resident,False,0.1
Cracticus_louisiadensis,PASSERIFORMES,resident,False,0.1
Cracticus_mentalis,PASSERIFORMES,resident,False,0.1
Cracticus_nigrogularis,PASSERIFORMES,resident,False,0.1
Cracticus_quoyi,PASSERIFORMES,resident,False,0.1
Cracticus_torquatus,PASSERIFORMES,resident,False,0.1
Cranioleuca_albicapilla,PASSERIFORMES,resident,False,0.1
Cranioleuca_albiceps,PASSERIFORMES,resident,False,0.1
Cranioleuca_antisiensis,PASSERIFORMES,resident,False,0.1
Cranioleuca_baroni,PASSERIFORMES,resident,False,0.1
Cranioleuca_curtata,PASSERIFORMES,resident,False,0.1
Cranioleuca_demissa,PASSERIFORMES,resident,False,0.1
Cranioleuca_dissita,PASSERIFORMES,resident,False,0.1
Cranioleuca_erythrops,PASSERIFORMES,resident,False,0.1
Cranioleuca_gutturata,PASSERIFORMES,resident,False,0.1
Cranioleuca_hellmayri,PASSERIFORMES,resident,False,0.1
Cranioleuca_henricae,PASSERIFORMES,resident,False,0.1
Cranioleuca_marcapatae,PASSERIFORMES,resident,False,0.1
Cranioleuca_muelleri,PASSERIFORMES,resident,False,0.1
Cranioleuca_obsoleta,PASSERIFORMES,resident,False,0.1
Cranioleuca_pallida,PASSERIFORMES,resident,False,0.1
Cranioleuca_pyrrhophia,PASSERIFORMES,resident,False,0.1
Cranioleuca_semicinerea,PASSERIFORMES,resident,False,0.1
Cranioleuca_subcristata,PASSERIFORMES,resident,False,0.1
Cranioleuca_sulphurifera,PASSERIFORMES,resident,False,0.1
Cranioleuca_vulpecula,PASSERIFORMES,resident,False,0.1
Cranioleuca_vulpina,PASSERIFORMES,resident,False,0.1
Crateroscelis_murina,PASSERIFORMES,resident,False,0.1
Crateroscelis_nigrorufa,PASSERIFORMES,resident,False,0.1
Crateroscelis_robusta,PASSERIFORMES,resident,False,0.1
Crax_alberti,GALLIFORMES,resident,False,0.1
Crax_alector,GALLIFORMES,resident,False,0.1
Crax_blumenbachii,GALLIFORMES,resident,False,0.1
Crax_daubentoni,GALLIFORMES,resident,False,0.1
Crax_fasciolata,GALLIFORMES,resident,False,0.1
Crax_globulosa,GALLIFORMES,resident,False,0.1
Crax_rubra,GALLIFORMES,resident,False,0.1
Creagrus_furcatus,CHARADRIIFORMES,dispersive migratory,True,0.5
Creatophora_cinerea,PASSERIFORMES,nomadic,False,0.3
Creurgops_dentatus,PASSERIFORMES,resident,False,0.1
Creurgops_verticalis,PASSERIFORMES,resident,False,0.1
Crex_crex,GRUIFORMES,directional migratory,False,1.0
Crex_egregia,GRUIFORMES,directional migratory,False,1.0
Crinifer_piscator,MUSOPHAGIFORMES,resident,False,0.1
Crinifer_zonurus,MUSOPHAGIFORMES,resident,False,0.1
Criniger_barbatus,PASSERIFORMES,resident,False,0.1
Criniger_calurus,PASSERIFORMES,resident,False,0.1
Criniger_chloronotus,PASSERIFORMES,resident,False,0.1
Criniger_ndussumensis,PASSERIFORMES,resident,False,0.1
Criniger_olivaceus,PASSERIFORMES,resident,False,0.1
Crithagra_alario,PASSERIFORMES,resident,False,0.1
Crithagra_albogularis,PASSERIFORMES,resident,False,0.1
Crithagra_ankoberensis,PASSERIFORMES,resident,False,0.1
Crithagra_atrogularis,PASSERIFORMES,resident,False,0.1
Crithagra_buchanani,PASSERIFORMES,resident,False,0.1
Crithagra_burtoni,PASSERIFORMES,resident,False,0.1
Crithagra_canicapilla,PASSERIFORMES,dispersive migratory,False,0.5
Crithagra_capistrata,PASSERIFORMES,resident,False,0.1
Crithagra_citrinelloides,PASSERIFORMES,resident,False,0.1
Crithagra_citrinipectus,PASSERIFORMES,resident,False,0.1
Crithagra_donaldsoni,PASSERIFORMES,resident,False,0.1
Crithagra_dorsostriata,PASSERIFORMES,resident,False,0.1
Crithagra_flavigula,PASSERIFORMES,resident,False,0.1
Crithagra_flaviventris,PASSERIFORMES,resident,False,0.1
Crithagra_frontalis,PASSERIFORMES,resident,False,0.1
Crithagra_gularis,PASSERIFORMES,dispersive migratory,False,0.5
Crithagra_hyposticta,PASSERIFORMES,resident,False,0.1
Crithagra_koliensis,PASSERIFORMES,resident,False,0.1
Crithagra_leucoptera,PASSERIFORMES,resident,False,0.1
Crithagra_leucopygia,PASSERIFORMES,resident,False,0.1
Crithagra_melanochroa,PASSERIFORMES,resident,False,0.1
Crithagra_menachensis,PASSERIFORMES,resident,False,0.1
Crithagra_mennelli,PASSERIFORMES,resident,False,0.1
Crithagra_mozambica,PASSERIFORMES,resident,False,0.1
Crithagra_reichardi,PASSERIFORMES,resident,False,0.1
Crithagra_reichenowi,PASSERIFORMES,resident,False,0.1
Crithagra_rothschildi,PASSERIFORMES,resident,False,0.1
Crithagra_rufobrunnea,PASSERIFORMES,resident,False,0.1
Crithagra_scotops,PASSERIFORMES,resident,False,0.1
Crithagra_striolata,PASSERIFORMES,resident,False,0.1
Crithagra_sulphurata,PASSERIFORMES,resident,False,0.1
Crithagra_symonsi,PASSERIFORMES,resident,False,0.1
Crithagra_totta,PASSERIFORMES,resident,False,0.1
Crithagra_tristriata,PASSERIFORMES,resident,False,0.1
Crithagra_whytii,PASSERIFORMES,resident,False,0.1
Crithagra_xantholaema,PASSERIFORMES,resident,False,0.1
Crithagra_xanthopygia,PASSERIFORMES,resident,False,0.1
Crocias_albonotatus,PASSERIFORMES,resident,False,0.1
Crocias_langbianis,PASSERIFORMES,resident,False,0.1
Crossleyia_xanthophrys,PASSERIFORMES,resident,False,0.1
Crossoptilon_auritum,GALLIFORMES,resident,False,0.1
Crossoptilon_crossoptilon,GALLIFORMES,resident,False,0.1
Crossoptilon_harmani,GALLIFORMES,resident,False,0.1
Crossoptilon_mantchuricum,GALLIFORMES,resident,False,0.1
Crotophaga_ani,CUCULIFORMES,resident,False,0.1
Crotophaga_major,CUCULIFORMES,resident,False,0.1
Crotophaga_sulcirostris,CUCULIFORMES,dispersive migratory,False,0.5
Crypsirina_cucullata,PASSERIFORMES,resident,False,0.1
Crypsirina_temia,PASSERIFORMES,resident,False,0.1
Cryptillas_victorini,PASSERIFORMES,resident,False,0.1
Cryptophaps_poecilorrhoa,COLUMBIFORMES,resident,False,0.1
Cryptospiza_jacksoni,PASSERIFORMES,resident,False,0.1
Cryptospiza_reichenovii,PASSERIFORMES,resident,False,0.1
Cryptospiza_salvadorii,PASSERIFORMES,resident,False,0.1
Cryptospiza_shelleyi,PASSERIFORMES,resident,False,0.1
Cryptosylvicola_randrianasoloi,PASSERIFORMES,resident,False,0.1
Crypturellus_atrocapillus,TINAMIFORMES,resident,False,0.1
Crypturellus_bartletti,TINAMIFORMES,resident,False,0.1
Crypturellus_berlepschi,TINAMIFORMES,resident,False,0.1
Crypturellus_boucardi,TINAMIFORMES,resident,False,0.1
Crypturellus_brevirostris,TINAMIFORMES,resident,False,0.1
Crypturellus_casiquiare,TINAMIFORMES,resident,False,0.1
Crypturellus_cinereus,TINAMIFORMES,resident,False,0.1
Crypturellus_cinnamomeus,TINAMIFORMES,resident,False,0.1
Crypturellus_duidae,TINAMIFORMES,resident,False,0.1
Crypturellus_erythropus,TINAMIFORMES,resident,False,0.1
Crypturellus_kerriae,TINAMIFORMES,resident,False,0.1
Crypturellus_noctivagus,TINAMIFORMES,resident,False,0.1
Crypturellus_obsoletus,TINAMIFORMES,resident,False,0.1
Crypturellus_parvirostris,TINAMIFORMES,resident,False,0.1
Crypturellus_ptaritepui,TINAMIFORMES,resident,False,0.1
Crypturellus_soui,TINAMIFORMES,resident,False,0.1
Crypturellus_strigulosus,TINAMIFORMES,resident,False,0.1
Crypturellus_tataupa,TINAMIFORMES,resident,False,0.1
Crypturellus_transfasciatus,TINAMIFORMES,resident,False,0.1
Crypturellus_undulatus,TINAMIFORMES,resident,False,0.1
Crypturellus_variegatus,TINAMIFORMES,resident,False,0.1
Cuculus_canorus,CUCULIFORMES,directional migratory,False,1.0
Cuculus_clamosus,CUCULIFORMES,directional migratory,False,1.0
Cuculus_crassirostris,CUCULIFORMES,resident,False,0.1
Cuculus_gularis,CUCULIFORMES,directional migratory,False,1.0
Cuculus_lepidus,CUCULIFORMES,resident,False,0.1
Cuculus_micropterus,CUCULIFORMES,directional migratory,False,1.0
Cuculus_optatus,CUCULIFORMES,directional migratory,False,1.0
Cuculus_poliocephalus,CUCULIFORMES,directional migratory,False,1.0
Cuculus_rochii,CUCULIFORMES,directional migratory,False,1.0
Cuculus_saturatus,CUCULIFORMES,directional migratory,False,1.0
Cuculus_solitarius,CUCULIFORMES,directional migratory,False,1.0
Culicicapa_ceylonensis,PASSERIFORMES,directional migratory,False,1.0
Culicicapa_helianthea,PASSERIFORMES,resident,False,0.1
Culicivora_caudacuta,PASSERIFORMES,resident,False,0.1
Curaeus_curaeus,PASSERIFORMES,resident,False,0.1
Curaeus_forbesi,PASSERIFORMES,resident,False,0.1
Cursorius_coromandelicus,CHARADRIIFORMES,dispersive migratory,False,0.5
Cursorius_cursor,CHARADRIIFORMES,directional migratory,False,1.0
Cursorius_rufus,CHARADRIIFORMES,resident,False,0.1
Cursorius_somalensis,CHARADRIIFORMES,resident,False,0.1
Cursorius_temminckii,CHARADRIIFORMES,nomadic,False,0.3
Cutia_legalleni,PASSERIFORMES,resident,False,0.1
Cutia_nipalensis,PASSERIFORMES,resident,False,0.1
Cyanerpes_caeruleus,PASSERIFORMES,resident,False,0.1
Cyanerpes_cyaneus,PASSERIFORMES,directional migratory,False,1.0
Cyanerpes_lucidus,PASSERIFORMES,resident,False,0.1
Cyanerpes_nitidus,PASSERIFORMES,resident,False,0.1
Cyanicterus_cyanicterus,PASSERIFORMES,resident,False,0.1
Cyanistes_caeruleus,PASSERIFORMES,directional migratory,False,1.0
Cyanistes_cyanus,PASSERIFORMES,resident,False,0.1
Cyanistes_teneriffae,PASSERIFORMES,resident,False,0.1
Cyanochen_cyanoptera,ANSERIFORMES,resident,False,0.1
Cyanocitta_cristata,PASSERIFORMES,directional migratory,False,1.0
Cyanocitta_stelleri,PASSERIFORMES,resident,False,0.1
Cyanocompsa_brissonii,PASSERIFORMES,resident,False,0.1
Cyanocompsa_cyanoides,PASSERIFORMES,resident,False,0.1
Cyanocompsa_parellina,PASSERIFORMES,resident,False,0.1
Cyanocorax_affinis,PASSERIFORMES,resident,False,0.1
Cyanocorax_beecheii,PASSERIFORMES,resident,False,0.1
Cyanocorax_caeruleus,PASSERIFORMES,resident,False,0.1
Cyanocorax_cayanus,PASSERIFORMES,resident,False,0.1
Cyanocorax_chrysops,PASSERIFORMES,resident,False,0.1
Cyanocorax_cristatellus,PASSERIFORMES,resident,False,0.1
Cyanocorax_cyanomelas,PASSERIFORMES,resident,False,0.1
Cyanocorax_cyanopogon,PASSERIFORMES,resident,False,0.1
Cyanocorax_dickeyi,PASSERIFORMES,resident,False,0.1
Cyanocorax_heilprini,PASSERIFORMES,resident,False,0.1
Cyanocorax_luxuosus,PASSERIFORMES,resident,False,0.1
Cyanocorax_melanocyaneus,PASSERIFORMES,resident,False,0.1
Cyanocorax_mystacalis,PASSERIFORMES,resident,False,0.1
Cyanocorax_sanblasianus,PASSERIFORMES,resident,False,0.1
Cyanocorax_violaceus,PASSERIFORMES,resident,False,0.1
Cyanocorax_yncas,PASSERIFORMES,resident,False,0.1
Cyanocorax_yucatanicus,PASSERIFORMES,resident,False,0.1
Cyanolanius_madagascarinus,PASSERIFORMES,resident,False,0.1
Cyanolimnas_cerverai,GRUIFORMES,resident,False,0.1
Cyanoliseus_patagonus,PSITTACIFORMES,directional migratory,False,1.0
Cyanoloxia_glaucocaerulea,PASSERIFORMES,directional migratory,False,1.0
Cyanolyca_argentigula,PASSERIFORMES,resident,False,0.1
Cyanolyca_armillata,PASSERIFORMES,resident,False,0.1
Cyanolyca_cucullata,PASSERIFORMES,resident,False,0.1
Cyanolyca_mirabilis,PASSERIFORMES,resident,False,0.1
Cyanolyca_nanus,PASSERIFORMES,resident,False,0.1
Cyanolyca_pulchra,PASSERIFORMES,resident,False,0.1
Cyanolyca_pumilo,PASSERIFORMES,resident,False,0.1
Cyanolyca_turcosa,PASSERIFORMES,resident,False,0.1
Cyanolyca_viridicyanus,PASSERIFORMES,resident,False,0.1
Cyanomitra_alinae,PASSERIFORMES,resident,False,0.1
Cyanomitra_bannermani,PASSERIFORMES,resident,False,0.1
Cyanomitra_cyanolaema,PASSERIFORMES,resident,False,0.1
Cyanomitra_olivacea,PASSERIFORMES,resident,False,0.1
Cyanomitra_oritis,PASSERIFORMES,resident,False,0.1
Cyanomitra_veroxii,PASSERIFORMES,resident,False,0.1
Cyanomitra_verticalis,PASSERIFORMES,resident,False,0.1
Cyanophaia_bicolor,APODIFORMES,resident,False,0.1
Cyanopica_cooki,PASSERIFORMES,resident,False,0.1
Cyanopica_cyanus,PASSERIFORMES,resident,False,0.1
Cyanopsitta_spixii,PSITTACIFORMES,extinct,False,0.0
Cyanoptila_cyanomelana,PASSERIFORMES,directional migratory,False,1.0
Cyanoramphus_auriceps,PSITTACIFORMES,resident,False,0.1
Cyanoramphus_cookii,PSITTACIFORMES,resident,False,0.1
Cyanoramphus_erythrotis,PSITTACIFORMES,extinct,False,0.0
Cyanoramphus_forbesi,PSITTACIFORMES,resident,False,0.1
Cyanoramphus_hochstetteri,PSITTACIFORMES,resident,False,0.1
Cyanoramphus_malherbi,PSITTACIFORMES,resident,False,0.1
Cyanoramphus_novaezelandiae,PSITTACIFORMES,resident,False,0.1
Cyanoramphus_saisseti,PSITTACIFORMES,resident,False,0.1
Cyanoramphus_subflavescens,PSITTACIFORMES,extinct,False,0.0
Cyanoramphus_ulietanus,PSITTACIFORMES,extinct,False,0.0
Cyanoramphus_unicolor,PSITTACIFORMES,resident,False,0.1
Cyanoramphus_zealandicus,PSITTACIFORMES,extinct,False,0.0
Cyclarhis_gujanensis,PASSERIFORMES,resident,False,0.1
Cyclarhis_nigrirostris,PASSERIFORMES,resident,False,0.1
Cyclopsitta_diophthalma,PSITTACIFORMES,resident,False,0.1
Cyclopsitta_gulielmitertii,PSITTACIFORMES,resident,False,0.1
Cygnus_atratus,ANSERIFORMES,resident,False,0.1
Cygnus_buccinator,ANSERIFORMES,directional migratory,False,1.0
Cygnus_columbianus,ANSERIFORMES,directional migratory,False,1.0
Cygnus_cygnus,ANSERIFORMES,directional migratory,False,1.0
Cygnus_melancoryphus,ANSERIFORMES,directional migratory,False,1.0
Cygnus_olor,ANSERIFORMES,directional migratory,False,1.0
Cymbilaimus_lineatus,PASSERIFORMES,resident,False,0.1
Cymbilaimus_sanctaemariae,PASSERIFORMES,resident,False,0.1
Cymbirhynchus_macrorhynchos,PASSERIFORMES,resident,False,0.1
Cynanthus_doubledayi,APODIFORMES,resident,False,0.1
Cynanthus_latirostris,APODIFORMES,directional migratory,False,1.0
Cynanthus_sordidus,APODIFORMES,resident,False,0.1
Cyornis_banyumas,PASSERIFORMES,directional migratory,False,1.0
Cyornis_caerulatus,PASSERIFORMES,resident,False,0.1
Cyornis_concretus,PASSERIFORMES,resident,False,0.1
Cyornis_djampeanus,PASSERIFORMES,resident,False,0.1
Cyornis_glaucicomans,PASSERIFORMES,directional migratory,False,1.0
Cyornis_hainanus,PASSERIFORMES,resident,False,0.1
Cyornis_herioti,PASSERIFORMES,resident,False,0.1
Cyornis_hoevelli,PASSERIFORMES,resident,False,0.1
Cyornis_hyacinthinus,PASSERIFORMES,resident,False,0.1
Cyornis_lemprieri,PASSERIFORMES,resident,False,0.1
Cyornis_magnirostris,PASSERIFORMES,directional migratory,False,1.0
Cyornis_omissus,PASSERIFORMES,resident,False,0.1
Cyornis_pallipes,PASSERIFORMES,resident,False,0.1
Cyornis_poliogenys,PASSERIFORMES,resident,False,0.1
Cyornis_rubeculoides,PASSERIFORMES,directional migratory,False,1.0
Cyornis_ruckii,PASSERIFORMES,resident,False,0.1
Cyornis_rufigastra,PASSERIFORMES,resident,False,0.1
Cyornis_sanfordi,PASSERIFORMES,resident,False,0.1
Cyornis_superbus,PASSERIFORMES,resident,False,0.1
Cyornis_tickelliae,PASSERIFORMES,resident,False,0.1
Cyornis_turcosus,PASSERIFORMES,resident,False,0.1
Cyornis_unicolor,PASSERIFORMES,directional migratory,False,1.0
Cyphorhinus_arada,PASSERIFORMES,resident,False,0.1
Cyphorhinus_phaeocephalus,PASSERIFORMES,resident,False,0.1
Cyphorhinus_thoracicus,PASSERIFORMES,resident,False,0.1
Cypseloides_cherriei,APODIFORMES,resident,False,0.1
Cypseloides_cryptus,APODIFORMES,resident,False,0.1
Cypseloides_fumigatus,APODIFORMES,resident,False,0.1
Cypseloides_lemosi,APODIFORMES,resident,False,0.1
Cypseloides_niger,APODIFORMES,directional migratory,False,1.0
Cypseloides_rothschildi,APODIFORMES,resident,False,0.1
Cypseloides_senex,APODIFORMES,resident,False,0.1
Cypseloides_storeri,APODIFORMES,resident,False,0.1
Cypsiurus_balasiensis,APODIFORMES,resident,False,0.1
Cypsiurus_parvus,APODIFORMES,resident,False,0.1
Cypsnagra_hirundinacea,PASSERIFORMES,resident,False,0.1
Cyrtonyx_montezumae,GALLIFORMES,resident,False,0.1
Cyrtonyx_ocellatus,GALLIFORMES,resident,False,0.1
Dacelo_gaudichaud,CORACIIFORMES,resident,False,0.1
Dacelo_leachii,CORACIIFORMES,resident,False,0.1
Dacelo_novaeguineae,CORACIIFORMES,resident,False,0.1
Dacelo_tyro,CORACIIFORMES,resident,False,0.1
Dacnis_albiventris,PASSERIFORMES,resident,False,0.1
Dacnis_berlepschi,PASSERIFORMES,resident,False,0.1
Dacnis_cayana,PASSERIFORMES,resident,False,0.1
Dacnis_egregia,PASSERIFORMES,resident,False,0.1
Dacnis_flaviventer,PASSERIFORMES,resident,False,0.1
Dacnis_hartlaubi,PASSERIFORMES,resident,False,0.1
Dacnis_lineata,PASSERIFORMES,resident,False,0.1
Dacnis_nigripes,PASSERIFORMES,resident,False,0.1
Dacnis_venusta,PASSERIFORMES,resident,False,0.1
Dacnis_viguieri,PASSERIFORMES,resident,False,0.1
Dactylortyx_thoracicus,GALLIFORMES,resident,False,0.1
Damophila_julie,APODIFORMES,resident,False,0.1
Daphoenositta_chrysoptera,PASSERIFORMES,resident,False,0.1
Daphoenositta_miranda,PASSERIFORMES,resident,False,0.1
Daphoenositta_papuensis,PASSERIFORMES,resident,False,0.1
Daption_capense,PROCELLARIIFORMES,dispersive migratory,True,0.5
Daptrius_ater,FALCONIFORMES,resident,False,0.1
Dasycrotapha_plateni,PASSERIFORMES,resident,False,0.1
Dasycrotapha_pygmaea,PASSERIFORMES,resident,False,0.1
Dasycrotapha_speciosa,PASSERIFORMES,resident,False,0.1
Dasylophus_cumingi,CUCULIFORMES,resident,False,0.1
Dasylophus_superciliosus,CUCULIFORMES,resident,False,0.1
Dasyornis_brachypterus,PASSERIFORMES,resident,False,0.1
Dasyornis_broadbenti,PASSERIFORMES,resident,False,0.1
Dasyornis_longirostris,PASSERIFORMES,resident,False,0.1
Deconychura_longicauda,PASSERIFORMES,resident,False,0.1
Deconychura_stictolaema,PASSERIFORMES,resident,False,0.1
Deleornis_axillaris,PASSERIFORMES,resident,False,0.1
Deleornis_fraseri,PASSERIFORMES,resident,False,0.1
Delichon_dasypus,PASSERIFORMES,directional migratory,False,1.0
Delichon_nipalense,PASSERIFORMES,resident,False,0.1
Delichon_urbicum,PASSERIFORMES,directional migratory,False,1.0
Delothraupis_castaneoventris,PASSERIFORMES,resident,False,0.1
Deltarhynchus_flammulatus,PASSERIFORMES,resident,False,0.1
Dendragapus_fuliginosus,GALLIFORMES,resident,False,0.1
Dendragapus_obscurus,GALLIFORMES,resident,False,0.1
Dendrexetastes_rufigula,PASSERIFORMES,resident,False,0.1
Dendrocincla_anabatina,PASSERIFORMES,resident,False,0.1
Dendrocincla_fuliginosa,PASSERIFORMES,resident,False,0.1
Dendrocincla_homochroa,PASSERIFORMES,resident,False,0.1
Dendrocincla_merula,PASSERIFORMES,resident,False,0.1
Dendrocincla_turdina,PASSERIFORMES,resident,False,0.1
Dendrocincla_tyrannina,PASSERIFORMES,resident,False,0.1
Dendrocitta_bayleii,PASSERIFORMES,resident,False,0.1
Dendrocitta_cinerascens,PASSERIFORMES,resident,False,0.1
Dendrocitta_formosae,PASSERIFORMES,resident,False,0.1
Dendrocitta_frontalis,PASSERIFORMES,resident,False,0.1
Dendrocitta_leucogastra,PASSERIFORMES,resident,False,0.1
Dendrocitta_occipitalis,PASSERIFORMES,resident,False,0.1
Dendrocitta_vagabunda,PASSERIFORMES,resident,False,0.1
Dendrocolaptes_certhia,PASSERIFORMES,resident,False,0.1
Dendrocolaptes_hoffmannsi,PASSERIFORMES,resident,False,0.1
Dendrocolaptes_picumnus,PASSERIFORMES,resident,False,0.1
Dendrocolaptes_platyrostris,PASSERIFORMES,resident,False,0.1
Dendrocolaptes_sanctithomae,PASSERIFORMES,resident,False,0.1
Dendrocopos_analis,PICIFORMES,resident,False,0.1
Dendrocopos_assimilis,PICIFORMES,resident,False,0.1
Dendrocopos_atratus,PICIFORMES,resident,False,0.1
Dendrocopos_auriceps,PICIFORMES,resident,False,0.1
Dendrocopos_canicapillus,PICIFORMES,resident,False,0.1
Dendrocopos_cathpharius,PICIFORMES,resident,False,0.1
Dendrocopos_darjellensis,PICIFORMES,resident,False,0.1
Dendrocopos_dorae,PICIFORMES,resident,False,0.1
Dendrocopos_himalayensis,PICIFORMES,resident,False,0.1
Dendrocopos_hyperythrus,PICIFORMES,directional migratory,False,1.0
Dendrocopos_kizuki,PICIFORMES,resident,False,0.1
Dendrocopos_leucopterus,PICIFORMES,resident,False,0.1
Dendrocopos_leucotos,PICIFORMES,resident,False,0.1
Dendrocopos_macei,PICIFORMES,resident,False,0.1
Dendrocopos_maculatus,PICIFORMES,resident,False,0.1
Dendrocopos_mahrattensis,PICIFORMES,resident,False,0.1
Dendrocopos_major,PICIFORMES,dispersive migratory,False,0.5
Dendrocopos_medius,PICIFORMES,resident,False,0.1
Dendrocopos_minor,PICIFORMES,directional migratory,False,1.0
Dendrocopos_moluccensis,PICIFORMES,resident,False,0.1
Dendrocopos_nanus,PICIFORMES,resident,False,0.1
Dendrocopos_ramsayi,PICIFORMES,resident,False,0.1
Dendrocopos_syriacus,PICIFORMES,resident,False,0.1
Dendrocopos_temminckii,PICIFORMES,resident,False,0.1
Dendrocygna_arborea,ANSERIFORMES,resident,False,0.1
Dendrocygna_arcuata,ANSERIFORMES,dispersive migratory,False,0.5
Dendrocygna_autumnalis,ANSERIFORMES,directional migratory,False,1.0
Dendrocygna_bicolor,ANSERIFORMES,dispersive migratory,False,0.5
Dendrocygna_eytoni,ANSERIFORMES,dispersive migratory,False,0.5
Dendrocygna_guttata,ANSERIFORMES,resident,False,0.1
Dendrocygna_javanica,ANSERIFORMES,directional migratory,False,1.0
Dendrocygna_viduata,ANSERIFORMES,resident,False,0.1
Dendronanthus_indicus,PASSERIFORMES,directional migratory,False,1.0
Dendroperdix_sephaena,GALLIFORMES,resident,False,0.1
Dendropicos_abyssinicus,PICIFORMES,resident,False,0.1
Dendropicos_elachus,PICIFORMES,resident,False,0.1
Dendropicos_elliotii,PICIFORMES,resident,False,0.1
Dendropicos_fuscescens,PICIFORMES,resident,False,0.1
Dendropicos_gabonensis,PICIFORMES,resident,False,0.1
Dendropicos_goertae,PICIFORMES,resident,False,0.1
Dendropicos_griseocephalus,PICIFORMES,resident,False,0.1
Dendropicos_lugubris,PICIFORMES,resident,False,0.1
Dendropicos_namaquus,PICIFORMES,resident,False,0.1
Dendropicos_obsoletus,PICIFORMES,resident,False,0.1
Dendropicos_poecilolaemus,PICIFORMES,resident,False,0.1
Dendropicos_pyrrhogaster,PICIFORMES,resident,False,0.1
Dendropicos_spodocephalus,PICIFORMES,resident,False,0.1
Dendropicos_stierlingi,PICIFORMES,resident,False,0.1
Dendropicos_xantholophus,PICIFORMES,resident,False,0.1
Dendroplex_kienerii,PASSERIFORMES,resident,False,0.1
Dendroplex_picus,PASSERIFORMES,resident,False,0.1
Dendrortyx_barbatus,GALLIFORMES,resident,False,0.1
Dendrortyx_leucophrys,GALLIFORMES,resident,False,0.1
Dendrortyx_macroura,GALLIFORMES,resident,False,0.1
Deroptyus_accipitrinus,PSITTACIFORMES,resident,False,0.1
Dicaeum_aeneum,PASSERIFORMES,resident,False,0.1
Dicaeum_aeruginosum,PASSERIFORMES,resident,False,0.1
Dicaeum_agile,PASSERIFORMES,resident,False,0.1
Dicaeum_annae,PASSERIFORMES,resident,False,0.1
Dicaeum_anthonyi,PASSERIFORMES,resident,False,0.1
Dicaeum_aureolimbatum,PASSERIFORMES,resident,False,0.1
Dicaeum_australe,PASSERIFORMES,resident,False,0.1
Dicaeum_bicolor,PASSERIFORMES,resident,False,0.1
Dicaeum_celebicum,PASSERIFORMES,resident,False,0.1
Dicaeum_chrysorrheum,PASSERIFORMES,resident,False,0.1
Dicaeum_concolor,PASSERIFORMES,resident,False,0.1
Dicaeum_cruentatum,PASSERIFORMES,resident,False,0.1
Dicaeum_erythrorhynchos,PASSERIFORMES,resident,False,0.1
Dicaeum_erythrothorax,PASSERIFORMES,resident,False,0.1
Dicaeum_everetti,PASSERIFORMES,resident,False,0.1
Dicaeum_eximium,PASSERIFORMES,resident,False,0.1
Dicaeum_geelvinkianum,PASSERIFORMES,resident,False,0.1
Dicaeum_haematostictum,PASSERIFORMES,resident,False,0.1
Dicaeum_hirundinaceum,PASSERIFORMES,resident,False,0.1
Dicaeum_hypoleucum,PASSERIFORMES,resident,False,0.1
Dicaeum_igniferum,PASSERIFORMES,resident,False,0.1
Dicaeum_ignipectus,PASSERIFORMES,resident,False,0.1
Dicaeum_maugei,PASSERIFORMES,resident,False,0.1
Dicaeum_melanoxanthum,PASSERIFORMES,dispersive migratory,False,0.5
Dicaeum_minullum,PASSERIFORMES,resident,False,0.1
Dicaeum_monticolum,PASSERIFORMES,resident,False,0.1
Dicaeum_nehrkorni,PASSERIFORMES,resident,False,0.1
Dicaeum_nigrilore,PASSERIFORMES,resident,False,0.1
Dicaeum_nitidum,PASSERIFORMES,resident,False,0.1
Dicaeum_pectorale,PASSERIFORMES,resident,False,0.1
Dicaeum_proprium,PASSERIFORMES,resident,False,0.1
Dicaeum_pygmaeum,PASSERIFORMES,resident,False,0.1
Dicaeum_quadricolor,PASSERIFORMES,resident,False,0.1
Dicaeum_retrocinctum,PASSERIFORMES,resident,False,0.1
Dicaeum_sanguinolentum,PASSERIFORMES,resident,False,0.1
Dicaeum_schistaceiceps,PASSERIFORMES,resident,False,0.1
Dicaeum_trigonostigma,PASSERIFORMES,resident,False,0.1
Dicaeum_tristrami,PASSERIFORMES,resident,False,0.1
Dicaeum_trochileum,PASSERIFORMES,resident,False,0.1
Dicaeum_vincens,PASSERIFORMES,resident,False,0.1
Dicaeum_virescens,PASSERIFORMES,resident,False,0.1
Dicaeum_vulneratum,PASSERIFORMES,resident,False,0.1
Dichrozona_cincta,PASSERIFORMES,resident,False,0.1
Dicrurus_adsimilis,PASSERIFORMES,resident,False,0.1
Dicrurus_aeneus,PASSERIFORMES,resident,False,0.1
Dicrurus_aldabranus,PASSERIFORMES,resident,False,0.1
Dicrurus_andamanensis,PASSERIFORMES,resident,False,0.1
Dicrurus_annectans,PASSERIFORMES,directional migratory,False,1.0
Dicrurus_atripennis,PASSERIFORMES,resident,False,0.1
Dicrurus_balicassius,PASSERIFORMES,resident,False,0.1
Dicrurus_bracteatus,PASSERIFORMES,directional migratory,False,1.0
Dicrurus_caerulescens,PASSERIFORMES,resident,False,0.1
Dicrurus_densus,PASSERIFORMES,resident,False,0.1
Dicrurus_forficatus,PASSERIFORMES,resident,False,0.1
Dicrurus_fuscipennis,PASSERIFORMES,resident,False,0.1
Dicrurus_hottentottus,PASSERIFORMES,directional migratory,False,1.0
Dicrurus_leucophaeus,PASSERIFORMES,directional migratory,False,1.0
Dicrurus_lophorinus,PASSERIFORMES,resident,False,0.1
Dicrurus_ludwigii,PASSERIFORMES,resident,False,0.1
Dicrurus_macrocercus,PASSERIFORMES,directional migratory,False,1.0
Dicrurus_megarhynchus,PASSERIFORMES,resident,False,0.1
Dicrurus_menagei,PASSERIFORMES,resident,False,0.1
Dicrurus_modestus,PASSERIFORMES,resident,False,0.1
Dicrurus_montanus,PASSERIFORMES,resident,False,0.1
Dicrurus_paradiseus,PASSERIFORMES,directional migratory,False,1.0
Dicrurus_remifer,PASSERIFORMES,resident,False,0.1
Dicrurus_sumatranus,PASSERIFORMES,resident,False,0.1
Dicrurus_waldenii,PASSERIFORMES,resident,False,0.1
Didunculus_strigirostris,COLUMBIFORMES,resident,False,0.1
Diglossa_albilatera,PASSERIFORMES,resident,False,0.1
Diglossa_baritula,PASSERIFORMES,resident,False,0.1
Diglossa_brunneiventris,PASSERIFORMES,resident,False,0.1
Diglossa_caerulescens,PASSERIFORMES,resident,False,0.1
Diglossa_carbonaria,PASSERIFORMES,resident,False,0.1
Diglossa_cyanea,PASSERIFORMES,resident,False,0.1
Diglossa_duidae,PASSERIFORMES,resident,False,0.1
Diglossa_glauca,PASSERIFORMES,resident,False,0.1
Diglossa_gloriosa,PASSERIFORMES,resident,False,0.1
Diglossa_gloriosissima,PASSERIFORMES,resident,False,0.1
Diglossa_humeralis,PASSERIFORMES,resident,False,0.1
Diglossa_indigotica,PASSERIFORMES,resident,False,0.1
Diglossa_lafresnayii,PASSERIFORMES,resident,False,0.1
Diglossa_major,PASSERIFORMES,resident,False,0.1
Diglossa_mystacalis,PASSERIFORMES,resident,False,0.1
Diglossa_plumbea,PASSERIFORMES,resident,False,0.1
Diglossa_sittoides,PASSERIFORMES,resident,False,0.1
Diglossa_venezuelensis,PASSERIFORMES,resident,False,0.1
Dinemellia_dinemelli,PASSERIFORMES,resident,False,0.1
Dinopium_benghalense,PICIFORMES,resident,False,0.1
Dinopium_javanense,PICIFORMES,resident,False,0.1
Dinopium_rafflesii,PICIFORMES,resident,False,0.1
Dinopium_shorii,PICIFORMES,resident,False,0.1
Diomedea_amsterdamensis,PROCELLARIIFORMES,dispersive migratory,True,0.5
Diomedea_antipodensis,PROCELLARIIFORMES,dispersive migratory,True,0.5
Diomedea_dabbenena,PROCELLARIIFORMES,dispersive migratory,True,0.5
Diomedea_epomophora,PROCELLARIIFORMES,dispersive migratory,True,0.5
Diomedea_exulans,PROCELLARIIFORMES,dispersive migratory,True,0.5
Diomedea_sanfordi,PROCELLARIIFORMES,dispersive migratory,True,0.5
Diopsittaca_nobilis,PSITTACIFORMES,resident,False,0.1
Dioptrornis_brunneus,PASSERIFORMES,resident,False,0.1
Dioptrornis_chocolatinus,PASSERIFORMES,resident,False,0.1
Dioptrornis_fischeri,PASSERIFORMES,resident,False,0.1
Diphyllodes_magnificus,PASSERIFORMES,resident,False,0.1
Diphyllodes_respublica,PASSERIFORMES,resident,False,0.1
Discosura_conversii,APODIFORMES,resident,False,0.1
Discosura_langsdorffi,APODIFORMES,resident,False,0.1
Discosura_letitiae,APODIFORMES,unknown,False,0.2
Discosura_longicaudus,APODIFORMES,resident,False,0.1
Discosura_popelairii,APODIFORMES,resident,False,0.1
Diuca_diuca,PASSERIFORMES,directional migratory,False,1.0
Diuca_speculifera,PASSERIFORMES,resident,False,0.1
Dives_atroviolaceus,PASSERIFORMES,resident,False,0.1
Dives_dives,PASSERIFORMES,resident,False,0.1
Dives_warczewiczi,PASSERIFORMES,resident,False,0.1
Dixiphia_chloromeros,PASSERIFORMES,resident,False,0.1
Dixiphia_cornuta,PASSERIFORMES,resident,False,0.1
Dixiphia_erythrocephala,PASSERIFORMES,resident,False,0.1
Dixiphia_mentalis,PASSERIFORMES,resident,False,0.1
Dixiphia_pipra,PASSERIFORMES,resident,False,0.1
Dixiphia_rubrocapilla,PASSERIFORMES,resident,False,0.1
Dolichonyx_oryzivorus,PASSERIFORMES,directional migratory,False,1.0
Doliornis_remseni,PASSERIFORMES,resident,False,0.1
Doliornis_sclateri,PASSERIFORMES,resident,False,0.1
Dolospingus_fringilloides,PASSERIFORMES,resident,False,0.1
Donacobius_atricapilla,PASSERIFORMES,resident,False,0.1
Donacospiza_albifrons,PASSERIFORMES,resident,False,0.1
Doricha_eliza,APODIFORMES,resident,False,0.1
Doricha_enicura,APODIFORMES,resident,False,0.1
Doryfera_johannae,APODIFORMES,resident,False,0.1
Doryfera_ludovicae,APODIFORMES,resident,False,0.1
Drepanis_funerea,PASSERIFORMES,extinct,False,0.0
Drepanis_pacifica,PASSERIFORMES,extinct,False,0.0
Drepanoptila_holosericea,COLUMBIFORMES,resident,False,0.1
Drepanorhynchus_reichenowi,PASSERIFORMES,resident,False,0.1
Drepanornis_albertisi,PASSERIFORMES,resident,False,0.1
Drepanornis_bruijnii,PASSERIFORMES,resident,False,0.1
Dreptes_thomensis,PASSERIFORMES,resident,False,0.1
Dromaius_novaehollandiae,CASUARIIFORMES,nomadic,False,0.3
Dromas_ardeola,CHARADRIIFORMES,directional migratory,False,1.0
Dromococcyx_pavoninus,CUCULIFORMES,resident,False,0.1
Dromococcyx_phasianellus,CUCULIFORMES,resident,False,0.1
Drymocichla_incana,PASSERIFORMES,resident,False,0.1
Drymodes_brunneopygia,PASSERIFORMES,resident,False,0.1
Drymodes_superciliaris,PASSERIFORMES,resident,False,0.1
Drymophila_caudata,PASSERIFORMES,resident,False,0.1
Drymophila_devillei,PASSERIFORMES,resident,False,0.1
Drymophila_ferruginea,PASSERIFORMES,resident,False,0.1
Drymophila_genei,PASSERIFORMES,resident,False,0.1
Drymophila_malura,PASSERIFORMES,resident,False,0.1
Drymophila_ochropyga,PASSERIFORMES,resident,False,0.1
Drymophila_rubricollis,PASSERIFORMES,resident,False,0.1
Drymophila_squamata,PASSERIFORMES,resident,False,0.1
Drymornis_bridgesii,PASSERIFORMES,resident,False,0.1
Drymotoxeres_pucheranii,PASSERIFORMES,resident,False,0.1
Dryocopus_galeatus,PICIFORMES,resident,False,0.1
Dryocopus_hodgei,PICIFORMES,resident,False,0.1
Dryocopus_javensis,PICIFORMES,resident,False,0.1
Dryocopus_lineatus,PICIFORMES,resident,False,0.1
Dryocopus_martius,PICIFORMES,resident,False,0.1
Dryocopus_pileatus,PICIFORMES,resident,False,0.1
Dryocopus_schulzi,PICIFORMES,resident,False,0.1
Dryolimnas_augusti,GRUIFORMES,extinct,False,0.0
Dryolimnas_cuvieri,GRUIFORMES,resident,False,0.1
Dryoscopus_angolensis,PASSERIFORMES,resident,False,0.1
Dryoscopus_cubla,PASSERIFORMES,resident,False,0.1
Dryoscopus_gambensis,PASSERIFORMES,resident,False,0.1
Dryoscopus_pringlii,PASSERIFORMES,resident,False,0.1
Dryoscopus_sabini,PASSERIFORMES,resident,False,0.1
Dryoscopus_senegalensis,PASSERIFORMES,resident,False,0.1
Dryotriorchis_spectabilis,ACCIPITRIFORMES,resident,False,0.1
Dubusia_taeniata,PASSERIFORMES,resident,False,0.1
Ducula_aenea,COLUMBIFORMES,resident,False,0.1
Ducula_aurorae,COLUMBIFORMES,resident,False,0.1
Ducula_badia,COLUMBIFORMES,resident,False,0.1
Ducula_bakeri,COLUMBIFORMES,resident,False,0.1
Ducula_basilica,COLUMBIFORMES,resident,False,0.1
Ducula_bicolor,COLUMBIFORMES,resident,False,0.1
Ducula_brenchleyi,COLUMBIFORMES,resident,False,0.1
Ducula_carola,COLUMBIFORMES,resident,False,0.1
Ducula_chalconota,COLUMBIFORMES,resident,False,0.1
Ducula_cineracea,COLUMBIFORMES,resident,False,0.1
Ducula_concinna,COLUMBIFORMES,resident,False,0.1
Ducula_finschii,COLUMBIFORMES,resident,False,0.1
Ducula_forsteni,COLUMBIFORMES,resident,False,0.1
Ducula_galeata,COLUMBIFORMES,resident,False,0.1
Ducula_goliath,COLUMBIFORMES,resident,False,0.1
Ducula_lacernulata,COLUMBIFORMES,resident,False,0.1
Ducula_latrans,COLUMBIFORMES,resident,False,0.1
Ducula_luctuosa,COLUMBIFORMES,resident,False,0.1
Ducula_melanochroa,COLUMBIFORMES,resident,False,0.1
Ducula_mindorensis,COLUMBIFORMES,resident,False,0.1
Ducula_mullerii,COLUMBIFORMES,resident,False,0.1
Ducula_myristicivora,COLUMBIFORMES,resident,False,0.1
Ducula_neglecta,COLUMBIFORMES,resident,False,0.1
Ducula_nicobarica,COLUMBIFORMES,resident,False,0.1
Ducula_oceanica,COLUMBIFORMES,resident,False,0.1
Ducula_pacifica,COLUMBIFORMES,resident,False,0.1
Ducula_perspicillata,COLUMBIFORMES,resident,False,0.1
Ducula_pickeringii,COLUMBIFORMES,resident,False,0.1
Ducula_pinon,COLUMBIFORMES,resident,False,0.1
Ducula_pistrinaria,COLUMBIFORMES,resident,False,0.1
Ducula_poliocephala,COLUMBIFORMES,resident,False,0.1
Ducula_radiata,COLUMBIFORMES,resident,False,0.1
Ducula_rosacea,COLUMBIFORMES,resident,False,0.1
Ducula_rubricera,COLUMBIFORMES,resident,False,0.1
Ducula_rufigaster,COLUMBIFORMES,resident,False,0.1
Ducula_spilorrhoa,COLUMBIFORMES,directional migratory,False,1.0
Ducula_subflavescens,COLUMBIFORMES,resident,False,0.1
Ducula_whartoni,COLUMBIFORMES,resident,False,0.1
Ducula_zoeae,COLUMBIFORMES,resident,False,0.1
Dulus_dominicus,PASSERIFORMES,resident,False,0.1
Dumetella_carolinensis,PASSERIFORMES,directional migratory,False,1.0
Dumetia_hyperythra,PASSERIFORMES,resident,False,0.1
Dupetor_flavicollis,PELECANIFORMES,directional migratory,False,1.0
Dysithamnus_leucostictus,PASSERIFORMES,resident,False,0.1
Dysithamnus_mentalis,PASSERIFORMES,resident,False,0.1
Dysithamnus_occidentalis,PASSERIFORMES,resident,False,0.1
Dysithamnus_plumbeus,PASSERIFORMES,resident,False,0.1
Dysithamnus_puncticeps,PASSERIFORMES,resident,False,0.1
Dysithamnus_stictothorax,PASSERIFORMES,resident,False,0.1
Dysithamnus_striaticeps,PASSERIFORMES,resident,False,0.1
Dysithamnus_xanthopterus,PASSERIFORMES,resident,False,0.1
Dysmorodrepanis_munroi,PASSERIFORMES,extinct,False,0.0
Eclectus_roratus,PSITTACIFORMES,resident,False,0.1
Ectopistes_migratorius,COLUMBIFORMES,extinct,False,0.0
Egretta_ardesiaca,PELECANIFORMES,resident,False,0.1
Egretta_caerulea,PELECANIFORMES,directional migratory,False,1.0
Egretta_dimorpha,PELECANIFORMES,resident,False,0.1
Egretta_eulophotes,PELECANIFORMES,directional migratory,False,1.0
Egretta_garzetta,PELECANIFORMES,directional migratory,False,1.0
Egretta_gularis,PELECANIFORMES,dispersive migratory,False,0.5
Egretta_intermedia,PELECANIFORMES,directional migratory,False,1.0
Egretta_novaehollandiae,PELECANIFORMES,nomadic,False,0.3
Egretta_picata,PELECANIFORMES,dispersive migratory,False,0.5
Egretta_rufescens,PELECANIFORMES,dispersive migratory,False,0.5
Egretta_sacra,PELECANIFORMES,resident,False,0.1
Egretta_thula,PELECANIFORMES,directional migratory,False,1.0
Egretta_tricolor,PELECANIFORMES,directional migratory,False,1.0
Egretta_vinaceigula,PELECANIFORMES,resident,False,0.1
Elaenia_albiceps,PASSERIFORMES,directional migratory,False,1.0
Elaenia_chiriquensis,PASSERIFORMES,directional migratory,False,1.0
Elaenia_cristata,PASSERIFORMES,resident,False,0.1
Elaenia_dayi,PASSERIFORMES,resident,False,0.1
Elaenia_fallax,PASSERIFORMES,resident,False,0.1
Elaenia_flavogaster,PASSERIFORMES,resident,False,0.1
Elaenia_frantzii,PASSERIFORMES,resident,False,0.1
Elaenia_gigas,PASSERIFORMES,resident,False,0.1
Elaenia_martinica,PASSERIFORMES,resident,False,0.1
Elaenia_mesoleuca,PASSERIFORMES,directional migratory,False,1.0
Elaenia_obscura,PASSERIFORMES,resident,False,0.1
Elaenia_pallatangae,PASSERIFORMES,resident,False,0.1
Elaenia_parvirostris,PASSERIFORMES,directional migratory,False,1.0
Elaenia_pelzelni,PASSERIFORMES,resident,False,0.1
Elaenia_ridleyana,PASSERIFORMES,resident,False,0.1
Elaenia_ruficeps,PASSERIFORMES,resident,False,0.1
Elaenia_spectabilis,PASSERIFORMES,directional migratory,False,1.0
Elaenia_strepera,PASSERIFORMES,directional migratory,False,1.0
Elanoides_forficatus,ACCIPITRIFORMES,directional migratory,False,1.0
Elanus_axillaris,ACCIPITRIFORMES,dispersive migratory,False,0.5
Elanus_caeruleus,ACCIPITRIFORMES,nomadic,False,0.3
Elanus_leucurus,ACCIPITRIFORMES,dispersive migratory,False,0.5
Elanus_scriptus,ACCIPITRIFORMES,dispersive migratory,False,0.5
Elaphrornis_palliseri,PASSERIFORMES,resident,False,0.1
Electron_carinatum,CORACIIFORMES,resident,False,0.1
Electron_platyrhynchum,CORACIIFORMES,resident,False,0.1
Eleoscytalopus_indigoticus,PASSERIFORMES,resident,False,0.1
Eleoscytalopus_psychopompus,PASSERIFORMES,resident,False,0.1
Eleothreptus_anomalus,CAPRIMULGIFORMES,resident,False,0.1
Elminia_albicauda,PASSERIFORMES,resident,False,0.1
Elminia_albiventris,PASSERIFORMES,resident,False,0.1
Elminia_albonotata,PASSERIFORMES,resident,False,0.1
Elminia_longicauda,PASSERIFORMES,resident,False,0.1
Elminia_nigromitrata,PASSERIFORMES,resident,False,0.1
Elseyornis_melanops,CHARADRIIFORMES,resident,False,0.1
Elvira_chionura,APODIFORMES,resident,False,0.1
Elvira_cupreiceps,APODIFORMES,resident,False,0.1
Emarginata_schlegelii,PASSERIFORMES,resident,False,0.1
Emarginata_sinuata,PASSERIFORMES,resident,False,0.1
Emarginata_tractrac,PASSERIFORMES,resident,False,0.1
Emberiza_affinis,PASSERIFORMES,resident,False,0.1
Emberiza_aureola,PASSERIFORMES,directional migratory,False,1.0
Emberiza_bruniceps,PASSERIFORMES,directional migratory,False,1.0
Emberiza_buchanani,PASSERIFORMES,directional migratory,False,1.0
Emberiza_cabanisi,PASSERIFORMES,resident,False,0.1
Emberiza_caesia,PASSERIFORMES,directional migratory,False,1.0
Emberiza_calandra,PASSERIFORMES,directional migratory,False,1.0
Emberiza_capensis,PASSERIFORMES,resident,False,0.1
Emberiza_chrysophrys,PASSERIFORMES,directional migratory,False,1.0
Emberiza_cia,PASSERIFORMES,directional migratory,False,1.0
Emberiza_cineracea,PASSERIFORMES,directional migratory,False,1.0
Emberiza_cioides,PASSERIFORMES,directional migratory,False,1.0
Emberiza_cirlus,PASSERIFORMES,directional migratory,False,1.0
Emberiza_citrinella,PASSERIFORMES,directional migratory,False,1.0
Emberiza_elegans,PASSERIFORMES,directional migratory,False,1.0
Emberiza_flaviventris,PASSERIFORMES,resident,False,0.1
Emberiza_fucata,PASSERIFORMES,directional migratory,False,1.0
Emberiza_godlewskii,PASSERIFORMES,dispersive migratory,False,0.5
Emberiza_hortulana,PASSERIFORMES,directional migratory,False,1.0
Emberiza_impetuani,PASSERIFORMES,nomadic,False,0.3
Emberiza_jankowskii,PASSERIFORMES,dispersive migratory,False,0.5
Emberiza_koslowi,PASSERIFORMES,resident,False,0.1
Emberiza_lathami,PASSERIFORMES,directional migratory,False,1.0
Emberiza_leucocephalos,PASSERIFORMES,directional migratory,False,1.0
Emberiza_melanocephala,PASSERIFORMES,directional migratory,False,1.0
Emberiza_pallasi,PASSERIFORMES,directional migratory,False,1.0
Emberiza_poliopleura,PASSERIFORMES,resident,False,0.1
Emberiza_pusilla,PASSERIFORMES,directional migratory,False,1.0
Emberiza_rustica,PASSERIFORMES,directional migratory,False,1.0
Emberiza_rutila,PASSERIFORMES,directional migratory,False,1.0
Emberiza_sahari,PASSERIFORMES,resident,False,0.1
Emberiza_schoeniclus,PASSERIFORMES,directional migratory,False,1.0
Emberiza_siemsseni,PASSERIFORMES,directional migratory,False,1.0
Emberiza_socotrana,PASSERIFORMES,resident,False,0.1
Emberiza_spodocephala,PASSERIFORMES,directional migratory,False,1.0
Emberiza_stewarti,PASSERIFORMES,directional migratory,False,1.0
Emberiza_striolata,PASSERIFORMES,resident,False,0.1
Emberiza_sulphurata,PASSERIFORMES,directional migratory,False,1.0
Emberiza_tahapisi,PASSERIFORMES,directional migratory,False,1.0
Emberiza_tristrami,PASSERIFORMES,directional migratory,False,1.0
Emberiza_variabilis,PASSERIFORMES,directional migratory,False,1.0
Emberiza_vincenti,PASSERIFORMES,resident,False,0.1
Emberiza_yessoensis,PASSERIFORMES,directional migratory,False,1.0
Emberizoides_duidae,PASSERIFORMES,resident,False,0.1
Emberizoides_herbicola,PASSERIFORMES,resident,False,0.1
Emberizoides_ypiranganus,PASSERIFORMES,resident,False,0.1
Embernagra_longicauda,PASSERIFORMES,resident,False,0.1
Embernagra_platensis,PASSERIFORMES,resident,False,0.1
Emblema_pictum,PASSERIFORMES,resident,False,0.1
Eminia_lepida,PASSERIFORMES,resident,False,0.1
Empidonax_affinis,PASSERIFORMES,resident,False,0.1
Empidonax_albigularis,PASSERIFORMES,directional migratory,False,1.0
Empidonax_alnorum,PASSERIFORMES,directional migratory,False,1.0
Empidonax_atriceps,PASSERIFORMES,resident,False,0.1
Empidonax_difficilis,PASSERIFORMES,directional migratory,False,1.0
Empidonax_flavescens,PASSERIFORMES,resident,False,0.1
Empidonax_flaviventris,PASSERIFORMES,directional migratory,False,1.0
Empidonax_fulvifrons,PASSERIFORMES,directional migratory,False,1.0
Empidonax_hammondii,PASSERIFORMES,directional migratory,False,1.0
Empidonax_minimus,PASSERIFORMES,directional migratory,False,1.0
Empidonax_oberholseri,PASSERIFORMES,directional migratory,False,1.0
Empidonax_occidentalis,PASSERIFORMES,directional migratory,False,1.0
Empidonax_traillii,PASSERIFORMES,directional migratory,False,1.0
Empidonax_virescens,PASSERIFORMES,directional migratory,False,1.0
Empidonax_wrightii,PASSERIFORMES,directional migratory,False,1.0
Empidonomus_varius,PASSERIFORMES,directional migratory,False,1.0
Empidornis_semipartitus,PASSERIFORMES,resident,False,0.1
Enicognathus_ferrugineus,PSITTACIFORMES,resident,False,0.1
Enicognathus_leptorhynchus,PSITTACIFORMES,resident,False,0.1
Enicurus_immaculatus,PASSERIFORMES,resident,False,0.1
Enicurus_leschenaulti,PASSERIFORMES,resident,False,0.1
Enicurus_maculatus,PASSERIFORMES,resident,False,0.1
Enicurus_ruficapillus,PASSERIFORMES,resident,False,0.1
Enicurus_schistaceus,PASSERIFORMES,resident,False,0.1
Enicurus_scouleri,PASSERIFORMES,resident,False,0.1
Enicurus_velatus,PASSERIFORMES,resident,False,0.1
Enodes_erythrophris,PASSERIFORMES,resident,False,0.1
Ensifera_ensifera,APODIFORMES,resident,False,0.1
Entomodestes_coracinus,PASSERIFORMES,resident,False,0.1
Entomodestes_leucotis,PASSERIFORMES,resident,False,0.1
Entomyzon_cyanotis,PASSERIFORMES,resident,False,0.1
Eolophus_roseicapilla,PSITTACIFORMES,resident,False,0.1
Eophona_migratoria,PASSERIFORMES,directional migratory,False,1.0
Eophona_personata,PASSERIFORMES,directional migratory,False,1.0
Eopsaltria_australis,PASSERIFORMES,resident,False,0.1
Eopsaltria_georgiana,PASSERIFORMES,resident,False,0.1
Eopsaltria_griseogularis,PASSERIFORMES,resident,False,0.1
Eos_bornea,PSITTACIFORMES,resident,False,0.1
Eos_cyanogenia,PSITTACIFORMES,nomadic,False,0.3
Eos_histrio,PSITTACIFORMES,resident,False,0.1
Eos_reticulata,PSITTACIFORMES,resident,False,0.1
Eos_semilarvata,PSITTACIFORMES,resident,False,0.1
Eos_squamata,PSITTACIFORMES,resident,False,0.1
Ephippiorhynchus_asiaticus,CICONIIFORMES,resident,False,0.1
Ephippiorhynchus_senegalensis,CICONIIFORMES,resident,False,0.1
Epimachus_fastosus,PASSERIFORMES,resident,False,0.1
Epimachus_meyeri,PASSERIFORMES,resident,False,0.1
Epinecrophylla_erythrura,PASSERIFORMES,resident,False,0.1
Epinecrophylla_fjeldsaai,PASSERIFORMES,resident,False,0.1
Epinecrophylla_fulviventris,PASSERIFORMES,resident,False,0.1
Epinecrophylla_gutturalis,PASSERIFORMES,resident,False,0.1
Epinecrophylla_haematonota,PASSERIFORMES,resident,False,0.1
Epinecrophylla_leucophthalma,PASSERIFORMES,resident,False,0.1
Epinecrophylla_ornata,PASSERIFORMES,resident,False,0.1
Epinecrophylla_spodionota,PASSERIFORMES,resident,False,0.1
Epthianura_albifrons,PASSERIFORMES,dispersive migratory,False,0.5
Epthianura_aurifrons,PASSERIFORMES,dispersive migratory,False,0.5
Epthianura_crocea,PASSERIFORMES,nomadic,False,0.3
Epthianura_tricolor,PASSERIFORMES,nomadic,False,0.3
Eremalauda_dunni,PASSERIFORMES,resident,False,0.1
Eremomela_atricollis,PASSERIFORMES,resident,False,0.1
Eremomela_badiceps,PASSERIFORMES,resident,False,0.1
Eremomela_canescens,PASSERIFORMES,resident,False,0.1
Eremomela_flavicrissalis,PASSERIFORMES,resident,False,0.1
Eremomela_gregalis,PASSERIFORMES,resident,False,0.1
Eremomela_icteropygialis,PASSERIFORMES,resident,False,0.1
Eremomela_pusilla,PASSERIFORMES,resident,False,0.1
Eremomela_salvadorii,PASSERIFORMES,resident,False,0.1
Eremomela_scotops,PASSERIFORMES,resident,False,0.1
Eremomela_turneri,PASSERIFORMES,resident,False,0.1
Eremomela_usticollis,PASSERIFORMES,resident,False,0.1
Eremophila_alpestris,PASSERIFORMES,directional migratory,False,1.0
Eremophila_bilopha,PASSERIFORMES,resident,False,0.1
Eremopsaltria_mongolica,PASSERIFORMES,dispersive migratory,False,0.5
Eremopterix_australis,PASSERIFORMES,nomadic,False,0.3
Eremopterix_griseus,PASSERIFORMES,resident,False,0.1
Eremopterix_leucopareia,PASSERIFORMES,resident,False,0.1
Eremopterix_leucotis,PASSERIFORMES,dispersive migratory,False,0.5
Eremopterix_nigriceps,PASSERIFORMES,resident,False,0.1
Eremopterix_signatus,PASSERIFORMES,resident,False,0.1
Eremopterix_verticalis,PASSERIFORMES,nomadic,False,0.3
Eriocnemis_aline,APODIFORMES,resident,False,0.1
Eriocnemis_cupreoventris,APODIFORMES,resident,False,0.1
Eriocnemis_derbyi,APODIFORMES,resident,False,0.1
Eriocnemis_glaucopoides,APODIFORMES,resident,False,0.1
Eriocnemis_godini,APODIFORMES,extinct,False,0.0
Eriocnemis_isabellae,APODIFORMES,resident,False,0.1
Eriocnemis_luciani,APODIFORMES,resident,False,0.1
Eriocnemis_mirabilis,APODIFORMES,resident,False,0.1
Eriocnemis_mosquera,APODIFORMES,resident,False,0.1
Eriocnemis_nigrivestis,APODIFORMES,resident,False,0.1
Eriocnemis_vestita,APODIFORMES,resident,False,0.1
Erithacus_akahige,PASSERIFORMES,directional migratory,False,1.0
Erithacus_komadori,PASSERIFORMES,directional migratory,False,1.0
Erithacus_rubecula,PASSERIFORMES,directional migratory,False,1.0
Erpornis_zantholeuca,PASSERIFORMES,resident,False,0.1
Erythrocercus_holochlorus,PASSERIFORMES,resident,False,0.1
Erythrocercus_livingstonei,PASSERIFORMES,resident,False,0.1
Erythrocercus_mccallii,PASSERIFORMES,resident,False,0.1
Erythrogonys_cinctus,CHARADRIIFORMES,resident,False,0.1
Erythromachus_leguati,GRUIFORMES,extinct,False,0.0
Erythropitta_arquata,PASSERIFORMES,resident,False,0.1
Erythropitta_erythrogaster,PASSERIFORMES,resident,False,0.1
Erythropitta_granatina,PASSERIFORMES,resident,False,0.1
Erythropitta_kochi,PASSERIFORMES,resident,False,0.1
Erythropitta_ussheri,PASSERIFORMES,resident,False,0.1
Erythropitta_venusta,PASSERIFORMES,resident,False,0.1
Erythropygia_barbata,PASSERIFORMES,resident,False,0.1
Erythropygia_coryphoeus,PASSERIFORMES,resident,False,0.1
Erythropygia_galactotes,PASSERIFORMES,directional migratory,False,1.0
Erythropygia_hartlaubi,PASSERIFORMES,resident,False,0.1
Erythropygia_leucophrys,PASSERIFORMES,resident,False,0.1
Erythropygia_leucosticta,PASSERIFORMES,resident,False,0.1
Erythropygia_paena,PASSERIFORMES,resident,False,0.1
Erythropygia_quadrivirgata,PASSERIFORMES,resident,False,0.1
Erythropygia_signata,PASSERIFORMES,resident,False,0.1
Erythrotriorchis_buergersi,ACCIPITRIFORMES,resident,False,0.1
Erythrotriorchis_radiatus,ACCIPITRIFORMES,resident,False,0.1
Erythrura_coloria,PASSERIFORMES,resident,False,0.1
Erythrura_cyaneovirens,PASSERIFORMES,resident,False,0.1
Erythrura_gouldiae,PASSERIFORMES,resident,False,0.1
Erythrura_hyperythra,PASSERIFORMES,resident,False,0.1
Erythrura_kleinschmidti,PASSERIFORMES,resident,False,0.1
Erythrura_papuana,PASSERIFORMES,resident,False,0.1
Erythrura_pealii,PASSERIFORMES,resident,False,0.1
Erythrura_prasina,PASSERIFORMES,dispersive migratory,False,0.5
Erythrura_psittacea,PASSERIFORMES,resident,False,0.1
Erythrura_regia,PASSERIFORMES,resident,False,0.1
Erythrura_trichroa,PASSERIFORMES,resident,False,0.1
Erythrura_tricolor,PASSERIFORMES,resident,False,0.1
Erythrura_viridifacies,PASSERIFORMES,nomadic,False,0.3
Esacus_magnirostris,CHARADRIIFORMES,resident,False,0.1
Esacus_recurvirostris,CHARADRIIFORMES,resident,False,0.1
Estrilda_astrild,PASSERIFORMES,resident,False,0.1
Estrilda_atricapilla,PASSERIFORMES,resident,False,0.1
Estrilda_caerulescens,PASSERIFORMES,resident,False,0.1
Estrilda_charmosyna,PASSERIFORMES,resident,False,0.1
Estrilda_erythronotos,PASSERIFORMES,resident,False,0.1
Estrilda_kandti,PASSERIFORMES,resident,False,0.1
Estrilda_melpoda,PASSERIFORMES,resident,False,0.1
Estrilda_nigriloris,PASSERIFORMES,resident,False,0.1
Estrilda_nonnula,PASSERIFORMES,resident,False,0.1
Estrilda_ochrogaster,PASSERIFORMES,resident,False,0.1
Estrilda_paludicola,PASSERIFORMES,resident,False,0.1
Estrilda_perreini,PASSERIFORMES,resident,False,0.1
Estrilda_poliopareia,PASSERIFORMES,resident,False,0.1
Estrilda_rhodopyga,PASSERIFORMES,resident,False,0.1
Estrilda_rufibarba,PASSERIFORMES,resident,False,0.1
Estrilda_thomensis,PASSERIFORMES,resident,False,0.1
Estrilda_troglodytes,PASSERIFORMES,resident,False,0.1
Eubucco_bourcierii,PICIFORMES,resident,False,0.1
Eubucco_richardsoni,PICIFORMES,resident,False,0.1
Eubucco_tucinkae,PICIFORMES,resident,False,0.1
Eubucco_versicolor,PICIFORMES,resident,False,0.1
Eucometis_penicillata,PASSERIFORMES,resident,False,0.1
Eudocimus_albus,PELECANIFORMES,dispersive migratory,False,0.5
Eudocimus_ruber,PELECANIFORMES,resident,False,0.1
Eudromia_elegans,TINAMIFORMES,resident,False,0.1
Eudromia_formosa,TINAMIFORMES,resident,False,0.1
Eudynamys_melanorhynchus,CUCULIFORMES,resident,False,0.1
Eudynamys_orientalis,CUCULIFORMES,directional migratory,False,1.0
Eudynamys_scolopaceus,CUCULIFORMES,directional migratory,False,1.0
Eudyptes_chrysocome,SPHENISCIFORMES,dispersive migratory,True,0.5
Eudyptes_chrysolophus,SPHENISCIFORMES,dispersive migratory,True,0.5
Eudyptes_moseleyi,SPHENISCIFORMES,dispersive migratory,True,0.5
Eudyptes_pachyrhynchus,SPHENISCIFORMES,dispersive migratory,True,0.5
Eudyptes_robustus,SPHENISCIFORMES,dispersive migratory,True,0.5
Eudyptes_schlegeli,SPHENISCIFORMES,dispersive migratory,True,0.5
Eudyptes_sclateri,SPHENISCIFORMES,dispersive migratory,True,0.5
Eudyptula_minor,SPHENISCIFORMES,resident,True,0.1
Eugenes_fulgens,APODIFORMES,directional migratory,False,1.0
Eugerygone_rubra,PASSERIFORMES,resident,False,0.1
Eugralla_paradoxa,PASSERIFORMES,resident,False,0.1
Eulabeornis_castaneoventris,GRUIFORMES,resident,False,0.1
Eulacestoma_nigropectus,PASSERIFORMES,resident,False,0.1
Eulampis_holosericeus,APODIFORMES,resident,False,0.1
Eulampis_jugularis,APODIFORMES,resident,False,0.1
Eulidia_yarrellii,APODIFORMES,resident,False,0.1
Eulipoa_wallacei,GALLIFORMES,resident,False,0.1
Eumomota_superciliosa,CORACIIFORMES,resident,False,0.1
Eumyias_albicaudatus,PASSERIFORMES,resident,False,0.1
Eumyias_indigo,PASSERIFORMES,resident,False,0.1
Eumyias_panayensis,PASSERIFORMES,resident,False,0.1
Eumyias_sordidus,PASSERIFORMES,resident,False,0.1
Eumyias_thalassinus,PASSERIFORMES,directional migratory,False,1.0
Euneornis_campestris,PASSERIFORMES,resident,False,0.1
Eunymphicus_cornutus,PSITTACIFORMES,resident,False,0.1
Eunymphicus_uvaeensis,PSITTACIFORMES,resident,False,0.1
Euodice_cantans,PASSERIFORMES,resident,False,0.1
Euodice_malabarica,PASSERIFORMES,resident,False,0.1
Eupetes_macrocerus,PASSERIFORMES,resident,False,0.1
Eupetomena_macroura,APODIFORMES,directional migratory,False,1.0
Euphagus_carolinus,PASSERIFORMES,directional migratory,False,1.0
Euphagus_cyanocephalus,PASSERIFORMES,directional migratory,False,1.0
Eupherusa_cyanophrys,APODIFORMES,resident,False,0.1
Eupherusa_eximia,APODIFORMES,resident,False,0.1
Eupherusa_nigriventris,APODIFORMES,resident,False,0.1
Eupherusa_poliocerca,APODIFORMES,resident,False,0.1
Euphonia_affinis,PASSERIFORMES,resident,False,0.1
Euphonia_anneae,PASSERIFORMES,resident,False,0.1
Euphonia_cayennensis,PASSERIFORMES,resident,False,0.1
Euphonia_chalybea,PASSERIFORMES,resident,False,0.1
Euphonia_chlorotica,PASSERIFORMES,resident,False,0.1
Euphonia_chrysopasta,PASSERIFORMES,resident,False,0.1
Euphonia_concinna,PASSERIFORMES,resident,False,0.1
Euphonia_cyanocephala,PASSERIFORMES,resident,False,0.1
Euphonia_elegantissima,PASSERIFORMES,resident,False,0.1
Euphonia_finschi,PASSERIFORMES,resident,False,0.1
Euphonia_fulvicrissa,PASSERIFORMES,resident,False,0.1
Euphonia_gouldi,PASSERIFORMES,resident,False,0.1
Euphonia_hirundinacea,PASSERIFORMES,resident,False,0.1
Euphonia_imitans,PASSERIFORMES,resident,False,0.1
Euphonia_jamaica,PASSERIFORMES,resident,False,0.1
Euphonia_laniirostris,PASSERIFORMES,resident,False,0.1
Euphonia_luteicapilla,PASSERIFORMES,resident,False,0.1
Euphonia_mesochrysa,PASSERIFORMES,resident,False,0.1
Euphonia_minuta,PASSERIFORMES,resident,False,0.1
Euphonia_musica,PASSERIFORMES,resident,False,0.1
Euphonia_pectoralis,PASSERIFORMES,resident,False,0.1
Euphonia_plumbea,PASSERIFORMES,resident,False,0.1
Euphonia_rufiventris,PASSERIFORMES,resident,False,0.1
Euphonia_saturata,PASSERIFORMES,resident,False,0.1
Euphonia_trinitatis,PASSERIFORMES,resident,False,0.1
Euphonia_violacea,PASSERIFORMES,resident,False,0.1
Euphonia_xanthogaster,PASSERIFORMES,resident,False,0.1
Euplectes_afer,PASSERIFORMES,resident,False,0.1
Euplectes_albonotatus,PASSERIFORMES,resident,False,0.1
Euplectes_ardens,PASSERIFORMES,resident,False,0.1
Euplectes_aureus,PASSERIFORMES,resident,False,0.1
Euplectes_axillaris,PASSERIFORMES,resident,False,0.1
Euplectes_capensis,PASSERIFORMES,resident,False,0.1
Euplectes_diadematus,PASSERIFORMES,dispersive migratory,False,0.5
Euplectes_franciscanus,PASSERIFORMES,dispersive migratory,False,0.5
Euplectes_gierowii,PASSERIFORMES,resident,False,0.1
Euplectes_hartlaubi,PASSERIFORMES,resident,False,0.1
Euplectes_hordeaceus,PASSERIFORMES,resident,False,0.1
Euplectes_jacksoni,PASSERIFORMES,resident,False,0.1
Euplectes_macroura,PASSERIFORMES,resident,False,0.1
Euplectes_nigroventris,PASSERIFORMES,resident,False,0.1
Euplectes_orix,PASSERIFORMES,resident,False,0.1
Euplectes_progne,PASSERIFORMES,resident,False,0.1
Euplectes_psammacromius,PASSERIFORMES,resident,False,0.1
Eupodotis_coerulescens,OTIDIFORMES,resident,False,0.1
Eupodotis_humilis,OTIDIFORMES,resident,False,0.1
Eupodotis_rueppelii,OTIDIFORMES,resident,False,0.1
Eupodotis_senegalensis,OTIDIFORMES,resident,False,0.1
Eupodotis_vigorsii,OTIDIFORMES,resident,False,0.1
Euptilotis_neoxenus,TROGONIFORMES,resident,False,0.1
Eurillas_ansorgei,PASSERIFORMES,resident,False,0.1
Eurillas_curvirostris,PASSERIFORMES,resident,False,0.1
Eurillas_gracilis,PASSERIFORMES,resident,False,0.1
Eurillas_latirostris,PASSERIFORMES,resident,False,0.1
Eurillas_virens,PASSERIFORMES,resident,False,0.1
Eurocephalus_anguitimens,PASSERIFORMES,resident,False,0.1
Eurocephalus_ruppelli,PASSERIFORMES,resident,False,0.1
Eurostopodus_archboldi,CAPRIMULGIFORMES,resident,False,0.1
Eurostopodus_argus,CAPRIMULGIFORMES,directional migratory,False,1.0
Eurostopodus_diabolicus,CAPRIMULGIFORMES,resident,False,0.1
Eurostopodus_mystacalis,CAPRIMULGIFORMES,directional migratory,False,1.0
Eurostopodus_papuensis,CAPRIMULGIFORMES,resident,False,0.1
Euryceros_prevostii,PASSERIFORMES,resident,False,0.1
Eurylaimus_javanicus,PASSERIFORMES,resident,False,0.1
Eurylaimus_ochromalus,PASSERIFORMES,resident,False,0.1
Eurynorhynchus_pygmeus,CHARADRIIFORMES,directional migratory,False,1.0
Euryptila_subcinnamomea,PASSERIFORMES,resident,False,0.1
Eurypyga_helias,EURYPYGIFORMES,resident,False,0.1
Eurystomus_azureus,CORACIIFORMES,resident,False,0.1
Eurystomus_glaucurus,CORACIIFORMES,directional migratory,False,1.0
Eurystomus_gularis,CORACIIFORMES,resident,False,0.1
Eurystomus_orientalis,CORACIIFORMES,directional migratory,False,1.0
Euscarthmus_meloryphus,PASSERIFORMES,resident,False,0.1
Euscarthmus_rufomarginatus,PASSERIFORMES,resident,False,0.1
Euschistospiza_cinereovinacea,PASSERIFORMES,resident,False,0.1
Euschistospiza_dybowskii,PASSERIFORMES,resident,False,0.1
Eutoxeres_aquila,APODIFORMES,resident,False,0.1
Eutoxeres_condamini,APODIFORMES,resident,False,0.1
Eutrichomyias_rowleyi,PASSERIFORMES,resident,False,0.1
Eutriorchis_astur,ACCIPITRIFORMES,resident,False,0.1
Excalfactoria_adansonii,GALLIFORMES,resident,False,0.1
Excalfactoria_chinensis,GALLIFORMES,resident,False,0.1
Falcipennis_canadensis,GALLIFORMES,resident,False,0.1
Falcipennis_falcipennis,GALLIFORMES,resident,False,0.1
Falco_alopex,FALCONIFORMES,dispersive migratory,False,0.5
Falco_amurensis,FALCONIFORMES,directional migratory,False,1.0
Falco_araeus,FALCONIFORMES,resident,False,0.1
Falco_ardosiaceus,FALCONIFORMES,resident,False,0.1
Falco_berigora,FALCONIFORMES,resident,False,0.1
Falco_biarmicus,FALCONIFORMES,dispersive migratory,False,0.5
Falco_cenchroides,FALCONIFORMES,directional migratory,False,1.0
Falco_cherrug,FALCONIFORMES,directional migratory,False,1.0
Falco_chicquera,FALCONIFORMES,resident,False,0.1
Falco_columbarius,FALCONIFORMES,directional migratory,False,1.0
Falco_concolor,FALCONIFORMES,directional migratory,False,1.0
Falco_cuvierii,FALCONIFORMES,resident,False,0.1
Falco_deiroleucus,FALCONIFORMES,resident,False,0.1
Falco_dickinsoni,FALCONIFORMES,resident,False,0.1
Falco_duboisi,FALCONIFORMES,extinct,False,0.0
Falco_eleonorae,FALCONIFORMES,directional migratory,False,1.0
Falco_fasciinucha,FALCONIFORMES,resident,False,0.1
Falco_femoralis,FALCONIFORMES,directional migratory,False,1.0
Falco_hypoleucos,FALCONIFORMES,dispersive migratory,False,0.5
Falco_jugger,FALCONIFORMES,resident,False,0.1
Falco_longipennis,FALCONIFORMES,directional migratory,False,1.0
Falco_mexicanus,FALCONIFORMES,dispersive migratory,False,0.5
Falco_moluccensis,FALCONIFORMES,resident,False,0.1
Falco_naumanni,FALCONIFORMES,directional migratory,False,1.0
Falco_newtoni,FALCONIFORMES,resident,False,0.1
Falco_novaeseelandiae,FALCONIFORMES,resident,False,0.1
Falco_pelegrinoides,FALCONIFORMES,resident,False,0.1
Falco_peregrinus,FALCONIFORMES,directional migratory,False,1.0
Falco_punctatus,FALCONIFORMES,resident,False,0.1
Falco_rufigularis,FALCONIFORMES,resident,False,0.1
Falco_rupicoloides,FALCONIFORMES,resident,False,0.1
Falco_rupicolus,FALCONIFORMES,resident,False,0.1
Falco_rusticolus,FALCONIFORMES,directional migratory,False,1.0
Falco_severus,FALCONIFORMES,directional migratory,False,1.0
Falco_sparverius,FALCONIFORMES,directional migratory,False,1.0
Falco_subbuteo,FALCONIFORMES,directional migratory,False,1.0
Falco_subniger,FALCONIFORMES,dispersive migratory,False,0.5
Falco_tinnunculus,FALCONIFORMES,directional migratory,False,1.0
Falco_vespertinus,FALCONIFORMES,directional migratory,False,1.0
Falco_zoniventris,FALCONIFORMES,resident,False,0.1
Falculea_palliata,PASSERIFORMES,resident,False,0.1
Falcunculus_frontatus,PASSERIFORMES,resident,False,0.1
Ferminia_cerverai,PASSERIFORMES,resident,False,0.1
Ficedula_albicilla,PASSERIFORMES,directional migratory,False,1.0
Ficedula_albicollis,PASSERIFORMES,directional migratory,False,1.0
Ficedula_basilanica,PASSERIFORMES,resident,False,0.1
Ficedula_bonthaina,PASSERIFORMES,resident,False,0.1
Ficedula_buruensis,PASSERIFORMES,resident,False,0.1
Ficedula_crypta,PASSERIFORMES,resident,False,0.1
Ficedula_disposita,PASSERIFORMES,resident,False,0.1
Ficedula_dumetoria,PASSERIFORMES,resident,False,0.1
Ficedula_elisae,PASSERIFORMES,directional migratory,False,1.0
Ficedula_harterti,PASSERIFORMES,resident,False,0.1
Ficedula_henrici,PASSERIFORMES,resident,False,0.1
Ficedula_hodgsonii,PASSERIFORMES,directional migratory,False,1.0
Ficedula_hyperythra,PASSERIFORMES,directional migratory,False,1.0
Ficedula_hypoleuca,PASSERIFORMES,directional migratory,False,1.0
Ficedula_mugimaki,PASSERIFORMES,directional migratory,False,1.0
Ficedula_narcissina,PASSERIFORMES,directional migratory,False,1.0
Ficedula_nigrorufa,PASSERIFORMES,resident,False,0.1
Ficedula_parva,PASSERIFORMES,directional migratory,False,1.0
Ficedula_platenae,PASSERIFORMES,resident,False,0.1
Ficedula_riedeli,PASSERIFORMES,resident,False,0.1
Ficedula_rufigula,PASSERIFORMES,resident,False,0.1
Ficedula_sapphira,PASSERIFORMES,dispersive migratory,False,0.5
Ficedula_semitorquata,PASSERIFORMES,directional migratory,False,1.0
Ficedula_speculigera,PASSERIFORMES,directional migratory,False,1.0
Ficedula_strophiata,PASSERIFORMES,directional migratory,False,1.0
Ficedula_subrubra,PASSERIFORMES,directional migratory,False,1.0
Ficedula_superciliaris,PASSERIFORMES,directional migratory,False,1.0
Ficedula_timorensis,PASSERIFORMES,resident,False,0.1
Ficedula_tricolor,PASSERIFORMES,directional migratory,False,1.0
Ficedula_westermanni,PASSERIFORMES,directional migratory,False,1.0
Ficedula_zanthopygia,PASSERIFORMES,directional migratory,False,1.0
Finschia_novaeseelandiae,PASSERIFORMES,resident,False,0.1
Florisuga_fusca,APODIFORMES,directional migratory,False,1.0
Florisuga_mellivora,APODIFORMES,resident,False,0.1
Fluvicola_albiventer,PASSERIFORMES,directional migratory,False,1.0
Fluvicola_nengeta,PASSERIFORMES,resident,False,0.1
Fluvicola_pica,PASSERIFORMES,resident,False,0.1
Formicarius_analis,PASSERIFORMES,resident,False,0.1
Formicarius_colma,PASSERIFORMES,resident,False,0.1
Formicarius_moniliger,PASSERIFORMES,resident,False,0.1
Formicarius_nigricapillus,PASSERIFORMES,resident,False,0.1
Formicarius_rufifrons,PASSERIFORMES,resident,False,0.1
Formicarius_rufipectus,PASSERIFORMES,resident,False,0.1
Formicivora_erythronotos,PASSERIFORMES,resident,False,0.1
Formicivora_grantsaui,PASSERIFORMES,resident,False,0.1
Formicivora_grisea,PASSERIFORMES,resident,False,0.1
Formicivora_iheringi,PASSERIFORMES,resident,False,0.1
Formicivora_intermedia,PASSERIFORMES,resident,False,0.1
Formicivora_melanogaster,PASSERIFORMES,resident,False,0.1
Formicivora_rufa,PASSERIFORMES,resident,False,0.1
Formicivora_serrana,PASSERIFORMES,resident,False,0.1
Forpus_coelestis,PSITTACIFORMES,resident,False,0.1
Forpus_conspicillatus,PSITTACIFORMES,resident,False,0.1
Forpus_cyanopygius,PSITTACIFORMES,resident,False,0.1
Forpus_modestus,PSITTACIFORMES,resident,False,0.1
Forpus_passerinus,PSITTACIFORMES,resident,False,0.1
Forpus_xanthops,PSITTACIFORMES,resident,False,0.1
Forpus_xanthopterygius,PSITTACIFORMES,resident,False,0.1
Foudia_aldabrana,PASSERIFORMES,resident,False,0.1
Foudia_eminentissima,PASSERIFORMES,resident,False,0.1
Foudia_flavicans,PASSERIFORMES,resident,False,0.1
Foudia_madagascariensis,PASSERIFORMES,resident,False,0.1
Foudia_omissa,PASSERIFORMES,resident,False,0.1
Foudia_rubra,PASSERIFORMES,resident,False,0.1
Foudia_sechellarum,PASSERIFORMES,resident,False,0.1
Foulehaio_carunculatus,PASSERIFORMES,resident,False,0.1
Francolinus_francolinus,GALLIFORMES,resident,False,0.1
Francolinus_gularis,GALLIFORMES,resident,False,0.1
Francolinus_pictus,GALLIFORMES,resident,False,0.1
Francolinus_pintadeanus,GALLIFORMES,resident,False,0.1
Francolinus_pondicerianus,GALLIFORMES,resident,False,0.1
Fraseria_cinerascens,PASSERIFORMES,resident,False,0.1
Fraseria_ocreata,PASSERIFORMES,resident,False,0.1
Fratercula_arctica,CHARADRIIFORMES,directional migratory,True,1.5
Fratercula_cirrhata,CHARADRIIFORMES,directional migratory,True,1.5
Fratercula_corniculata,CHARADRIIFORMES,directional migratory,True,1.5
Frederickena_fulva,PASSERIFORMES,resident,False,0.1
Frederickena_unduliger,PASSERIFORMES,resident,False,0.1
Frederickena_viridis,PASSERIFORMES,resident,False,0.1
Fregata_andrewsi,SULIFORMES,dispersive migratory,True,0.5
Fregata_aquila,SULIFORMES,resident,True,0.1
Fregata_ariel,SULIFORMES,dispersive migratory,True,0.5
Fregata_magnificens,SULIFORMES,dispersive migratory,True,0.5
Fregata_minor,SULIFORMES,dispersive migratory,True,0.5
Fregetta_grallaria,PROCELLARIIFORMES,dispersive migratory,True,0.5
Fregetta_maoriana,PROCELLARIIFORMES,directional migratory,True,1.5
Fregetta_tropica,PROCELLARIIFORMES,directional migratory,True,1.5
Fregilupus_varius,PASSERIFORMES,extinct,False,0.0
Fringilla_coelebs,PASSERIFORMES,directional migratory,False,1.0
Fringilla_montifringilla,PASSERIFORMES,directional migratory,False,1.0
Fringilla_teydea,PASSERIFORMES,resident,False,0.1
Fulica_alai,GRUIFORMES,resident,False,0.1
Fulica_americana,GRUIFORMES,directional migratory,False,1.0
Fulica_ardesiaca,GRUIFORMES,resident,False,0.1
Fulica_armillata,GRUIFORMES,resident,False,0.1
Fulica_atra,GRUIFORMES,directional migratory,False,1.0
Fulica_caribaea,GRUIFORMES,resident,False,0.1
Fulica_cornuta,GRUIFORMES,nomadic,False,0.3
Fulica_cristata,GRUIFORMES,resident,False,0.1
Fulica_gigantea,GRUIFORMES,resident,False,0.1
Fulica_leucoptera,GRUIFORMES,resident,False,0.1
Fulica_newtoni,GRUIFORMES,extinct,False,0.0
Fulica_rufifrons,GRUIFORMES,resident,False,0.1
Fulmarus_glacialis,PROCELLARIIFORMES,dispersive migratory,True,0.5
Fulmarus_glacialoides,PROCELLARIIFORMES,dispersive migratory,True,0.5
Fulvetta_cinereiceps,PASSERIFORMES,resident,False,0.1
Fulvetta_danisi,PASSERIFORMES,resident,False,0.1
Fulvetta_formosana,PASSERIFORMES,resident,False,0.1
Fulvetta_ludlowi,PASSERIFORMES,resident,False,0.1
Fulvetta_manipurensis,PASSERIFORMES,resident,False,0.1
Fulvetta_ruficapilla,PASSERIFORMES,resident,False,0.1
Fulvetta_striaticollis,PASSERIFORMES,resident,False,0.1
Fulvetta_vinipectus,PASSERIFORMES,resident,False,0.1
Furnarius_cinnamomeus,PASSERIFORMES,resident,False,0.1
Furnarius_cristatus,PASSERIFORMES,resident,False,0.1
Furnarius_figulus,PASSERIFORMES,resident,False,0.1
Furnarius_leucopus,PASSERIFORMES,resident,False,0.1
Furnarius_longirostris,PASSERIFORMES,resident,False,0.1
Furnarius_minor,PASSERIFORMES,resident,False,0.1
Furnarius_rufus,PASSERIFORMES,resident,False,0.1
Furnarius_torridus,PASSERIFORMES,resident,False,0.1
Galbalcyrhynchus_leucotis,PICIFORMES,resident,False,0.1
Galbalcyrhynchus_purusianus,PICIFORMES,resident,False,0.1
Galbula_albirostris,PICIFORMES,resident,False,0.1
Galbula_chalcothorax,PICIFORMES,resident,False,0.1
Galbula_cyanescens,PICIFORMES,resident,False,0.1
Galbula_cyanicollis,PICIFORMES,resident,False,0.1
Galbula_dea,PICIFORMES,resident,False,0.1
Galbula_galbula,PICIFORMES,resident,False,0.1
Galbula_leucogastra,PICIFORMES,resident,False,0.1
Galbula_pastazae,PICIFORMES,resident,False,0.1
Galbula_ruficauda,PICIFORMES,resident,False,0.1
Galbula_tombacea,PICIFORMES,resident,False,0.1
Galerida_cristata,PASSERIFORMES,directional migratory,False,1.0
Galerida_deva,PASSERIFORMES,resident,False,0.1
Galerida_macrorhyncha,PASSERIFORMES,resident,False,0.1
Galerida_magnirostris,PASSERIFORMES,resident,False,0.1
Galerida_malabarica,PASSERIFORMES,resident,False,0.1
Galerida_modesta,PASSERIFORMES,resident,False,0.1
Galerida_theklae,PASSERIFORMES,resident,False,0.1
Gallicolumba_beccarii,COLUMBIFORMES,resident,False,0.1
Gallicolumba_canifrons,COLUMBIFORMES,resident,False,0.1
Gallicolumba_crinigera,COLUMBIFORMES,resident,False,0.1
Gallicolumba_erythroptera,COLUMBIFORMES,resident,False,0.1
Gallicolumba_ferruginea,COLUMBIFORMES,extinct,False,0.0
Gallicolumba_hoedtii,COLUMBIFORMES,resident,False,0.1
Gallicolumba_jobiensis,COLUMBIFORMES,nomadic,False,0.3
Gallicolumba_keayi,COLUMBIFORMES,resident,False,0.1
Gallicolumba_kubaryi,COLUMBIFORMES,resident,False,0.1
Gallicolumba_luzonica,COLUMBIFORMES,resident,False,0.1
Gallicolumba_menagei,COLUMBIFORMES,resident,False,0.1
Gallicolumba_norfolciensis,COLUMBIFORMES,extinct,False,0.0
Gallicolumba_platenae,COLUMBIFORMES,resident,False,0.1
Gallicolumba_rubescens,COLUMBIFORMES,resident,False,0.1
Gallicolumba_rufigula,COLUMBIFORMES,resident,False,0.1
Gallicolumba_salamonis,COLUMBIFORMES,extinct,False,0.0
Gallicolumba_sanctaecrucis,COLUMBIFORMES,resident,False,0.1
Gallicolumba_stairi,COLUMBIFORMES,resident,False,0.1
Gallicolumba_tristigmata,COLUMBIFORMES,resident,False,0.1
Gallicolumba_xanthonura,COLUMBIFORMES,resident,False,0.1
Gallicrex_cinerea,GRUIFORMES,directional migratory,False,1.0
Gallinago_andina,CHARADRIIFORMES,resident,False,0.1
Gallinago_delicata,CHARADRIIFORMES,directional migratory,False,1.0
Gallinago_gallinago,CHARADRIIFORMES,directional migratory,False,1.0
Gallinago_hardwickii,CHARADRIIFORMES,directional migratory,False,1.0
Gallinago_imperialis,CHARADRIIFORMES,resident,False,0.1
Gallinago_jamesoni,CHARADRIIFORMES,resident,False,0.1
Gallinago_macrodactyla,CHARADRIIFORMES,resident,False,0.1
Gallinago_media,CHARADRIIFORMES,directional migratory,False,1.0
Gallinago_megala,CHARADRIIFORMES,directional migratory,False,1.0
Gallinago_nemoricola,CHARADRIIFORMES,directional migratory,False,1.0
Gallinago_nigripennis,CHARADRIIFORMES,nomadic,False,0.3
Gallinago_nobilis,CHARADRIIFORMES,resident,False,0.1
Gallinago_paraguaiae,CHARADRIIFORMES,directional migratory,False,1.0
Gallinago_solitaria,CHARADRIIFORMES,directional migratory,False,1.0
Gallinago_stenura,CHARADRIIFORMES,directional migratory,False,1.0
Gallinago_stricklandii,CHARADRIIFORMES,directional migratory,False,1.0
Gallinago_undulata,CHARADRIIFORMES,resident,False,0.1
Gallinula_angulata,GRUIFORMES,dispersive migratory,False,0.5
Gallinula_chloropus,GRUIFORMES,directional migratory,False,1.0
Gallinula_comeri,GRUIFORMES,resident,False,0.1
Gallinula_galeata,GRUIFORMES,directional migratory,False,1.0
Gallinula_melanops,GRUIFORMES,resident,False,0.1
Gallinula_nesiotis,GRUIFORMES,extinct,False,0.0
Gallinula_pacifica,GRUIFORMES,extinct,False,0.0
Gallinula_silvestris,GRUIFORMES,resident,False,0.1
Gallinula_tenebrosa,GRUIFORMES,nomadic,False,0.3
Gallirallus_australis,GRUIFORMES,resident,False,0.1
Gallirallus_calayanensis,GRUIFORMES,resident,False,0.1
Gallirallus_dieffenbachii,GRUIFORMES,extinct,False,0.0
Gallirallus_insignis,GRUIFORMES,resident,False,0.1
Gallirallus_lafresnayanus,GRUIFORMES,resident,False,0.1
Gallirallus_modestus,GRUIFORMES,extinct,False,0.0
Gallirallus_okinawae,GRUIFORMES,resident,False,0.1
Gallirallus_owstoni,GRUIFORMES,extinct,False,0.0
Gallirallus_pacificus,GRUIFORMES,extinct,False,0.0
Gallirallus_philippensis,GRUIFORMES,dispersive migratory,False,0.5
Gallirallus_rovianae,GRUIFORMES,resident,False,0.1
Gallirallus_striatus,GRUIFORMES,resident,False,0.1
Gallirallus_sylvestris,GRUIFORMES,resident,False,0.1
Gallirallus_torquatus,GRUIFORMES,resident,False,0.1
Gallirallus_wakensis,GRUIFORMES,extinct,False,0.0
Galloperdix_bicalcarata,GALLIFORMES,resident,False,0.1
Galloperdix_lunulata,GALLIFORMES,resident,False,0.1
Galloperdix_spadicea,GALLIFORMES,resident,False,0.1
Gallus_gallus,GALLIFORMES,resident,False,0.1
Gallus_lafayetii,GALLIFORMES,resident,False,0.1
Gallus_sonneratii,GALLIFORMES,resident,False,0.1
Gallus_varius,GALLIFORMES,resident,False,0.1
Gampsonyx_swainsonii,ACCIPITRIFORMES,resident,False,0.1
Gampsorhynchus_rufulus,PASSERIFORMES,resident,False,0.1
Gampsorhynchus_torquatus,PASSERIFORMES,resident,False,0.1
Garritornis_isidorei,PASSERIFORMES,resident,False,0.1
Garrodia_nereis,PROCELLARIIFORMES,dispersive migratory,True,0.5
Garrulax_albogularis,PASSERIFORMES,resident,False,0.1
Garrulax_annamensis,PASSERIFORMES,resident,False,0.1
Garrulax_berthemyi,PASSERIFORMES,resident,False,0.1
Garrulax_bicolor,PASSERIFORMES,resident,False,0.1
Garrulax_bieti,PASSERIFORMES,resident,False,0.1
Garrulax_caerulatus,PASSERIFORMES,resident,False,0.1
Garrulax_calvus,PASSERIFORMES,resident,False,0.1
Garrulax_canorus,PASSERIFORMES,resident,False,0.1
Garrulax_castanotis,PASSERIFORMES,resident,False,0.1
Garrulax_chinensis,PASSERIFORMES,resident,False,0.1
Garrulax_cineraceus,PASSERIFORMES,resident,False,0.1
Garrulax_cinereifrons,PASSERIFORMES,resident,False,0.1
Garrulax_courtoisi,PASSERIFORMES,resident,False,0.1
Garrulax_davidi,PASSERIFORMES,resident,False,0.1
Garrulax_delesserti,PASSERIFORMES,resident,False,0.1
Garrulax_ferrarius,PASSERIFORMES,resident,False,0.1
Garrulax_galbanus,PASSERIFORMES,resident,False,0.1
Garrulax_gularis,PASSERIFORMES,resident,False,0.1
Garrulax_konkakinhensis,PASSERIFORMES,resident,False,0.1
Garrulax_leucolophus,PASSERIFORMES,resident,False,0.1
Garrulax_lugubris,PASSERIFORMES,resident,False,0.1
Garrulax_lunulatus,PASSERIFORMES,resident,False,0.1
Garrulax_maesi,PASSERIFORMES,resident,False,0.1
Garrulax_maximus,PASSERIFORMES,resident,False,0.1
Garrulax_merulinus,PASSERIFORMES,resident,False,0.1
Garrulax_milleti,PASSERIFORMES,resident,False,0.1
Garrulax_mitratus,PASSERIFORMES,resident,False,0.1
Garrulax_monileger,PASSERIFORMES,resident,False,0.1
Garrulax_nuchalis,PASSERIFORMES,resident,False,0.1
Garrulax_ocellatus,PASSERIFORMES,resident,False,0.1
Garrulax_palliatus,PASSERIFORMES,resident,False,0.1
Garrulax_pectoralis,PASSERIFORMES,resident,False,0.1
Garrulax_perspicillatus,PASSERIFORMES,resident,False,0.1
Garrulax_poecilorhynchus,PASSERIFORMES,resident,False,0.1
Garrulax_ruficeps,PASSERIFORMES,resident,False,0.1
Garrulax_ruficollis,PASSERIFORMES,resident,False,0.1
Garrulax_rufifrons,PASSERIFORMES,resident,False,0.1
Garrulax_rufogularis,PASSERIFORMES,resident,False,0.1
Garrulax_sannio,PASSERIFORMES,resident,False,0.1
Garrulax_strepitans,PASSERIFORMES,resident,False,0.1
Garrulax_striatus,PASSERIFORMES,resident,False,0.1
Garrulax_sukatschewi,PASSERIFORMES,resident,False,0.1
Garrulax_taewanus,PASSERIFORMES,resident,False,0.1
Garrulax_treacheri,PASSERIFORMES,resident,False,0.1
Garrulax_vassali,PASSERIFORMES,resident,False,0.1
Garrulus_glandarius,PASSERIFORMES,resident,False,0.1
Garrulus_lanceolatus,PASSERIFORMES,resident,False,0.1
Garrulus_lidthi,PASSERIFORMES,resident,False,0.1
Gavia_adamsii,GAVIIFORMES,directional migratory,False,1.0
Gavia_arctica,GAVIIFORMES,directional migratory,False,1.0
Gavia_immer,GAVIIFORMES,directional migratory,False,1.0
Gavia_pacifica,GAVIIFORMES,directional migratory,False,1.0
Gavia_stellata,GAVIIFORMES,directional migratory,False,1.0
Gecinulus_grantia,PICIFORMES,resident,False,0.1
Gecinulus_viridis,PICIFORMES,resident,False,0.1
Gelochelidon_nilotica,CHARADRIIFORMES,directional migratory,False,1.0
Geobiastes_squamiger,CORACIIFORMES,resident,False,0.1
Geocerthia_serrana,PASSERIFORMES,resident,False,0.1
Geococcyx_californianus,CUCULIFORMES,resident,False,0.1
Geococcyx_velox,CUCULIFORMES,resident,False,0.1
Geocolaptes_olivaceus,PICIFORMES,resident,False,0.1
Geoffroyus_geoffroyi,PSITTACIFORMES,resident,False,0.1
Geoffroyus_heteroclitus,PSITTACIFORMES,resident,False,0.1
Geoffroyus_simplex,PSITTACIFORMES,nomadic,False,0.3
Geokichla_camaronensis,PASSERIFORMES,resident,False,0.1
Geokichla_cinerea,PASSERIFORMES,resident,False,0.1
Geokichla_citrina,PASSERIFORMES,directional migratory,False,1.0
Geokichla_crossleyi,PASSERIFORMES,resident,False,0.1
Geokichla_dohertyi,PASSERIFORMES,resident,False,0.1
Geokichla_dumasi,PASSERIFORMES,resident,False,0.1
Geokichla_erythronota,PASSERIFORMES,resident,False,0.1
Geokichla_gurneyi,PASSERIFORMES,resident,False,0.1
Geokichla_guttata,PASSERIFORMES,directional migratory,False,1.0
Geokichla_interpres,PASSERIFORMES,resident,False,0.1
Geokichla_joiceyi,PASSERIFORMES,resident,False,0.1
Geokichla_leucolaema,PASSERIFORMES,resident,False,0.1
Geokichla_mendeni,PASSERIFORMES,resident,False,0.1
Geokichla_oberlaenderi,PASSERIFORMES,resident,False,0.1
Geokichla_peronii,PASSERIFORMES,resident,False,0.1
Geokichla_piaggiae,PASSERIFORMES,resident,False,0.1
Geokichla_princei,PASSERIFORMES,resident,False,0.1
Geokichla_schistacea,PASSERIFORMES,resident,False,0.1
Geokichla_sibirica,PASSERIFORMES,directional migratory,False,1.0
Geokichla_spiloptera,PASSERIFORMES,resident,False,0.1
Geokichla_wardii,PASSERIFORMES,directional migratory,False,1.0
Geomalia_heinrichi,PASSERIFORMES,resident,False,0.1
Geopelia_cuneata,COLUMBIFORMES,nomadic,False,0.3
Geopelia_humeralis,COLUMBIFORMES,resident,False,0.1
Geopelia_maugeus,COLUMBIFORMES,resident,False,0.1
Geopelia_placida,COLUMBIFORMES,resident,False,0.1
Geopelia_striata,COLUMBIFORMES,resident,False,0.1
Geophaps_plumifera,COLUMBIFORMES,resident,False,0.1
Geophaps_scripta,COLUMBIFORMES,resident,False,0.1
Geophaps_smithii,COLUMBIFORMES,dispersive migratory,False,0.5
Geositta_antarctica,PASSERIFORMES,directional migratory,False,1.0
Geositta_crassirostris,PASSERIFORMES,resident,False,0.1
Geositta_cunicularia,PASSERIFORMES,directional migratory,False,1.0
Geositta_isabellina,PASSERIFORMES,resident,False,0.1
Geositta_maritima,PASSERIFORMES,resident,False,0.1
Geositta_peruviana,PASSERIFORMES,resident,False,0.1
Geositta_poeciloptera,PASSERIFORMES,resident,False,0.1
Geositta_punensis,PASSERIFORMES,resident,False,0.1
Geositta_rufipennis,PASSERIFORMES,directional migratory,False,1.0
Geositta_saxicolina,PASSERIFORMES,resident,False,0.1
Geositta_tenuirostris,PASSERIFORMES,resident,False,0.1
Geospiza_conirostris,PASSERIFORMES,resident,False,0.1
Geospiza_difficilis,PASSERIFORMES,resident,False,0.1
Geospiza_fortis,PASSERIFORMES,resident,False,0.1
Geospiza_fuliginosa,PASSERIFORMES,resident,False,0.1
Geospiza_magnirostris,PASSERIFORMES,resident,False,0.1
Geospiza_scandens,PASSERIFORMES,resident,False,0.1
Geothlypis_aequinoctialis,PASSERIFORMES,resident,False,0.1
Geothlypis_auricularis,PASSERIFORMES,resident,False,0.1
Geothlypis_beldingi,PASSERIFORMES,resident,False,0.1
Geothlypis_chiriquensis,PASSERIFORMES,resident,False,0.1
Geothlypis_flavovelata,PASSERIFORMES,resident,False,0.1
Geothlypis_formosa,PASSERIFORMES,directional migratory,False,1.0
Geothlypis_nelsoni,PASSERIFORMES,resident,False,0.1
Geothlypis_philadelphia,PASSERIFORMES,directional migratory,False,1.0
Geothlypis_poliocephala,PASSERIFORMES,resident,False,0.1
Geothlypis_rostrata,PASSERIFORMES,resident,False,0.1
Geothlypis_semiflava,PASSERIFORMES,resident,False,0.1
Geothlypis_speciosa,PASSERIFORMES,resident,False,0.1
Geothlypis_tolmiei,PASSERIFORMES,directional migratory,False,1.0
Geothlypis_trichas,PASSERIFORMES,directional migratory,False,1.0
Geothlypis_velata,PASSERIFORMES,directional migratory,False,1.0
Geotrygon_albifacies,COLUMBIFORMES,resident,False,0.1
Geotrygon_caniceps,COLUMBIFORMES,resident,False,0.1
Geotrygon_carrikeri,COLUMBIFORMES,resident,False,0.1
Geotrygon_chiriquensis,COLUMBIFORMES,resident,False,0.1
Geotrygon_chrysia,COLUMBIFORMES,resident,False,0.1
Geotrygon_costaricensis,COLUMBIFORMES,resident,False,0.1
Geotrygon_frenata,COLUMBIFORMES,resident,False,0.1
Geotrygon_goldmani,COLUMBIFORMES,resident,False,0.1
Geotrygon_lawrencii,COLUMBIFORMES,resident,False,0.1
Geotrygon_leucometopia,COLUMBIFORMES,resident,False,0.1
Geotrygon_linearis,COLUMBIFORMES,resident,False,0.1
Geotrygon_montana,COLUMBIFORMES,nomadic,False,0.3
Geotrygon_mystacea,COLUMBIFORMES,resident,False,0.1
Geotrygon_purpurata,COLUMBIFORMES,resident,False,0.1
Geotrygon_saphirina,COLUMBIFORMES,resident,False,0.1
Geotrygon_veraguensis,COLUMBIFORMES,resident,False,0.1
Geotrygon_versicolor,COLUMBIFORMES,resident,False,0.1
Geotrygon_violacea,COLUMBIFORMES,resident,False,0.1
Geranoaetus_melanoleucus,ACCIPITRIFORMES,resident,False,0.1
Geranospiza_caerulescens,ACCIPITRIFORMES,resident,False,0.1
Geronticus_calvus,PELECANIFORMES,resident,False,0.1
Geronticus_eremita,PELECANIFORMES,directional migratory,False,1.0
Gerygone_albofrontata,PASSERIFORMES,resident,False,0.1
Gerygone_chloronota,PASSERIFORMES,resident,False,0.1
Gerygone_chrysogaster,PASSERIFORMES,resident,False,0.1
Gerygone_cinerea,PASSERIFORMES,resident,False,0.1
Gerygone_dorsalis,PASSERIFORMES,resident,False,0.1
Gerygone_flavolateralis,PASSERIFORMES,resident,False,0.1
Gerygone_fusca,PASSERIFORMES,dispersive migratory,False,0.5
Gerygone_hypoxantha,PASSERIFORMES,resident,False,0.1
Gerygone_igata,PASSERIFORMES,resident,False,0.1
Gerygone_inornata,PASSERIFORMES,resident,False,0.1
Gerygone_insularis,PASSERIFORMES,extinct,False,0.0
Gerygone_levigaster,PASSERIFORMES,resident,False,0.1
Gerygone_magnirostris,PASSERIFORMES,resident,False,0.1
Gerygone_modesta,PASSERIFORMES,resident,False,0.1
Gerygone_mouki,PASSERIFORMES,resident,False,0.1
Gerygone_olivacea,PASSERIFORMES,dispersive migratory,False,0.5
Gerygone_palpebrosa,PASSERIFORMES,resident,False,0.1
Gerygone_ruficollis,PASSERIFORMES,resident,False,0.1
Gerygone_sulphurea,PASSERIFORMES,resident,False,0.1
Gerygone_tenebrosa,PASSERIFORMES,resident,False,0.1
Glareola_cinerea,CHARADRIIFORMES,resident,False,0.1
Glareola_lactea,CHARADRIIFORMES,dispersive migratory,False,0.5
Glareola_maldivarum,CHARADRIIFORMES,directional migratory,False,1.0
Glareola_nordmanni,CHARADRIIFORMES,directional migratory,False,1.0
Glareola_nuchalis,CHARADRIIFORMES,directional migratory,False,1.0
Glareola_ocularis,CHARADRIIFORMES,directional migratory,False,1.0
Glareola_pratincola,CHARADRIIFORMES,directional migratory,False,1.0
Glaucidium_albertinum,STRIGIFORMES,resident,False,0.1
Glaucidium_bolivianum,STRIGIFORMES,resident,False,0.1
Glaucidium_brasilianum,STRIGIFORMES,resident,False,0.1
Glaucidium_brodiei,STRIGIFORMES,resident,False,0.1
Glaucidium_californicum,STRIGIFORMES,resident,False,0.1
Glaucidium_capense,STRIGIFORMES,resident,False,0.1
Glaucidium_castanopterum,STRIGIFORMES,resident,False,0.1
Glaucidium_castanotum,STRIGIFORMES,resident,False,0.1
Glaucidium_cobanense,STRIGIFORMES,resident,False,0.1
Glaucidium_costaricanum,STRIGIFORMES,resident,False,0.1
Glaucidium_cuculoides,STRIGIFORMES,resident,False,0.1
Glaucidium_gnoma,STRIGIFORMES,resident,False,0.1
Glaucidium_griseiceps,STRIGIFORMES,resident,False,0.1
Glaucidium_hardyi,STRIGIFORMES,resident,False,0.1
Glaucidium_jardinii,STRIGIFORMES,resident,False,0.1
Glaucidium_minutissimum,STRIGIFORMES,resident,False,0.1
Glaucidium_mooreorum,STRIGIFORMES,resident,False,0.1
Glaucidium_nana,STRIGIFORMES,directional migratory,False,1.0
Glaucidium_nubicola,STRIGIFORMES,resident,False,0.1
Glaucidium_palmarum,STRIGIFORMES,resident,False,0.1
Glaucidium_parkeri,STRIGIFORMES,resident,False,0.1
Glaucidium_passerinum,STRIGIFORMES,resident,False,0.1
Glaucidium_perlatum,STRIGIFORMES,resident,False,0.1
Glaucidium_peruanum,STRIGIFORMES,resident,False,0.1
Glaucidium_radiatum,STRIGIFORMES,resident,False,0.1
Glaucidium_sanchezi,STRIGIFORMES,resident,False,0.1
Glaucidium_siju,STRIGIFORMES,resident,False,0.1
Glaucidium_sjostedti,STRIGIFORMES,resident,False,0.1
Glaucidium_tephronotum,STRIGIFORMES,resident,False,0.1
Glaucis_aeneus,APODIFORMES,resident,False,0.1
Glaucis_dohrnii,APODIFORMES,resident,False,0.1
Glaucis_hirsutus,APODIFORMES,resident,False,0.1
Gliciphila_melanops,PASSERIFORMES,resident,False,0.1
Glossopsitta_concinna,PSITTACIFORMES,nomadic,False,0.3
Glossopsitta_porphyrocephala,PSITTACIFORMES,resident,False,0.1
Glossopsitta_pusilla,PSITTACIFORMES,nomadic,False,0.3
Glycichaera_fallax,PASSERIFORMES,resident,False,0.1
Glycifohia_notabilis,PASSERIFORMES,resident,False,0.1
Glycifohia_undulata,PASSERIFORMES,resident,False,0.1
Glyphorynchus_spirurus,PASSERIFORMES,resident,False,0.1
Gnorimopsar_chopi,PASSERIFORMES,resident,False,0.1
Goethalsia_bella,APODIFORMES,resident,False,0.1
Goldmania_violiceps,APODIFORMES,resident,False,0.1
Gorsachius_goisagi,PELECANIFORMES,directional migratory,False,1.0
Gorsachius_leuconotus,PELECANIFORMES,resident,False,0.1
Gorsachius_magnificus,PELECANIFORMES,directional migratory,False,1.0
Gorsachius_melanolophus,PELECANIFORMES,directional migratory,False,1.0
Goura_cristata,COLUMBIFORMES,resident,False,0.1
Goura_scheepmakeri,COLUMBIFORMES,resident,False,0.1
Goura_victoria,COLUMBIFORMES,resident,False,0.1
Gracula_enganensis,PASSERIFORMES,resident,False,0.1
Gracula_indica,PASSERIFORMES,resident,False,0.1
Gracula_ptilogenys,PASSERIFORMES,resident,False,0.1
Gracula_religiosa,PASSERIFORMES,resident,False,0.1
Gracula_robusta,PASSERIFORMES,resident,False,0.1
Gracupica_contra,PASSERIFORMES,resident,False,0.1
Gracupica_nigricollis,PASSERIFORMES,resident,False,0.1
Grafisia_torquata,PASSERIFORMES,resident,False,0.1
Grallaria_albigula,PASSERIFORMES,resident,False,0.1
Grallaria_alleni,PASSERIFORMES,resident,False,0.1
Grallaria_andicolus,PASSERIFORMES,resident,False,0.1
Grallaria_bangsi,PASSERIFORMES,resident,False,0.1
Grallaria_blakei,PASSERIFORMES,resident,False,0.1
Grallaria_capitalis,PASSERIFORMES,resident,False,0.1
Grallaria_carrikeri,PASSERIFORMES,resident,False,0.1
Grallaria_chthonia,PASSERIFORMES,resident,False,0.1
Grallaria_dignissima,PASSERIFORMES,resident,False,0.1
Grallaria_eludens,PASSERIFORMES,resident,False,0.1
Grallaria_erythroleuca,PASSERIFORMES,resident,False,0.1
Grallaria_erythrotis,PASSERIFORMES,resident,False,0.1
Grallaria_excelsa,PASSERIFORMES,resident,False,0.1
Grallaria_flavotincta,PASSERIFORMES,resident,False,0.1
Grallaria_gigantea,PASSERIFORMES,resident,False,0.1
Grallaria_griseonucha,PASSERIFORMES,resident,False,0.1
Grallaria_guatimalensis,PASSERIFORMES,resident,False,0.1
Grallaria_haplonota,PASSERIFORMES,resident,False,0.1
Grallaria_hypoleuca,PASSERIFORMES,resident,False,0.1
Grallaria_kaestneri,PASSERIFORMES,resident,False,0.1
Grallaria_milleri,PASSERIFORMES,resident,False,0.1
Grallaria_nuchalis,PASSERIFORMES,resident,False,0.1
Grallaria_przewalskii,PASSERIFORMES,resident,False,0.1
Grallaria_quitensis,PASSERIFORMES,resident,False,0.1
Grallaria_ridgelyi,PASSERIFORMES,resident,False,0.1
Grallaria_ruficapilla,PASSERIFORMES,resident,False,0.1
Grallaria_rufocinerea,PASSERIFORMES,resident,False,0.1
Grallaria_rufula,PASSERIFORMES,resident,False,0.1
Grallaria_squamigera,PASSERIFORMES,resident,False,0.1
Grallaria_urraoensis,PASSERIFORMES,resident,False,0.1
Grallaria_varia,PASSERIFORMES,resident,False,0.1
Grallaria_watkinsi,PASSERIFORMES,resident,False,0.1
Grallaricula_cucullata,PASSERIFORMES,resident,False,0.1
Grallaricula_cumanensis,PASSERIFORMES,resident,False,0.1
Grallaricula_ferrugineipectus,PASSERIFORMES,resident,False,0.1
Grallaricula_flavirostris,PASSERIFORMES,resident,False,0.1
Grallaricula_lineifrons,PASSERIFORMES,resident,False,0.1
Grallaricula_loricata,PASSERIFORMES,resident,False,0.1
Grallaricula_nana,PASSERIFORMES,resident,False,0.1
Grallaricula_ochraceifrons,PASSERIFORMES,resident,False,0.1
Grallaricula_peruviana,PASSERIFORMES,resident,False,0.1
Grallina_bruijnii,PASSERIFORMES,resident,False,0.1
Grallina_cyanoleuca,PASSERIFORMES,resident,False,0.1
Graminicola_bengalensis,PASSERIFORMES,resident,False,0.1
Graminicola_striatus,PASSERIFORMES,resident,False,0.1
Granatellus_pelzelni,PASSERIFORMES,resident,False,0.1
Granatellus_sallaei,PASSERIFORMES,resident,False,0.1
Granatellus_venustus,PASSERIFORMES,resident,False,0.1
Grandala_coelicolor,PASSERIFORMES,dispersive migratory,False,0.5
Grantiella_picta,PASSERIFORMES,directional migratory,False,1.0
Graueria_vittata,PASSERIFORMES,resident,False,0.1
Graydidascalus_brachyurus,PSITTACIFORMES,resident,False,0.1
Griseotyrannus_aurantioatrocristatus,PASSERIFORMES,directional migratory,False,1.0
Grus_americana,GRUIFORMES,directional migratory,False,1.0
Grus_antigone,GRUIFORMES,directional migratory,False,1.0
Grus_canadensis,GRUIFORMES,directional migratory,False,1.0
Grus_carunculata,GRUIFORMES,nomadic,False,0.3
Grus_grus,GRUIFORMES,directional migratory,False,1.0
Grus_japonensis,GRUIFORMES,directional migratory,False,1.0
Grus_leucogeranus,GRUIFORMES,directional migratory,False,1.0
Grus_monacha,GRUIFORMES,directional migratory,False,1.0
Grus_nigricollis,GRUIFORMES,directional migratory,False,1.0
Grus_paradisea,GRUIFORMES,resident,False,0.1
Grus_rubicunda,GRUIFORMES,resident,False,0.1
Grus_vipio,GRUIFORMES,directional migratory,False,1.0
Grus_virgo,GRUIFORMES,directional migratory,False,1.0
Guadalcanaria_inexpectata,PASSERIFORMES,resident,False,0.1
Guaruba_guarouba,PSITTACIFORMES,nomadic,False,0.3
Gubernatrix_cristata,PASSERIFORMES,resident,False,0.1
Gubernetes_yetapa,PASSERIFORMES,resident,False,0.1
Guira_guira,CUCULIFORMES,resident,False,0.1
Guttera_plumifera,GALLIFORMES,resident,False,0.1
Guttera_pucherani,GALLIFORMES,resident,False,0.1
Gyalophylax_hellmayri,PASSERIFORMES,resident,False,0.1
Gygis_alba,CHARADRIIFORMES,dispersive migratory,True,0.5
Gymnobucco_bonapartei,PICIFORMES,resident,False,0.1
Gymnobucco_calvus,PICIFORMES,resident,False,0.1
Gymnobucco_peli,PICIFORMES,resident,False,0.1
Gymnobucco_sladeni,PICIFORMES,resident,False,0.1
Gymnocichla_nudiceps,PASSERIFORMES,resident,False,0.1
Gymnocrex_plumbeiventris,GRUIFORMES,resident,False,0.1
Gymnocrex_rosenbergii,GRUIFORMES,resident,False,0.1
Gymnocrex_talaudensis,GRUIFORMES,resident,False,0.1
Gymnoderus_foetidus,PASSERIFORMES,resident,False,0.1
Gymnoglaux_lawrencii,STRIGIFORMES,resident,False,0.1
Gymnogyps_californianus,ACCIPITRIFORMES,resident,False,0.1
Gymnomystax_mexicanus,PASSERIFORMES,resident,False,0.1
Gymnomyza_aubryana,PASSERIFORMES,resident,False,0.1
Gymnomyza_samoensis,PASSERIFORMES,resident,False,0.1
Gymnomyza_viridis,PASSERIFORMES,resident,False,0.1
Gymnophaps_albertisii,COLUMBIFORMES,resident,False,0.1
Gymnophaps_mada,COLUMBIFORMES,resident,False,0.1
Gymnophaps_solomonensis,COLUMBIFORMES,resident,False,0.1
Gymnophaps_stalkeri,COLUMBIFORMES,resident,False,0.1
Gymnopithys_leucaspis,PASSERIFORMES,resident,False,0.1
Gymnopithys_lunulatus,PASSERIFORMES,resident,False,0.1
Gymnopithys_rufigula,PASSERIFORMES,resident,False,0.1
Gymnopithys_salvini,PASSERIFORMES,resident,False,0.1
Gymnorhina_tibicen,PASSERIFORMES,resident,False,0.1
Gymnorhinus_cyanocephalus,PASSERIFORMES,resident,False,0.1
Gymnoris_dentata,PASSERIFORMES,dispersive migratory,False,0.5
Gymnoris_pyrgita,PASSERIFORMES,resident,False,0.1
Gymnoris_superciliaris,PASSERIFORMES,resident,False,0.1
Gymnoris_xanthocollis,PASSERIFORMES,directional migratory,False,1.0
Gypaetus_barbatus,ACCIPITRIFORMES,resident,False,0.1
Gypohierax_angolensis,ACCIPITRIFORMES,resident,False,0.1
Gyps_africanus,ACCIPITRIFORMES,resident,False,0.1
Gyps_bengalensis,ACCIPITRIFORMES,resident,False,0.1
Gyps_coprotheres,ACCIPITRIFORMES,resident,False,0.1
Gyps_fulvus,ACCIPITRIFORMES,directional migratory,False,1.0
Gyps_himalayensis,ACCIPITRIFORMES,resident,False,0.1
Gyps_indicus,ACCIPITRIFORMES,resident,False,0.1
Gyps_rueppellii,ACCIPITRIFORMES,resident,False,0.1
Gyps_tenuirostris,ACCIPITRIFORMES,resident,False,0.1
Habia_atrimaxillaris,PASSERIFORMES,resident,False,0.1
Habia_cristata,PASSERIFORMES,resident,False,0.1
Habia_fuscicauda,PASSERIFORMES,resident,False,0.1
Habia_gutturalis,PASSERIFORMES,resident,False,0.1
Habia_rubica,PASSERIFORMES,resident,False,0.1
Habroptila_wallacii,GRUIFORMES,resident,False,0.1
Haematoderus_militaris,PASSERIFORMES,resident,False,0.1
Haematopus_ater,CHARADRIIFORMES,directional migratory,False,1.0
Haematopus_bachmani,CHARADRIIFORMES,dispersive migratory,False,0.5
Haematopus_chathamensis,CHARADRIIFORMES,resident,False,0.1
Haematopus_finschi,CHARADRIIFORMES,dispersive migratory,False,0.5
Haematopus_fuliginosus,CHARADRIIFORMES,resident,False,0.1
Haematopus_leucopodus,CHARADRIIFORMES,directional migratory,False,1.0
Haematopus_longirostris,CHARADRIIFORMES,resident,False,0.1
Haematopus_meadewaldoi,CHARADRIIFORMES,extinct,False,0.0
Haematopus_moquini,CHARADRIIFORMES,resident,False,0.1
Haematopus_ostralegus,CHARADRIIFORMES,directional migratory,False,1.0
Haematopus_palliatus,CHARADRIIFORMES,directional migratory,False,1.0
Haematopus_unicolor,CHARADRIIFORMES,resident,False,0.1
Haematortyx_sanguiniceps,GALLIFORMES,resident,False,0.1
Haematospiza_sipahi,PASSERIFORMES,directional migratory,False,1.0
Halcyon_albiventris,CORACIIFORMES,resident,False,0.1
Halcyon_badia,CORACIIFORMES,resident,False,0.1
Halcyon_chelicuti,CORACIIFORMES,resident,False,0.1
Halcyon_coromanda,CORACIIFORMES,directional migratory,False,1.0
Halcyon_cyanoventris,CORACIIFORMES,resident,False,0.1
Halcyon_leucocephala,CORACIIFORMES,directional migratory,False,1.0
Halcyon_malimbica,CORACIIFORMES,resident,False,0.1
Halcyon_pileata,CORACIIFORMES,directional migratory,False,1.0
Halcyon_senegalensis,CORACIIFORMES,directional migratory,False,1.0
Halcyon_senegaloides,CORACIIFORMES,dispersive migratory,False,0.5
Halcyon_smyrnensis,CORACIIFORMES,resident,False,0.1
Haliaeetus_albicilla,ACCIPITRIFORMES,directional migratory,False,1.0
Haliaeetus_leucocephalus,ACCIPITRIFORMES,directional migratory,False,1.0
Haliaeetus_leucogaster,ACCIPITRIFORMES,resident,False,0.1
Haliaeetus_leucoryphus,ACCIPITRIFORMES,directional migratory,False,1.0
Haliaeetus_pelagicus,ACCIPITRIFORMES,directional migratory,False,1.0
Haliaeetus_sanfordi,ACCIPITRIFORMES,resident,False,0.1
Haliaeetus_vocifer,ACCIPITRIFORMES,resident,False,0.1
Haliaeetus_vociferoides,ACCIPITRIFORMES,resident,False,0.1
Haliastur_indus,ACCIPITRIFORMES,resident,False,0.1
Haliastur_sphenurus,ACCIPITRIFORMES,directional migratory,False,1.0
Halobaena_caerulea,PROCELLARIIFORMES,dispersive migratory,True,0.5
Hamirostra_melanosternon,ACCIPITRIFORMES,directional migratory,False,1.0
Hapalopsittaca_amazonina,PSITTACIFORMES,resident,False,0.1
Hapalopsittaca_fuertesi,PSITTACIFORMES,resident,False,0.1
Hapalopsittaca_melanotis,PSITTACIFORMES,resident,False,0.1
Hapalopsittaca_pyrrhops,PSITTACIFORMES,resident,False,0.1
Hapaloptila_castanea,PICIFORMES,resident,False,0.1
Haplochelidon_andecola,PASSERIFORMES,resident,False,0.1
Haplophaedia_assimilis,APODIFORMES,resident,False,0.1
Haplophaedia_aureliae,APODIFORMES,resident,False,0.1
Haplophaedia_lugens,APODIFORMES,resident,False,0.1
Haplospiza_rustica,PASSERIFORMES,resident,False,0.1
Haplospiza_unicolor,PASSERIFORMES,resident,False,0.1
Harpactes_ardens,TROGONIFORMES,resident,False,0.1
Harpactes_diardii,TROGONIFORMES,resident,False,0.1
Harpactes_duvaucelii,TROGONIFORMES,resident,False,0.1
Harpactes_erythrocephalus,TROGONIFORMES,resident,False,0.1
Harpactes_fasciatus,TROGONIFORMES,resident,False,0.1
Harpactes_kasumba,TROGONIFORMES,resident,False,0.1
Harpactes_oreskios,TROGONIFORMES,resident,False,0.1
Harpactes_orrhophaeus,TROGONIFORMES,resident,False,0.1
Harpactes_wardi,TROGONIFORMES,resident,False,0.1
Harpactes_whiteheadi,TROGONIFORMES,resident,False,0.1
Harpagus_bidentatus,ACCIPITRIFORMES,resident,False,0.1
Harpagus_diodon,ACCIPITRIFORMES,directional migratory,False,1.0
Harpia_harpyja,ACCIPITRIFORMES,resident,False,0.1
Harpyhaliaetus_coronatus,ACCIPITRIFORMES,resident,False,0.1
Harpyhaliaetus_solitarius,ACCIPITRIFORMES,resident,False,0.1
Harpyopsis_novaeguineae,ACCIPITRIFORMES,resident,False,0.1
Hartertula_flavoviridis,PASSERIFORMES,resident,False,0.1
Hartlaubius_auratus,PASSERIFORMES,resident,False,0.1
Hedydipna_collaris,PASSERIFORMES,resident,False,0.1
Hedydipna_metallica,PASSERIFORMES,dispersive migratory,False,0.5
Hedydipna_pallidigaster,PASSERIFORMES,resident,False,0.1
Hedydipna_platura,PASSERIFORMES,dispersive migratory,False,0.5
Heinrichia_calligyna,PASSERIFORMES,resident,False,0.1
Heleia_crassirostris,PASSERIFORMES,resident,False,0.1
Heleia_muelleri,PASSERIFORMES,resident,False,0.1
Heliactin_bilophus,APODIFORMES,dispersive migratory,False,0.5
Heliangelus_amethysticollis,APODIFORMES,resident,False,0.1
Heliangelus_exortis,APODIFORMES,resident,False,0.1
Heliangelus_mavors,APODIFORMES,resident,False,0.1
Heliangelus_micraster,APODIFORMES,resident,False,0.1
Heliangelus_regalis,APODIFORMES,resident,False,0.1
Heliangelus_strophianus,APODIFORMES,resident,False,0.1
Heliangelus_viola,APODIFORMES,resident,False,0.1
Heliangelus_zusii,APODIFORMES,extinct,False,0.0
Helicolestes_hamatus,ACCIPITRIFORMES,resident,False,0.1
Heliobletus_contaminatus,PASSERIFORMES,resident,False,0.1
Heliodoxa_aurescens,APODIFORMES,resident,False,0.1
Heliodoxa_branickii,APODIFORMES,resident,False,0.1
Heliodoxa_gularis,APODIFORMES,resident,False,0.1
Heliodoxa_imperatrix,APODIFORMES,resident,False,0.1
Heliodoxa_jacula,APODIFORMES,resident,False,0.1
Heliodoxa_leadbeateri,APODIFORMES,resident,False,0.1
Heliodoxa_rubinoides,APODIFORMES,resident,False,0.1
Heliodoxa_schreibersii,APODIFORMES,resident,False,0.1
Heliodoxa_xanthogonys,APODIFORMES,resident,False,0.1
Heliolais_erythropterus,PASSERIFORMES,resident,False,0.1
Heliomaster_constantii,APODIFORMES,directional migratory,False,1.0
Heliomaster_furcifer,APODIFORMES,resident,False,0.1
Heliomaster_longirostris,APODIFORMES,resident,False,0.1
Heliomaster_squamosus,APODIFORMES,resident,False,0.1
Heliopais_personatus,GRUIFORMES,directional migratory,False,1.0
Heliornis_fulica,GRUIFORMES,resident,False,0.1
Heliothryx_auritus,APODIFORMES,resident,False,0.1
Heliothryx_barroti,APODIFORMES,resident,False,0.1
Hellmayrea_gularis,PASSERIFORMES,resident,False,0.1
Helmitheros_vermivorum,PASSERIFORMES,directional migratory,False,1.0
Hemicircus_canente,PICIFORMES,resident,False,0.1
Hemicircus_concretus,PICIFORMES,resident,False,0.1
Hemignathus_ellisianus,PASSERIFORMES,extinct,False,0.0
Hemignathus_flavus,PASSERIFORMES,resident,False,0.1
Hemignathus_kauaiensis,PASSERIFORMES,resident,False,0.1
Hemignathus_lucidus,PASSERIFORMES,extinct,False,0.0
Hemignathus_munroi,PASSERIFORMES,resident,False,0.1
Hemignathus_obscurus,PASSERIFORMES,extinct,False,0.0
Hemignathus_sagittirostris,PASSERIFORMES,extinct,False,0.0
Hemignathus_virens,PASSERIFORMES,resident,False,0.1
Hemiphaga_chathamensis,COLUMBIFORMES,resident,False,0.1
Hemiphaga_novaeseelandiae,COLUMBIFORMES,resident,False,0.1
Hemiprocne_comata,APODIFORMES,resident,False,0.1
Hemiprocne_coronata,APODIFORMES,resident,False,0.1
Hemiprocne_longipennis,APODIFORMES,resident,False,0.1
Hemiprocne_mystacea,APODIFORMES,resident,False,0.1
Hemipus_hirundinaceus,PASSERIFORMES,resident,False,0.1
Hemipus_picatus,PASSERIFORMES,resident,False,0.1
Hemispingus_atropileus,PASSERIFORMES,resident,False,0.1
Hemispingus_auricularis,PASSERIFORMES,resident,False,0.1
Hemispingus_calophrys,PASSERIFORMES,resident,False,0.1
Hemispingus_frontalis,PASSERIFORMES,resident,False,0.1
Hemispingus_goeringi,PASSERIFORMES,resident,False,0.1
Hemispingus_melanotis,PASSERIFORMES,resident,False,0.1
Hemispingus_ochraceus,PASSERIFORMES,resident,False,0.1
Hemispingus_parodii,PASSERIFORMES,resident,False,0.1
Hemispingus_piurae,PASSERIFORMES,resident,False,0.1
Hemispingus_reyi,PASSERIFORMES,resident,False,0.1
Hemispingus_rufosuperciliaris,PASSERIFORMES,resident,False,0.1
Hemispingus_superciliaris,PASSERIFORMES,resident,False,0.1
Hemispingus_trifasciatus,PASSERIFORMES,resident,False,0.1
Hemispingus_verticalis,PASSERIFORMES,resident,False,0.1
Hemispingus_xanthophthalmus,PASSERIFORMES,resident,False,0.1
Hemithraupis_flavicollis,PASSERIFORMES,resident,False,0.1
Hemithraupis_guira,PASSERIFORMES,resident,False,0.1
Hemithraupis_ruficapilla,PASSERIFORMES,resident,False,0.1
Hemitriccus_cinnamomeipectus,PASSERIFORMES,resident,False,0.1
Hemitriccus_diops,PASSERIFORMES,resident,False,0.1
Hemitriccus_flammulatus,PASSERIFORMES,resident,False,0.1
Hemitriccus_furcatus,PASSERIFORMES,resident,False,0.1
Hemitriccus_granadensis,PASSERIFORMES,resident,False,0.1
Hemitriccus_griseipectus,PASSERIFORMES,resident,False,0.1
Hemitriccus_inornatus,PASSERIFORMES,resident,False,0.1
Hemitriccus_iohannis,PASSERIFORMES,resident,False,0.1
Hemitriccus_josephinae,PASSERIFORMES,resident,False,0.1
Hemitriccus_kaempferi,PASSERIFORMES,resident,False,0.1
Hemitriccus_margaritaceiventer,PASSERIFORMES,resident,False,0.1
Hemitriccus_minimus,PASSERIFORMES,resident,False,0.1
Hemitriccus_minor,PASSERIFORMES,resident,False,0.1
Hemitriccus_mirandae,PASSERIFORMES,resident,False,0.1
Hemitriccus_nidipendulus,PASSERIFORMES,resident,False,0.1
Hemitriccus_obsoletus,PASSERIFORMES,resident,False,0.1
Hemitriccus_orbitatus,PASSERIFORMES,resident,False,0.1
Hemitriccus_rufigularis,PASSERIFORMES,resident,False,0.1
Hemitriccus_spodiops,PASSERIFORMES,resident,False,0.1
Hemitriccus_striaticollis,PASSERIFORMES,resident,False,0.1
Hemitriccus_zosterops,PASSERIFORMES,resident,False,0.1
Hemixos_castanonotus,PASSERIFORMES,resident,False,0.1
Hemixos_cinereus,PASSERIFORMES,resident,False,0.1
Hemixos_flavala,PASSERIFORMES,resident,False,0.1
Henicopernis_infuscatus,ACCIPITRIFORMES,resident,False,0.1
Henicopernis_longicauda,ACCIPITRIFORMES,resident,False,0.1
Henicophaps_albifrons,COLUMBIFORMES,resident,False,0.1
Henicophaps_foersteri,COLUMBIFORMES,resident,False,0.1
Henicorhina_leucophrys,PASSERIFORMES,resident,False,0.1
Henicorhina_leucoptera,PASSERIFORMES,resident,False,0.1
Henicorhina_leucosticta,PASSERIFORMES,resident,False,0.1
Henicorhina_negreti,PASSERIFORMES,resident,False,0.1
Herpetotheres_cachinnans,FALCONIFORMES,resident,False,0.1
Herpsilochmus_atricapillus,PASSERIFORMES,resident,False,0.1
Herpsilochmus_axillaris,PASSERIFORMES,resident,False,0.1
Herpsilochmus_dorsimaculatus,PASSERIFORMES,resident,False,0.1
Herpsilochmus_dugandi,PASSERIFORMES,resident,False,0.1
Herpsilochmus_gentryi,PASSERIFORMES,resident,False,0.1
Herpsilochmus_longirostris,PASSERIFORMES,resident,False,0.1
Herpsilochmus_motacilloides,PASSERIFORMES,resident,False,0.1
Herpsilochmus_parkeri,PASSERIFORMES,resident,False,0.1
Herpsilochmus_pectoralis,PASSERIFORMES,resident,False,0.1
Herpsilochmus_pileatus,PASSERIFORMES,resident,False,0.1
Herpsilochmus_roraimae,PASSERIFORMES,resident,False,0.1
Herpsilochmus_rufimarginatus,PASSERIFORMES,resident,False,0.1
Herpsilochmus_sellowi,PASSERIFORMES,resident,False,0.1
Herpsilochmus_stictocephalus,PASSERIFORMES,resident,False,0.1
Herpsilochmus_sticturus,PASSERIFORMES,resident,False,0.1
Hesperiphona_abeillei,PASSERIFORMES,resident,False,0.1
Hesperiphona_vespertina,PASSERIFORMES,directional migratory,False,1.0
Heteralocha_acutirostris,PASSERIFORMES,extinct,False,0.0
Heterocercus_aurantiivertex,PASSERIFORMES,resident,False,0.1
Heterocercus_flavivertex,PASSERIFORMES,resident,False,0.1
Heterocercus_linteatus,PASSERIFORMES,resident,False,0.1
Heteroglaux_blewitti,STRIGIFORMES,resident,False,0.1
Heteromirafra_archeri,PASSERIFORMES,resident,False,0.1
Heteromirafra_ruddi,PASSERIFORMES,resident,False,0.1
Heteromirafra_sidamoensis,PASSERIFORMES,resident,False,0.1
Heteromunia_pectoralis,PASSERIFORMES,nomadic,False,0.3
Heteromyias_albispecularis,PASSERIFORMES,resident,False,0.1
Heteromyias_cinereifrons,PASSERIFORMES,resident,False,0.1
Heteronetta_atricapilla,ANSERIFORMES,directional migratory,False,1.0
Heterophasia_annectans,PASSERIFORMES,resident,False,0.1
Heterophasia_auricularis,PASSERIFORMES,resident,False,0.1
Heterophasia_capistrata,PASSERIFORMES,resident,False,0.1
Heterophasia_desgodinsi,PASSERIFORMES,resident,False,0.1
Heterophasia_gracilis,PASSERIFORMES,resident,False,0.1
Heterophasia_melanoleuca,PASSERIFORMES,resident,False,0.1
Heterophasia_picaoides,PASSERIFORMES,resident,False,0.1
Heterophasia_pulchella,PASSERIFORMES,resident,False,0.1
Heterospingus_rubrifrons,PASSERIFORMES,resident,False,0.1
Heterospingus_xanthopygius,PASSERIFORMES,resident,False,0.1
Heteroxenicus_stellatus,PASSERIFORMES,resident,False,0.1
Heteroxolmis_dominicana,PASSERIFORMES,resident,False,0.1
Hieraaetus_ayresii,ACCIPITRIFORMES,dispersive migratory,False,0.5
Hieraaetus_morphnoides,ACCIPITRIFORMES,directional migratory,False,1.0
Hieraaetus_pennatus,ACCIPITRIFORMES,directional migratory,False,1.0
Hieraaetus_wahlbergi,ACCIPITRIFORMES,directional migratory,False,1.0
Hieraaetus_weiskei,ACCIPITRIFORMES,resident,False,0.1
Hierococcyx_bocki,CUCULIFORMES,resident,False,0.1
Hierococcyx_fugax,CUCULIFORMES,resident,False,0.1
Hierococcyx_hyperythrus,CUCULIFORMES,directional migratory,False,1.0
Hierococcyx_nisicolor,CUCULIFORMES,directional migratory,False,1.0
Hierococcyx_pectoralis,CUCULIFORMES,resident,False,0.1
Hierococcyx_sparverioides,CUCULIFORMES,directional migratory,False,1.0
Hierococcyx_vagans,CUCULIFORMES,resident,False,0.1
Hierococcyx_varius,CUCULIFORMES,directional migratory,False,1.0
Himantopus_himantopus,CHARADRIIFORMES,directional migratory,False,1.0
Himantopus_leucocephalus,CHARADRIIFORMES,directional migratory,False,1.0
Himantopus_melanurus,CHARADRIIFORMES,resident,False,0.1
Himantopus_mexicanus,CHARADRIIFORMES,directional migratory,False,1.0
Himantopus_novaezelandiae,CHARADRIIFORMES,resident,False,0.1
Himantornis_haematopus,GRUIFORMES,resident,False,0.1
Himatione_fraithii,PASSERIFORMES,extinct,False,0.0
Himatione_sanguinea,PASSERIFORMES,resident,False,0.1
Hippolais_icterina,PASSERIFORMES,directional migratory,False,1.0
Hippolais_languida,PASSERIFORMES,directional migratory,False,1.0
Hippolais_olivetorum,PASSERIFORMES,directional migratory,False,1.0
Hippolais_polyglotta,PASSERIFORMES,directional migratory,False,1.0
Hirundapus_caudacutus,APODIFORMES,directional migratory,False,1.0
Hirundapus_celebensis,APODIFORMES,resident,False,0.1
Hirundapus_cochinchinensis,APODIFORMES,directional migratory,False,1.0
Hirundapus_giganteus,APODIFORMES,directional migratory,False,1.0
Hirundinea_ferruginea,PASSERIFORMES,directional migratory,False,1.0
Hirundo_aethiopica,PASSERIFORMES,dispersive migratory,False,0.5
Hirundo_albigularis,PASSERIFORMES,directional migratory,False,1.0
Hirundo_angolensis,PASSERIFORMES,resident,False,0.1
Hirundo_atrocaerulea,PASSERIFORMES,directional migratory,False,1.0
Hirundo_dimidiata,PASSERIFORMES,directional migratory,False,1.0
Hirundo_domicola,PASSERIFORMES,resident,False,0.1
Hirundo_leucosoma,PASSERIFORMES,dispersive migratory,False,0.5
Hirundo_lucida,PASSERIFORMES,resident,False,0.1
Hirundo_megaensis,PASSERIFORMES,resident,False,0.1
Hirundo_neoxena,PASSERIFORMES,directional migratory,False,1.0
Hirundo_nigrita,PASSERIFORMES,resident,False,0.1
Hirundo_nigrorufa,PASSERIFORMES,resident,False,0.1
Hirundo_rustica,PASSERIFORMES,directional migratory,False,1.0
Hirundo_smithii,PASSERIFORMES,directional migratory,False,1.0
Hirundo_tahitica,PASSERIFORMES,resident,False,0.1
Histrionicus_histrionicus,ANSERIFORMES,dispersive migratory,False,0.5
Histurgops_ruficauda,PASSERIFORMES,resident,False,0.1
Hodgsonius_phoenicuroides,PASSERIFORMES,directional migratory,False,1.0
Hoploxypterus_cayanus,CHARADRIIFORMES,resident,False,0.1
Horizorhinus_dohrni,PASSERIFORMES,resident,False,0.1
Horornis_acanthizoides,PASSERIFORMES,resident,False,0.1
Horornis_annae,PASSERIFORMES,resident,False,0.1
Horornis_borealis,PASSERIFORMES,directional migratory,False,1.0
Horornis_brunnescens,PASSERIFORMES,resident,False,0.1
Horornis_carolinae,PASSERIFORMES,resident,False,0.1
Horornis_diphone,PASSERIFORMES,directional migratory,False,1.0
Horornis_flavolivaceus,PASSERIFORMES,dispersive migratory,False,0.5
Horornis_fortipes,PASSERIFORMES,dispersive migratory,False,0.5
Horornis_haddeni,PASSERIFORMES,resident,False,0.1
Horornis_parens,PASSERIFORMES,resident,False,0.1
Horornis_ruficapilla,PASSERIFORMES,resident,False,0.1
Horornis_seebohmi,PASSERIFORMES,resident,False,0.1
Horornis_vulcanius,PASSERIFORMES,resident,False,0.1
Houbaropsis_bengalensis,OTIDIFORMES,dispersive migratory,False,0.5
Humblotia_flavirostris,PASSERIFORMES,resident,False,0.1
Hydrobates_pelagicus,PROCELLARIIFORMES,directional migratory,True,1.5
Hydrochous_gigas,APODIFORMES,resident,False,0.1
Hydrocoloeus_minutus,CHARADRIIFORMES,directional migratory,False,1.0
Hydrophasianus_chirurgus,CHARADRIIFORMES,directional migratory,False,1.0
Hydroprogne_caspia,CHARADRIIFORMES,directional migratory,False,1.0
Hydropsalis_climacocerca,CAPRIMULGIFORMES,resident,False,0.1
Hydropsalis_torquata,CAPRIMULGIFORMES,directional migratory,False,1.0
Hydrornis_baudii,PASSERIFORMES,resident,False,0.1
Hydrornis_caeruleus,PASSERIFORMES,resident,False,0.1
Hydrornis_cyaneus,PASSERIFORMES,resident,False,0.1
Hydrornis_elliotii,PASSERIFORMES,resident,False,0.1
Hydrornis_guajanus,PASSERIFORMES,resident,False,0.1
Hydrornis_gurneyi,PASSERIFORMES,resident,False,0.1
Hydrornis_irena,PASSERIFORMES,resident,False,0.1
Hydrornis_nipalensis,PASSERIFORMES,resident,False,0.1
Hydrornis_oatesi,PASSERIFORMES,resident,False,0.1
Hydrornis_phayrei,PASSERIFORMES,resident,False,0.1
Hydrornis_schneideri,PASSERIFORMES,resident,False,0.1
Hydrornis_schwaneri,PASSERIFORMES,resident,False,0.1
Hydrornis_soror,PASSERIFORMES,resident,False,0.1
Hylexetastes_brigidai,PASSERIFORMES,resident,False,0.1
Hylexetastes_perrotii,PASSERIFORMES,resident,False,0.1
Hylexetastes_stresemanni,PASSERIFORMES,resident,False,0.1
Hylexetastes_uniformis,PASSERIFORMES,resident,False,0.1
Hylia_prasina,PASSERIFORMES,resident,False,0.1
Hyliota_australis,PASSERIFORMES,resident,False,0.1
Hyliota_flavigaster,PASSERIFORMES,resident,False,0.1
Hyliota_usambara,PASSERIFORMES,resident,False,0.1
Hyliota_violacea,PASSERIFORMES,resident,False,0.1
Hylocharis_chrysura,APODIFORMES,resident,False,0.1
Hylocharis_cyanus,APODIFORMES,resident,False,0.1
Hylocharis_eliciae,APODIFORMES,resident,False,0.1
Hylocharis_grayi,APODIFORMES,resident,False,0.1
Hylocharis_humboldtii,APODIFORMES,resident,False,0.1
Hylocharis_sapphirina,APODIFORMES,resident,False,0.1
Hylocichla_mustelina,PASSERIFORMES,directional migratory,False,1.0
Hylocitrea_bonensis,PASSERIFORMES,resident,False,0.1
Hylocryptus_erythrocephalus,PASSERIFORMES,resident,False,0.1
Hylocryptus_rectirostris,PASSERIFORMES,resident,False,0.1
Hyloctistes_subulatus,PASSERIFORMES,resident,False,0.1
Hyloctistes_virgatus,PASSERIFORMES,resident,False,0.1
Hylomanes_momotula,CORACIIFORMES,resident,False,0.1
Hylonympha_macrocerca,APODIFORMES,resident,False,0.1
Hylopezus_auricularis,PASSERIFORMES,resident,False,0.1
Hylopezus_berlepschi,PASSERIFORMES,resident,False,0.1
Hylopezus_dives,PASSERIFORMES,resident,False,0.1
Hylopezus_fulviventris,PASSERIFORMES,resident,False,0.1
Hylopezus_macularius,PASSERIFORMES,resident,False,0.1
Hylopezus_nattereri,PASSERIFORMES,resident,False,0.1
Hylopezus_ochroleucus,PASSERIFORMES,resident,False,0.1
Hylopezus_perspicillatus,PASSERIFORMES,resident,False,0.1
Hylophilus_amaurocephalus,PASSERIFORMES,resident,False,0.1
Hylophilus_aurantiifrons,PASSERIFORMES,resident,False,0.1
Hylophilus_brunneiceps,PASSERIFORMES,resident,False,0.1
Hylophilus_decurtatus,PASSERIFORMES,resident,False,0.1
Hylophilus_flavipes,PASSERIFORMES,resident,False,0.1
Hylophilus_hypoxanthus,PASSERIFORMES,resident,False,0.1
Hylophilus_muscicapinus,PASSERIFORMES,resident,False,0.1
Hylophilus_ochraceiceps,PASSERIFORMES,resident,False,0.1
Hylophilus_olivaceus,PASSERIFORMES,resident,False,0.1
Hylophilus_pectoralis,PASSERIFORMES,resident,False,0.1
Hylophilus_poicilotis,PASSERIFORMES,resident,False,0.1
Hylophilus_sclateri,PASSERIFORMES,resident,False,0.1
Hylophilus_semibrunneus,PASSERIFORMES,resident,False,0.1
Hylophilus_semicinereus,PASSERIFORMES,resident,False,0.1
Hylophilus_thoracicus,PASSERIFORMES,resident,False,0.1
Hylophylax_naevioides,PASSERIFORMES,resident,False,0.1
Hylophylax_naevius,PASSERIFORMES,resident,False,0.1
Hylophylax_punctulatus,PASSERIFORMES,resident,False,0.1
Hylopsar_cupreocauda,PASSERIFORMES,resident,False,0.1
Hylopsar_purpureiceps,PASSERIFORMES,resident,False,0.1
Hylorchilus_navai,PASSERIFORMES,resident,False,0.1
Hylorchilus_sumichrasti,PASSERIFORMES,resident,False,0.1
Hymenolaimus_malacorhynchos,ANSERIFORMES,resident,False,0.1
Hymenops_perspicillatus,PASSERIFORMES,directional migratory,False,1.0
Hypargos_margaritatus,PASSERIFORMES,resident,False,0.1
Hypargos_niveoguttatus,PASSERIFORMES,resident,False,0.1
Hypergerus_atriceps,PASSERIFORMES,resident,False,0.1
Hypnelus_ruficollis,PICIFORMES,resident,False,0.1
Hypocnemis_cantator,PASSERIFORMES,resident,False,0.1
Hypocnemis_flavescens,PASSERIFORMES,resident,False,0.1
Hypocnemis_hypoxantha,PASSERIFORMES,resident,False,0.1
Hypocnemis_ochrogyna,PASSERIFORMES,resident,False,0.1
Hypocnemis_peruviana,PASSERIFORMES,resident,False,0.1
Hypocnemis_striata,PASSERIFORMES,resident,False,0.1
Hypocnemis_subflava,PASSERIFORMES,resident,False,0.1
Hypocnemoides_maculicauda,PASSERIFORMES,resident,False,0.1
Hypocnemoides_melanopogon,PASSERIFORMES,resident,False,0.1
Hypocolius_ampelinus,PASSERIFORMES,directional migratory,False,1.0
Hypocryptadius_cinnamomeus,PASSERIFORMES,resident,False,0.1
Hypoedaleus_guttatus,PASSERIFORMES,resident,False,0.1
Hypogramma_hypogrammicum,PASSERIFORMES,resident,False,0.1
Hypopyrrhus_pyrohypogaster,PASSERIFORMES,resident,False,0.1
Hypositta_corallirostris,PASSERIFORMES,resident,False,0.1
Hypothymis_azurea,PASSERIFORMES,resident,False,0.1
Hypothymis_coelestis,PASSERIFORMES,resident,False,0.1
Hypothymis_helenae,PASSERIFORMES,resident,False,0.1
Hypsipetes_amaurotis,PASSERIFORMES,directional migratory,False,1.0
Hypsipetes_borbonicus,PASSERIFORMES,resident,False,0.1
Hypsipetes_crassirostris,PASSERIFORMES,resident,False,0.1
Hypsipetes_everetti,PASSERIFORMES,resident,False,0.1
Hypsipetes_ganeesa,PASSERIFORMES,resident,False,0.1
Hypsipetes_guimarasensis,PASSERIFORMES,resident,False,0.1
Hypsipetes_leucocephalus,PASSERIFORMES,directional migratory,False,1.0
Hypsipetes_madagascariensis,PASSERIFORMES,resident,False,0.1
Hypsipetes_mindorensis,PASSERIFORMES,resident,False,0.1
Hypsipetes_moheliensis,PASSERIFORMES,resident,False,0.1
Hypsipetes_olivaceus,PASSERIFORMES,resident,False,0.1
Hypsipetes_parvirostris,PASSERIFORMES,resident,False,0.1
Hypsipetes_philippinus,PASSERIFORMES,resident,False,0.1
Hypsipetes_rufigularis,PASSERIFORMES,resident,False,0.1
Hypsipetes_siquijorensis,PASSERIFORMES,resident,False,0.1
Ibidorhyncha_struthersii,CHARADRIIFORMES,dispersive migratory,False,0.5
Ibycter_americanus,FALCONIFORMES,resident,False,0.1
Ichthyaetus_audouinii,CHARADRIIFORMES,dispersive migratory,True,0.5
Ichthyaetus_hemprichii,CHARADRIIFORMES,dispersive migratory,True,0.5
Ichthyaetus_ichthyaetus,CHARADRIIFORMES,directional migratory,False,1.0
Ichthyaetus_leucophthalmus,CHARADRIIFORMES,dispersive migratory,True,0.5
Ichthyaetus_melanocephalus,CHARADRIIFORMES,directional migratory,False,1.0
Ichthyaetus_relictus,CHARADRIIFORMES,directional migratory,False,1.0
Icteria_virens,PASSERIFORMES,directional migratory,False,1.0
Icterus_abeillei,PASSERIFORMES,directional migratory,False,1.0
Icterus_auratus,PASSERIFORMES,resident,False,0.1
Icterus_auricapillus,PASSERIFORMES,resident,False,0.1
Icterus_bonana,PASSERIFORMES,resident,False,0.1
Icterus_bullockii,PASSERIFORMES,directional migratory,False,1.0
Icterus_cayanensis,PASSERIFORMES,resident,False,0.1
Icterus_chrysater,PASSERIFORMES,resident,False,0.1
Icterus_croconotus,PASSERIFORMES,resident,False,0.1
Icterus_cucullatus,PASSERIFORMES,directional migratory,False,1.0
Icterus_dominicensis,PASSERIFORMES,resident,False,0.1
Icterus_fuertesi,PASSERIFORMES,directional migratory,False,1.0
Icterus_galbula,PASSERIFORMES,directional migratory,False,1.0
Icterus_graceannae,PASSERIFORMES,resident,False,0.1
Icterus_graduacauda,PASSERIFORMES,resident,False,0.1
Icterus_gularis,PASSERIFORMES,resident,False,0.1
Icterus_icterus,PASSERIFORMES,resident,False,0.1
Icterus_jamacaii,PASSERIFORMES,resident,False,0.1
Icterus_laudabilis,PASSERIFORMES,resident,False,0.1
Icterus_leucopteryx,PASSERIFORMES,resident,False,0.1
Icterus_maculialatus,PASSERIFORMES,resident,False,0.1
Icterus_melanopsis,PASSERIFORMES,resident,False,0.1
Icterus_mesomelas,PASSERIFORMES,resident,False,0.1
Icterus_nigrogularis,PASSERIFORMES,resident,False,0.1
Icterus_northropi,PASSERIFORMES,resident,False,0.1
Icterus_oberi,PASSERIFORMES,resident,False,0.1
Icterus_parisorum,PASSERIFORMES,directional migratory,False,1.0
Icterus_pectoralis,PASSERIFORMES,resident,False,0.1
Icterus_portoricensis,PASSERIFORMES,resident,False,0.1
Icterus_prosthemelas,PASSERIFORMES,resident,False,0.1
Icterus_pustulatus,PASSERIFORMES,resident,False,0.1
Icterus_pyrrhopterus,PASSERIFORMES,resident,False,0.1
Icterus_spurius,PASSERIFORMES,directional migratory,False,1.0
Icterus_wagleri,PASSERIFORMES,resident,False,0.1
Icthyophaga_humilis,ACCIPITRIFORMES,dispersive migratory,False,0.5
Icthyophaga_ichthyaetus,ACCIPITRIFORMES,resident,False,0.1
Ictinaetus_malayensis,ACCIPITRIFORMES,resident,False,0.1
Ictinia_mississippiensis,ACCIPITRIFORMES,directional migratory,False,1.0
Ictinia_plumbea,ACCIPITRIFORMES,directional migratory,False,1.0
Idiopsar_brachyurus,PASSERIFORMES,resident,False,0.1
Iduna_aedon,PASSERIFORMES,directional migratory,False,1.0
Iduna_caligata,PASSERIFORMES,directional migratory,False,1.0
Iduna_natalensis,PASSERIFORMES,resident,False,0.1
Iduna_opaca,PASSERIFORMES,directional migratory,False,1.0
Iduna_pallida,PASSERIFORMES,directional migratory,False,1.0
Iduna_rama,PASSERIFORMES,directional migratory,False,1.0
Iduna_similis,PASSERIFORMES,resident,False,0.1
Ifrita_kowaldi,PASSERIFORMES,resident,False,0.1
Ilicura_militaris,PASSERIFORMES,resident,False,0.1
Illadopsis_albipectus,PASSERIFORMES,resident,False,0.1
Illadopsis_cleaveri,PASSERIFORMES,resident,False,0.1
Illadopsis_fulvescens,PASSERIFORMES,resident,False,0.1
Illadopsis_puveli,PASSERIFORMES,resident,False,0.1
Illadopsis_pyrrhoptera,PASSERIFORMES,resident,False,0.1
Illadopsis_rufescens,PASSERIFORMES,resident,False,0.1
Illadopsis_rufipennis,PASSERIFORMES,resident,False,0.1
Incana_incana,PASSERIFORMES,resident,False,0.1
Incaspiza_laeta,PASSERIFORMES,resident,False,0.1
Incaspiza_ortizi,PASSERIFORMES,resident,False,0.1
Incaspiza_personata,PASSERIFORMES,resident,False,0.1
Incaspiza_pulchra,PASSERIFORMES,resident,False,0.1
Incaspiza_watkinsi,PASSERIFORMES,resident,False,0.1
Indicator_archipelagicus,PICIFORMES,resident,False,0.1
Indicator_conirostris,PICIFORMES,resident,False,0.1
Indicator_exilis,PICIFORMES,resident,False,0.1
Indicator_indicator,PICIFORMES,resident,False,0.1
Indicator_maculatus,PICIFORMES,resident,False,0.1
Indicator_meliphilus,PICIFORMES,resident,False,0.1
Indicator_minor,PICIFORMES,resident,False,0.1
Indicator_pumilio,PICIFORMES,resident,False,0.1
Indicator_variegatus,PICIFORMES,resident,False,0.1
Indicator_willcocksi,PICIFORMES,resident,False,0.1
Indicator_xanthonotus,PICIFORMES,resident,False,0.1
Inezia_caudata,PASSERIFORMES,resident,False,0.1
Inezia_inornata,PASSERIFORMES,directional migratory,False,1.0
Inezia_subflava,PASSERIFORMES,resident,False,0.1
Inezia_tenuirostris,PASSERIFORMES,resident,False,0.1
Iodopleura_fusca,PASSERIFORMES,resident,False,0.1
Iodopleura_isabellae,PASSERIFORMES,resident,False,0.1
Iodopleura_pipra,PASSERIFORMES,resident,False,0.1
Iole_olivacea,PASSERIFORMES,resident,False,0.1
Iole_palawanensis,PASSERIFORMES,resident,False,0.1
Iole_propinqua,PASSERIFORMES,resident,False,0.1
Iole_virescens,PASSERIFORMES,resident,False,0.1
Irania_gutturalis,PASSERIFORMES,directional migratory,False,1.0
Irediparra_gallinacea,CHARADRIIFORMES,dispersive migratory,False,0.5
Irena_cyanogastra,PASSERIFORMES,resident,False,0.1
Irena_puella,PASSERIFORMES,resident,False,0.1
Iridophanes_pulcherrimus,PASSERIFORMES,resident,False,0.1
Iridosornis_analis,PASSERIFORMES,resident,False,0.1
Iridosornis_jelskii,PASSERIFORMES,resident,False,0.1
Iridosornis_porphyrocephalus,PASSERIFORMES,resident,False,0.1
Iridosornis_reinhardti,PASSERIFORMES,resident,False,0.1
Iridosornis_rufivertex,PASSERIFORMES,resident,False,0.1
Isleria_guttata,PASSERIFORMES,resident,False,0.1
Isleria_hauxwelli,PASSERIFORMES,resident,False,0.1
Ispidina_lecontei,CORACIIFORMES,resident,False,0.1
Ispidina_picta,CORACIIFORMES,directional migratory,False,1.0
Ithaginis_cruentus,GALLIFORMES,resident,False,0.1
Ixobrychus_cinnamomeus,PELECANIFORMES,directional migratory,False,1.0
Ixobrychus_dubius,PELECANIFORMES,directional migratory,False,1.0
Ixobrychus_eurhythmus,PELECANIFORMES,directional migratory,False,1.0
Ixobrychus_exilis,PELECANIFORMES,directional migratory,False,1.0
Ixobrychus_involucris,PELECANIFORMES,resident,False,0.1
Ixobrychus_minutus,PELECANIFORMES,directional migratory,False,1.0
Ixobrychus_novaezelandiae,PELECANIFORMES,extinct,False,0.0
Ixobrychus_sinensis,PELECANIFORMES,directional migratory,False,1.0
Ixobrychus_sturmii,PELECANIFORMES,directional migratory,False,1.0
Ixonotus_guttatus,PASSERIFORMES,resident,False,0.1
Ixoreus_naevius,PASSERIFORMES,directional migratory,False,1.0
Ixos_malaccensis,PASSERIFORMES,resident,False,0.1
Ixos_mcclellandii,PASSERIFORMES,resident,False,0.1
Ixos_nicobariensis,PASSERIFORMES,resident,False,0.1
Ixos_virescens,PASSERIFORMES,resident,False,0.1
Jabiru_mycteria,CICONIIFORMES,resident,False,0.1
Jabouilleia_danjoui,PASSERIFORMES,resident,False,0.1
Jabouilleia_naungmungensis,PASSERIFORMES,resident,False,0.1
Jacamaralcyon_tridactyla,PICIFORMES,resident,False,0.1
Jacamerops_aureus,PICIFORMES,resident,False,0.1
Jacana_jacana,CHARADRIIFORMES,resident,False,0.1
Jacana_spinosa,CHARADRIIFORMES,resident,False,0.1
Jubula_lettii,STRIGIFORMES,resident,False,0.1
Junco_hyemalis,PASSERIFORMES,directional migratory,False,1.0
Junco_insularis,PASSERIFORMES,resident,False,0.1
Junco_phaeonotus,PASSERIFORMES,resident,False,0.1
Junco_vulcani,PASSERIFORMES,resident,False,0.1
Jynx_ruficollis,PICIFORMES,directional migratory,False,1.0
Jynx_torquilla,PICIFORMES,directional migratory,False,1.0
Kakamega_poliothorax,PASSERIFORMES,resident,False,0.1
Kaupifalco_monogrammicus,ACCIPITRIFORMES,resident,False,0.1
Kenopia_striata,PASSERIFORMES,resident,False,0.1
Ketupa_flavipes,STRIGIFORMES,resident,False,0.1
Ketupa_ketupu,STRIGIFORMES,resident,False,0.1
Ketupa_zeylonensis,STRIGIFORMES,resident,False,0.1
Klais_guimeti,APODIFORMES,resident,False,0.1
Knipolegus_aterrimus,PASSERIFORMES,directional migratory,False,1.0
Knipolegus_cyanirostris,PASSERIFORMES,directional migratory,False,1.0
Knipolegus_franciscanus,PASSERIFORMES,resident,False,0.1
Knipolegus_hudsoni,PASSERIFORMES,directional migratory,False,1.0
Knipolegus_lophotes,PASSERIFORMES,resident,False,0.1
Knipolegus_nigerrimus,PASSERIFORMES,resident,False,0.1
Knipolegus_orenocensis,PASSERIFORMES,resident,False,0.1
Knipolegus_poecilocercus,PASSERIFORMES,resident,False,0.1
Knipolegus_poecilurus,PASSERIFORMES,resident,False,0.1
Knipolegus_signatus,PASSERIFORMES,resident,False,0.1
Knipolegus_striaticeps,PASSERIFORMES,resident,False,0.1
Kozlowia_roborowskii,PASSERIFORMES,resident,False,0.1
Kupeornis_chapini,PASSERIFORMES,resident,False,0.1
Kupeornis_gilberti,PASSERIFORMES,resident,False,0.1
Kupeornis_rufocinctus,PASSERIFORMES,resident,False,0.1
Lacedo_pulchella,CORACIIFORMES,resident,False,0.1
Lafresnaya_lafresnayi,APODIFORMES,resident,False,0.1
Lagonosticta_landanae,PASSERIFORMES,resident,False,0.1
Lagonosticta_larvata,PASSERIFORMES,resident,False,0.1
Lagonosticta_nitidula,PASSERIFORMES,resident,False,0.1
Lagonosticta_rara,PASSERIFORMES,resident,False,0.1
Lagonosticta_rhodopareia,PASSERIFORMES,resident,False,0.1
Lagonosticta_rubricata,PASSERIFORMES,resident,False,0.1
Lagonosticta_rufopicta,PASSERIFORMES,resident,False,0.1
Lagonosticta_sanguinodorsalis,PASSERIFORMES,resident,False,0.1
Lagonosticta_senegala,PASSERIFORMES,resident,False,0.1
Lagonosticta_umbrinodorsalis,PASSERIFORMES,resident,False,0.1
Lagonosticta_virata,PASSERIFORMES,resident,False,0.1
Lagopus_lagopus,GALLIFORMES,directional migratory,False,1.0
Lagopus_leucura,GALLIFORMES,resident,False,0.1
Lagopus_muta,GALLIFORMES,dispersive migratory,False,0.5
Lalage_atrovirens,PASSERIFORMES,resident,False,0.1
Lalage_aurea,PASSERIFORMES,resident,False,0.1
Lalage_conjuncta,PASSERIFORMES,resident,False,0.1
Lalage_leucomela,PASSERIFORMES,resident,False,0.1
Lalage_leucopyga,PASSERIFORMES,resident,False,0.1
Lalage_leucopygialis,PASSERIFORMES,resident,False,0.1
Lalage_maculosa,PASSERIFORMES,resident,False,0.1
Lalage_melanoleuca,PASSERIFORMES,resident,False,0.1
Lalage_moesta,PASSERIFORMES,resident,False,0.1
Lalage_nigra,PASSERIFORMES,resident,False,0.1
Lalage_sharpei,PASSERIFORMES,resident,False,0.1
Lalage_sueurii,PASSERIFORMES,resident,False,0.1
Lalage_tricolor,PASSERIFORMES,directional migratory,False,1.0
Lampornis_amethystinus,APODIFORMES,resident,False,0.1
Lampornis_calolaemus,APODIFORMES,resident,False,0.1
Lampornis_castaneoventris,APODIFORMES,resident,False,0.1
Lampornis_cinereicauda,APODIFORMES,resident,False,0.1
Lampornis_clemenciae,APODIFORMES,directional migratory,False,1.0
Lampornis_hemileucus,APODIFORMES,resident,False,0.1
Lampornis_sybillae,APODIFORMES,resident,False,0.1
Lampornis_viridipallens,APODIFORMES,resident,False,0.1
Lamprolaima_rhami,APODIFORMES,resident,False,0.1
Lamprolia_victoriae,PASSERIFORMES,resident,False,0.1
Lampropsar_tanagrinus,PASSERIFORMES,resident,False,0.1
Lamprospiza_melanoleuca,PASSERIFORMES,resident,False,0.1
Lamprotornis_acuticaudus,PASSERIFORMES,resident,False,0.1
Lamprotornis_albicapillus,PASSERIFORMES,resident,False,0.1
Lamprotornis_australis,PASSERIFORMES,resident,False,0.1
Lamprotornis_bicolor,PASSERIFORMES,resident,False,0.1
Lamprotornis_caudatus,PASSERIFORMES,resident,False,0.1
Lamprotornis_chalcurus,PASSERIFORMES,resident,False,0.1
Lamprotornis_chalybaeus,PASSERIFORMES,directional migratory,False,1.0
Lamprotornis_chloropterus,PASSERIFORMES,resident,False,0.1
Lamprotornis_elisabeth,PASSERIFORMES,resident,False,0.1
Lamprotornis_fischeri,PASSERIFORMES,resident,False,0.1
Lamprotornis_hildebrandti,PASSERIFORMES,resident,False,0.1
Lamprotornis_iris,PASSERIFORMES,resident,False,0.1
Lamprotornis_mevesii,PASSERIFORMES,resident,False,0.1
Lamprotornis_nitens,PASSERIFORMES,resident,False,0.1
Lamprotornis_ornatus,PASSERIFORMES,resident,False,0.1
Lamprotornis_pulcher,PASSERIFORMES,resident,False,0.1
Lamprotornis_purpureus,PASSERIFORMES,resident,False,0.1
Lamprotornis_purpuroptera,PASSERIFORMES,resident,False,0.1
Lamprotornis_regius,PASSERIFORMES,resident,False,0.1
Lamprotornis_shelleyi,PASSERIFORMES,directional migratory,False,1.0
Lamprotornis_splendidus,PASSERIFORMES,resident,False,0.1
Lamprotornis_superbus,PASSERIFORMES,resident,False,0.1
Lamprotornis_unicolor,PASSERIFORMES,resident,False,0.1
Laniarius_aethiopicus,PASSERIFORMES,resident,False,0.1
Laniarius_amboimensis,PASSERIFORMES,resident,False,0.1
Laniarius_atrococcineus,PASSERIFORMES,resident,False,0.1
Laniarius_atroflavus,PASSERIFORMES,resident,False,0.1
Laniarius_barbarus,PASSERIFORMES,resident,False,0.1
Laniarius_bicolor,PASSERIFORMES,resident,False,0.1
Laniarius_brauni,PASSERIFORMES,resident,False,0.1
Laniarius_erythrogaster,PASSERIFORMES,resident,False,0.1
Laniarius_ferrugineus,PASSERIFORMES,resident,False,0.1
Laniarius_fuelleborni,PASSERIFORMES,resident,False,0.1
Laniarius_funebris,PASSERIFORMES,resident,False,0.1
Laniarius_leucorhynchus,PASSERIFORMES,resident,False,0.1
Laniarius_luehderi,PASSERIFORMES,resident,False,0.1
Laniarius_major,PASSERIFORMES,resident,False,0.1
Laniarius_mufumbiri,PASSERIFORMES,resident,False,0.1
Laniarius_nigerrimus,PASSERIFORMES,resident,False,0.1
Laniarius_poensis,PASSERIFORMES,resident,False,0.1
Laniarius_ruficeps,PASSERIFORMES,resident,False,0.1
Laniarius_sublacteus,PASSERIFORMES,resident,False,0.1
Laniarius_turatii,PASSERIFORMES,resident,False,0.1
Laniarius_willardi,PASSERIFORMES,resident,False,0.1
Laniisoma_buckleyi,PASSERIFORMES,resident,False,0.1
Laniisoma_elegans,PASSERIFORMES,resident,False,0.1
Lanio_aurantius,PASSERIFORMES,resident,False,0.1
Lanio_fulvus,PASSERIFORMES,resident,False,0.1
Lanio_leucothorax,PASSERIFORMES,resident,False,0.1
Lanio_versicolor,PASSERIFORMES,resident,False,0.1
Laniocera_hypopyrra,PASSERIFORMES,resident,False,0.1
Laniocera_rufescens,PASSERIFORMES,resident,False,0.1
Lanioturdus_torquatus,PASSERIFORMES,resident,False,0.1
Lanius_bucephalus,PASSERIFORMES,directional migratory,False,1.0
Lanius_cabanisi,PASSERIFORMES,resident,False,0.1
Lanius_collaris,PASSERIFORMES,resident,False,0.1
Lanius_collurio,PASSERIFORMES,directional migratory,False,1.0
Lanius_collurioides,PASSERIFORMES,directional migratory,False,1.0
Lanius_cristatus,PASSERIFORMES,directional migratory,False,1.0
Lanius_dorsalis,PASSERIFORMES,resident,False,0.1
Lanius_excubitor,PASSERIFORMES,directional migratory,False,1.0
Lanius_excubitoroides,PASSERIFORMES,resident,False,0.1
Lanius_gubernator,PASSERIFORMES,resident,False,0.1
Lanius_humeralis,PASSERIFORMES,resident,False,0.1
Lanius_isabellinus,PASSERIFORMES,directional migratory,False,1.0
Lanius_ludovicianus,PASSERIFORMES,directional migratory,False,1.0
Lanius_mackinnoni,PASSERIFORMES,resident,False,0.1
Lanius_meridionalis,PASSERIFORMES,resident,False,0.1
Lanius_minor,PASSERIFORMES,directional migratory,False,1.0
Lanius_newtoni,PASSERIFORMES,resident,False,0.1
Lanius_nubicus,PASSERIFORMES,directional migratory,False,1.0
Lanius_pallidirostris,PASSERIFORMES,directional migratory,False,1.0
Lanius_phoenicuroides,PASSERIFORMES,directional migratory,False,1.0
Lanius_schach,PASSERIFORMES,directional migratory,False,1.0
Lanius_senator,PASSERIFORMES,directional migratory,False,1.0
Lanius_somalicus,PASSERIFORMES,resident,False,0.1
Lanius_souzae,PASSERIFORMES,resident,False,0.1
Lanius_sphenocercus,PASSERIFORMES,directional migratory,False,1.0
Lanius_tephronotus,PASSERIFORMES,directional migratory,False,1.0
Lanius_tigrinus,PASSERIFORMES,directional migratory,False,1.0
Lanius_validirostris,PASSERIFORMES,resident,False,0.1
Lanius_vittatus,PASSERIFORMES,directional migratory,False,1.0
Larosterna_inca,CHARADRIIFORMES,dispersive migratory,True,0.5
Larus_argentatus,CHARADRIIFORMES,directional migratory,False,1.0
Larus_armenicus,CHARADRIIFORMES,directional migratory,False,1.0
Larus_atlanticus,CHARADRIIFORMES,dispersive migratory,False,0.5
Larus_belcheri,CHARADRIIFORMES,dispersive migratory,True,0.5
Larus_cachinnans,CHARADRIIFORMES,directional migratory,False,1.0
Larus_californicus,CHARADRIIFORMES,directional migratory,False,1.0
Larus_canus,CHARADRIIFORMES,directional migratory,False,1.0
Larus_crassirostris,CHARADRIIFORMES,dispersive migratory,False,0.5
Larus_delawarensis,CHARADRIIFORMES,directional migratory,False,1.0
Larus_dominicanus,CHARADRIIFORMES,dispersive migratory,False,0.5
Larus_fuscus,CHARADRIIFORMES,directional migratory,False,1.0
Larus_glaucescens,CHARADRIIFORMES,directional migratory,False,1.0
Larus_glaucoides,CHARADRIIFORMES,directional migratory,False,1.0
Larus_heermanni,CHARADRIIFORMES,dispersive migratory,True,0.5
Larus_hyperboreus,CHARADRIIFORMES,directional migratory,False,1.0
Larus_livens,CHARADRIIFORMES,dispersive migratory,True,0.5
Larus_marinus,CHARADRIIFORMES,directional migratory,False,1.0
Larus_michahellis,CHARADRIIFORMES,dispersive migratory,False,0.5
Larus_occidentalis,CHARADRIIFORMES,dispersive migratory,True,0.5
Larus_pacificus,CHARADRIIFORMES,resident,False,0.1
Larus_schistisagus,CHARADRIIFORMES,dispersive migratory,False,0.5
Larus_smithsonianus,CHARADRIIFORMES,directional migratory,False,1.0
Larus_thayeri,CHARADRIIFORMES,directional migratory,False,1.0
Larus_vegae,CHARADRIIFORMES,directional migratory,False,1.0
Laterallus_albigularis,GRUIFORMES,resident,False,0.1
Laterallus_exilis,GRUIFORMES,resident,False,0.1
Laterallus_fasciatus,GRUIFORMES,resident,False,0.1
Laterallus_jamaicensis,GRUIFORMES,directional migratory,False,1.0
Laterallus_leucopyrrhus,GRUIFORMES,resident,False,0.1
Laterallus_levraudi,GRUIFORMES,resident,False,0.1
Laterallus_melanophaius,GRUIFORMES,resident,False,0.1
Laterallus_ruber,GRUIFORMES,resident,False,0.1
Laterallus_spilonotus,GRUIFORMES,resident,False,0.1
Laterallus_tuerosi,GRUIFORMES,resident,False,0.1
Laterallus_viridis,GRUIFORMES,resident,False,0.1
Laterallus_xenopterus,GRUIFORMES,resident,False,0.1
Lathamus_discolor,PSITTACIFORMES,directional migratory,False,1.0
Lathrotriccus_euleri,PASSERIFORMES,directional migratory,False,1.0
Lathrotriccus_griseipectus,PASSERIFORMES,resident,False,0.1
Legatus_leucophaius,PASSERIFORMES,directional migratory,False,1.0
Leiothlypis_celata,PASSERIFORMES,directional migratory,False,1.0
Leiothlypis_crissalis,PASSERIFORMES,directional migratory,False,1.0
Leiothlypis_luciae,PASSERIFORMES,directional migratory,False,1.0
Leiothlypis_peregrina,PASSERIFORMES,directional migratory,False,1.0
Leiothlypis_ruficapilla,PASSERIFORMES,directional migratory,False,1.0
Leiothlypis_virginiae,PASSERIFORMES,directional migratory,False,1.0
Leiothrix_argentauris,PASSERIFORMES,resident,False,0.1
Leiothrix_lutea,PASSERIFORMES,resident,False,0.1
Leipoa_ocellata,GALLIFORMES,resident,False,0.1
Lemuresthes_nana,PASSERIFORMES,resident,False,0.1
Leonardina_woodi,PASSERIFORMES,resident,False,0.1
Lepidocolaptes_affinis,PASSERIFORMES,resident,False,0.1
Lepidocolaptes_albolineatus,PASSERIFORMES,resident,False,0.1
Lepidocolaptes_angustirostris,PASSERIFORMES,resident,False,0.1
Lepidocolaptes_falcinellus,PASSERIFORMES,resident,False,0.1
Lepidocolaptes_lacrymiger,PASSERIFORMES,resident,False,0.1
Lepidocolaptes_leucogaster,PASSERIFORMES,resident,False,0.1
Lepidocolaptes_souleyetii,PASSERIFORMES,resident,False,0.1
Lepidocolaptes_squamatus,PASSERIFORMES,resident,False,0.1
Lepidopyga_coeruleogularis,APODIFORMES,resident,False,0.1
Lepidopyga_goudoti,APODIFORMES,resident,False,0.1
Lepidopyga_lilliae,APODIFORMES,resident,False,0.1
Lepidothrix_coeruleocapilla,PASSERIFORMES,resident,False,0.1
Lepidothrix_coronata,PASSERIFORMES,resident,False,0.1
Lepidothrix_iris,PASSERIFORMES,resident,False,0.1
Lepidothrix_isidorei,PASSERIFORMES,resident,False,0.1
Lepidothrix_nattereri,PASSERIFORMES,resident,False,0.1
Lepidothrix_serena,PASSERIFORMES,resident,False,0.1
Lepidothrix_suavissima,PASSERIFORMES,resident,False,0.1
Lepidothrix_vilasboasi,PASSERIFORMES,resident,False,0.1
Leptasthenura_aegithaloides,PASSERIFORMES,directional migratory,False,1.0
Leptasthenura_andicola,PASSERIFORMES,resident,False,0.1
Leptasthenura_fuliginiceps,PASSERIFORMES,resident,False,0.1
Leptasthenura_pileata,PASSERIFORMES,resident,False,0.1
Leptasthenura_platensis,PASSERIFORMES,resident,False,0.1
Leptasthenura_setaria,PASSERIFORMES,resident,False,0.1
Leptasthenura_striata,PASSERIFORMES,resident,False,0.1
Leptasthenura_striolata,PASSERIFORMES,resident,False,0.1
Leptasthenura_xenothorax,PASSERIFORMES,resident,False,0.1
Leptasthenura_yanacensis,PASSERIFORMES,resident,False,0.1
Leptocoma_brasiliana,PASSERIFORMES,resident,False,0.1
Leptocoma_calcostetha,PASSERIFORMES,resident,False,0.1
Leptocoma_minima,PASSERIFORMES,resident,False,0.1
Leptocoma_sericea,PASSERIFORMES,resident,False,0.1
Leptocoma_sperata,PASSERIFORMES,resident,False,0.1
Leptocoma_zeylonica,PASSERIFORMES,resident,False,0.1
Leptodon_cayanensis,ACCIPITRIFORMES,resident,False,0.1
Leptodon_forbesi,ACCIPITRIFORMES,resident,False,0.1
Leptopoecile_elegans,PASSERIFORMES,resident,False,0.1
Leptopoecile_sophiae,PASSERIFORMES,dispersive migratory,False,0.5
Leptopogon_amaurocephalus,PASSERIFORMES,resident,False,0.1
Leptopogon_rufipectus,PASSERIFORMES,resident,False,0.1
Leptopogon_superciliaris,PASSERIFORMES,resident,False,0.1
Leptopogon_taczanowskii,PASSERIFORMES,resident,False,0.1
Leptopterus_chabert,PASSERIFORMES,resident,False,0.1
Leptoptilos_crumenifer,CICONIIFORMES,directional migratory,False,1.0
Leptoptilos_dubius,CICONIIFORMES,nomadic,False,0.3
Leptoptilos_javanicus,CICONIIFORMES,dispersive migratory,False,0.5
Leptosittaca_branickii,PSITTACIFORMES,nomadic,False,0.3
Leptosomus_discolor,LEPTOSOMIFORMES,resident,False,0.1
Leptotila_battyi,COLUMBIFORMES,resident,False,0.1
Leptotila_cassinii,COLUMBIFORMES,resident,False,0.1
Leptotila_conoveri,COLUMBIFORMES,resident,False,0.1
Leptotila_jamaicensis,COLUMBIFORMES,resident,False,0.1
Leptotila_megalura,COLUMBIFORMES,resident,False,0.1
Leptotila_ochraceiventris,COLUMBIFORMES,resident,False,0.1
Leptotila_pallida,COLUMBIFORMES,resident,False,0.1
Leptotila_plumbeiceps,COLUMBIFORMES,resident,False,0.1
Leptotila_rufaxilla,COLUMBIFORMES,resident,False,0.1
Leptotila_verreauxi,COLUMBIFORMES,resident,False,0.1
Leptotila_wellsi,COLUMBIFORMES,resident,False,0.1
Lerwa_lerwa,GALLIFORMES,resident,False,0.1
Lesbia_nuna,APODIFORMES,resident,False,0.1
Lesbia_victoriae,APODIFORMES,resident,False,0.1
Lessonia_oreas,PASSERIFORMES,resident,False,0.1
Lessonia_rufa,PASSERIFORMES,directional migratory,False,1.0
Leucippus_baeri,APODIFORMES,resident,False,0.1
Leucippus_chlorocercus,APODIFORMES,resident,False,0.1
Leucippus_fallax,APODIFORMES,resident,False,0.1
Leucippus_taczanowskii,APODIFORMES,resident,False,0.1
Leucocarbo_atriceps,SULIFORMES,resident,False,0.1
Leucocarbo_bougainvillii,SULIFORMES,dispersive migratory,True,0.5
Leucocarbo_bransfieldensis,SULIFORMES,resident,True,0.1
Leucocarbo_campbelli,SULIFORMES,resident,False,0.1
Leucocarbo_carunculatus,SULIFORMES,resident,False,0.1
Leucocarbo_chalconotus,SULIFORMES,resident,False,0.1
Leucocarbo_colensoi,SULIFORMES,resident,False,0.1
Leucocarbo_georgianus,SULIFORMES,resident,True,0.1
Leucocarbo_melanogenis,SULIFORMES,resident,True,0.1
Leucocarbo_nivalis,SULIFORMES,resident,True,0.1
Leucocarbo_onslowi,SULIFORMES,resident,False,0.1
Leucocarbo_purpurascens,SULIFORMES,resident,True,0.1
Leucocarbo_ranfurlyi,SULIFORMES,resident,False,0.1
Leucocarbo_verrucosus,SULIFORMES,resident,False,0.1
Leucochloris_albicollis,APODIFORMES,resident,False,0.1
Leucopeza_semperi,PASSERIFORMES,resident,False,0.1
Leucophaeus_atricilla,CHARADRIIFORMES,directional migratory,False,1.0
Leucophaeus_fuliginosus,CHARADRIIFORMES,resident,False,0.1
Leucophaeus_modestus,CHARADRIIFORMES,dispersive migratory,False,0.5
Leucophaeus_pipixcan,CHARADRIIFORMES,directional migratory,False,1.0
Leucophaeus_scoresbii,CHARADRIIFORMES,dispersive migratory,True,0.5
Leucopsar_rothschildi,PASSERIFORMES,resident,False,0.1
Leucopternis_albicollis,ACCIPITRIFORMES,resident,False,0.1
Leucopternis_kuhli,ACCIPITRIFORMES,resident,False,0.1
Leucopternis_lacernulatus,ACCIPITRIFORMES,resident,False,0.1
Leucopternis_melanops,ACCIPITRIFORMES,resident,False,0.1
Leucopternis_occidentalis,ACCIPITRIFORMES,resident,False,0.1
Leucopternis_plumbeus,ACCIPITRIFORMES,resident,False,0.1
Leucopternis_polionotus,ACCIPITRIFORMES,resident,False,0.1
Leucopternis_princeps,ACCIPITRIFORMES,resident,False,0.1
Leucopternis_schistaceus,ACCIPITRIFORMES,resident,False,0.1
Leucopternis_semiplumbeus,ACCIPITRIFORMES,resident,False,0.1
Leucosarcia_melanoleuca,COLUMBIFORMES,resident,False,0.1
Leucosticte_arctoa,PASSERIFORMES,directional migratory,False,1.0
Leucosticte_atrata,PASSERIFORMES,dispersive migratory,False,0.5
Leucosticte_australis,PASSERIFORMES,resident,False,0.1
Leucosticte_brandti,PASSERIFORMES,dispersive migratory,False,0.5
Leucosticte_nemoricola,PASSERIFORMES,dispersive migratory,False,0.5
Leucosticte_sillemi,PASSERIFORMES,unknown,False,0.2
Leucosticte_tephrocotis,PASSERIFORMES,directional migratory,False,1.0
Lewinia_mirifica,GRUIFORMES,resident,False,0.1
Lewinia_muelleri,GRUIFORMES,resident,False,0.1
Lewinia_pectoralis,GRUIFORMES,dispersive migratory,False,0.5
Lichenostomus_chrysops,PASSERIFORMES,directional migratory,False,1.0
Lichenostomus_cratitius,PASSERIFORMES,resident,False,0.1
Lichenostomus_fasciogularis,PASSERIFORMES,resident,False,0.1
Lichenostomus_flavescens,PASSERIFORMES,resident,False,0.1
Lichenostomus_flavicollis,PASSERIFORMES,resident,False,0.1
Lichenostomus_flavus,PASSERIFORMES,resident,False,0.1
Lichenostomus_frenatus,PASSERIFORMES,resident,False,0.1
Lichenostomus_fuscus,PASSERIFORMES,resident,False,0.1
Lichenostomus_hindwoodi,PASSERIFORMES,resident,False,0.1
Lichenostomus_keartlandi,PASSERIFORMES,resident,False,0.1
Lichenostomus_leucotis,PASSERIFORMES,resident,False,0.1
Lichenostomus_melanops,PASSERIFORMES,resident,False,0.1
Lichenostomus_obscurus,PASSERIFORMES,resident,False,0.1
Lichenostomus_ornatus,PASSERIFORMES,resident,False,0.1
Lichenostomus_penicillatus,PASSERIFORMES,resident,False,0.1
Lichenostomus_plumulus,PASSERIFORMES,resident,False,0.1
Lichenostomus_subfrenatus,PASSERIFORMES,resident,False,0.1
Lichenostomus_unicolor,PASSERIFORMES,resident,False,0.1
Lichenostomus_versicolor,PASSERIFORMES,resident,False,0.1
Lichenostomus_virescens,PASSERIFORMES,resident,False,0.1
Lichmera_alboauricularis,PASSERIFORMES,resident,False,0.1
Lichmera_argentauris,PASSERIFORMES,resident,False,0.1
Lichmera_deningeri,PASSERIFORMES,resident,False,0.1
Lichmera_flavicans,PASSERIFORMES,resident,False,0.1
Lichmera_incana,PASSERIFORMES,resident,False,0.1
Lichmera_indistincta,PASSERIFORMES,resident,False,0.1
Lichmera_limbata,PASSERIFORMES,resident,False,0.1
Lichmera_lombokia,PASSERIFORMES,resident,False,0.1
Lichmera_monticola,PASSERIFORMES,resident,False,0.1
Lichmera_notabilis,PASSERIFORMES,resident,False,0.1
Lichmera_squamata,PASSERIFORMES,resident,False,0.1
Limicola_falcinellus,CHARADRIIFORMES,directional migratory,False,1.0
Limnoctites_rectirostris,PASSERIFORMES,resident,False,0.1
Limnodromus_griseus,CHARADRIIFORMES,directional migratory,False,1.0
Limnodromus_scolopaceus,CHARADRIIFORMES,directional migratory,False,1.0
Limnodromus_semipalmatus,CHARADRIIFORMES,directional migratory,False,1.0
Limnornis_curvirostris,PASSERIFORMES,resident,False,0.1
Limnothlypis_swainsonii,PASSERIFORMES,directional migratory,False,1.0
Limosa_fedoa,CHARADRIIFORMES,directional migratory,False,1.0
Limosa_haemastica,CHARADRIIFORMES,directional migratory,False,1.0
Limosa_lapponica,CHARADRIIFORMES,directional migratory,False,1.0
Limosa_limosa,CHARADRIIFORMES,directional migratory,False,1.0
Linurgus_olivaceus,PASSERIFORMES,resident,False,0.1
Liocichla_bugunorum,PASSERIFORMES,resident,False,0.1
Liocichla_omeiensis,PASSERIFORMES,resident,False,0.1
Liocichla_phoenicea,PASSERIFORMES,resident,False,0.1
Liocichla_ripponi,PASSERIFORMES,resident,False,0.1
Liocichla_steerii,PASSERIFORMES,resident,False,0.1
Lioparus_chrysotis,PASSERIFORMES,resident,False,0.1
Lioptilus_nigricapillus,PASSERIFORMES,resident,False,0.1
Liosceles_thoracicus,PASSERIFORMES,resident,False,0.1
Lipaugus_fuscocinereus,PASSERIFORMES,resident,False,0.1
Lipaugus_lanioides,PASSERIFORMES,resident,False,0.1
Lipaugus_streptophorus,PASSERIFORMES,resident,False,0.1
Lipaugus_unirufus,PASSERIFORMES,resident,False,0.1
Lipaugus_uropygialis,PASSERIFORMES,resident,False,0.1
Lipaugus_vociferans,PASSERIFORMES,resident,False,0.1
Lipaugus_weberi,PASSERIFORMES,resident,False,0.1
Lissotis_hartlaubii,OTIDIFORMES,nomadic,False,0.3
Lissotis_melanogaster,OTIDIFORMES,dispersive migratory,False,0.5
Loboparadisea_sericea,PASSERIFORMES,resident,False,0.1
Lobotos_lobatus,PASSERIFORMES,resident,False,0.1
Lobotos_oriolinus,PASSERIFORMES,resident,False,0.1
Lochmias_nematura,PASSERIFORMES,resident,False,0.1
Locustella_accentor,PASSERIFORMES,resident,False,0.1
Locustella_alishanensis,PASSERIFORMES,resident,False,0.1
Locustella_amnicola,PASSERIFORMES,directional migratory,False,1.0
Locustella_castanea,PASSERIFORMES,resident,False,0.1
Locustella_caudata,PASSERIFORMES,resident,False,0.1
Locustella_certhiola,PASSERIFORMES,directional migratory,False,1.0
Locustella_davidi,PASSERIFORMES,directional migratory,False,1.0
Locustella_fasciolata,PASSERIFORMES,directional migratory,False,1.0
Locustella_fluviatilis,PASSERIFORMES,directional migratory,False,1.0
Locustella_kashmirensis,PASSERIFORMES,dispersive migratory,False,0.5
Locustella_lanceolata,PASSERIFORMES,directional migratory,False,1.0
Locustella_luscinioides,PASSERIFORMES,directional migratory,False,1.0
Locustella_luteoventris,PASSERIFORMES,dispersive migratory,False,0.5
Locustella_major,PASSERIFORMES,resident,False,0.1
Locustella_mandelli,PASSERIFORMES,directional migratory,False,1.0
Locustella_montis,PASSERIFORMES,resident,False,0.1
Locustella_naevia,PASSERIFORMES,directional migratory,False,1.0
Locustella_ochotensis,PASSERIFORMES,directional migratory,False,1.0
Locustella_pleskei,PASSERIFORMES,directional migratory,False,1.0
Locustella_pryeri,PASSERIFORMES,directional migratory,False,1.0
Locustella_seebohmi,PASSERIFORMES,resident,False,0.1
Locustella_tacsanowskia,PASSERIFORMES,directional migratory,False,1.0
Locustella_thoracica,PASSERIFORMES,directional migratory,False,1.0
Locustella_timorensis,PASSERIFORMES,resident,False,0.1
Loddigesia_mirabilis,APODIFORMES,resident,False,0.1
Lonchura_atricapilla,PASSERIFORMES,resident,False,0.1
Lonchura_bicolor,PASSERIFORMES,resident,False,0.1
Lonchura_caniceps,PASSERIFORMES,resident,False,0.1
Lonchura_castaneothorax,PASSERIFORMES,dispersive migratory,False,0.5
Lonchura_cucullata,PASSERIFORMES,resident,False,0.1
Lonchura_ferruginosa,PASSERIFORMES,resident,False,0.1
Lonchura_flaviprymna,PASSERIFORMES,dispersive migratory,False,0.5
Lonchura_forbesi,PASSERIFORMES,resident,False,0.1
Lonchura_fringilloides,PASSERIFORMES,resident,False,0.1
Lonchura_fuscans,PASSERIFORMES,resident,False,0.1
Lonchura_fuscata,PASSERIFORMES,resident,False,0.1
Lonchura_grandis,PASSERIFORMES,resident,False,0.1
Lonchura_hunsteini,PASSERIFORMES,resident,False,0.1
Lonchura_kelaarti,PASSERIFORMES,resident,False,0.1
Lonchura_leucogastra,PASSERIFORMES,resident,False,0.1
Lonchura_leucogastroides,PASSERIFORMES,resident,False,0.1
Lonchura_leucosticta,PASSERIFORMES,resident,False,0.1
Lonchura_maja,PASSERIFORMES,resident,False,0.1
Lonchura_malacca,PASSERIFORMES,resident,False,0.1
Lonchura_melaena,PASSERIFORMES,resident,False,0.1
Lonchura_molucca,PASSERIFORMES,resident,False,0.1
Lonchura_montana,PASSERIFORMES,resident,False,0.1
Lonchura_monticola,PASSERIFORMES,resident,False,0.1
Lonchura_nevermanni,PASSERIFORMES,resident,False,0.1
Lonchura_nigriceps,PASSERIFORMES,resident,False,0.1
Lonchura_oryzivora,PASSERIFORMES,resident,False,0.1
Lonchura_pallida,PASSERIFORMES,resident,False,0.1
Lonchura_punctulata,PASSERIFORMES,resident,False,0.1
Lonchura_quinticolor,PASSERIFORMES,resident,False,0.1
Lonchura_spectabilis,PASSERIFORMES,resident,False,0.1
Lonchura_striata,PASSERIFORMES,resident,False,0.1
Lonchura_stygia,PASSERIFORMES,resident,False,0.1
Lonchura_teerinki,PASSERIFORMES,resident,False,0.1
Lonchura_tristissima,PASSERIFORMES,resident,False,0.1
Lonchura_vana,PASSERIFORMES,resident,False,0.1
Lophaetus_occipitalis,ACCIPITRIFORMES,resident,False,0.1
Lophochroa_leadbeateri,PSITTACIFORMES,dispersive migratory,False,0.5
Lophodytes_cucullatus,ANSERIFORMES,directional migratory,False,1.0
Lophoictinia_isura,ACCIPITRIFORMES,directional migratory,False,1.0
Lopholaimus_antarcticus,COLUMBIFORMES,nomadic,False,0.3
Lophonetta_specularioides,ANSERIFORMES,resident,False,0.1
Lophophanes_cristatus,PASSERIFORMES,dispersive migratory,False,0.5
Lophophanes_dichrous,PASSERIFORMES,resident,False,0.1
Lophophorus_impejanus,GALLIFORMES,resident,False,0.1
Lophophorus_lhuysii,GALLIFORMES,resident,False,0.1
Lophophorus_sclateri,GALLIFORMES,resident,False,0.1
Lophopsittacus_mauritianus,PSITTACIFORMES,extinct,False,0.0
Lophorina_superba,PASSERIFORMES,resident,False,0.1
Lophornis_adorabilis,APODIFORMES,resident,False,0.1
Lophornis_brachylophus,APODIFORMES,resident,False,0.1
Lophornis_chalybeus,APODIFORMES,resident,False,0.1
Lophornis_delattrei,APODIFORMES,resident,False,0.1
Lophornis_gouldii,APODIFORMES,resident,False,0.1
Lophornis_helenae,APODIFORMES,resident,False,0.1
Lophornis_magnificus,APODIFORMES,resident,False,0.1
Lophornis_ornatus,APODIFORMES,resident,False,0.1
Lophornis_pavoninus,APODIFORMES,resident,False,0.1
Lophornis_stictolophus,APODIFORMES,resident,False,0.1
Lophospingus_griseocristatus,PASSERIFORMES,resident,False,0.1
Lophospingus_pusillus,PASSERIFORMES,resident,False,0.1
Lophostrix_cristata,STRIGIFORMES,resident,False,0.1
Lophotibis_cristata,PELECANIFORMES,resident,False,0.1
Lophotis_gindiana,OTIDIFORMES,resident,False,0.1
Lophotis_ruficrista,OTIDIFORMES,resident,False,0.1
Lophotis_savilei,OTIDIFORMES,resident,False,0.1
Lophotriccus_eulophotes,PASSERIFORMES,resident,False,0.1
Lophotriccus_galeatus,PASSERIFORMES,resident,False,0.1
Lophotriccus_pileatus,PASSERIFORMES,resident,False,0.1
Lophotriccus_vitiosus,PASSERIFORMES,resident,False,0.1
Lophotriorchis_kienerii,ACCIPITRIFORMES,resident,False,0.1
Lophozosterops_dohertyi,PASSERIFORMES,resident,False,0.1
Lophozosterops_goodfellowi,PASSERIFORMES,resident,False,0.1
Lophozosterops_javanicus,PASSERIFORMES,resident,False,0.1
Lophozosterops_pinaiae,PASSERIFORMES,resident,False,0.1
Lophozosterops_squamiceps,PASSERIFORMES,resident,False,0.1
Lophozosterops_superciliaris,PASSERIFORMES,resident,False,0.1
Lophura_bulweri,GALLIFORMES,resident,False,0.1
Lophura_diardi,GALLIFORMES,resident,False,0.1
Lophura_edwardsi,GALLIFORMES,resident,False,0.1
Lophura_erythrophthalma,GALLIFORMES,resident,False,0.1
Lophura_hoogerwerfi,GALLIFORMES,resident,False,0.1
Lophura_ignita,GALLIFORMES,resident,False,0.1
Lophura_inornata,GALLIFORMES,resident,False,0.1
Lophura_leucomelanos,GALLIFORMES,resident,False,0.1
Lophura_nycthemera,GALLIFORMES,resident,False,0.1
Lophura_swinhoii,GALLIFORMES,resident,False,0.1
Loriculus_amabilis,PSITTACIFORMES,resident,False,0.1
Loriculus_aurantiifrons,PSITTACIFORMES,resident,False,0.1
Loriculus_beryllinus,PSITTACIFORMES,resident,False,0.1
Loriculus_camiguinensis,PSITTACIFORMES,resident,False,0.1
Loriculus_catamene,PSITTACIFORMES,resident,False,0.1
Loriculus_exilis,PSITTACIFORMES,nomadic,False,0.3
Loriculus_flosculus,PSITTACIFORMES,resident,False,0.1
Loriculus_galgulus,PSITTACIFORMES,nomadic,False,0.3
Loriculus_philippensis,PSITTACIFORMES,resident,False,0.1
Loriculus_pusillus,PSITTACIFORMES,nomadic,False,0.3
Loriculus_sclateri,PSITTACIFORMES,resident,False,0.1
Loriculus_stigmatus,PSITTACIFORMES,nomadic,False,0.3
Loriculus_tener,PSITTACIFORMES,resident,False,0.1
Loriculus_vernalis,PSITTACIFORMES,resident,False,0.1
Lorius_albidinucha,PSITTACIFORMES,resident,False,0.1
Lorius_chlorocercus,PSITTACIFORMES,resident,False,0.1
Lorius_domicella,PSITTACIFORMES,resident,False,0.1
Lorius_garrulus,PSITTACIFORMES,resident,False,0.1
Lorius_hypoinochrous,PSITTACIFORMES,resident,False,0.1
Lorius_lory,PSITTACIFORMES,resident,False,0.1
Loxia_curvirostra,PASSERIFORMES,directional migratory,False,1.0
Loxia_leucoptera,PASSERIFORMES,directional migratory,False,1.0
Loxia_megaplaga,PASSERIFORMES,resident,False,0.1
Loxia_pytyopsittacus,PASSERIFORMES,directional migratory,False,1.0
Loxia_scotica,PASSERIFORMES,resident,False,0.1
Loxigilla_barbadensis,PASSERIFORMES,resident,False,0.1
Loxigilla_noctis,PASSERIFORMES,resident,False,0.1
Loxigilla_portoricensis,PASSERIFORMES,resident,False,0.1
Loxigilla_violacea,PASSERIFORMES,resident,False,0.1
Loxioides_bailleui,PASSERIFORMES,resident,False,0.1
Loxipasser_anoxanthus,PASSERIFORMES,resident,False,0.1
Loxops_caeruleirostris,PASSERIFORMES,resident,False,0.1
Loxops_coccineus,PASSERIFORMES,resident,False,0.1
Lullula_arborea,PASSERIFORMES,directional migratory,False,1.0
Lurocalis_rufiventris,CAPRIMULGIFORMES,resident,False,0.1
Lurocalis_semitorquatus,CAPRIMULGIFORMES,resident,False,0.1
Luscinia_brunnea,PASSERIFORMES,directional migratory,False,1.0
Luscinia_calliope,PASSERIFORMES,directional migratory,False,1.0
Luscinia_cyane,PASSERIFORMES,directional migratory,False,1.0
Luscinia_luscinia,PASSERIFORMES,directional migratory,False,1.0
Luscinia_megarhynchos,PASSERIFORMES,directional migratory,False,1.0
Luscinia_obscura,PASSERIFORMES,directional migratory,False,1.0
Luscinia_pectardens,PASSERIFORMES,directional migratory,False,1.0
Luscinia_pectoralis,PASSERIFORMES,directional migratory,False,1.0
Luscinia_ruficeps,PASSERIFORMES,directional migratory,False,1.0
Luscinia_sibilans,PASSERIFORMES,directional migratory,False,1.0
Luscinia_svecica,PASSERIFORMES,directional migratory,False,1.0
Lybius_bidentatus,PICIFORMES,resident,False,0.1
Lybius_chaplini,PICIFORMES,resident,False,0.1
Lybius_dubius,PICIFORMES,resident,False,0.1
Lybius_guifsobalito,PICIFORMES,resident,False,0.1
Lybius_leucocephalus,PICIFORMES,resident,False,0.1
Lybius_melanopterus,PICIFORMES,resident,False,0.1
Lybius_minor,PICIFORMES,resident,False,0.1
Lybius_rolleti,PICIFORMES,resident,False,0.1
Lybius_rubrifacies,PICIFORMES,resident,False,0.1
Lybius_torquatus,PICIFORMES,resident,False,0.1
Lybius_undatus,PICIFORMES,resident,False,0.1
Lybius_vieilloti,PICIFORMES,resident,False,0.1
Lycocorax_pyrrhopterus,PASSERIFORMES,resident,False,0.1
Lymnocryptes_minimus,CHARADRIIFORMES,directional migratory,False,1.0
Lyncornis_macrotis,CAPRIMULGIFORMES,resident,False,0.1
Lyncornis_temminckii,CAPRIMULGIFORMES,resident,False,0.1
Lyrurus_mlokosiewiczi,GALLIFORMES,resident,False,0.1
Lyrurus_tetrix,GALLIFORMES,resident,False,0.1
Macgregoria_pulchra,PASSERIFORMES,nomadic,False,0.3
Machaerirhynchus_flaviventer,PASSERIFORMES,resident,False,0.1
Machaerirhynchus_nigripectus,PASSERIFORMES,resident,False,0.1
Machaeropterus_deliciosus,PASSERIFORMES,resident,False,0.1
Machaeropterus_pyrocephalus,PASSERIFORMES,resident,False,0.1
Machaeropterus_regulus,PASSERIFORMES,resident,False,0.1
Machaeropterus_striolatus,PASSERIFORMES,resident,False,0.1
Macheiramphus_alcinus,ACCIPITRIFORMES,resident,False,0.1
Machetornis_rixosa,PASSERIFORMES,resident,False,0.1
Mackenziaena_leachii,PASSERIFORMES,resident,False,0.1
Mackenziaena_severa,PASSERIFORMES,resident,False,0.1
Macroagelaius_imthurni,PASSERIFORMES,resident,False,0.1
Macroagelaius_subalaris,PASSERIFORMES,resident,False,0.1
Macrocephalon_maleo,GALLIFORMES,resident,False,0.1
Macrodipteryx_longipennis,CAPRIMULGIFORMES,directional migratory,False,1.0
Macrodipteryx_vexillarius,CAPRIMULGIFORMES,directional migratory,False,1.0
Macronectes_giganteus,PROCELLARIIFORMES,dispersive migratory,True,0.5
Macronectes_halli,PROCELLARIIFORMES,dispersive migratory,True,0.5
Macronus_bornensis,PASSERIFORMES,resident,False,0.1
Macronus_flavicollis,PASSERIFORMES,resident,False,0.1
Macronus_gularis,PASSERIFORMES,resident,False,0.1
Macronus_kelleyi,PASSERIFORMES,resident,False,0.1
Macronus_ptilosus,PASSERIFORMES,resident,False,0.1
Macronus_striaticeps,PASSERIFORMES,resident,False,0.1
Macronyx_ameliae,PASSERIFORMES,resident,False,0.1
Macronyx_aurantiigula,PASSERIFORMES,resident,False,0.1
Macronyx_capensis,PASSERIFORMES,resident,False,0.1
Macronyx_croceus,PASSERIFORMES,resident,False,0.1
Macronyx_flavicollis,PASSERIFORMES,resident,False,0.1
Macronyx_fuelleborni,PASSERIFORMES,resident,False,0.1
Macronyx_grimwoodi,PASSERIFORMES,resident,False,0.1
Macronyx_sharpei,PASSERIFORMES,resident,False,0.1
Macropsalis_forcipata,CAPRIMULGIFORMES,resident,False,0.1
Macropygia_amboinensis,COLUMBIFORMES,resident,False,0.1
Macropygia_emiliana,COLUMBIFORMES,resident,False,0.1
Macropygia_mackinlayi,COLUMBIFORMES,resident,False,0.1
Macropygia_magna,COLUMBIFORMES,resident,False,0.1
Macropygia_nigrirostris,COLUMBIFORMES,resident,False,0.1
Macropygia_phasianella,COLUMBIFORMES,resident,False,0.1
Macropygia_ruficeps,COLUMBIFORMES,resident,False,0.1
Macropygia_rufipennis,COLUMBIFORMES,resident,False,0.1
Macropygia_tenuirostris,COLUMBIFORMES,resident,False,0.1
Macropygia_unchall,COLUMBIFORMES,dispersive migratory,False,0.5
Macrosphenus_concolor,PASSERIFORMES,resident,False,0.1
Macrosphenus_flavicans,PASSERIFORMES,resident,False,0.1
Macrosphenus_kempi,PASSERIFORMES,resident,False,0.1
Macrosphenus_kretschmeri,PASSERIFORMES,resident,False,0.1
Macrosphenus_pulitzeri,PASSERIFORMES,resident,False,0.1
Madanga_ruficollis,PASSERIFORMES,resident,False,0.1
Magumma_parva,PASSERIFORMES,resident,False,0.1
Malacocincla_abbotti,PASSERIFORMES,resident,False,0.1
Malacocincla_cinereiceps,PASSERIFORMES,resident,False,0.1
Malacocincla_malaccensis,PASSERIFORMES,resident,False,0.1
Malacocincla_perspicillata,PASSERIFORMES,resident,False,0.1
Malacocincla_sepiaria,PASSERIFORMES,resident,False,0.1
Malaconotus_alius,PASSERIFORMES,resident,False,0.1
Malaconotus_blanchoti,PASSERIFORMES,resident,False,0.1
Malaconotus_cruentus,PASSERIFORMES,resident,False,0.1
Malaconotus_gladiator,PASSERIFORMES,resident,False,0.1
Malaconotus_lagdeni,PASSERIFORMES,resident,False,0.1
Malaconotus_monteiri,PASSERIFORMES,resident,False,0.1
Malacopteron_affine,PASSERIFORMES,resident,False,0.1
Malacopteron_albogulare,PASSERIFORMES,resident,False,0.1
Malacopteron_cinereum,PASSERIFORMES,resident,False,0.1
Malacopteron_magnirostre,PASSERIFORMES,resident,False,0.1
Malacopteron_magnum,PASSERIFORMES,resident,False,0.1
Malacopteron_palawanense,PASSERIFORMES,resident,False,0.1
Malacoptila_fulvogularis,PICIFORMES,resident,False,0.1
Malacoptila_fusca,PICIFORMES,resident,False,0.1
Malacoptila_mystacalis,PICIFORMES,resident,False,0.1
Malacoptila_panamensis,PICIFORMES,resident,False,0.1
Malacoptila_rufa,PICIFORMES,resident,False,0.1
Malacoptila_semicincta,PICIFORMES,resident,False,0.1
Malacoptila_striata,PICIFORMES,resident,False,0.1
Malacorhynchus_membranaceus,ANSERIFORMES,nomadic,False,0.3
Malcorus_pectoralis,PASSERIFORMES,resident,False,0.1
Malia_grata,PASSERIFORMES,resident,False,0.1
Malimbus_ballmanni,PASSERIFORMES,resident,False,0.1
Malimbus_cassini,PASSERIFORMES,resident,False,0.1
Malimbus_coronatus,PASSERIFORMES,resident,False,0.1
Malimbus_erythrogaster,PASSERIFORMES,resident,False,0.1
Malimbus_ibadanensis,PASSERIFORMES,resident,False,0.1
Malimbus_malimbicus,PASSERIFORMES,resident,False,0.1
Malimbus_nitens,PASSERIFORMES,resident,False,0.1
Malimbus_racheliae,PASSERIFORMES,resident,False,0.1
Malimbus_rubricollis,PASSERIFORMES,resident,False,0.1
Malimbus_scutatus,PASSERIFORMES,resident,False,0.1
Malurus_alboscapulatus,PASSERIFORMES,resident,False,0.1
Malurus_amabilis,PASSERIFORMES,resident,False,0.1
Malurus_coronatus,PASSERIFORMES,resident,False,0.1
Malurus_cyaneus,PASSERIFORMES,resident,False,0.1
Malurus_cyanocephalus,PASSERIFORMES,resident,False,0.1
Malurus_elegans,PASSERIFORMES,resident,False,0.1
Malurus_lamberti,PASSERIFORMES,resident,False,0.1
Malurus_leucopterus,PASSERIFORMES,resident,False,0.1
Malurus_melanocephalus,PASSERIFORMES,resident,False,0.1
Malurus_pulcherrimus,PASSERIFORMES,resident,False,0.1
Malurus_splendens,PASSERIFORMES,resident,False,0.1
Manacus_aurantiacus,PASSERIFORMES,resident,False,0.1
Manacus_candei,PASSERIFORMES,resident,False,0.1
Manacus_manacus,PASSERIFORMES,resident,False,0.1
Manacus_vitellinus,PASSERIFORMES,resident,False,0.1
Mandingoa_nitidula,PASSERIFORMES,resident,False,0.1
Manorina_flavigula,PASSERIFORMES,resident,False,0.1
Manorina_melanocephala,PASSERIFORMES,resident,False,0.1
Manorina_melanophrys,PASSERIFORMES,resident,False,0.1
Manorina_melanotis,PASSERIFORMES,resident,False,0.1
Manucerthia_mana,PASSERIFORMES,resident,False,0.1
Manucodia_ater,PASSERIFORMES,resident,False,0.1
Manucodia_chalybatus,PASSERIFORMES,resident,False,0.1
Manucodia_comrii,PASSERIFORMES,resident,False,0.1
Manucodia_jobiensis,PASSERIFORMES,resident,False,0.1
Margaroperdix_madagarensis,GALLIFORMES,resident,False,0.1
Margarops_fuscatus,PASSERIFORMES,resident,False,0.1
Margarornis_bellulus,PASSERIFORMES,resident,False,0.1
Margarornis_rubiginosus,PASSERIFORMES,resident,False,0.1
Margarornis_squamiger,PASSERIFORMES,resident,False,0.1
Margarornis_stellatus,PASSERIFORMES,resident,False,0.1
Marmaronetta_angustirostris,ANSERIFORMES,directional migratory,False,1.0
Mascarenotus_grucheti,STRIGIFORMES,extinct,False,0.0
Mascarenotus_murivorus,STRIGIFORMES,extinct,False,0.0
Mascarenotus_sauzieri,STRIGIFORMES,extinct,False,0.0
Mascarinus_mascarin,PSITTACIFORMES,extinct,False,0.0
Masius_chrysopterus,PASSERIFORMES,resident,False,0.1
Mayrornis_lessoni,PASSERIFORMES,resident,False,0.1
Mayrornis_schistaceus,PASSERIFORMES,resident,False,0.1
Mayrornis_versicolor,PASSERIFORMES,resident,False,0.1
Mearnsia_novaeguineae,APODIFORMES,resident,False,0.1
Mearnsia_picina,APODIFORMES,resident,False,0.1
Mecocerculus_calopterus,PASSERIFORMES,resident,False,0.1
Mecocerculus_hellmayri,PASSERIFORMES,resident,False,0.1
Mecocerculus_leucophrys,PASSERIFORMES,resident,False,0.1
Mecocerculus_minor,PASSERIFORMES,resident,False,0.1
Mecocerculus_poecilocercus,PASSERIFORMES,resident,False,0.1
Mecocerculus_stictopterus,PASSERIFORMES,resident,False,0.1
Megabyas_flammulatus,PASSERIFORMES,resident,False,0.1
Megaceryle_alcyon,CORACIIFORMES,directional migratory,False,1.0
Megaceryle_lugubris,CORACIIFORMES,resident,False,0.1
Megaceryle_maxima,CORACIIFORMES,resident,False,0.1
Megaceryle_torquata,CORACIIFORMES,directional migratory,False,1.0
Megacrex_inepta,GRUIFORMES,resident,False,0.1
Megadyptes_antipodes,SPHENISCIFORMES,dispersive migratory,True,0.5
Megalaima_annamensis,PICIFORMES,resident,False,0.1
Megalaima_armillaris,PICIFORMES,resident,False,0.1
Megalaima_asiatica,PICIFORMES,resident,False,0.1
Megalaima_australis,PICIFORMES,resident,False,0.1
Megalaima_chrysopogon,PICIFORMES,resident,False,0.1
Megalaima_corvina,PICIFORMES,resident,False,0.1
Megalaima_eximia,PICIFORMES,resident,False,0.1
Megalaima_faber,PICIFORMES,resident,False,0.1
Megalaima_faiostricta,PICIFORMES,resident,False,0.1
Megalaima_flavifrons,PICIFORMES,resident,False,0.1
Megalaima_franklinii,PICIFORMES,resident,False,0.1
Megalaima_haemacephala,PICIFORMES,resident,False,0.1
Megalaima_henricii,PICIFORMES,resident,False,0.1
Megalaima_incognita,PICIFORMES,resident,False,0.1
Megalaima_javensis,PICIFORMES,resident,False,0.1
Megalaima_lagrandieri,PICIFORMES,resident,False,0.1
Megalaima_lineata,PICIFORMES,resident,False,0.1
Megalaima_malabarica,PICIFORMES,resident,False,0.1
Megalaima_monticola,PICIFORMES,resident,False,0.1
Megalaima_mystacophanos,PICIFORMES,resident,False,0.1
Megalaima_nuchalis,PICIFORMES,resident,False,0.1
Megalaima_oorti,PICIFORMES,resident,False,0.1
Megalaima_pulcherrima,PICIFORMES,resident,False,0.1
Megalaima_rafflesii,PICIFORMES,resident,False,0.1
Megalaima_rubricapillus,PICIFORMES,resident,False,0.1
Megalaima_virens,PICIFORMES,resident,False,0.1
Megalaima_viridis,PICIFORMES,resident,False,0.1
Megalaima_zeylanica,PICIFORMES,resident,False,0.1
Megalurulus_grosvenori,PASSERIFORMES,resident,False,0.1
Megalurulus_llaneae,PASSERIFORMES,resident,False,0.1
Megalurulus_mariei,PASSERIFORMES,resident,False,0.1
Megalurulus_rubiginosus,PASSERIFORMES,resident,False,0.1
Megalurulus_rufus,PASSERIFORMES,resident,False,0.1
Megalurulus_whitneyi,PASSERIFORMES,resident,False,0.1
Megalurus_albolimbatus,PASSERIFORMES,resident,False,0.1
Megalurus_carteri,PASSERIFORMES,resident,False,0.1
Megalurus_cruralis,PASSERIFORMES,directional migratory,False,1.0
Megalurus_gramineus,PASSERIFORMES,resident,False,0.1
Megalurus_macrurus,PASSERIFORMES,resident,False,0.1
Megalurus_mathewsi,PASSERIFORMES,directional migratory,False,1.0
Megalurus_palustris,PASSERIFORMES,resident,False,0.1
Megalurus_punctatus,PASSERIFORMES,resident,False,0.1
Megalurus_rufescens,PASSERIFORMES,extinct,False,0.0
Megalurus_timoriensis,PASSERIFORMES,resident,False,0.1
Megapodius_bernsteinii,GALLIFORMES,resident,False,0.1
Megapodius_cumingii,GALLIFORMES,resident,False,0.1
Megapodius_decollatus,GALLIFORMES,resident,False,0.1
Megapodius_eremita,GALLIFORMES,resident,False,0.1
Megapodius_forsteni,GALLIFORMES,resident,False,0.1
Megapodius_freycinet,GALLIFORMES,resident,False,0.1
Megapodius_geelvinkianus,GALLIFORMES,resident,False,0.1
Megapodius_laperouse,GALLIFORMES,resident,False,0.1
Megapodius_layardi,GALLIFORMES,resident,False,0.1
Megapodius_nicobariensis,GALLIFORMES,resident,False,0.1
Megapodius_pritchardii,GALLIFORMES,resident,False,0.1
Megapodius_reinwardt,GALLIFORMES,resident,False,0.1
Megapodius_tenimberensis,GALLIFORMES,resident,False,0.1
Megarynchus_pitangua,PASSERIFORMES,directional migratory,False,1.0
Megascops_albogularis,STRIGIFORMES,resident,False,0.1
Megascops_asio,STRIGIFORMES,resident,False,0.1
Megascops_atricapilla,STRIGIFORMES,resident,False,0.1
Megascops_barbarus,STRIGIFORMES,resident,False,0.1
Megascops_centralis,STRIGIFORMES,resident,False,0.1
Megascops_choliba,STRIGIFORMES,resident,False,0.1
Megascops_clarkii,STRIGIFORMES,resident,False,0.1
Megascops_colombianus,STRIGIFORMES,resident,False,0.1
Megascops_cooperi,STRIGIFORMES,resident,False,0.1
Megascops_flammeolus,STRIGIFORMES,directional migratory,False,1.0
Megascops_guatemalae,STRIGIFORMES,resident,False,0.1
Megascops_hoyi,STRIGIFORMES,resident,False,0.1
Megascops_ingens,STRIGIFORMES,resident,False,0.1
Megascops_kennicottii,STRIGIFORMES,resident,False,0.1
Megascops_koepckeae,STRIGIFORMES,resident,False,0.1
Megascops_marshalli,STRIGIFORMES,resident,False,0.1
Megascops_napensis,STRIGIFORMES,resident,False,0.1
Megascops_nudipes,STRIGIFORMES,resident,False,0.1
Megascops_petersoni,STRIGIFORMES,resident,False,0.1
Megascops_roboratus,STRIGIFORMES,resident,False,0.1
Megascops_roraimae,STRIGIFORMES,resident,False,0.1
Megascops_sanctaecatarinae,STRIGIFORMES,resident,False,0.1
Megascops_seductus,STRIGIFORMES,resident,False,0.1
Megascops_trichopsis,STRIGIFORMES,resident,False,0.1
Megascops_vermiculatus,STRIGIFORMES,resident,False,0.1
Megascops_watsonii,STRIGIFORMES,resident,False,0.1
Megastictus_margaritatus,PASSERIFORMES,resident,False,0.1
Megatriorchis_doriae,ACCIPITRIFORMES,resident,False,0.1
Megaxenops_parnaguae,PASSERIFORMES,resident,False,0.1
Megazosterops_palauensis,PASSERIFORMES,resident,False,0.1
Meiglyptes_jugularis,PICIFORMES,resident,False,0.1
Meiglyptes_tristis,PICIFORMES,resident,False,0.1
Meiglyptes_tukki,PICIFORMES,resident,False,0.1
Melaenornis_annamarulae,PASSERIFORMES,resident,False,0.1
Melaenornis_ardesiacus,PASSERIFORMES,resident,False,0.1
Melaenornis_edolioides,PASSERIFORMES,resident,False,0.1
Melaenornis_pammelaina,PASSERIFORMES,resident,False,0.1
Melampitta_gigantea,PASSERIFORMES,resident,False,0.1
Melampitta_lugubris,PASSERIFORMES,resident,False,0.1
Melamprosops_phaeosoma,PASSERIFORMES,extinct,False,0.0
Melanerpes_aurifrons,PICIFORMES,resident,False,0.1
Melanerpes_cactorum,PICIFORMES,resident,False,0.1
Melanerpes_candidus,PICIFORMES,resident,False,0.1
Melanerpes_carolinus,PICIFORMES,resident,False,0.1
Melanerpes_chrysauchen,PICIFORMES,resident,False,0.1
Melanerpes_chrysogenys,PICIFORMES,resident,False,0.1
Melanerpes_cruentatus,PICIFORMES,resident,False,0.1
Melanerpes_erythrocephalus,PICIFORMES,directional migratory,False,1.0
Melanerpes_flavifrons,PICIFORMES,resident,False,0.1
Melanerpes_formicivorus,PICIFORMES,resident,False,0.1
Melanerpes_herminieri,PICIFORMES,resident,False,0.1
Melanerpes_hoffmannii,PICIFORMES,resident,False,0.1
Melanerpes_hypopolius,PICIFORMES,resident,False,0.1
Melanerpes_lewis,PICIFORMES,directional migratory,False,1.0
Melanerpes_portoricensis,PICIFORMES,resident,False,0.1
Melanerpes_pucherani,PICIFORMES,resident,False,0.1
Melanerpes_pulcher,PICIFORMES,resident,False,0.1
Melanerpes_pygmaeus,PICIFORMES,resident,False,0.1
Melanerpes_radiolatus,PICIFORMES,resident,False,0.1
Melanerpes_rubricapillus,PICIFORMES,resident,False,0.1
Melanerpes_santacruzi,PICIFORMES,resident,False,0.1
Melanerpes_striatus,PICIFORMES,resident,False,0.1
Melanerpes_superciliaris,PICIFORMES,resident,False,0.1
Melanerpes_uropygialis,PICIFORMES,resident,False,0.1
Melanitta_americana,ANSERIFORMES,directional migratory,False,1.0
Melanitta_deglandi,ANSERIFORMES,directional migratory,False,1.0
Melanitta_fusca,ANSERIFORMES,directional migratory,False,1.0
Melanitta_nigra,ANSERIFORMES,directional migratory,False,1.0
Melanitta_perspicillata,ANSERIFORMES,directional migratory,False,1.0
Melanocharis_arfakiana,PASSERIFORMES,resident,False,0.1
Melanocharis_longicauda,PASSERIFORMES,resident,False,0.1
Melanocharis_nigra,PASSERIFORMES,resident,False,0.1
Melanocharis_striativentris,PASSERIFORMES,resident,False,0.1
Melanocharis_versteri,PASSERIFORMES,resident,False,0.1
Melanochlora_sultanea,PASSERIFORMES,resident,False,0.1
Melanocorypha_bimaculata,PASSERIFORMES,directional migratory,False,1.0
Melanocorypha_calandra,PASSERIFORMES,directional migratory,False,1.0
Melanocorypha_leucoptera,PASSERIFORMES,directional migratory,False,1.0
Melanocorypha_maxima,PASSERIFORMES,resident,False,0.1
Melanocorypha_mongolica,PASSERIFORMES,directional migratory,False,1.0
Melanocorypha_yeltoniensis,PASSERIFORMES,directional migratory,False,1.0
Melanodera_melanodera,PASSERIFORMES,resident,False,0.1
Melanodera_xanthogramma,PASSERIFORMES,resident,False,0.1
Melanodryas_cucullata,PASSERIFORMES,resident,False,0.1
Melanodryas_vittata,PASSERIFORMES,resident,False,0.1
Melanopareia_elegans,PASSERIFORMES,resident,False,0.1
Melanopareia_maranonica,PASSERIFORMES,resident,False,0.1
Melanopareia_maximiliani,PASSERIFORMES,resident,False,0.1
Melanopareia_torquata,PASSERIFORMES,resident,False,0.1
Melanoperdix_niger,GALLIFORMES,resident,False,0.1
Melanoptila_glabrirostris,PASSERIFORMES,resident,False,0.1
Melanospiza_richardsoni,PASSERIFORMES,resident,False,0.1
Melanotis_caerulescens,PASSERIFORMES,resident,False,0.1
Melanotis_hypoleucus,PASSERIFORMES,resident,False,0.1
Meleagris_gallopavo,GALLIFORMES,resident,False,0.1
Meleagris_ocellata,GALLIFORMES,resident,False,0.1
Meliarchus_sclateri,PASSERIFORMES,resident,False,0.1
Melichneutes_robustus,PICIFORMES,resident,False,0.1
Melidectes_belfordi,PASSERIFORMES,resident,False,0.1
Melidectes_foersteri,PASSERIFORMES,resident,False,0.1
Melidectes_fuscus,PASSERIFORMES,resident,False,0.1
Melidectes_leucostephes,PASSERIFORMES,resident,False,0.1
Melidectes_nouhuysi,PASSERIFORMES,resident,False,0.1
Melidectes_ochromelas,PASSERIFORMES,resident,False,0.1
Melidectes_princeps,PASSERIFORMES,resident,False,0.1
Melidectes_rufocrissalis,PASSERIFORMES,resident,False,0.1
Melidectes_torquatus,PASSERIFORMES,resident,False,0.1
Melidectes_whitemanensis,PASSERIFORMES,resident,False,0.1
Melidora_macrorrhina,CORACIIFORMES,resident,False,0.1
Melierax_canorus,ACCIPITRIFORMES,nomadic,False,0.3
Melierax_metabates,ACCIPITRIFORMES,resident,False,0.1
Melierax_poliopterus,ACCIPITRIFORMES,resident,False,0.1
Melignomon_eisentrauti,PICIFORMES,resident,False,0.1
Melignomon_zenkeri,PICIFORMES,resident,False,0.1
Melilestes_megarhynchus,PASSERIFORMES,resident,False,0.1
Meliphaga_albilineata,PASSERIFORMES,resident,False,0.1
Meliphaga_albonotata,PASSERIFORMES,resident,False,0.1
Meliphaga_analoga,PASSERIFORMES,resident,False,0.1
Meliphaga_aruensis,PASSERIFORMES,resident,False,0.1
Meliphaga_cinereifrons,PASSERIFORMES,resident,False,0.1
Meliphaga_flavirictus,PASSERIFORMES,resident,False,0.1
Meliphaga_fordiana,PASSERIFORMES,resident,False,0.1
Meliphaga_gracilis,PASSERIFORMES,resident,False,0.1
Meliphaga_lewinii,PASSERIFORMES,resident,False,0.1
Meliphaga_mimikae,PASSERIFORMES,resident,False,0.1
Meliphaga_montana,PASSERIFORMES,resident,False,0.1
Meliphaga_notata,PASSERIFORMES,resident,False,0.1
Meliphaga_orientalis,PASSERIFORMES,resident,False,0.1
Meliphaga_reticulata,PASSERIFORMES,resident,False,0.1
Meliphaga_vicina,PASSERIFORMES,resident,False,0.1
Melipotes_ater,PASSERIFORMES,resident,False,0.1
Melipotes_carolae,PASSERIFORMES,resident,False,0.1
Melipotes_fumigatus,PASSERIFORMES,resident,False,0.1
Melipotes_gymnops,PASSERIFORMES,resident,False,0.1
Melithreptus_affinis,PASSERIFORMES,resident,False,0.1
Melithreptus_albogularis,PASSERIFORMES,resident,False,0.1
Melithreptus_brevirostris,PASSERIFORMES,resident,False,0.1
Melithreptus_chloropsis,PASSERIFORMES,resident,False,0.1
Melithreptus_gularis,PASSERIFORMES,resident,False,0.1
Melithreptus_lunatus,PASSERIFORMES,directional migratory,False,1.0
Melithreptus_validirostris,PASSERIFORMES,resident,False,0.1
Melitograis_gilolensis,PASSERIFORMES,resident,False,0.1
Mellisuga_helenae,APODIFORMES,resident,False,0.1
Mellisuga_minima,APODIFORMES,resident,False,0.1
Melocichla_mentalis,PASSERIFORMES,resident,False,0.1
Melopsittacus_undulatus,PSITTACIFORMES,nomadic,False,0.3
Melopyrrha_nigra,PASSERIFORMES,resident,False,0.1
Melospiza_georgiana,PASSERIFORMES,directional migratory,False,1.0
Melospiza_lincolnii,PASSERIFORMES,directional migratory,False,1.0
Melospiza_melodia,PASSERIFORMES,directional migratory,False,1.0
Melozone_aberti,PASSERIFORMES,resident,False,0.1
Melozone_albicollis,PASSERIFORMES,resident,False,0.1
Melozone_biarcuata,PASSERIFORMES,resident,False,0.1
Melozone_cabanisi,PASSERIFORMES,resident,False,0.1
Melozone_crissalis,PASSERIFORMES,resident,False,0.1
Melozone_fusca,PASSERIFORMES,resident,False,0.1
Melozone_kieneri,PASSERIFORMES,resident,False,0.1
Melozone_leucotis,PASSERIFORMES,resident,False,0.1
Menura_alberti,PASSERIFORMES,resident,False,0.1
Menura_novaehollandiae,PASSERIFORMES,resident,False,0.1
Merganetta_armata,ANSERIFORMES,resident,False,0.1
Mergellus_albellus,ANSERIFORMES,directional migratory,False,1.0
Mergus_australis,ANSERIFORMES,extinct,False,0.0
Mergus_merganser,ANSERIFORMES,directional migratory,False,1.0
Mergus_octosetaceus,ANSERIFORMES,resident,False,0.1
Mergus_serrator,ANSERIFORMES,directional migratory,False,1.0
Mergus_squamatus,ANSERIFORMES,directional migratory,False,1.0
Meropogon_forsteni,CORACIIFORMES,resident,False,0.1
Merops_albicollis,CORACIIFORMES,directional migratory,False,1.0
Merops_apiaster,CORACIIFORMES,directional migratory,False,1.0
Merops_boehmi,CORACIIFORMES,resident,False,0.1
Merops_breweri,CORACIIFORMES,resident,False,0.1
Merops_bullockoides,CORACIIFORMES,resident,False,0.1
Merops_bulocki,CORACIIFORMES,resident,False,0.1
Merops_gularis,CORACIIFORMES,directional migratory,False,1.0
Merops_hirundineus,CORACIIFORMES,nomadic,False,0.3
Merops_leschenaulti,CORACIIFORMES,directional migratory,False,1.0
Merops_malimbicus,CORACIIFORMES,dispersive migratory,False,0.5
Merops_mentalis,CORACIIFORMES,resident,False,0.1
Merops_muelleri,CORACIIFORMES,resident,False,0.1
Merops_nubicoides,CORACIIFORMES,directional migratory,False,1.0
Merops_nubicus,CORACIIFORMES,directional migratory,False,1.0
Merops_oreobates,CORACIIFORMES,resident,False,0.1
Merops_orientalis,CORACIIFORMES,dispersive migratory,False,0.5
Merops_ornatus,CORACIIFORMES,directional migratory,False,1.0
Merops_persicus,CORACIIFORMES,directional migratory,False,1.0
Merops_philippinus,CORACIIFORMES,directional migratory,False,1.0
Merops_pusillus,CORACIIFORMES,resident,False,0.1
Merops_revoilii,CORACIIFORMES,resident,False,0.1
Merops_superciliosus,CORACIIFORMES,directional migratory,False,1.0
Merops_variegatus,CORACIIFORMES,resident,False,0.1
Merops_viridis,CORACIIFORMES,directional migratory,False,1.0
Merulaxis_ater,PASSERIFORMES,resident,False,0.1
Merulaxis_stresemanni,PASSERIFORMES,resident,False,0.1
Mesembrinibis_cayennensis,PELECANIFORMES,resident,False,0.1
Mesitornis_unicolor,MESITORNITHIFORMES,resident,False,0.1
Mesitornis_variegatus,MESITORNITHIFORMES,resident,False,0.1
Metabolus_rugensis,PASSERIFORMES,resident,False,0.1
Metallura_aeneocauda,APODIFORMES,resident,False,0.1
Metallura_baroni,APODIFORMES,resident,False,0.1
Metallura_eupogon,APODIFORMES,resident,False,0.1
Metallura_iracunda,APODIFORMES,resident,False,0.1
Metallura_odomae,APODIFORMES,resident,False,0.1
Metallura_phoebe,APODIFORMES,resident,False,0.1
Metallura_theresiae,APODIFORMES,resident,False,0.1
Metallura_tyrianthina,APODIFORMES,resident,False,0.1
Metallura_williami,APODIFORMES,resident,False,0.1
Metopidius_indicus,CHARADRIIFORMES,resident,False,0.1
Metopothrix_aurantiaca,PASSERIFORMES,resident,False,0.1
Metriopelia_aymara,COLUMBIFORMES,resident,False,0.1
Metriopelia_ceciliae,COLUMBIFORMES,resident,False,0.1
Metriopelia_melanoptera,COLUMBIFORMES,directional migratory,False,1.0
Metriopelia_morenoi,COLUMBIFORMES,resident,False,0.1
Micrastur_buckleyi,FALCONIFORMES,resident,False,0.1
Micrastur_gilvicollis,FALCONIFORMES,resident,False,0.1
Micrastur_mintoni,FALCONIFORMES,resident,False,0.1
Micrastur_mirandollei,FALCONIFORMES,resident,False,0.1
Micrastur_plumbeus,FALCONIFORMES,resident,False,0.1
Micrastur_ruficollis,FALCONIFORMES,resident,False,0.1
Micrastur_semitorquatus,FALCONIFORMES,resident,False,0.1
Micrathene_whitneyi,STRIGIFORMES,directional migratory,False,1.0
Microbates_cinereiventris,PASSERIFORMES,resident,False,0.1
Microbates_collaris,PASSERIFORMES,resident,False,0.1
Microcarbo_africanus,SULIFORMES,resident,False,0.1
Microcarbo_coronatus,SULIFORMES,resident,False,0.1
Microcarbo_melanoleucos,SULIFORMES,resident,False,0.1
Microcarbo_niger,SULIFORMES,dispersive migratory,False,0.5
Microcarbo_pygmeus,SULIFORMES,directional migratory,False,1.0
Microcerculus_bambla,PASSERIFORMES,resident,False,0.1
Microcerculus_marginatus,PASSERIFORMES,resident,False,0.1
Microcerculus_philomela,PASSERIFORMES,resident,False,0.1
Microcerculus_ustulatus,PASSERIFORMES,resident,False,0.1
Microchera_albocoronata,APODIFORMES,resident,False,0.1
Microdynamis_parva,CUCULIFORMES,resident,False,0.1
Microeca_fascinans,PASSERIFORMES,resident,False,0.1
Microeca_flavigaster,PASSERIFORMES,resident,False,0.1
Microeca_flaviventris,PASSERIFORMES,resident,False,0.1
Microeca_flavovirescens,PASSERIFORMES,resident,False,0.1
Microeca_griseoceps,PASSERIFORMES,resident,False,0.1
Microeca_hemixantha,PASSERIFORMES,resident,False,0.1
Microeca_papuana,PASSERIFORMES,resident,False,0.1
Microgoura_meeki,COLUMBIFORMES,extinct,False,0.0
Microhierax_caerulescens,FALCONIFORMES,resident,False,0.1
Microhierax_erythrogenys,FALCONIFORMES,resident,False,0.1
Microhierax_fringillarius,FALCONIFORMES,resident,False,0.1
Microhierax_latifrons,FALCONIFORMES,resident,False,0.1
Microhierax_melanoleucos,FALCONIFORMES,resident,False,0.1
Microligea_palustris,PASSERIFORMES,resident,False,0.1
Micromacronus_leytensis,PASSERIFORMES,resident,False,0.1
Micromacronus_sordidus,PASSERIFORMES,resident,False,0.1
Micromonacha_lanceolata,PICIFORMES,resident,False,0.1
Micronisus_gabar,ACCIPITRIFORMES,resident,False,0.1
Microparra_capensis,CHARADRIIFORMES,resident,False,0.1
Micropsitta_bruijnii,PSITTACIFORMES,nomadic,False,0.3
Micropsitta_finschii,PSITTACIFORMES,resident,False,0.1
Micropsitta_geelvinkiana,PSITTACIFORMES,resident,False,0.1
Micropsitta_keiensis,PSITTACIFORMES,resident,False,0.1
Micropsitta_meeki,PSITTACIFORMES,resident,False,0.1
Micropsitta_pusio,PSITTACIFORMES,resident,False,0.1
Micropternus_brachyurus,PICIFORMES,resident,False,0.1
Micropygia_schomburgkii,GRUIFORMES,resident,False,0.1
Microrhopias_quixensis,PASSERIFORMES,resident,False,0.1
Microstilbon_burmeisteri,APODIFORMES,resident,False,0.1
Microxenops_milleri,PASSERIFORMES,resident,False,0.1
Milvago_chimachima,FALCONIFORMES,resident,False,0.1
Milvago_chimango,FALCONIFORMES,directional migratory,False,1.0
Milvus_aegyptius,ACCIPITRIFORMES,resident,False,0.1
Milvus_migrans,ACCIPITRIFORMES,directional migratory,False,1.0
Milvus_milvus,ACCIPITRIFORMES,directional migratory,False,1.0
Mimus_dorsalis,PASSERIFORMES,resident,False,0.1
Mimus_gilvus,PASSERIFORMES,resident,False,0.1
Mimus_graysoni,PASSERIFORMES,resident,False,0.1
Mimus_gundlachii,PASSERIFORMES,resident,False,0.1
Mimus_longicaudatus,PASSERIFORMES,resident,False,0.1
Mimus_macdonaldi,PASSERIFORMES,resident,False,0.1
Mimus_melanotis,PASSERIFORMES,resident,False,0.1
Mimus_parvulus,PASSERIFORMES,resident,False,0.1
Mimus_patagonicus,PASSERIFORMES,directional migratory,False,1.0
Mimus_polyglottos,PASSERIFORMES,resident,False,0.1
Mimus_saturninus,PASSERIFORMES,resident,False,0.1
Mimus_thenca,PASSERIFORMES,resident,False,0.1
Mimus_trifasciatus,PASSERIFORMES,resident,False,0.1
Mimus_triurus,PASSERIFORMES,directional migratory,False,1.0
Minla_cyanouroptera,PASSERIFORMES,resident,False,0.1
Minla_ignotincta,PASSERIFORMES,resident,False,0.1
Minla_strigula,PASSERIFORMES,resident,False,0.1
Mino_anais,PASSERIFORMES,resident,False,0.1
Mino_dumontii,PASSERIFORMES,resident,False,0.1
Mino_kreffti,PASSERIFORMES,resident,False,0.1
Mionectes_macconnelli,PASSERIFORMES,resident,False,0.1
Mionectes_oleagineus,PASSERIFORMES,resident,False,0.1
Mionectes_olivaceus,PASSERIFORMES,resident,False,0.1
Mionectes_rufiventris,PASSERIFORMES,resident,False,0.1
Mionectes_striaticollis,PASSERIFORMES,resident,False,0.1
Mirafra_affinis,PASSERIFORMES,resident,False,0.1
Mirafra_africana,PASSERIFORMES,resident,False,0.1
Mirafra_albicauda,PASSERIFORMES,resident,False,0.1
Mirafra_angolensis,PASSERIFORMES,resident,False,0.1
Mirafra_apiata,PASSERIFORMES,resident,False,0.1
Mirafra_ashi,PASSERIFORMES,resident,False,0.1
Mirafra_assamica,PASSERIFORMES,resident,False,0.1
Mirafra_cantillans,PASSERIFORMES,dispersive migratory,False,0.5
Mirafra_cheniana,PASSERIFORMES,resident,False,0.1
Mirafra_collaris,PASSERIFORMES,resident,False,0.1
Mirafra_cordofanica,PASSERIFORMES,resident,False,0.1
Mirafra_erythrocephala,PASSERIFORMES,resident,False,0.1
Mirafra_erythroptera,PASSERIFORMES,resident,False,0.1
Mirafra_fasciolata,PASSERIFORMES,resident,False,0.1
Mirafra_gilletti,PASSERIFORMES,resident,False,0.1
Mirafra_hova,PASSERIFORMES,resident,False,0.1
Mirafra_hypermetra,PASSERIFORMES,resident,False,0.1
Mirafra_javanica,PASSERIFORMES,resident,False,0.1
Mirafra_microptera,PASSERIFORMES,resident,False,0.1
Mirafra_passerina,PASSERIFORMES,dispersive migratory,False,0.5
Mirafra_pulpa,PASSERIFORMES,dispersive migratory,False,0.5
Mirafra_rufa,PASSERIFORMES,resident,False,0.1
Mirafra_rufocinnamomea,PASSERIFORMES,resident,False,0.1
Mirafra_somalica,PASSERIFORMES,resident,False,0.1
Mirafra_williamsi,PASSERIFORMES,resident,False,0.1
Mitrephanes_olivaceus,PASSERIFORMES,resident,False,0.1
Mitrephanes_phaeocercus,PASSERIFORMES,resident,False,0.1
Mitrospingus_cassinii,PASSERIFORMES,resident,False,0.1
Mitrospingus_oleagineus,PASSERIFORMES,resident,False,0.1
Mitu_mitu,GALLIFORMES,extinct,False,0.0
Mitu_salvini,GALLIFORMES,resident,False,0.1
Mitu_tomentosum,GALLIFORMES,resident,False,0.1
Mitu_tuberosum,GALLIFORMES,resident,False,0.1
Mniotilta_varia,PASSERIFORMES,directional migratory,False,1.0
Modulatrix_stictigula,PASSERIFORMES,resident,False,0.1
Moho_apicalis,PASSERIFORMES,extinct,False,0.0
Moho_bishopi,PASSERIFORMES,extinct,False,0.0
Moho_braccatus,PASSERIFORMES,extinct,False,0.0
Moho_nobilis,PASSERIFORMES,extinct,False,0.0
Mohoua_albicilla,PASSERIFORMES,resident,False,0.1
Mohoua_ochrocephala,PASSERIFORMES,resident,False,0.1
Molothrus_aeneus,PASSERIFORMES,directional migratory,False,1.0
Molothrus_armenti,PASSERIFORMES,resident,False,0.1
Molothrus_ater,PASSERIFORMES,directional migratory,False,1.0
Molothrus_bonariensis,PASSERIFORMES,directional migratory,False,1.0
Molothrus_oryzivorus,PASSERIFORMES,resident,False,0.1
Molothrus_rufoaxillaris,PASSERIFORMES,resident,False,0.1
Momotus_aequatorialis,CORACIIFORMES,resident,False,0.1
Momotus_bahamensis,CORACIIFORMES,resident,False,0.1
Momotus_coeruliceps,CORACIIFORMES,resident,False,0.1
Momotus_lessonii,CORACIIFORMES,resident,False,0.1
Momotus_mexicanus,CORACIIFORMES,resident,False,0.1
Momotus_momota,CORACIIFORMES,resident,False,0.1
Momotus_subrufescens,CORACIIFORMES,resident,False,0.1
Monachella_muelleriana,PASSERIFORMES,resident,False,0.1
Monarcha_castaneiventris,PASSERIFORMES,resident,False,0.1
Monarcha_cinerascens,PASSERIFORMES,resident,False,0.1
Monarcha_erythrostictus,PASSERIFORMES,resident,False,0.1
Monarcha_frater,PASSERIFORMES,directional migratory,False,1.0
Monarcha_godeffroyi,PASSERIFORMES,resident,False,0.1
Monarcha_melanopsis,PASSERIFORMES,directional migratory,False,1.0
Monarcha_richardsii,PASSERIFORMES,resident,False,0.1
Monarcha_rubiensis,PASSERIFORMES,resident,False,0.1
Monarcha_takatsukasae,PASSERIFORMES,resident,False,0.1
Monasa_atra,PICIFORMES,resident,False,0.1
Monasa_flavirostris,PICIFORMES,resident,False,0.1
Monasa_morphoeus,PICIFORMES,resident,False,0.1
Monasa_nigrifrons,PICIFORMES,resident,False,0.1
Monias_benschi,MESITORNITHIFORMES,resident,False,0.1
Monticola_angolensis,PASSERIFORMES,resident,False,0.1
Monticola_brevipes,PASSERIFORMES,resident,False,0.1
Monticola_cinclorhynchus,PASSERIFORMES,directional migratory,False,1.0
Monticola_explorator,PASSERIFORMES,resident,False,0.1
Monticola_gularis,PASSERIFORMES,directional migratory,False,1.0
Monticola_imerina,PASSERIFORMES,resident,False,0.1
Monticola_rufiventris,PASSERIFORMES,directional migratory,False,1.0
Monticola_rufocinereus,PASSERIFORMES,resident,False,0.1
Monticola_rupestris,PASSERIFORMES,resident,False,0.1
Monticola_saxatilis,PASSERIFORMES,directional migratory,False,1.0
Monticola_semirufus,PASSERIFORMES,resident,False,0.1
Monticola_sharpei,PASSERIFORMES,resident,False,0.1
Monticola_solitarius,PASSERIFORMES,directional migratory,False,1.0
Montifringilla_adamsi,PASSERIFORMES,dispersive migratory,False,0.5
Montifringilla_henrici,PASSERIFORMES,resident,False,0.1
Montifringilla_nivalis,PASSERIFORMES,resident,False,0.1
Morococcyx_erythropygus,CUCULIFORMES,resident,False,0.1
Morphnus_guianensis,ACCIPITRIFORMES,resident,False,0.1
Morus_bassanus,SULIFORMES,directional migratory,True,1.5
Morus_capensis,SULIFORMES,resident,True,0.1
Morus_serrator,SULIFORMES,resident,True,0.1
Motacilla_aguimp,PASSERIFORMES,resident,False,0.1
Motacilla_alba,PASSERIFORMES,directional migratory,False,1.0
Motacilla_capensis,PASSERIFORMES,resident,False,0.1
Motacilla_cinerea,PASSERIFORMES,directional migratory,False,1.0
Motacilla_citreola,PASSERIFORMES,directional migratory,False,1.0
Motacilla_clara,PASSERIFORMES,resident,False,0.1
Motacilla_flava,PASSERIFORMES,directional migratory,False,1.0
Motacilla_flaviventris,PASSERIFORMES,resident,False,0.1
Motacilla_grandis,PASSERIFORMES,directional migratory,False,1.0
Motacilla_maderaspatensis,PASSERIFORMES,directional migratory,False,1.0
Motacilla_samveasnae,PASSERIFORMES,resident,False,0.1
Motacilla_tschutschensis,PASSERIFORMES,directional migratory,False,1.0
Moupinia_poecilotis,PASSERIFORMES,resident,False,0.1
Mulleripicus_fulvus,PICIFORMES,resident,False,0.1
Mulleripicus_funebris,PICIFORMES,resident,False,0.1
Mulleripicus_pulverulentus,PICIFORMES,resident,False,0.1
Mundia_elpenor,GRUIFORMES,extinct,False,0.0
Muscicapa_adusta,PASSERIFORMES,resident,False,0.1
Muscicapa_aquatica,PASSERIFORMES,resident,False,0.1
Muscicapa_boehmi,PASSERIFORMES,resident,False,0.1
Muscicapa_caerulescens,PASSERIFORMES,resident,False,0.1
Muscicapa_cassini,PASSERIFORMES,resident,False,0.1
Muscicapa_comitata,PASSERIFORMES,resident,False,0.1
Muscicapa_dauurica,PASSERIFORMES,directional migratory,False,1.0
Muscicapa_epulata,PASSERIFORMES,resident,False,0.1
Muscicapa_ferruginea,PASSERIFORMES,directional migratory,False,1.0
Muscicapa_gambagae,PASSERIFORMES,directional migratory,False,1.0
Muscicapa_griseisticta,PASSERIFORMES,directional migratory,False,1.0
Muscicapa_infuscata,PASSERIFORMES,resident,False,0.1
Muscicapa_itombwensis,PASSERIFORMES,resident,False,0.1
Muscicapa_lendu,PASSERIFORMES,resident,False,0.1
Muscicapa_muttui,PASSERIFORMES,directional migratory,False,1.0
Muscicapa_olivascens,PASSERIFORMES,resident,False,0.1
Muscicapa_randi,PASSERIFORMES,resident,False,0.1
Muscicapa_ruficauda,PASSERIFORMES,directional migratory,False,1.0
Muscicapa_segregata,PASSERIFORMES,resident,False,0.1
Muscicapa_sethsmithi,PASSERIFORMES,resident,False,0.1
Muscicapa_sibirica,PASSERIFORMES,directional migratory,False,1.0
Muscicapa_striata,PASSERIFORMES,directional migratory,False,1.0
Muscicapa_tessmanni,PASSERIFORMES,resident,False,0.1
Muscicapa_ussheri,PASSERIFORMES,resident,False,0.1
Muscicapella_hodgsoni,PASSERIFORMES,directional migratory,False,1.0
Muscigralla_brevicauda,PASSERIFORMES,resident,False,0.1
Muscipipra_vetula,PASSERIFORMES,resident,False,0.1
Muscisaxicola_albifrons,PASSERIFORMES,resident,False,0.1
Muscisaxicola_albilora,PASSERIFORMES,directional migratory,False,1.0
Muscisaxicola_alpinus,PASSERIFORMES,resident,False,0.1
Muscisaxicola_capistratus,PASSERIFORMES,directional migratory,False,1.0
Muscisaxicola_cinereus,PASSERIFORMES,directional migratory,False,1.0
Muscisaxicola_flavinucha,PASSERIFORMES,directional migratory,False,1.0
Muscisaxicola_fluviatilis,PASSERIFORMES,resident,False,0.1
Muscisaxicola_frontalis,PASSERIFORMES,directional migratory,False,1.0
Muscisaxicola_griseus,PASSERIFORMES,resident,False,0.1
Muscisaxicola_juninensis,PASSERIFORMES,resident,False,0.1
Muscisaxicola_maclovianus,PASSERIFORMES,directional migratory,False,1.0
Muscisaxicola_maculirostris,PASSERIFORMES,directional migratory,False,1.0
Muscisaxicola_rufivertex,PASSERIFORMES,resident,False,0.1
Musophaga_rossae,MUSOPHAGIFORMES,resident,False,0.1
Musophaga_violacea,MUSOPHAGIFORMES,resident,False,0.1
Myadestes_coloratus,PASSERIFORMES,resident,False,0.1
Myadestes_elisabeth,PASSERIFORMES,resident,False,0.1
Myadestes_genibarbis,PASSERIFORMES,resident,False,0.1
Myadestes_lanaiensis,PASSERIFORMES,extinct,False,0.0
Myadestes_melanops,PASSERIFORMES,resident,False,0.1
Myadestes_myadestinus,PASSERIFORMES,extinct,False,0.0
Myadestes_obscurus,PASSERIFORMES,resident,False,0.1
Myadestes_occidentalis,PASSERIFORMES,resident,False,0.1
Myadestes_palmeri,PASSERIFORMES,resident,False,0.1
Myadestes_ralloides,PASSERIFORMES,resident,False,0.1
Myadestes_townsendi,PASSERIFORMES,directional migratory,False,1.0
Myadestes_unicolor,PASSERIFORMES,resident,False,0.1
Mycerobas_affinis,PASSERIFORMES,resident,False,0.1
Mycerobas_carnipes,PASSERIFORMES,resident,False,0.1
Mycerobas_icterioides,PASSERIFORMES,resident,False,0.1
Mycerobas_melanozanthos,PASSERIFORMES,resident,False,0.1
Mycteria_americana,CICONIIFORMES,directional migratory,False,1.0
Mycteria_cinerea,CICONIIFORMES,resident,False,0.1
Mycteria_ibis,CICONIIFORMES,directional migratory,False,1.0
Mycteria_leucocephala,CICONIIFORMES,dispersive migratory,False,0.5
Myiagra_albiventris,PASSERIFORMES,resident,False,0.1
Myiagra_alecto,PASSERIFORMES,resident,False,0.1
Myiagra_atra,PASSERIFORMES,resident,False,0.1
Myiagra_azureocapilla,PASSERIFORMES,resident,False,0.1
Myiagra_caledonica,PASSERIFORMES,resident,False,0.1
Myiagra_cervinicauda,PASSERIFORMES,resident,False,0.1
Myiagra_cyanoleuca,PASSERIFORMES,directional migratory,False,1.0
Myiagra_erythrops,PASSERIFORMES,resident,False,0.1
Myiagra_ferrocyanea,PASSERIFORMES,resident,False,0.1
Myiagra_freycineti,PASSERIFORMES,extinct,False,0.0
Myiagra_galeata,PASSERIFORMES,resident,False,0.1
Myiagra_hebetior,PASSERIFORMES,resident,False,0.1
Myiagra_inquieta,PASSERIFORMES,dispersive migratory,False,0.5
Myiagra_nana,PASSERIFORMES,resident,False,0.1
Myiagra_oceanica,PASSERIFORMES,resident,False,0.1
Myiagra_pluto,PASSERIFORMES,resident,False,0.1
Myiagra_rubecula,PASSERIFORMES,directional migratory,False,1.0
Myiagra_ruficollis,PASSERIFORMES,resident,False,0.1
Myiagra_vanikorensis,PASSERIFORMES,resident,False,0.1
Myiarchus_antillarum,PASSERIFORMES,resident,False,0.1
Myiarchus_apicalis,PASSERIFORMES,resident,False,0.1
Myiarchus_barbirostris,PASSERIFORMES,resident,False,0.1
Myiarchus_cephalotes,PASSERIFORMES,resident,False,0.1
Myiarchus_cinerascens,PASSERIFORMES,directional migratory,False,1.0
Myiarchus_crinitus,PASSERIFORMES,directional migratory,False,1.0
Myiarchus_ferox,PASSERIFORMES,resident,False,0.1
Myiarchus_magnirostris,PASSERIFORMES,resident,False,0.1
Myiarchus_nugator,PASSERIFORMES,resident,False,0.1
Myiarchus_nuttingi,PASSERIFORMES,resident,False,0.1
Myiarchus_oberi,PASSERIFORMES,resident,False,0.1
Myiarchus_panamensis,PASSERIFORMES,resident,False,0.1
Myiarchus_phaeocephalus,PASSERIFORMES,resident,False,0.1
Myiarchus_sagrae,PASSERIFORMES,resident,False,0.1
Myiarchus_semirufus,PASSERIFORMES,resident,False,0.1
Myiarchus_stolidus,PASSERIFORMES,resident,False,0.1
Myiarchus_swainsoni,PASSERIFORMES,directional migratory,False,1.0
Myiarchus_tuberculifer,PASSERIFORMES,directional migratory,False,1.0
Myiarchus_tyrannulus,PASSERIFORMES,directional migratory,False,1.0
Myiarchus_validus,PASSERIFORMES,resident,False,0.1
Myiarchus_venezuelensis,PASSERIFORMES,resident,False,0.1
Myiarchus_yucatanensis,PASSERIFORMES,resident,False,0.1
Myiobius_atricaudus,PASSERIFORMES,resident,False,0.1
Myiobius_barbatus,PASSERIFORMES,resident,False,0.1
Myiobius_sulphureipygius,PASSERIFORMES,resident,False,0.1
Myiobius_villosus,PASSERIFORMES,resident,False,0.1
Myioborus_albifacies,PASSERIFORMES,resident,False,0.1
Myioborus_albifrons,PASSERIFORMES,resident,False,0.1
Myioborus_brunniceps,PASSERIFORMES,resident,False,0.1
Myioborus_cardonai,PASSERIFORMES,resident,False,0.1
Myioborus_castaneocapilla,PASSERIFORMES,resident,False,0.1
Myioborus_flavivertex,PASSERIFORMES,resident,False,0.1
Myioborus_melanocephalus,PASSERIFORMES,resident,False,0.1
Myioborus_miniatus,PASSERIFORMES,resident,False,0.1
Myioborus_ornatus,PASSERIFORMES,resident,False,0.1
Myioborus_pariae,PASSERIFORMES,resident,False,0.1
Myioborus_pictus,PASSERIFORMES,directional migratory,False,1.0
Myioborus_torquatus,PASSERIFORMES,resident,False,0.1
Myiodynastes_bairdii,PASSERIFORMES,resident,False,0.1
Myiodynastes_chrysocephalus,PASSERIFORMES,resident,False,0.1
Myiodynastes_hemichrysus,PASSERIFORMES,resident,False,0.1
Myiodynastes_luteiventris,PASSERIFORMES,directional migratory,False,1.0
Myiodynastes_maculatus,PASSERIFORMES,directional migratory,False,1.0
Myiomela_albiventris,PASSERIFORMES,resident,False,0.1
Myiomela_diana,PASSERIFORMES,resident,False,0.1
Myiomela_leucura,PASSERIFORMES,resident,False,0.1
Myiomela_major,PASSERIFORMES,resident,False,0.1
Myiopagis_caniceps,PASSERIFORMES,resident,False,0.1
Myiopagis_cotta,PASSERIFORMES,resident,False,0.1
Myiopagis_flavivertex,PASSERIFORMES,resident,False,0.1
Myiopagis_gaimardii,PASSERIFORMES,resident,False,0.1
Myiopagis_olallai,PASSERIFORMES,resident,False,0.1
Myiopagis_subplacens,PASSERIFORMES,resident,False,0.1
Myiopagis_viridicata,PASSERIFORMES,resident,False,0.1
Myioparus_griseigularis,PASSERIFORMES,resident,False,0.1
Myioparus_plumbeus,PASSERIFORMES,resident,False,0.1
Myiophobus_cryptoxanthus,PASSERIFORMES,resident,False,0.1
Myiophobus_fasciatus,PASSERIFORMES,directional migratory,False,1.0
Myiophobus_flavicans,PASSERIFORMES,resident,False,0.1
Myiophobus_inornatus,PASSERIFORMES,resident,False,0.1
Myiophobus_phoenicomitra,PASSERIFORMES,resident,False,0.1
Myiophobus_roraimae,PASSERIFORMES,resident,False,0.1
Myiopsitta_monachus,PSITTACIFORMES,resident,False,0.1
Myiornis_albiventris,PASSERIFORMES,resident,False,0.1
Myiornis_atricapillus,PASSERIFORMES,resident,False,0.1
Myiornis_auricularis,PASSERIFORMES,resident,False,0.1
Myiornis_ecaudatus,PASSERIFORMES,resident,False,0.1
Myiotheretes_fumigatus,PASSERIFORMES,resident,False,0.1
Myiotheretes_fuscorufus,PASSERIFORMES,resident,False,0.1
Myiotheretes_pernix,PASSERIFORMES,resident,False,0.1
Myiotheretes_striaticollis,PASSERIFORMES,resident,False,0.1
Myiothlypis_bivittata,PASSERIFORMES,resident,False,0.1
Myiothlypis_chlorophrys,PASSERIFORMES,resident,False,0.1
Myiothlypis_chrysogaster,PASSERIFORMES,resident,False,0.1
Myiothlypis_cinereicollis,PASSERIFORMES,resident,False,0.1
Myiothlypis_conspicillata,PASSERIFORMES,resident,False,0.1
Myiothlypis_coronata,PASSERIFORMES,resident,False,0.1
Myiothlypis_flaveola,PASSERIFORMES,resident,False,0.1
Myiothlypis_fraseri,PASSERIFORMES,resident,False,0.1
Myiothlypis_fulvicauda,PASSERIFORMES,resident,False,0.1
Myiothlypis_griseiceps,PASSERIFORMES,resident,False,0.1
Myiothlypis_leucoblephara,PASSERIFORMES,resident,False,0.1
Myiothlypis_leucophrys,PASSERIFORMES,resident,False,0.1
Myiothlypis_luteoviridis,PASSERIFORMES,resident,False,0.1
Myiothlypis_nigrocristata,PASSERIFORMES,resident,False,0.1
Myiothlypis_rivularis,PASSERIFORMES,resident,False,0.1
Myiothlypis_signata,PASSERIFORMES,resident,False,0.1
Myiotriccus_ornatus,PASSERIFORMES,resident,False,0.1
Myiozetetes_cayanensis,PASSERIFORMES,resident,False,0.1
Myiozetetes_granadensis,PASSERIFORMES,resident,False,0.1
Myiozetetes_luteiventris,PASSERIFORMES,resident,False,0.1
Myiozetetes_similis,PASSERIFORMES,directional migratory,False,1.0
Myophonus_blighi,PASSERIFORMES,resident,False,0.1
Myophonus_borneensis,PASSERIFORMES,resident,False,0.1
Myophonus_caeruleus,PASSERIFORMES,dispersive migratory,False,0.5
Myophonus_castaneus,PASSERIFORMES,resident,False,0.1
Myophonus_glaucinus,PASSERIFORMES,resident,False,0.1
Myophonus_horsfieldii,PASSERIFORMES,resident,False,0.1
Myophonus_insularis,PASSERIFORMES,resident,False,0.1
Myophonus_melanurus,PASSERIFORMES,resident,False,0.1
Myophonus_robinsoni,PASSERIFORMES,resident,False,0.1
Myornis_senilis,PASSERIFORMES,resident,False,0.1
Myrmeciza_atrothorax,PASSERIFORMES,resident,False,0.1
Myrmeciza_berlepschi,PASSERIFORMES,resident,False,0.1
Myrmeciza_castanea,PASSERIFORMES,resident,False,0.1
Myrmeciza_disjuncta,PASSERIFORMES,resident,False,0.1
Myrmeciza_exsul,PASSERIFORMES,resident,False,0.1
Myrmeciza_ferruginea,PASSERIFORMES,resident,False,0.1
Myrmeciza_fortis,PASSERIFORMES,resident,False,0.1
Myrmeciza_goeldii,PASSERIFORMES,resident,False,0.1
Myrmeciza_griseiceps,PASSERIFORMES,resident,False,0.1
Myrmeciza_hemimelaena,PASSERIFORMES,resident,False,0.1
Myrmeciza_hyperythra,PASSERIFORMES,resident,False,0.1
Myrmeciza_immaculata,PASSERIFORMES,resident,False,0.1
Myrmeciza_laemosticta,PASSERIFORMES,resident,False,0.1
Myrmeciza_longipes,PASSERIFORMES,resident,False,0.1
Myrmeciza_loricata,PASSERIFORMES,resident,False,0.1
Myrmeciza_melanoceps,PASSERIFORMES,resident,False,0.1
Myrmeciza_nigricauda,PASSERIFORMES,resident,False,0.1
Myrmeciza_palliata,PASSERIFORMES,resident,False,0.1
Myrmeciza_pelzelni,PASSERIFORMES,resident,False,0.1
Myrmeciza_ruficauda,PASSERIFORMES,resident,False,0.1
Myrmeciza_squamosa,PASSERIFORMES,resident,False,0.1
Myrmecocichla_aethiops,PASSERIFORMES,resident,False,0.1
Myrmecocichla_formicivora,PASSERIFORMES,resident,False,0.1
Myrmecocichla_melaena,PASSERIFORMES,resident,False,0.1
Myrmecocichla_nigra,PASSERIFORMES,resident,False,0.1
Myrmecocichla_tholloni,PASSERIFORMES,resident,False,0.1
Myrmia_micrura,APODIFORMES,resident,False,0.1
Myrmoborus_leucophrys,PASSERIFORMES,resident,False,0.1
Myrmoborus_lugubris,PASSERIFORMES,resident,False,0.1
Myrmoborus_melanurus,PASSERIFORMES,resident,False,0.1
Myrmoborus_myotherinus,PASSERIFORMES,resident,False,0.1
Myrmochanes_hemileucus,PASSERIFORMES,resident,False,0.1
Myrmorchilus_strigilatus,PASSERIFORMES,resident,False,0.1
Myrmornis_torquata,PASSERIFORMES,resident,False,0.1
Myrmothera_campanisona,PASSERIFORMES,resident,False,0.1
Myrmothera_simplex,PASSERIFORMES,resident,False,0.1
Myrmotherula_ambigua,PASSERIFORMES,resident,False,0.1
Myrmotherula_assimilis,PASSERIFORMES,resident,False,0.1
Myrmotherula_axillaris,PASSERIFORMES,resident,False,0.1
Myrmotherula_behni,PASSERIFORMES,resident,False,0.1
Myrmotherula_brachyura,PASSERIFORMES,resident,False,0.1
Myrmotherula_cherriei,PASSERIFORMES,resident,False,0.1
Myrmotherula_fluminensis,PASSERIFORMES,unknown,False,0.2
Myrmotherula_grisea,PASSERIFORMES,resident,False,0.1
Myrmotherula_gularis,PASSERIFORMES,resident,False,0.1
Myrmotherula_ignota,PASSERIFORMES,resident,False,0.1
Myrmotherula_iheringi,PASSERIFORMES,resident,False,0.1
Myrmotherula_klagesi,PASSERIFORMES,resident,False,0.1
Myrmotherula_longicauda,PASSERIFORMES,resident,False,0.1
Myrmotherula_longipennis,PASSERIFORMES,resident,False,0.1
Myrmotherula_luctuosa,PASSERIFORMES,resident,False,0.1
Myrmotherula_menetriesii,PASSERIFORMES,resident,False,0.1
Myrmotherula_minor,PASSERIFORMES,resident,False,0.1
Myrmotherula_multostriata,PASSERIFORMES,resident,False,0.1
Myrmotherula_pacifica,PASSERIFORMES,resident,False,0.1
Myrmotherula_schisticolor,PASSERIFORMES,resident,False,0.1
Myrmotherula_sclateri,PASSERIFORMES,resident,False,0.1
Myrmotherula_snowi,PASSERIFORMES,resident,False,0.1
Myrmotherula_sunensis,PASSERIFORMES,resident,False,0.1
Myrmotherula_surinamensis,PASSERIFORMES,resident,False,0.1
Myrmotherula_unicolor,PASSERIFORMES,resident,False,0.1
Myrmotherula_urosticta,PASSERIFORMES,resident,False,0.1
Myrtis_fanny,APODIFORMES,resident,False,0.1
Mystacornis_crossleyi,PASSERIFORMES,resident,False,0.1
Myza_celebensis,PASSERIFORMES,resident,False,0.1
Myza_sarasinorum,PASSERIFORMES,resident,False,0.1
Myzomela_adolphinae,PASSERIFORMES,resident,False,0.1
Myzomela_albigula,PASSERIFORMES,resident,False,0.1
Myzomela_blasii,PASSERIFORMES,resident,False,0.1
Myzomela_boiei,PASSERIFORMES,resident,False,0.1
Myzomela_caledonica,PASSERIFORMES,resident,False,0.1
Myzomela_cardinalis,PASSERIFORMES,resident,False,0.1
Myzomela_chermesina,PASSERIFORMES,resident,False,0.1
Myzomela_chloroptera,PASSERIFORMES,resident,False,0.1
Myzomela_cineracea,PASSERIFORMES,resident,False,0.1
Myzomela_cruentata,PASSERIFORMES,resident,False,0.1
Myzomela_dammermani,PASSERIFORMES,resident,False,0.1
Myzomela_eichhorni,PASSERIFORMES,resident,False,0.1
Myzomela_eques,PASSERIFORMES,resident,False,0.1
Myzomela_erythrocephala,PASSERIFORMES,resident,False,0.1
Myzomela_erythromelas,PASSERIFORMES,resident,False,0.1
Myzomela_jugularis,PASSERIFORMES,resident,False,0.1
Myzomela_kuehni,PASSERIFORMES,resident,False,0.1
Myzomela_lafargei,PASSERIFORMES,resident,False,0.1
Myzomela_malaitae,PASSERIFORMES,resident,False,0.1
Myzomela_melanocephala,PASSERIFORMES,resident,False,0.1
Myzomela_nigrita,PASSERIFORMES,resident,False,0.1
Myzomela_obscura,PASSERIFORMES,resident,False,0.1
Myzomela_pammelaena,PASSERIFORMES,resident,False,0.1
Myzomela_pulchella,PASSERIFORMES,resident,False,0.1
Myzomela_rosenbergii,PASSERIFORMES,resident,False,0.1
Myzomela_rubratra,PASSERIFORMES,resident,False,0.1
Myzomela_sanguinolenta,PASSERIFORMES,directional migratory,False,1.0
Myzomela_sclateri,PASSERIFORMES,resident,False,0.1
Myzomela_tristrami,PASSERIFORMES,resident,False,0.1
Myzomela_vulnerata,PASSERIFORMES,resident,False,0.1
Myzomela_wakoloensis,PASSERIFORMES,resident,False,0.1
Myzornis_pyrrhoura,PASSERIFORMES,resident,False,0.1
Namibornis_herero,PASSERIFORMES,resident,False,0.1
Nandayus_nenday,PSITTACIFORMES,resident,False,0.1
Nannococcyx_psix,CUCULIFORMES,extinct,False,0.0
Nannopsittaca_dachilleae,PSITTACIFORMES,resident,False,0.1
Nannopsittaca_panychlora,PSITTACIFORMES,resident,False,0.1
Napothera_atrigularis,PASSERIFORMES,resident,False,0.1
Napothera_brevicaudata,PASSERIFORMES,resident,False,0.1
Napothera_crassa,PASSERIFORMES,resident,False,0.1
Napothera_crispifrons,PASSERIFORMES,resident,False,0.1
Napothera_epilepidota,PASSERIFORMES,resident,False,0.1
Napothera_macrodactyla,PASSERIFORMES,resident,False,0.1
Napothera_marmorata,PASSERIFORMES,resident,False,0.1
Napothera_rufipectus,PASSERIFORMES,resident,False,0.1
Nasica_longirostris,PASSERIFORMES,resident,False,0.1
Neafrapus_boehmi,APODIFORMES,resident,False,0.1
Neafrapus_cassini,APODIFORMES,resident,False,0.1
Necropsar_rodericanus,PASSERIFORMES,extinct,False,0.0
Necropsittacus_rodericanus,PSITTACIFORMES,extinct,False,0.0
Necrosyrtes_monachus,ACCIPITRIFORMES,resident,False,0.1
Nectarinia_bocagii,PASSERIFORMES,resident,False,0.1
Nectarinia_famosa,PASSERIFORMES,nomadic,False,0.3
Nectarinia_johnstoni,PASSERIFORMES,resident,False,0.1
Nectarinia_kilimensis,PASSERIFORMES,nomadic,False,0.3
Nectarinia_purpureiventris,PASSERIFORMES,resident,False,0.1
Nectarinia_tacazze,PASSERIFORMES,resident,False,0.1
Nemosia_pileata,PASSERIFORMES,resident,False,0.1
Nemosia_rourei,PASSERIFORMES,resident,False,0.1
Neochelidon_tibialis,PASSERIFORMES,resident,False,0.1
Neochen_jubata,ANSERIFORMES,resident,False,0.1
Neochmia_modesta,PASSERIFORMES,resident,False,0.1
Neochmia_phaeton,PASSERIFORMES,resident,False,0.1
Neochmia_ruficauda,PASSERIFORMES,resident,False,0.1
Neochmia_temporalis,PASSERIFORMES,resident,False,0.1
Neocichla_gutturalis,PASSERIFORMES,resident,False,0.1
Neocossyphus_poensis,PASSERIFORMES,resident,False,0.1
Neocossyphus_rufus,PASSERIFORMES,resident,False,0.1
Neocrex_colombiana,GRUIFORMES,resident,False,0.1
Neocrex_erythrops,GRUIFORMES,resident,False,0.1
Neoctantes_niger,PASSERIFORMES,resident,False,0.1
Neodrepanis_coruscans,PASSERIFORMES,resident,False,0.1
Neodrepanis_hypoxantha,PASSERIFORMES,resident,False,0.1
Neolalage_banksiana,PASSERIFORMES,resident,False,0.1
Neolestes_torquatus,PASSERIFORMES,resident,False,0.1
Neomixis_striatigula,PASSERIFORMES,resident,False,0.1
Neomixis_tenella,PASSERIFORMES,resident,False,0.1
Neomixis_viridis,PASSERIFORMES,resident,False,0.1
Neomorphus_geoffroyi,CUCULIFORMES,resident,False,0.1
Neomorphus_pucheranii,CUCULIFORMES,resident,False,0.1
Neomorphus_radiolosus,CUCULIFORMES,resident,False,0.1
Neomorphus_rufipennis,CUCULIFORMES,resident,False,0.1
Neomorphus_squamiger,CUCULIFORMES,resident,False,0.1
Neopelma_aurifrons,PASSERIFORMES,resident,False,0.1
Neopelma_chrysocephalum,PASSERIFORMES,resident,False,0.1
Neopelma_chrysolophum,PASSERIFORMES,resident,False,0.1
Neopelma_pallescens,PASSERIFORMES,resident,False,0.1
Neopelma_sulphureiventer,PASSERIFORMES,resident,False,0.1
Neophema_chrysogaster,PSITTACIFORMES,directional migratory,False,1.0
Neophema_chrysostoma,PSITTACIFORMES,directional migratory,False,1.0
Neophema_elegans,PSITTACIFORMES,nomadic,False,0.3
Neophema_petrophila,PSITTACIFORMES,resident,False,0.1
Neophema_pulchella,PSITTACIFORMES,resident,False,0.1
Neophema_splendida,PSITTACIFORMES,nomadic,False,0.3
Neophron_percnopterus,ACCIPITRIFORMES,directional migratory,False,1.0
Neopipo_cinnamomea,PASSERIFORMES,resident,False,0.1
Neopsephotus_bourkii,PSITTACIFORMES,nomadic,False,0.3
Neopsittacus_musschenbroekii,PSITTACIFORMES,resident,False,0.1
Neopsittacus_pullicauda,PSITTACIFORMES,resident,False,0.1
Neospiza_concolor,PASSERIFORMES,resident,False,0.1
Neosuthora_davidiana,PASSERIFORMES,resident,False,0.1
Neothraupis_fasciata,PASSERIFORMES,resident,False,0.1
Neotis_denhami,OTIDIFORMES,dispersive migratory,False,0.5
Neotis_heuglinii,OTIDIFORMES,resident,False,0.1
Neotis_ludwigii,OTIDIFORMES,directional migratory,False,1.0
Neotis_nuba,OTIDIFORMES,resident,False,0.1
Neoxolmis_rufiventris,PASSERIFORMES,directional migratory,False,1.0
Nephelomyias_lintoni,PASSERIFORMES,resident,False,0.1
Nephelomyias_ochraceiventris,PASSERIFORMES,resident,False,0.1
Nephelomyias_pulcher,PASSERIFORMES,resident,False,0.1
Nephelornis_oneilli,PASSERIFORMES,resident,False,0.1
Nesasio_solomonensis,STRIGIFORMES,resident,False,0.1
Nesillas_aldabrana,PASSERIFORMES,extinct,False,0.0
Nesillas_brevicaudata,PASSERIFORMES,resident,False,0.1
Nesillas_lantzii,PASSERIFORMES,resident,False,0.1
Nesillas_longicaudata,PASSERIFORMES,resident,False,0.1
Nesillas_mariae,PASSERIFORMES,resident,False,0.1
Nesillas_typica,PASSERIFORMES,resident,False,0.1
Nesocharis_ansorgei,PASSERIFORMES,resident,False,0.1
Nesocharis_capistrata,PASSERIFORMES,resident,False,0.1
Nesocharis_shelleyi,PASSERIFORMES,resident,False,0.1
Nesocichla_eremita,PASSERIFORMES,resident,False,0.1
Nesoclopeus_poecilopterus,GRUIFORMES,extinct,False,0.0
Nesoclopeus_woodfordi,GRUIFORMES,resident,False,0.1
Nesoctites_micromegas,PICIFORMES,resident,False,0.1
Nesoenas_mayeri,COLUMBIFORMES,resident,False,0.1
Nesoenas_picturata,COLUMBIFORMES,resident,False,0.1
Nesoenas_rodericana,COLUMBIFORMES,extinct,False,0.0
Nesofregetta_fuliginosa,PROCELLARIIFORMES,dispersive migratory,True,0.5
Nesopsar_nigerrimus,PASSERIFORMES,resident,False,0.1
Nesospingus_speculiferus,PASSERIFORMES,resident,False,0.1
Nesospiza_acunhae,PASSERIFORMES,resident,False,0.1
Nesospiza_questi,PASSERIFORMES,resident,False,0.1
Nesospiza_wilkinsi,PASSERIFORMES,resident,False,0.1
Nesotriccus_ridgwayi,PASSERIFORMES,resident,False,0.1
Nestor_meridionalis,PSITTACIFORMES,resident,False,0.1
Nestor_notabilis,PSITTACIFORMES,resident,False,0.1
Nestor_productus,PSITTACIFORMES,extinct,False,0.0
Netta_erythrophthalma,ANSERIFORMES,resident,False,0.1
Netta_peposaca,ANSERIFORMES,directional migratory,False,1.0
Netta_rufina,ANSERIFORMES,directional migratory,False,1.0
Nettapus_auritus,ANSERIFORMES,resident,False,0.1
Nettapus_coromandelianus,ANSERIFORMES,directional migratory,False,1.0
Nettapus_pulchellus,ANSERIFORMES,resident,False,0.1
Newtonia_amphichroa,PASSERIFORMES,resident,False,0.1
Newtonia_archboldi,PASSERIFORMES,resident,False,0.1
Newtonia_brunneicauda,PASSERIFORMES,resident,False,0.1
Newtonia_fanovanae,PASSERIFORMES,resident,False,0.1
Nicator_chloris,PASSERIFORMES,resident,False,0.1
Nicator_gularis,PASSERIFORMES,resident,False,0.1
Nicator_vireo,PASSERIFORMES,resident,False,0.1
Nigrita_bicolor,PASSERIFORMES,resident,False,0.1
Nigrita_canicapillus,PASSERIFORMES,resident,False,0.1
Nigrita_fusconotus,PASSERIFORMES,resident,False,0.1
Nigrita_luteifrons,PASSERIFORMES,resident,False,0.1
Nilaus_afer,PASSERIFORMES,resident,False,0.1
Niltava_davidi,PASSERIFORMES,directional migratory,False,1.0
Niltava_grandis,PASSERIFORMES,directional migratory,False,1.0
Niltava_macgrigoriae,PASSERIFORMES,dispersive migratory,False,0.5
Niltava_sumatrana,PASSERIFORMES,resident,False,0.1
Niltava_sundara,PASSERIFORMES,directional migratory,False,1.0
Niltava_vivida,PASSERIFORMES,directional migratory,False,1.0
Ninox_affinis,STRIGIFORMES,resident,False,0.1
Ninox_boobook,STRIGIFORMES,resident,False,0.1
Ninox_burhani,STRIGIFORMES,resident,False,0.1
Ninox_connivens,STRIGIFORMES,resident,False,0.1
Ninox_forbesi,STRIGIFORMES,resident,False,0.1
Ninox_hypogramma,STRIGIFORMES,resident,False,0.1
Ninox_ios,STRIGIFORMES,resident,False,0.1
Ninox_jacquinoti,STRIGIFORMES,resident,False,0.1
Ninox_japonica,STRIGIFORMES,directional migratory,False,1.0
Ninox_meeki,STRIGIFORMES,resident,False,0.1
Ninox_natalis,STRIGIFORMES,resident,False,0.1
Ninox_novaeseelandiae,STRIGIFORMES,resident,False,0.1
Ninox_obscura,STRIGIFORMES,resident,False,0.1
Ninox_ochracea,STRIGIFORMES,resident,False,0.1
Ninox_odiosa,STRIGIFORMES,resident,False,0.1
Ninox_philippensis,STRIGIFORMES,resident,False,0.1
Ninox_punctulata,STRIGIFORMES,resident,False,0.1
Ninox_randi,STRIGIFORMES,resident,False,0.1
Ninox_rudolfi,STRIGIFORMES,resident,False,0.1
Ninox_rufa,STRIGIFORMES,resident,False,0.1
Ninox_scutulata,STRIGIFORMES,resident,False,0.1
Ninox_squamipila,STRIGIFORMES,resident,False,0.1
Ninox_strenua,STRIGIFORMES,resident,False,0.1
Ninox_sumbaensis,STRIGIFORMES,resident,False,0.1
Ninox_superciliaris,STRIGIFORMES,resident,False,0.1
Ninox_theomacha,STRIGIFORMES,resident,False,0.1
Ninox_variegata,STRIGIFORMES,resident,False,0.1
Nipponia_nippon,PELECANIFORMES,directional migratory,False,1.0
Nisaetus_alboniger,ACCIPITRIFORMES,resident,False,0.1
Nisaetus_bartelsi,ACCIPITRIFORMES,resident,False,0.1
Nisaetus_cirrhatus,ACCIPITRIFORMES,resident,False,0.1
Nisaetus_floris,ACCIPITRIFORMES,resident,False,0.1
Nisaetus_kelaarti,ACCIPITRIFORMES,resident,False,0.1
Nisaetus_lanceolatus,ACCIPITRIFORMES,resident,False,0.1
Nisaetus_nanus,ACCIPITRIFORMES,resident,False,0.1
Nisaetus_nipalensis,ACCIPITRIFORMES,dispersive migratory,False,0.5
Nisaetus_philippensis,ACCIPITRIFORMES,resident,False,0.1
Nisaetus_pinskeri,ACCIPITRIFORMES,resident,False,0.1
Nomonyx_dominicus,ANSERIFORMES,resident,False,0.1
Nonnula_amaurocephala,PICIFORMES,resident,False,0.1
Nonnula_brunnea,PICIFORMES,resident,False,0.1
Nonnula_frontalis,PICIFORMES,resident,False,0.1
Nonnula_rubecula,PICIFORMES,resident,False,0.1
Nonnula_ruficapilla,PICIFORMES,resident,False,0.1
Nonnula_sclateri,PICIFORMES,resident,False,0.1
Northiella_haematogaster,PSITTACIFORMES,resident,False,0.1
Notharchus_hyperrhynchus,PICIFORMES,resident,False,0.1
Notharchus_macrorhynchos,PICIFORMES,resident,False,0.1
Notharchus_ordii,PICIFORMES,resident,False,0.1
Notharchus_pectoralis,PICIFORMES,resident,False,0.1
Notharchus_swainsoni,PICIFORMES,resident,False,0.1
Notharchus_tectus,PICIFORMES,resident,False,0.1
Nothocercus_bonapartei,TINAMIFORMES,resident,False,0.1
Nothocercus_julius,TINAMIFORMES,resident,False,0.1
Nothocercus_nigrocapillus,TINAMIFORMES,resident,False,0.1
Nothocrax_urumutum,GALLIFORMES,resident,False,0.1
Nothoprocta_cinerascens,TINAMIFORMES,resident,False,0.1
Nothoprocta_curvirostris,TINAMIFORMES,resident,False,0.1
Nothoprocta_ornata,TINAMIFORMES,resident,False,0.1
Nothoprocta_pentlandii,TINAMIFORMES,resident,False,0.1
Nothoprocta_perdicaria,TINAMIFORMES,resident,False,0.1
Nothoprocta_taczanowskii,TINAMIFORMES,resident,False,0.1
Nothura_boraquira,TINAMIFORMES,resident,False,0.1
Nothura_chacoensis,TINAMIFORMES,resident,False,0.1
Nothura_darwinii,TINAMIFORMES,resident,False,0.1
Nothura_maculosa,TINAMIFORMES,resident,False,0.1
Nothura_minor,TINAMIFORMES,resident,False,0.1
Notiochelidon_cyanoleuca,PASSERIFORMES,directional migratory,False,1.0
Notiochelidon_flavipes,PASSERIFORMES,resident,False,0.1
Notiochelidon_murina,PASSERIFORMES,resident,False,0.1
Notiochelidon_pileata,PASSERIFORMES,resident,False,0.1
Notiomystis_cincta,PASSERIFORMES,resident,False,0.1
Notopholia_corrusca,PASSERIFORMES,resident,False,0.1
Nucifraga_caryocatactes,PASSERIFORMES,resident,False,0.1
Nucifraga_columbiana,PASSERIFORMES,resident,False,0.1
Nucifraga_multipunctata,PASSERIFORMES,resident,False,0.1
Numenius_americanus,CHARADRIIFORMES,directional migratory,False,1.0
Numenius_arquata,CHARADRIIFORMES,directional migratory,False,1.0
Numenius_borealis,CHARADRIIFORMES,extinct,False,0.0
Numenius_madagascariensis,CHARADRIIFORMES,directional migratory,False,1.0
Numenius_minutus,CHARADRIIFORMES,directional migratory,False,1.0
Numenius_phaeopus,CHARADRIIFORMES,directional migratory,False,1.0
Numenius_tahitiensis,CHARADRIIFORMES,directional migratory,False,1.0
Numenius_tenuirostris,CHARADRIIFORMES,directional migratory,False,1.0
Numida_meleagris,GALLIFORMES,resident,False,0.1
Nyctanassa_carcinocatactes,PELECANIFORMES,extinct,False,0.0
Nyctanassa_violacea,PELECANIFORMES,directional migratory,False,1.0
Nyctibius_aethereus,CAPRIMULGIFORMES,resident,False,0.1
Nyctibius_bracteatus,CAPRIMULGIFORMES,resident,False,0.1
Nyctibius_grandis,CAPRIMULGIFORMES,resident,False,0.1
Nyctibius_griseus,CAPRIMULGIFORMES,resident,False,0.1
Nyctibius_jamaicensis,CAPRIMULGIFORMES,resident,False,0.1
Nyctibius_leucopterus,CAPRIMULGIFORMES,resident,False,0.1
Nyctibius_maculosus,CAPRIMULGIFORMES,resident,False,0.1
Nycticorax_caledonicus,PELECANIFORMES,dispersive migratory,False,0.5
Nycticorax_duboisi,PELECANIFORMES,extinct,False,0.0
Nycticorax_mauritianus,PELECANIFORMES,extinct,False,0.0
Nycticorax_megacephalus,PELECANIFORMES,extinct,False,0.0
Nycticorax_nycticorax,PELECANIFORMES,directional migratory,False,1.0
Nycticorax_olsoni,PELECANIFORMES,extinct,False,0.0
Nycticryphes_semicollaris,CHARADRIIFORMES,directional migratory,False,1.0
Nyctidromus_albicollis,CAPRIMULGIFORMES,resident,False,0.1
Nyctiphrynus_mcleodii,CAPRIMULGIFORMES,resident,False,0.1
Nyctiphrynus_ocellatus,CAPRIMULGIFORMES,resident,False,0.1
Nyctiphrynus_rosenbergi,CAPRIMULGIFORMES,resident,False,0.1
Nyctiphrynus_yucatanicus,CAPRIMULGIFORMES,resident,False,0.1
Nyctiprogne_leucopyga,CAPRIMULGIFORMES,resident,False,0.1
Nyctiprogne_vielliardi,CAPRIMULGIFORMES,resident,False,0.1
Nyctyornis_amictus,CORACIIFORMES,resident,False,0.1
Nyctyornis_athertoni,CORACIIFORMES,resident,False,0.1
Nymphicus_hollandicus,PSITTACIFORMES,nomadic,False,0.3
Nystalus_chacuru,PICIFORMES,resident,False,0.1
Nystalus_maculatus,PICIFORMES,resident,False,0.1
Nystalus_radiatus,PICIFORMES,resident,False,0.1
Nystalus_striatipectus,PICIFORMES,resident,False,0.1
Nystalus_striolatus,PICIFORMES,resident,False,0.1
Oceanites_gracilis,PROCELLARIIFORMES,dispersive migratory,True,0.5
Oceanites_oceanicus,PROCELLARIIFORMES,directional migratory,True,1.5
Oceanodroma_castro,PROCELLARIIFORMES,dispersive migratory,True,0.5
Oceanodroma_furcata,PROCELLARIIFORMES,dispersive migratory,True,0.5
Oceanodroma_homochroa,PROCELLARIIFORMES,resident,True,0.1
Oceanodroma_hornbyi,PROCELLARIIFORMES,dispersive migratory,True,0.5
Oceanodroma_jabejabe,PROCELLARIIFORMES,resident,True,0.1
Oceanodroma_leucorhoa,PROCELLARIIFORMES,directional migratory,True,1.5
Oceanodroma_macrodactyla,PROCELLARIIFORMES,unknown,True,0.2
Oceanodroma_markhami,PROCELLARIIFORMES,directional migratory,True,1.5
Oceanodroma_matsudairae,PROCELLARIIFORMES,directional migratory,True,1.5
Oceanodroma_melania,PROCELLARIIFORMES,directional migratory,True,1.5
Oceanodroma_microsoma,PROCELLARIIFORMES,directional migratory,True,1.5
Oceanodroma_monorhis,PROCELLARIIFORMES,directional migratory,True,1.5
Oceanodroma_monteiroi,PROCELLARIIFORMES,resident,True,0.1
Oceanodroma_tethys,PROCELLARIIFORMES,dispersive migratory,True,0.5
Oceanodroma_tristrami,PROCELLARIIFORMES,dispersive migratory,True,0.5
Ochetorhynchus_andaecola,PASSERIFORMES,resident,False,0.1
Ochetorhynchus_melanurus,PASSERIFORMES,resident,False,0.1
Ochetorhynchus_phoenicurus,PASSERIFORMES,resident,False,0.1
Ochetorhynchus_ruficaudus,PASSERIFORMES,resident,False,0.1
Ochthoeca_cinnamomeiventris,PASSERIFORMES,resident,False,0.1
Ochthoeca_fumicolor,PASSERIFORMES,resident,False,0.1
Ochthoeca_leucophrys,PASSERIFORMES,resident,False,0.1
Ochthoeca_nigrita,PASSERIFORMES,resident,False,0.1
Ochthoeca_oenanthoides,PASSERIFORMES,resident,False,0.1
Ochthoeca_piurae,PASSERIFORMES,resident,False,0.1
Ochthoeca_rufipectoralis,PASSERIFORMES,resident,False,0.1
Ochthoeca_thoracica,PASSERIFORMES,resident,False,0.1
Ochthornis_littoralis,PASSERIFORMES,resident,False,0.1
Ocreatus_underwoodii,APODIFORMES,resident,False,0.1
Oculocincta_squamifrons,PASSERIFORMES,resident,False,0.1
Ocyalus_latirostris,PASSERIFORMES,resident,False,0.1
Ocyceros_birostris,BUCEROTIFORMES,resident,False,0.1
Ocyceros_gingalensis,BUCEROTIFORMES,resident,False,0.1
Ocyceros_griseus,BUCEROTIFORMES,resident,False,0.1
Ocyphaps_lophotes,COLUMBIFORMES,resident,False,0.1
Odontophorus_atrifrons,GALLIFORMES,resident,False,0.1
Odontophorus_balliviani,GALLIFORMES,resident,False,0.1
Odontophorus_capueira,GALLIFORMES,resident,False,0.1
Odontophorus_columbianus,GALLIFORMES,resident,False,0.1
Odontophorus_dialeucos,GALLIFORMES,resident,False,0.1
Odontophorus_erythrops,GALLIFORMES,resident,False,0.1
Odontophorus_gujanensis,GALLIFORMES,resident,False,0.1
Odontophorus_guttatus,GALLIFORMES,resident,False,0.1
Odontophorus_hyperythrus,GALLIFORMES,resident,False,0.1
Odontophorus_leucolaemus,GALLIFORMES,resident,False,0.1
Odontophorus_melanonotus,GALLIFORMES,resident,False,0.1
Odontophorus_melanotis,GALLIFORMES,resident,False,0.1
Odontophorus_speciosus,GALLIFORMES,resident,False,0.1
Odontophorus_stellatus,GALLIFORMES,resident,False,0.1
Odontophorus_strophium,GALLIFORMES,resident,False,0.1
Odontorchilus_branickii,PASSERIFORMES,resident,False,0.1
Odontorchilus_cinereus,PASSERIFORMES,resident,False,0.1
Odontospiza_caniceps,PASSERIFORMES,resident,False,0.1
Oedistoma_iliolophus,PASSERIFORMES,resident,False,0.1
Oedistoma_pygmaeum,PASSERIFORMES,resident,False,0.1
Oena_capensis,COLUMBIFORMES,directional migratory,False,1.0
Oenanthe_albonigra,PASSERIFORMES,resident,False,0.1
Oenanthe_bottae,PASSERIFORMES,resident,False,0.1
Oenanthe_chrysopygia,PASSERIFORMES,directional migratory,False,1.0
Oenanthe_cypriaca,PASSERIFORMES,directional migratory,False,1.0
Oenanthe_deserti,PASSERIFORMES,directional migratory,False,1.0
Oenanthe_dubia,PASSERIFORMES,unknown,False,0.2
Oenanthe_familiaris,PASSERIFORMES,resident,False,0.1
Oenanthe_finschii,PASSERIFORMES,directional migratory,False,1.0
Oenanthe_fusca,PASSERIFORMES,resident,False,0.1
Oenanthe_heuglini,PASSERIFORMES,dispersive migratory,False,0.5
Oenanthe_hispanica,PASSERIFORMES,directional migratory,False,1.0
Oenanthe_isabellina,PASSERIFORMES,directional migratory,False,1.0
Oenanthe_leucopyga,PASSERIFORMES,resident,False,0.1
Oenanthe_leucura,PASSERIFORMES,resident,False,0.1
Oenanthe_lugens,PASSERIFORMES,directional migratory,False,1.0
Oenanthe_lugentoides,PASSERIFORMES,resident,False,0.1
Oenanthe_lugubris,PASSERIFORMES,resident,False,0.1
Oenanthe_melanura,PASSERIFORMES,resident,False,0.1
Oenanthe_moesta,PASSERIFORMES,resident,False,0.1
Oenanthe_monacha,PASSERIFORMES,resident,False,0.1
Oenanthe_monticola,PASSERIFORMES,resident,False,0.1
Oenanthe_oenanthe,PASSERIFORMES,directional migratory,False,1.0
Oenanthe_phillipsi,PASSERIFORMES,resident,False,0.1
Oenanthe_picata,PASSERIFORMES,directional migratory,False,1.0
Oenanthe_pileata,PASSERIFORMES,dispersive migratory,False,0.5
Oenanthe_pleschanka,PASSERIFORMES,directional migratory,False,1.0
Oenanthe_scotocerca,PASSERIFORMES,resident,False,0.1
Oenanthe_xanthoprymna,PASSERIFORMES,directional migratory,False,1.0
Ognorhynchus_icterotis,PSITTACIFORMES,nomadic,False,0.3
Oncostoma_cinereigulare,PASSERIFORMES,resident,False,0.1
Oncostoma_olivaceum,PASSERIFORMES,resident,False,0.1
Onychognathus_albirostris,PASSERIFORMES,resident,False,0.1
Onychognathus_blythii,PASSERIFORMES,resident,False,0.1
Onychognathus_frater,PASSERIFORMES,resident,False,0.1
Onychognathus_fulgidus,PASSERIFORMES,resident,False,0.1
Onychognathus_morio,PASSERIFORMES,resident,False,0.1
Onychognathus_nabouroup,PASSERIFORMES,resident,False,0.1
Onychognathus_neumanni,PASSERIFORMES,resident,False,0.1
Onychognathus_salvadorii,PASSERIFORMES,resident,False,0.1
Onychognathus_tenuirostris,PASSERIFORMES,resident,False,0.1
Onychognathus_tristramii,PASSERIFORMES,resident,False,0.1
Onychognathus_walleri,PASSERIFORMES,resident,False,0.1
Onychoprion_aleuticus,CHARADRIIFORMES,directional migratory,True,1.5
Onychoprion_anaethetus,CHARADRIIFORMES,directional migratory,True,1.5
Onychoprion_fuscatus,CHARADRIIFORMES,dispersive migratory,True,0.5
Onychoprion_lunatus,CHARADRIIFORMES,dispersive migratory,True,0.5
Onychorhynchus_coronatus,PASSERIFORMES,resident,False,0.1
Onychorhynchus_mexicanus,PASSERIFORMES,resident,False,0.1
Onychorhynchus_occidentalis,PASSERIFORMES,resident,False,0.1
Onychorhynchus_swainsoni,PASSERIFORMES,resident,False,0.1
Onychostruthus_taczanowskii,PASSERIFORMES,resident,False,0.1
Ophrysia_superciliosa,GALLIFORMES,extinct,False,0.0
Opisthocomus_hoazin,OPISTHOCOMIFORMES,resident,False,0.1
Opisthoprora_euryptera,APODIFORMES,resident,False,0.1
Oporornis_agilis,PASSERIFORMES,directional migratory,False,1.0
Orchesticus_abeillei,PASSERIFORMES,resident,False,0.1
Oreocharis_arfaki,PASSERIFORMES,resident,False,0.1
Oreoica_gutturalis,PASSERIFORMES,resident,False,0.1
Oreolais_pulcher,PASSERIFORMES,resident,False,0.1
Oreolais_ruwenzorii,PASSERIFORMES,resident,False,0.1
Oreomanes_fraseri,PASSERIFORMES,resident,False,0.1
Oreomystis_bairdi,PASSERIFORMES,resident,False,0.1
Oreonympha_nobilis,APODIFORMES,resident,False,0.1
Oreophasis_derbianus,GALLIFORMES,resident,False,0.1
Oreophilais_robertsi,PASSERIFORMES,resident,False,0.1
Oreopholus_ruficollis,CHARADRIIFORMES,directional migratory,False,1.0
Oreopsittacus_arfaki,PSITTACIFORMES,resident,False,0.1
Oreornis_chrysogenys,PASSERIFORMES,resident,False,0.1
Oreortyx_pictus,GALLIFORMES,resident,False,0.1
Oreoscoptes_montanus,PASSERIFORMES,directional migratory,False,1.0
Oreoscopus_gutturalis,PASSERIFORMES,resident,False,0.1
Oreostruthus_fuliginosus,PASSERIFORMES,resident,False,0.1
Oreothlypis_gutturalis,PASSERIFORMES,resident,False,0.1
Oreothlypis_superciliosa,PASSERIFORMES,resident,False,0.1
Oreothraupis_arremonops,PASSERIFORMES,resident,False,0.1
Oreotrochilus_adela,APODIFORMES,resident,False,0.1
Oreotrochilus_chimborazo,APODIFORMES,resident,False,0.1
Oreotrochilus_estella,APODIFORMES,resident,False,0.1
Oreotrochilus_leucopleurus,APODIFORMES,resident,False,0.1
Oreotrochilus_melanogaster,APODIFORMES,resident,False,0.1
Origma_solitaria,PASSERIFORMES,resident,False,0.1
Oriolia_bernieri,PASSERIFORMES,resident,False,0.1
Oriolus_albiloris,PASSERIFORMES,resident,False,0.1
Oriolus_auratus,PASSERIFORMES,dispersive migratory,False,0.5
Oriolus_bouroensis,PASSERIFORMES,resident,False,0.1
Oriolus_brachyrynchus,PASSERIFORMES,resident,False,0.1
Oriolus_chinensis,PASSERIFORMES,directional migratory,False,1.0
Oriolus_chlorocephalus,PASSERIFORMES,resident,False,0.1
Oriolus_crassirostris,PASSERIFORMES,resident,False,0.1
Oriolus_cruentus,PASSERIFORMES,resident,False,0.1
Oriolus_decipiens,PASSERIFORMES,resident,False,0.1
Oriolus_flavocinctus,PASSERIFORMES,resident,False,0.1
Oriolus_forsteni,PASSERIFORMES,resident,False,0.1
Oriolus_hosii,PASSERIFORMES,resident,False,0.1
Oriolus_isabellae,PASSERIFORMES,resident,False,0.1
Oriolus_kundoo,PASSERIFORMES,directional migratory,False,1.0
Oriolus_larvatus,PASSERIFORMES,resident,False,0.1
Oriolus_melanotis,PASSERIFORMES,resident,False,0.1
Oriolus_mellianus,PASSERIFORMES,directional migratory,False,1.0
Oriolus_monacha,PASSERIFORMES,resident,False,0.1
Oriolus_nigripennis,PASSERIFORMES,resident,False,0.1
Oriolus_oriolus,PASSERIFORMES,directional migratory,False,1.0
Oriolus_percivali,PASSERIFORMES,resident,False,0.1
Oriolus_phaeochromus,PASSERIFORMES,resident,False,0.1
Oriolus_sagittatus,PASSERIFORMES,directional migratory,False,1.0
Oriolus_steerii,PASSERIFORMES,resident,False,0.1
Oriolus_szalayi,PASSERIFORMES,resident,False,0.1
Oriolus_tenuirostris,PASSERIFORMES,directional migratory,False,1.0
Oriolus_traillii,PASSERIFORMES,directional migratory,False,1.0
Oriolus_xanthonotus,PASSERIFORMES,resident,False,0.1
Oriolus_xanthornus,PASSERIFORMES,dispersive migratory,False,0.5
Oriturus_superciliosus,PASSERIFORMES,resident,False,0.1
Ornithion_brunneicapillus,PASSERIFORMES,resident,False,0.1
Ornithion_inerme,PASSERIFORMES,resident,False,0.1
Ornithion_semiflavum,PASSERIFORMES,resident,False,0.1
Ortalis_araucuan,GALLIFORMES,resident,False,0.1
Ortalis_canicollis,GALLIFORMES,resident,False,0.1
Ortalis_cinereiceps,GALLIFORMES,resident,False,0.1
Ortalis_columbiana,GALLIFORMES,resident,False,0.1
Ortalis_erythroptera,GALLIFORMES,resident,False,0.1
Ortalis_garrula,GALLIFORMES,resident,False,0.1
Ortalis_guttata,GALLIFORMES,resident,False,0.1
Ortalis_leucogastra,GALLIFORMES,resident,False,0.1
Ortalis_motmot,GALLIFORMES,resident,False,0.1
Ortalis_poliocephala,GALLIFORMES,resident,False,0.1
Ortalis_ruficauda,GALLIFORMES,resident,False,0.1
Ortalis_ruficeps,GALLIFORMES,resident,False,0.1
Ortalis_squamata,GALLIFORMES,resident,False,0.1
Ortalis_superciliaris,GALLIFORMES,resident,False,0.1
Ortalis_vetula,GALLIFORMES,resident,False,0.1
Ortalis_wagleri,GALLIFORMES,resident,False,0.1
Orthogonys_chloricterus,PASSERIFORMES,resident,False,0.1
Orthonyx_novaeguineae,PASSERIFORMES,resident,False,0.1
Orthonyx_spaldingii,PASSERIFORMES,resident,False,0.1
Orthonyx_temminckii,PASSERIFORMES,resident,False,0.1
Orthopsittaca_manilata,PSITTACIFORMES,resident,False,0.1
Orthorhyncus_cristatus,APODIFORMES,resident,False,0.1
Orthotomus_atrogularis,PASSERIFORMES,resident,False,0.1
Orthotomus_castaneiceps,PASSERIFORMES,resident,False,0.1
Orthotomus_cinereiceps,PASSERIFORMES,resident,False,0.1
Orthotomus_derbianus,PASSERIFORMES,resident,False,0.1
Orthotomus_frontalis,PASSERIFORMES,resident,False,0.1
Orthotomus_nigriceps,PASSERIFORMES,resident,False,0.1
Orthotomus_ruficeps,PASSERIFORMES,resident,False,0.1
Orthotomus_samarensis,PASSERIFORMES,resident,False,0.1
Orthotomus_sepium,PASSERIFORMES,resident,False,0.1
Orthotomus_sericeus,PASSERIFORMES,resident,False,0.1
Orthotomus_sutorius,PASSERIFORMES,resident,False,0.1
Ortygospiza_atricollis,PASSERIFORMES,resident,False,0.1
Ortygospiza_fuscocrissa,PASSERIFORMES,resident,False,0.1
Ortygospiza_gabonensis,PASSERIFORMES,resident,False,0.1
Ortyxelos_meiffrenii,CHARADRIIFORMES,directional migratory,False,1.0
Oryzoborus_angolensis,PASSERIFORMES,resident,False,0.1
Oryzoborus_atrirostris,PASSERIFORMES,resident,False,0.1
Oryzoborus_crassirostris,PASSERIFORMES,resident,False,0.1
Oryzoborus_funereus,PASSERIFORMES,resident,False,0.1
Oryzoborus_maximiliani,PASSERIFORMES,resident,False,0.1
Oryzoborus_nuttingi,PASSERIFORMES,resident,False,0.1
Otidiphaps_nobilis,COLUMBIFORMES,resident,False,0.1
Otis_tarda,OTIDIFORMES,directional migratory,False,1.0
Otus_alfredi,STRIGIFORMES,resident,False,0.1
Otus_alius,STRIGIFORMES,resident,False,0.1
Otus_angelinae,STRIGIFORMES,resident,False,0.1
Otus_bakkamoena,STRIGIFORMES,resident,False,0.1
Otus_balli,STRIGIFORMES,resident,False,0.1
Otus_beccarii,STRIGIFORMES,resident,False,0.1
Otus_brookii,STRIGIFORMES,resident,False,0.1
Otus_brucei,STRIGIFORMES,directional migratory,False,1.0
Otus_capnodes,STRIGIFORMES,resident,False,0.1
Otus_collari,STRIGIFORMES,resident,False,0.1
Otus_elegans,STRIGIFORMES,resident,False,0.1
Otus_enganensis,STRIGIFORMES,resident,False,0.1
Otus_everetti,STRIGIFORMES,resident,False,0.1
Otus_fuliginosus,STRIGIFORMES,resident,False,0.1
Otus_gurneyi,STRIGIFORMES,resident,False,0.1
Otus_hartlaubi,STRIGIFORMES,resident,False,0.1
Otus_icterorhynchus,STRIGIFORMES,resident,False,0.1
Otus_insularis,STRIGIFORMES,resident,False,0.1
Otus_ireneae,STRIGIFORMES,resident,False,0.1
Otus_lempiji,STRIGIFORMES,resident,False,0.1
Otus_lettia,STRIGIFORMES,resident,False,0.1
Otus_longicornis,STRIGIFORMES,resident,False,0.1
Otus_madagascariensis,STRIGIFORMES,resident,False,0.1
Otus_magicus,STRIGIFORMES,resident,False,0.1
Otus_manadensis,STRIGIFORMES,resident,False,0.1
Otus_mantananensis,STRIGIFORMES,resident,False,0.1
Otus_mayottensis,STRIGIFORMES,resident,False,0.1
Otus_megalotis,STRIGIFORMES,resident,False,0.1
Otus_mentawi,STRIGIFORMES,resident,False,0.1
Otus_mindorensis,STRIGIFORMES,resident,False,0.1
Otus_mirus,STRIGIFORMES,resident,False,0.1
Otus_moheliensis,STRIGIFORMES,resident,False,0.1
Otus_nigrorum,STRIGIFORMES,resident,False,0.1
Otus_pauliani,STRIGIFORMES,resident,False,0.1
Otus_pembaensis,STRIGIFORMES,resident,False,0.1
Otus_rufescens,STRIGIFORMES,resident,False,0.1
Otus_rutilus,STRIGIFORMES,resident,False,0.1
Otus_sagittatus,STRIGIFORMES,resident,False,0.1
Otus_scops,STRIGIFORMES,directional migratory,False,1.0
Otus_semitorques,STRIGIFORMES,directional migratory,False,1.0
Otus_senegalensis,STRIGIFORMES,resident,False,0.1
Otus_siaoensis,STRIGIFORMES,resident,False,0.1
Otus_silvicola,STRIGIFORMES,resident,False,0.1
Otus_socotranus,STRIGIFORMES,resident,False,0.1
Otus_spilocephalus,STRIGIFORMES,resident,False,0.1
Otus_sulaensis,STRIGIFORMES,resident,False,0.1
Otus_sunia,STRIGIFORMES,directional migratory,False,1.0
Otus_thilohoffmanni,STRIGIFORMES,resident,False,0.1
Otus_umbra,STRIGIFORMES,resident,False,0.1
Oxylabes_madagascariensis,PASSERIFORMES,resident,False,0.1
Oxypogon_guerinii,APODIFORMES,resident,False,0.1
Oxyruncus_cristatus,PASSERIFORMES,resident,False,0.1
Oxyura_australis,ANSERIFORMES,dispersive migratory,False,0.5
Oxyura_ferruginea,ANSERIFORMES,resident,False,0.1
Oxyura_jamaicensis,ANSERIFORMES,directional migratory,False,1.0
Oxyura_leucocephala,ANSERIFORMES,dispersive migratory,False,0.5
Oxyura_maccoa,ANSERIFORMES,resident,False,0.1
Oxyura_vittata,ANSERIFORMES,directional migratory,False,1.0
Pachycare_flavogriseum,PASSERIFORMES,resident,False,0.1
Pachycephala_albiventris,PASSERIFORMES,resident,False,0.1
Pachycephala_arctitorquis,PASSERIFORMES,resident,False,0.1
Pachycephala_aurea,PASSERIFORMES,resident,False,0.1
Pachycephala_caledonica,PASSERIFORMES,resident,False,0.1
Pachycephala_cinerea,PASSERIFORMES,resident,False,0.1
Pachycephala_citreogaster,PASSERIFORMES,resident,False,0.1
Pachycephala_flavifrons,PASSERIFORMES,resident,False,0.1
Pachycephala_fulvotincta,PASSERIFORMES,resident,False,0.1
Pachycephala_graeffii,PASSERIFORMES,resident,False,0.1
Pachycephala_griseonota,PASSERIFORMES,resident,False,0.1
Pachycephala_homeyeri,PASSERIFORMES,resident,False,0.1
Pachycephala_hyperythra,PASSERIFORMES,resident,False,0.1
Pachycephala_hypoxantha,PASSERIFORMES,resident,False,0.1
Pachycephala_implicata,PASSERIFORMES,resident,False,0.1
Pachycephala_inornata,PASSERIFORMES,resident,False,0.1
Pachycephala_jacquinoti,PASSERIFORMES,resident,False,0.1
Pachycephala_johni,PASSERIFORMES,resident,False,0.1
Pachycephala_lanioides,PASSERIFORMES,resident,False,0.1
Pachycephala_leucogastra,PASSERIFORMES,resident,False,0.1
Pachycephala_lorentzi,PASSERIFORMES,resident,False,0.1
Pachycephala_macrorhyncha,PASSERIFORMES,resident,False,0.1
Pachycephala_melanura,PASSERIFORMES,resident,False,0.1
Pachycephala_mentalis,PASSERIFORMES,resident,False,0.1
Pachycephala_meyeri,PASSERIFORMES,resident,False,0.1
Pachycephala_modesta,PASSERIFORMES,resident,False,0.1
Pachycephala_monacha,PASSERIFORMES,resident,False,0.1
Pachycephala_nudigula,PASSERIFORMES,resident,False,0.1
Pachycephala_olivacea,PASSERIFORMES,resident,False,0.1
Pachycephala_orioloides,PASSERIFORMES,resident,False,0.1
Pachycephala_orpheus,PASSERIFORMES,resident,False,0.1
Pachycephala_pectoralis,PASSERIFORMES,resident,False,0.1
Pachycephala_phaionota,PASSERIFORMES,resident,False,0.1
Pachycephala_philippinensis,PASSERIFORMES,resident,False,0.1
Pachycephala_rufiventris,PASSERIFORMES,directional migratory,False,1.0
Pachycephala_rufogularis,PASSERIFORMES,resident,False,0.1
Pachycephala_schlegelii,PASSERIFORMES,resident,False,0.1
Pachycephala_simplex,PASSERIFORMES,resident,False,0.1
Pachycephala_soror,PASSERIFORMES,resident,False,0.1
Pachycephala_sulfuriventer,PASSERIFORMES,resident,False,0.1
Pachycephala_vitiensis,PASSERIFORMES,resident,False,0.1
Pachycephalopsis_hattamensis,PASSERIFORMES,resident,False,0.1
Pachycephalopsis_poliosoma,PASSERIFORMES,resident,False,0.1
Pachycoccyx_audeberti,CUCULIFORMES,resident,False,0.1
Pachyptila_belcheri,PROCELLARIIFORMES,dispersive migratory,True,0.5
Pachyptila_crassirostris,PROCELLARIIFORMES,dispersive migratory,True,0.5
Pachyptila_desolata,PROCELLARIIFORMES,dispersive migratory,True,0.5
Pachyptila_salvini,PROCELLARIIFORMES,dispersive migratory,True,0.5
Pachyptila_turtur,PROCELLARIIFORMES,dispersive migratory,True,0.5
Pachyptila_vittata,PROCELLARIIFORMES,dispersive migratory,True,0.5
Pachyramphus_aglaiae,PASSERIFORMES,directional migratory,False,1.0
Pachyramphus_albogriseus,PASSERIFORMES,resident,False,0.1
Pachyramphus_castaneus,PASSERIFORMES,resident,False,0.1
Pachyramphus_cinnamomeus,PASSERIFORMES,resident,False,0.1
Pachyramphus_homochrous,PASSERIFORMES,resident,False,0.1
Pachyramphus_major,PASSERIFORMES,resident,False,0.1
Pachyramphus_marginatus,PASSERIFORMES,resident,False,0.1
Pachyramphus_minor,PASSERIFORMES,resident,False,0.1
Pachyramphus_niger,PASSERIFORMES,resident,False,0.1
Pachyramphus_polychopterus,PASSERIFORMES,resident,False,0.1
Pachyramphus_rufus,PASSERIFORMES,resident,False,0.1
Pachyramphus_spodiurus,PASSERIFORMES,resident,False,0.1
Pachyramphus_surinamus,PASSERIFORMES,resident,False,0.1
Pachyramphus_validus,PASSERIFORMES,resident,False,0.1
Pachyramphus_versicolor,PASSERIFORMES,resident,False,0.1
Pachyramphus_viridis,PASSERIFORMES,resident,False,0.1
Pachyramphus_xanthogenys,PASSERIFORMES,resident,False,0.1
Pagodroma_nivea,PROCELLARIIFORMES,dispersive migratory,True,0.5
Pagophila_eburnea,CHARADRIIFORMES,dispersive migratory,True,0.5
Palmeria_dolei,PASSERIFORMES,resident,False,0.1
Paludipasser_locustella,PASSERIFORMES,resident,False,0.1
Pandion_cristatus,ACCIPITRIFORMES,resident,False,0.1
Pandion_haliaetus,ACCIPITRIFORMES,directional migratory,False,1.0
Panterpe_insignis,APODIFORMES,resident,False,0.1
Panurus_biarmicus,PASSERIFORMES,dispersive migratory,False,0.5
Panyptila_cayennensis,APODIFORMES,resident,False,0.1
Panyptila_sanctihieronymi,APODIFORMES,resident,False,0.1
Papasula_abbotti,SULIFORMES,resident,True,0.1
Parabuteo_unicinctus,ACCIPITRIFORMES,resident,False,0.1
Paradigalla_brevicauda,PASSERIFORMES,resident,False,0.1
Paradigalla_carunculata,PASSERIFORMES,resident,False,0.1
Paradisaea_apoda,PASSERIFORMES,resident,False,0.1
Paradisaea_decora,PASSERIFORMES,resident,False,0.1
Paradisaea_guilielmi,PASSERIFORMES,resident,False,0.1
Paradisaea_minor,PASSERIFORMES,resident,False,0.1
Paradisaea_raggiana,PASSERIFORMES,resident,False,0.1
Paradisaea_rubra,PASSERIFORMES,resident,False,0.1
Paradisaea_rudolphi,PASSERIFORMES,resident,False,0.1
Paradoxornis_flavirostris,PASSERIFORMES,resident,False,0.1
Paradoxornis_guttaticollis,PASSERIFORMES,resident,False,0.1
Paradoxornis_heudei,PASSERIFORMES,resident,False,0.1
Paradoxornis_polivanovi,PASSERIFORMES,resident,False,0.1
Paramythia_montium,PASSERIFORMES,resident,False,0.1
Pardalotus_punctatus,PASSERIFORMES,dispersive migratory,False,0.5
Pardalotus_quadragintus,PASSERIFORMES,resident,False,0.1
Pardalotus_rubricatus,PASSERIFORMES,resident,False,0.1
Pardalotus_striatus,PASSERIFORMES,directional migratory,False,1.0
Pardirallus_maculatus,GRUIFORMES,resident,False,0.1
Pardirallus_nigricans,GRUIFORMES,resident,False,0.1
Pardirallus_sanguinolentus,GRUIFORMES,resident,False,0.1
Parkerthraustes_humeralis,PASSERIFORMES,resident,False,0.1
Parkesia_motacilla,PASSERIFORMES,directional migratory,False,1.0
Parkesia_noveboracensis,PASSERIFORMES,directional migratory,False,1.0
Parmoptila_jamesoni,PASSERIFORMES,resident,False,0.1
Parmoptila_rubrifrons,PASSERIFORMES,resident,False,0.1
Parmoptila_woodhousei,PASSERIFORMES,resident,False,0.1
Paroaria_baeri,PASSERIFORMES,resident,False,0.1
Paroaria_capitata,PASSERIFORMES,resident,False,0.1
Paroaria_coronata,PASSERIFORMES,resident,False,0.1
Paroaria_dominicana,PASSERIFORMES,resident,False,0.1
Paroaria_gularis,PASSERIFORMES,resident,False,0.1
Paroaria_nigrogenis,PASSERIFORMES,resident,False,0.1
Parophasma_galinieri,PASSERIFORMES,resident,False,0.1
Paroreomyza_flammea,PASSERIFORMES,extinct,False,0.0
Paroreomyza_maculata,PASSERIFORMES,extinct,False,0.0
Paroreomyza_montana,PASSERIFORMES,resident,False,0.1
Parotia_berlepschi,PASSERIFORMES,resident,False,0.1
Parotia_carolae,PASSERIFORMES,resident,False,0.1
Parotia_helenae,PASSERIFORMES,resident,False,0.1
Parotia_lawesii,PASSERIFORMES,resident,False,0.1
Parotia_sefilata,PASSERIFORMES,resident,False,0.1
Parotia_wahnesi,PASSERIFORMES,resident,False,0.1
Parus_afer,PASSERIFORMES,resident,False,0.1
Parus_albiventris,PASSERIFORMES,resident,False,0.1
Parus_aplonotus,PASSERIFORMES,resident,False,0.1
Parus_carpi,PASSERIFORMES,resident,False,0.1
Parus_cinerascens,PASSERIFORMES,resident,False,0.1
Parus_cinereus,PASSERIFORMES,resident,False,0.1
Parus_fasciiventer,PASSERIFORMES,resident,False,0.1
Parus_fringillinus,PASSERIFORMES,resident,False,0.1
Parus_funereus,PASSERIFORMES,resident,False,0.1
Parus_griseiventris,PASSERIFORMES,resident,False,0.1
Parus_guineensis,PASSERIFORMES,resident,False,0.1
Parus_holsti,PASSERIFORMES,resident,False,0.1
Parus_humilis,PASSERIFORMES,resident,False,0.1
Parus_leucomelas,PASSERIFORMES,resident,False,0.1
Parus_leuconotus,PASSERIFORMES,resident,False,0.1
Parus_major,PASSERIFORMES,resident,False,0.1
Parus_minor,PASSERIFORMES,dispersive migratory,False,0.5
Parus_monticolus,PASSERIFORMES,resident,False,0.1
Parus_niger,PASSERIFORMES,resident,False,0.1
Parus_nuchalis,PASSERIFORMES,resident,False,0.1
Parus_pallidiventris,PASSERIFORMES,resident,False,0.1
Parus_rufiventris,PASSERIFORMES,resident,False,0.1
Parus_semilarvatus,PASSERIFORMES,resident,False,0.1
Parus_spilonotus,PASSERIFORMES,resident,False,0.1
Parus_thruppi,PASSERIFORMES,resident,False,0.1
Parus_xanthogenys,PASSERIFORMES,resident,False,0.1
Passer_ammodendri,PASSERIFORMES,resident,False,0.1
Passer_castanopterus,PASSERIFORMES,resident,False,0.1
Passer_cordofanicus,PASSERIFORMES,resident,False,0.1
Passer_diffusus,PASSERIFORMES,resident,False,0.1
Passer_domesticus,PASSERIFORMES,dispersive migratory,False,0.5
Passer_eminibey,PASSERIFORMES,nomadic,False,0.3
Passer_euchlorus,PASSERIFORMES,resident,False,0.1
Passer_flaveolus,PASSERIFORMES,resident,False,0.1
Passer_gongonensis,PASSERIFORMES,resident,False,0.1
Passer_griseus,PASSERIFORMES,nomadic,False,0.3
Passer_hemileucus,PASSERIFORMES,resident,False,0.1
Passer_hispaniolensis,PASSERIFORMES,directional migratory,False,1.0
Passer_iagoensis,PASSERIFORMES,resident,False,0.1
Passer_insularis,PASSERIFORMES,resident,False,0.1
Passer_luteus,PASSERIFORMES,nomadic,False,0.3
Passer_melanurus,PASSERIFORMES,resident,False,0.1
Passer_moabiticus,PASSERIFORMES,directional migratory,False,1.0
Passer_montanus,PASSERIFORMES,directional migratory,False,1.0
Passer_motitensis,PASSERIFORMES,dispersive migratory,False,0.5
Passer_pyrrhonotus,PASSERIFORMES,resident,False,0.1
Passer_rufocinctus,PASSERIFORMES,resident,False,0.1
Passer_rutilans,PASSERIFORMES,directional migratory,False,1.0
Passer_shelleyi,PASSERIFORMES,resident,False,0.1
Passer_simplex,PASSERIFORMES,resident,False,0.1
Passer_suahelicus,PASSERIFORMES,resident,False,0.1
Passer_swainsonii,PASSERIFORMES,nomadic,False,0.3
Passerculus_sandwichensis,PASSERIFORMES,directional migratory,False,1.0
Passerella_iliaca,PASSERIFORMES,directional migratory,False,1.0
Passerina_amoena,PASSERIFORMES,directional migratory,False,1.0
Passerina_caerulea,PASSERIFORMES,directional migratory,False,1.0
Passerina_ciris,PASSERIFORMES,directional migratory,False,1.0
Passerina_cyanea,PASSERIFORMES,directional migratory,False,1.0
Passerina_leclancherii,PASSERIFORMES,resident,False,0.1
Passerina_rositae,PASSERIFORMES,resident,False,0.1
Passerina_versicolor,PASSERIFORMES,directional migratory,False,1.0
Pastor_roseus,PASSERIFORMES,directional migratory,False,1.0
Patagioenas_araucana,COLUMBIFORMES,directional migratory,False,1.0
Patagioenas_caribaea,COLUMBIFORMES,resident,False,0.1
Patagioenas_cayennensis,COLUMBIFORMES,resident,False,0.1
Patagioenas_corensis,COLUMBIFORMES,resident,False,0.1
Patagioenas_fasciata,COLUMBIFORMES,directional migratory,False,1.0
Patagioenas_flavirostris,COLUMBIFORMES,directional migratory,False,1.0
Patagioenas_goodsoni,COLUMBIFORMES,resident,False,0.1
Patagioenas_inornata,COLUMBIFORMES,resident,False,0.1
Patagioenas_leucocephala,COLUMBIFORMES,resident,False,0.1
Patagioenas_maculosa,COLUMBIFORMES,resident,False,0.1
Patagioenas_nigrirostris,COLUMBIFORMES,resident,False,0.1
Patagioenas_oenops,COLUMBIFORMES,resident,False,0.1
Patagioenas_picazuro,COLUMBIFORMES,resident,False,0.1
Patagioenas_plumbea,COLUMBIFORMES,resident,False,0.1
Patagioenas_speciosa,COLUMBIFORMES,resident,False,0.1
Patagioenas_squamosa,COLUMBIFORMES,resident,False,0.1
Patagioenas_subvinacea,COLUMBIFORMES,resident,False,0.1
Patagona_gigas,APODIFORMES,directional migratory,False,1.0
Pauxi_koepckeae,GALLIFORMES,resident,False,0.1
Pauxi_pauxi,GALLIFORMES,resident,False,0.1
Pauxi_unicornis,GALLIFORMES,resident,False,0.1
Pavo_cristatus,GALLIFORMES,resident,False,0.1
Pavo_muticus,GALLIFORMES,resident,False,0.1
Pedionomus_torquatus,CHARADRIIFORMES,resident,False,0.1
Pelagodroma_marina,PROCELLARIIFORMES,directional migratory,True,1.5
Pelargopsis_amauroptera,CORACIIFORMES,resident,False,0.1
Pelargopsis_capensis,CORACIIFORMES,resident,False,0.1
Pelargopsis_melanorhyncha,CORACIIFORMES,resident,False,0.1
Pelecanoides_garnotii,PROCELLARIIFORMES,dispersive migratory,True,0.5
Pelecanoides_georgicus,PROCELLARIIFORMES,resident,True,0.1
Pelecanoides_magellani,PROCELLARIIFORMES,resident,True,0.1
Pelecanoides_urinatrix,PROCELLARIIFORMES,dispersive migratory,True,0.5
Pelecanus_conspicillatus,PELECANIFORMES,nomadic,False,0.3
Pelecanus_crispus,PELECANIFORMES,directional migratory,False,1.0
Pelecanus_erythrorhynchos,PELECANIFORMES,directional migratory,False,1.0
Pelecanus_occidentalis,PELECANIFORMES,dispersive migratory,True,0.5
Pelecanus_onocrotalus,PELECANIFORMES,directional migratory,False,1.0
Pelecanus_philippensis,PELECANIFORMES,dispersive migratory,False,0.5
Pelecanus_rufescens,PELECANIFORMES,dispersive migratory,False,0.5
Pelecanus_thagus,PELECANIFORMES,dispersive migratory,True,0.5
Peliperdix_albogularis,GALLIFORMES,resident,False,0.1
Peliperdix_coqui,GALLIFORMES,resident,False,0.1
Peliperdix_lathami,GALLIFORMES,resident,False,0.1
Peliperdix_schlegelii,GALLIFORMES,resident,False,0.1
Pellorneum_albiventre,PASSERIFORMES,resident,False,0.1
Pellorneum_buettikoferi,PASSERIFORMES,resident,False,0.1
Pellorneum_capistratum,PASSERIFORMES,resident,False,0.1
Pellorneum_fuscocapillus,PASSERIFORMES,resident,False,0.1
Pellorneum_palustre,PASSERIFORMES,resident,False,0.1
Pellorneum_pyrrogenys,PASSERIFORMES,resident,False,0.1
Pellorneum_ruficeps,PASSERIFORMES,resident,False,0.1
Pellorneum_tickelli,PASSERIFORMES,resident,False,0.1
Peltohyas_australis,CHARADRIIFORMES,dispersive migratory,False,0.5
Peltops_blainvillii,PASSERIFORMES,resident,False,0.1
Peltops_montanus,PASSERIFORMES,resident,False,0.1
Penelope_albipennis,GALLIFORMES,resident,False,0.1
Penelope_argyrotis,GALLIFORMES,resident,False,0.1
Penelope_barbata,GALLIFORMES,resident,False,0.1
Penelope_dabbenei,GALLIFORMES,resident,False,0.1
Penelope_jacquacu,GALLIFORMES,resident,False,0.1
Penelope_jacucaca,GALLIFORMES,resident,False,0.1
Penelope_marail,GALLIFORMES,resident,False,0.1
Penelope_montagnii,GALLIFORMES,resident,False,0.1
Penelope_obscura,GALLIFORMES,resident,False,0.1
Penelope_ochrogaster,GALLIFORMES,resident,False,0.1
Penelope_ortoni,GALLIFORMES,resident,False,0.1
Penelope_perspicax,GALLIFORMES,resident,False,0.1
Penelope_pileata,GALLIFORMES,resident,False,0.1
Penelope_purpurascens,GALLIFORMES,resident,False,0.1
Penelope_superciliaris,GALLIFORMES,resident,False,0.1
Penelopides_affinis,BUCEROTIFORMES,resident,False,0.1
Penelopides_exarhatus,BUCEROTIFORMES,resident,False,0.1
Penelopides_manillae,BUCEROTIFORMES,resident,False,0.1
Penelopides_mindorensis,BUCEROTIFORMES,resident,False,0.1
Penelopides_panini,BUCEROTIFORMES,resident,False,0.1
Penelopides_samarensis,BUCEROTIFORMES,resident,False,0.1
Penelopina_nigra,GALLIFORMES,resident,False,0.1
Peneoenanthe_pulverulenta,PASSERIFORMES,resident,False,0.1
Peneothello_bimaculata,PASSERIFORMES,resident,False,0.1
Peneothello_cryptoleuca,PASSERIFORMES,resident,False,0.1
Peneothello_cyanus,PASSERIFORMES,resident,False,0.1
Peneothello_sigillata,PASSERIFORMES,resident,False,0.1
Pentholaea_albifrons,PASSERIFORMES,resident,False,0.1
Pentholaea_arnotti,PASSERIFORMES,resident,False,0.1
Pentholaea_collaris,PASSERIFORMES,resident,False,0.1
Percnostola_arenarum,PASSERIFORMES,resident,False,0.1
Percnostola_lophotes,PASSERIFORMES,resident,False,0.1
Percnostola_rufifrons,PASSERIFORMES,resident,False,0.1
Perdicula_argoondah,GALLIFORMES,resident,False,0.1
Perdicula_asiatica,GALLIFORMES,resident,False,0.1
Perdicula_erythrorhyncha,GALLIFORMES,resident,False,0.1
Perdicula_manipurensis,GALLIFORMES,resident,False,0.1
Perdix_dauurica,GALLIFORMES,resident,False,0.1
Perdix_hodgsoniae,GALLIFORMES,resident,False,0.1
Perdix_perdix,GALLIFORMES,resident,False,0.1
Pericrocotus_albifrons,PASSERIFORMES,resident,False,0.1
Pericrocotus_brevirostris,PASSERIFORMES,resident,False,0.1
Pericrocotus_cantonensis,PASSERIFORMES,directional migratory,False,1.0
Pericrocotus_cinnamomeus,PASSERIFORMES,resident,False,0.1
Pericrocotus_divaricatus,PASSERIFORMES,directional migratory,False,1.0
Pericrocotus_erythropygius,PASSERIFORMES,resident,False,0.1
Pericrocotus_ethologus,PASSERIFORMES,directional migratory,False,1.0
Pericrocotus_flammeus,PASSERIFORMES,resident,False,0.1
Pericrocotus_igneus,PASSERIFORMES,resident,False,0.1
Pericrocotus_lansbergei,PASSERIFORMES,resident,False,0.1
Pericrocotus_miniatus,PASSERIFORMES,resident,False,0.1
Pericrocotus_roseus,PASSERIFORMES,directional migratory,False,1.0
Pericrocotus_solaris,PASSERIFORMES,resident,False,0.1
Pericrocotus_speciosus,PASSERIFORMES,resident,False,0.1
Pericrocotus_tegimae,PASSERIFORMES,resident,False,0.1
Periparus_amabilis,PASSERIFORMES,resident,False,0.1
Periparus_ater,PASSERIFORMES,dispersive migratory,False,0.5
Periparus_elegans,PASSERIFORMES,resident,False,0.1
Periparus_rubidiventris,PASSERIFORMES,resident,False,0.1
Periparus_rufonuchalis,PASSERIFORMES,resident,False,0.1
Periparus_venustulus,PASSERIFORMES,dispersive migratory,False,0.5
Periporphyrus_erythromelas,PASSERIFORMES,resident,False,0.1
Perisoreus_canadensis,PASSERIFORMES,resident,False,0.1
Perisoreus_infaustus,PASSERIFORMES,resident,False,0.1
Perisoreus_internigrans,PASSERIFORMES,resident,False,0.1
Perissocephalus_tricolor,PASSERIFORMES,resident,False,0.1
Pernis_apivorus,ACCIPITRIFORMES,directional migratory,False,1.0
Pernis_celebensis,ACCIPITRIFORMES,resident,False,0.1
Pernis_ptilorhynchus,ACCIPITRIFORMES,directional migratory,False,1.0
Pernis_steerei,ACCIPITRIFORMES,resident,False,0.1
Petrochelidon_ariel,PASSERIFORMES,directional migratory,False,1.0
Petrochelidon_fluvicola,PASSERIFORMES,dispersive migratory,False,0.5
Petrochelidon_fuliginosa,PASSERIFORMES,resident,False,0.1
Petrochelidon_fulva,PASSERIFORMES,directional migratory,False,1.0
Petrochelidon_nigricans,PASSERIFORMES,directional migratory,False,1.0
Petrochelidon_perdita,PASSERIFORMES,unknown,False,0.2
Petrochelidon_preussi,PASSERIFORMES,dispersive migratory,False,0.5
Petrochelidon_pyrrhonota,PASSERIFORMES,directional migratory,False,1.0
Petrochelidon_rufigula,PASSERIFORMES,directional migratory,False,1.0
Petrochelidon_rufocollaris,PASSERIFORMES,resident,False,0.1
Petrochelidon_spilodera,PASSERIFORMES,directional migratory,False,1.0
Petroica_archboldi,PASSERIFORMES,resident,False,0.1
Petroica_australis,PASSERIFORMES,resident,False,0.1
Petroica_bivittata,PASSERIFORMES,resident,False,0.1
Petroica_boodang,PASSERIFORMES,resident,False,0.1
Petroica_goodenovii,PASSERIFORMES,dispersive migratory,False,0.5
Petroica_macrocephala,PASSERIFORMES,resident,False,0.1
Petroica_multicolor,PASSERIFORMES,resident,False,0.1
Petroica_phoenicea,PASSERIFORMES,directional migratory,False,1.0
Petroica_rodinogaster,PASSERIFORMES,directional migratory,False,1.0
Petroica_rosea,PASSERIFORMES,directional migratory,False,1.0
Petroica_traversi,PASSERIFORMES,resident,False,0.1
Petronia_petronia,PASSERIFORMES,directional migratory,False,1.0
Petrophassa_albipennis,COLUMBIFORMES,resident,False,0.1
Petrophassa_rufipennis,COLUMBIFORMES,resident,False,0.1
Peucaea_aestivalis,PASSERIFORMES,directional migratory,False,1.0
Peucaea_botterii,PASSERIFORMES,directional migratory,False,1.0
Peucaea_carpalis,PASSERIFORMES,resident,False,0.1
Peucaea_cassinii,PASSERIFORMES,directional migratory,False,1.0
Peucaea_humeralis,PASSERIFORMES,resident,False,0.1
Peucaea_mystacalis,PASSERIFORMES,resident,False,0.1
Peucaea_ruficauda,PASSERIFORMES,resident,False,0.1
Peucaea_sumichrasti,PASSERIFORMES,resident,False,0.1
Peucedramus_taeniatus,PASSERIFORMES,resident,False,0.1
Pezopetes_capitalis,PASSERIFORMES,resident,False,0.1
Pezophaps_solitaria,COLUMBIFORMES,extinct,False,0.0
Pezoporus_flaviventris,PSITTACIFORMES,resident,False,0.1
Pezoporus_occidentalis,PSITTACIFORMES,resident,False,0.1
Pezoporus_wallicus,PSITTACIFORMES,resident,False,0.1
Phacellodomus_dorsalis,PASSERIFORMES,resident,False,0.1
Phacellodomus_erythrophthalmus,PASSERIFORMES,resident,False,0.1
Phacellodomus_ferrugineigula,PASSERIFORMES,resident,False,0.1
Phacellodomus_inornatus,PASSERIFORMES,resident,False,0.1
Phacellodomus_maculipectus,PASSERIFORMES,resident,False,0.1
Phacellodomus_ruber,PASSERIFORMES,resident,False,0.1
Phacellodomus_rufifrons,PASSERIFORMES,resident,False,0.1
Phacellodomus_sibilatrix,PASSERIFORMES,resident,False,0.1
Phacellodomus_striaticeps,PASSERIFORMES,resident,False,0.1
Phacellodomus_striaticollis,PASSERIFORMES,resident,False,0.1
Phaenicophaeus_curvirostris,CUCULIFORMES,resident,False,0.1
Phaenicophaeus_diardi,CUCULIFORMES,resident,False,0.1
Phaenicophaeus_pyrrhocephalus,CUCULIFORMES,resident,False,0.1
Phaenicophaeus_sumatranus,CUCULIFORMES,resident,False,0.1
Phaenicophaeus_tristis,CUCULIFORMES,resident,False,0.1
Phaenicophaeus_viridirostris,CUCULIFORMES,resident,False,0.1
Phaenicophilus_palmarum,PASSERIFORMES,resident,False,0.1
Phaenicophilus_poliocephalus,PASSERIFORMES,resident,False,0.1
Phaenostictus_mcleannani,PASSERIFORMES,resident,False,0.1
Phaeochroa_cuvierii,APODIFORMES,resident,False,0.1
Phaeomyias_murina,PASSERIFORMES,directional migratory,False,1.0
Phaeomyias_tumbezana,PASSERIFORMES,resident,False,0.1
Phaethon_aethereus,PHAETHONTIFORMES,dispersive migratory,True,0.5
Phaethon_lepturus,PHAETHONTIFORMES,dispersive migratory,True,0.5
Phaethon_rubricauda,PHAETHONTIFORMES,dispersive migratory,True,0.5
Phaethornis_aethopyga,APODIFORMES,resident,False,0.1
Phaethornis_anthophilus,APODIFORMES,resident,False,0.1
Phaethornis_atrimentalis,APODIFORMES,resident,False,0.1
Phaethornis_augusti,APODIFORMES,resident,False,0.1
Phaethornis_bourcieri,APODIFORMES,resident,False,0.1
Phaethornis_eurynome,APODIFORMES,resident,False,0.1
Phaethornis_griseogularis,APODIFORMES,resident,False,0.1
Phaethornis_guy,APODIFORMES,resident,False,0.1
Phaethornis_hispidus,APODIFORMES,resident,False,0.1
Phaethornis_idaliae,APODIFORMES,resident,False,0.1
Phaethornis_koepckeae,APODIFORMES,resident,False,0.1
Phaethornis_longirostris,APODIFORMES,resident,False,0.1
Phaethornis_longuemareus,APODIFORMES,resident,False,0.1
Phaethornis_malaris,APODIFORMES,resident,False,0.1
Phaethornis_nattereri,APODIFORMES,resident,False,0.1
Phaethornis_philippii,APODIFORMES,resident,False,0.1
Phaethornis_pretrei,APODIFORMES,resident,False,0.1
Phaethornis_ruber,APODIFORMES,resident,False,0.1
Phaethornis_rupurumii,APODIFORMES,resident,False,0.1
Phaethornis_squalidus,APODIFORMES,resident,False,0.1
Phaethornis_striigularis,APODIFORMES,resident,False,0.1
Phaethornis_stuarti,APODIFORMES,resident,False,0.1
Phaethornis_subochraceus,APODIFORMES,resident,False,0.1
Phaethornis_superciliosus,APODIFORMES,resident,False,0.1
Phaethornis_syrmatophorus,APODIFORMES,resident,False,0.1
Phaethornis_yaruqui,APODIFORMES,resident,False,0.1
Phaetusa_simplex,CHARADRIIFORMES,resident,False,0.1
Phainopepla_nitens,PASSERIFORMES,directional migratory,False,1.0
Phainoptila_melanoxantha,PASSERIFORMES,resident,False,0.1
Phalacrocorax_aristotelis,SULIFORMES,dispersive migratory,False,0.5
Phalacrocorax_auritus,SULIFORMES,directional migratory,False,1.0
Phalacrocorax_brasilianus,SULIFORMES,resident,False,0.1
Phalacrocorax_capensis,SULIFORMES,resident,True,0.1
Phalacrocorax_capillatus,SULIFORMES,dispersive migratory,True,0.5
Phalacrocorax_carbo,SULIFORMES,directional migratory,False,1.0
Phalacrocorax_featherstoni,SULIFORMES,resident,False,0.1
Phalacrocorax_fuscescens,SULIFORMES,resident,True,0.1
Phalacrocorax_fuscicollis,SULIFORMES,resident,False,0.1
Phalacrocorax_gaimardi,SULIFORMES,resident,False,0.1
Phalacrocorax_harrisi,SULIFORMES,resident,False,0.1
Phalacrocorax_lucidus,SULIFORMES,resident,False,0.1
Phalacrocorax_magellanicus,SULIFORMES,dispersive migratory,True,0.5
Phalacrocorax_neglectus,SULIFORMES,resident,True,0.1
Phalacrocorax_nigrogularis,SULIFORMES,dispersive migratory,True,0.5
Phalacrocorax_pelagicus,SULIFORMES,directional migratory,True,1.5
Phalacrocorax_penicillatus,SULIFORMES,dispersive migratory,True,0.5
Phalacrocorax_perspicillatus,SULIFORMES,extinct,False,0.0
Phalacrocorax_punctatus,SULIFORMES,resident,True,0.1
Phalacrocorax_sulcirostris,SULIFORMES,dispersive migratory,False,0.5
Phalacrocorax_urile,SULIFORMES,resident,True,0.1
Phalacrocorax_varius,SULIFORMES,resident,False,0.1
Phalaenoptilus_nuttallii,CAPRIMULGIFORMES,directional migratory,False,1.0
Phalaropus_fulicarius,CHARADRIIFORMES,directional migratory,False,1.0
Phalaropus_lobatus,CHARADRIIFORMES,directional migratory,False,1.0
Phalaropus_tricolor,CHARADRIIFORMES,directional migratory,False,1.0
Phalcoboenus_albogularis,FALCONIFORMES,resident,False,0.1
Phalcoboenus_australis,FALCONIFORMES,resident,False,0.1
Phalcoboenus_carunculatus,FALCONIFORMES,resident,False,0.1
Phalcoboenus_megalopterus,FALCONIFORMES,resident,False,0.1
Phapitreron_amethystinus,COLUMBIFORMES,resident,False,0.1
Phapitreron_brunneiceps,COLUMBIFORMES,resident,False,0.1
Phapitreron_cinereiceps,COLUMBIFORMES,resident,False,0.1
Phapitreron_leucotis,COLUMBIFORMES,resident,False,0.1
Phaps_chalcoptera,COLUMBIFORMES,resident,False,0.1
Phaps_elegans,COLUMBIFORMES,resident,False,0.1
Phaps_histrionica,COLUMBIFORMES,nomadic,False,0.3
Pharomachrus_antisianus,TROGONIFORMES,resident,False,0.1
Pharomachrus_auriceps,TROGONIFORMES,resident,False,0.1
Pharomachrus_fulgidus,TROGONIFORMES,resident,False,0.1
Pharomachrus_mocinno,TROGONIFORMES,resident,False,0.1
Pharomachrus_pavoninus,TROGONIFORMES,resident,False,0.1
Phasianus_colchicus,GALLIFORMES,resident,False,0.1
Phasianus_versicolor,GALLIFORMES,resident,False,0.1
Phedina_borbonica,PASSERIFORMES,dispersive migratory,False,0.5
Phedina_brazzae,PASSERIFORMES,resident,False,0.1
Phegornis_mitchellii,CHARADRIIFORMES,resident,False,0.1
Phelpsia_inornata,PASSERIFORMES,resident,False,0.1
Pheucticus_aureoventris,PASSERIFORMES,dispersive migratory,False,0.5
Pheucticus_chrysogaster,PASSERIFORMES,resident,False,0.1
Pheucticus_chrysopeplus,PASSERIFORMES,directional migratory,False,1.0
Pheucticus_ludovicianus,PASSERIFORMES,directional migratory,False,1.0
Pheucticus_melanocephalus,PASSERIFORMES,directional migratory,False,1.0
Pheucticus_tibialis,PASSERIFORMES,resident,False,0.1
Pheugopedius_atrogularis,PASSERIFORMES,resident,False,0.1
Pheugopedius_coraya,PASSERIFORMES,resident,False,0.1
Pheugopedius_eisenmanni,PASSERIFORMES,resident,False,0.1
Pheugopedius_euophrys,PASSERIFORMES,resident,False,0.1
Pheugopedius_fasciatoventris,PASSERIFORMES,resident,False,0.1
Pheugopedius_felix,PASSERIFORMES,resident,False,0.1
Pheugopedius_genibarbis,PASSERIFORMES,resident,False,0.1
Pheugopedius_maculipectus,PASSERIFORMES,resident,False,0.1
Pheugopedius_mystacalis,PASSERIFORMES,resident,False,0.1
Pheugopedius_rutilus,PASSERIFORMES,resident,False,0.1
Pheugopedius_sclateri,PASSERIFORMES,resident,False,0.1
Pheugopedius_spadix,PASSERIFORMES,resident,False,0.1
Phibalura_flavirostris,PASSERIFORMES,directional migratory,False,1.0
Phigys_solitarius,PSITTACIFORMES,resident,False,0.1
Philemon_albitorques,PASSERIFORMES,resident,False,0.1
Philemon_argenticeps,PASSERIFORMES,resident,False,0.1
Philemon_brassi,PASSERIFORMES,resident,False,0.1
Philemon_buceroides,PASSERIFORMES,resident,False,0.1
Philemon_citreogularis,PASSERIFORMES,directional migratory,False,1.0
Philemon_cockerelli,PASSERIFORMES,resident,False,0.1
Philemon_corniculatus,PASSERIFORMES,directional migratory,False,1.0
Philemon_diemenensis,PASSERIFORMES,resident,False,0.1
Philemon_eichhorni,PASSERIFORMES,resident,False,0.1
Philemon_fuscicapillus,PASSERIFORMES,resident,False,0.1
Philemon_inornatus,PASSERIFORMES,resident,False,0.1
Philemon_kisserensis,PASSERIFORMES,resident,False,0.1
Philemon_meyeri,PASSERIFORMES,resident,False,0.1
Philemon_moluccensis,PASSERIFORMES,resident,False,0.1
Philemon_novaeguineae,PASSERIFORMES,resident,False,0.1
Philemon_plumigenis,PASSERIFORMES,resident,False,0.1
Philemon_subcorniculatus,PASSERIFORMES,resident,False,0.1
Philemon_yorki,PASSERIFORMES,resident,False,0.1
Philentoma_pyrhoptera,PASSERIFORMES,resident,False,0.1
Philentoma_velata,PASSERIFORMES,resident,False,0.1
Philepitta_castanea,PASSERIFORMES,resident,False,0.1
Philepitta_schlegeli,PASSERIFORMES,resident,False,0.1
Philesturnus_carunculatus,PASSERIFORMES,resident,False,0.1
Philesturnus_rufusater,PASSERIFORMES,resident,False,0.1
Philetairus_socius,PASSERIFORMES,resident,False,0.1
Philohydor_lictor,PASSERIFORMES,resident,False,0.1
Philomachus_pugnax,CHARADRIIFORMES,directional migratory,False,1.0
Philortyx_fasciatus,GALLIFORMES,resident,False,0.1
Philydor_atricapillus,PASSERIFORMES,resident,False,0.1
Philydor_erythrocercum,PASSERIFORMES,resident,False,0.1
Philydor_erythropterum,PASSERIFORMES,resident,False,0.1
Philydor_fuscipenne,PASSERIFORMES,resident,False,0.1
Philydor_lichtensteini,PASSERIFORMES,resident,False,0.1
Philydor_novaesi,PASSERIFORMES,resident,False,0.1
Philydor_pyrrhodes,PASSERIFORMES,resident,False,0.1
Philydor_ruficaudatum,PASSERIFORMES,resident,False,0.1
Philydor_rufum,PASSERIFORMES,resident,False,0.1
Phimosus_infuscatus,PELECANIFORMES,resident,False,0.1
Phlegopsis_borbae,PASSERIFORMES,resident,False,0.1
Phlegopsis_erythroptera,PASSERIFORMES,resident,False,0.1
Phlegopsis_nigromaculata,PASSERIFORMES,resident,False,0.1
Phleocryptes_melanops,PASSERIFORMES,directional migratory,False,1.0
Phlogophilus_harterti,APODIFORMES,resident,False,0.1
Phlogophilus_hemileucurus,APODIFORMES,resident,False,0.1
Phodilus_assimilis,STRIGIFORMES,resident,False,0.1
Phodilus_badius,STRIGIFORMES,resident,False,0.1
Phodilus_prigoginei,STRIGIFORMES,resident,False,0.1
Phoebastria_albatrus,PROCELLARIIFORMES,dispersive migratory,True,0.5
Phoebastria_immutabilis,PROCELLARIIFORMES,dispersive migratory,True,0.5
Phoebastria_irrorata,PROCELLARIIFORMES,dispersive migratory,True,0.5
Phoebastria_nigripes,PROCELLARIIFORMES,dispersive migratory,True,0.5
Phoebetria_fusca,PROCELLARIIFORMES,dispersive migratory,True,0.5
Phoebetria_palpebrata,PROCELLARIIFORMES,dispersive migratory,True,0.5
Phoenicircus_carnifex,PASSERIFORMES,resident,False,0.1
Phoenicircus_nigricollis,PASSERIFORMES,resident,False,0.1
Phoeniconaias_minor,PHOENICOPTERIFORMES,nomadic,False,0.3
Phoenicoparrus_andinus,PHOENICOPTERIFORMES,dispersive migratory,False,0.5
Phoenicoparrus_jamesi,PHOENICOPTERIFORMES,dispersive migratory,False,0.5
Phoenicopterus_chilensis,PHOENICOPTERIFORMES,dispersive migratory,False,0.5
Phoenicopterus_roseus,PHOENICOPTERIFORMES,directional migratory,False,1.0
Phoenicopterus_ruber,PHOENICOPTERIFORMES,dispersive migratory,False,0.5
Phoeniculus_bollei,BUCEROTIFORMES,resident,False,0.1
Phoeniculus_castaneiceps,BUCEROTIFORMES,resident,False,0.1
Phoeniculus_damarensis,BUCEROTIFORMES,resident,False,0.1
Phoeniculus_granti,BUCEROTIFORMES,resident,False,0.1
Phoeniculus_purpureus,BUCEROTIFORMES,resident,False,0.1
Phoeniculus_somaliensis,BUCEROTIFORMES,resident,False,0.1
Phoenicurus_alaschanicus,PASSERIFORMES,directional migratory,False,1.0
Phoenicurus_auroreus,PASSERIFORMES,directional migratory,False,1.0
Phoenicurus_coeruleocephala,PASSERIFORMES,dispersive migratory,False,0.5
Phoenicurus_erythrogastrus,PASSERIFORMES,directional migratory,False,1.0
Phoenicurus_erythronotus,PASSERIFORMES,directional migratory,False,1.0
Phoenicurus_frontalis,PASSERIFORMES,directional migratory,False,1.0
Phoenicurus_hodgsoni,PASSERIFORMES,directional migratory,False,1.0
Phoenicurus_moussieri,PASSERIFORMES,dispersive migratory,False,0.5
Phoenicurus_ochruros,PASSERIFORMES,directional migratory,False,1.0
Phoenicurus_phoenicurus,PASSERIFORMES,directional migratory,False,1.0
Phoenicurus_schisticeps,PASSERIFORMES,dispersive migratory,False,0.5
Pholidornis_rushiae,PASSERIFORMES,resident,False,0.1
Phonygammus_keraudrenii,PASSERIFORMES,resident,False,0.1
Phragmacia_substriata,PASSERIFORMES,resident,False,0.1
Phrygilus_alaudinus,PASSERIFORMES,directional migratory,False,1.0
Phrygilus_atriceps,PASSERIFORMES,resident,False,0.1
Phrygilus_carbonarius,PASSERIFORMES,directional migratory,False,1.0
Phrygilus_dorsalis,PASSERIFORMES,resident,False,0.1
Phrygilus_erythronotus,PASSERIFORMES,resident,False,0.1
Phrygilus_fruticeti,PASSERIFORMES,directional migratory,False,1.0
Phrygilus_gayi,PASSERIFORMES,directional migratory,False,1.0
Phrygilus_patagonicus,PASSERIFORMES,directional migratory,False,1.0
Phrygilus_plebejus,PASSERIFORMES,resident,False,0.1
Phrygilus_punensis,PASSERIFORMES,resident,False,0.1
Phrygilus_unicolor,PASSERIFORMES,resident,False,0.1
Phylidonyris_niger,PASSERIFORMES,resident,False,0.1
Phylidonyris_novaehollandiae,PASSERIFORMES,resident,False,0.1
Phylidonyris_pyrrhopterus,PASSERIFORMES,resident,False,0.1
Phyllanthus_atripennis,PASSERIFORMES,resident,False,0.1
Phyllastrephus_albigula,PASSERIFORMES,resident,False,0.1
Phyllastrephus_albigularis,PASSERIFORMES,resident,False,0.1
Phyllastrephus_alfredi,PASSERIFORMES,resident,False,0.1
Phyllastrephus_baumanni,PASSERIFORMES,resident,False,0.1
Phyllastrephus_cabanisi,PASSERIFORMES,resident,False,0.1
Phyllastrephus_cerviniventris,PASSERIFORMES,resident,False,0.1
Phyllastrephus_debilis,PASSERIFORMES,resident,False,0.1
Phyllastrephus_fischeri,PASSERIFORMES,resident,False,0.1
Phyllastrephus_flavostriatus,PASSERIFORMES,resident,False,0.1
Phyllastrephus_fulviventris,PASSERIFORMES,resident,False,0.1
Phyllastrephus_hypochloris,PASSERIFORMES,resident,False,0.1
Phyllastrephus_icterinus,PASSERIFORMES,resident,False,0.1
Phyllastrephus_leucolepis,PASSERIFORMES,resident,False,0.1
Phyllastrephus_lorenzi,PASSERIFORMES,resident,False,0.1
Phyllastrephus_placidus,PASSERIFORMES,resident,False,0.1
Phyllastrephus_poensis,PASSERIFORMES,resident,False,0.1
Phyllastrephus_poliocephalus,PASSERIFORMES,resident,False,0.1
Phyllastrephus_scandens,PASSERIFORMES,resident,False,0.1
Phyllastrephus_strepitans,PASSERIFORMES,resident,False,0.1
Phyllastrephus_terrestris,PASSERIFORMES,resident,False,0.1
Phyllastrephus_xavieri,PASSERIFORMES,resident,False,0.1
Phyllergates_cuculatus,PASSERIFORMES,dispersive migratory,False,0.5
Phyllergates_heterolaemus,PASSERIFORMES,resident,False,0.1
Phyllolais_pulchella,PASSERIFORMES,resident,False,0.1
Phyllomyias_burmeisteri,PASSERIFORMES,resident,False,0.1
Phyllomyias_cinereiceps,PASSERIFORMES,resident,False,0.1
Phyllomyias_fasciatus,PASSERIFORMES,resident,False,0.1
Phyllomyias_griseiceps,PASSERIFORMES,resident,False,0.1
Phyllomyias_griseocapilla,PASSERIFORMES,resident,False,0.1
Phyllomyias_nigrocapillus,PASSERIFORMES,resident,False,0.1
Phyllomyias_plumbeiceps,PASSERIFORMES,resident,False,0.1
Phyllomyias_reiseri,PASSERIFORMES,resident,False,0.1
Phyllomyias_sclateri,PASSERIFORMES,resident,False,0.1
Phyllomyias_urichi,PASSERIFORMES,resident,False,0.1
Phyllomyias_uropygialis,PASSERIFORMES,resident,False,0.1
Phyllomyias_virescens,PASSERIFORMES,resident,False,0.1
Phyllomyias_weedeni,PASSERIFORMES,resident,False,0.1
Phyllomyias_zeledoni,PASSERIFORMES,resident,False,0.1
Phylloscartes_beckeri,PASSERIFORMES,resident,False,0.1
Phylloscartes_ceciliae,PASSERIFORMES,resident,False,0.1
Phylloscartes_difficilis,PASSERIFORMES,resident,False,0.1
Phylloscartes_flaviventris,PASSERIFORMES,resident,False,0.1
Phylloscartes_flavovirens,PASSERIFORMES,resident,False,0.1
Phylloscartes_gualaquizae,PASSERIFORMES,resident,False,0.1
Phylloscartes_kronei,PASSERIFORMES,resident,False,0.1
Phylloscartes_nigrifrons,PASSERIFORMES,resident,False,0.1
Phylloscartes_oustaleti,PASSERIFORMES,resident,False,0.1
Phylloscartes_parkeri,PASSERIFORMES,resident,False,0.1
Phylloscartes_paulista,PASSERIFORMES,resident,False,0.1
Phylloscartes_roquettei,PASSERIFORMES,resident,False,0.1
Phylloscartes_superciliaris,PASSERIFORMES,resident,False,0.1
Phylloscartes_sylviolus,PASSERIFORMES,resident,False,0.1
Phylloscartes_ventralis,PASSERIFORMES,resident,False,0.1
Phylloscartes_virescens,PASSERIFORMES,resident,False,0.1
Phylloscopus_affinis,PASSERIFORMES,directional migratory,False,1.0
Phylloscopus_amoenus,PASSERIFORMES,resident,False,0.1
Phylloscopus_armandii,PASSERIFORMES,directional migratory,False,1.0
Phylloscopus_bonelli,PASSERIFORMES,directional migratory,False,1.0
Phylloscopus_borealis,PASSERIFORMES,directional migratory,False,1.0
Phylloscopus_borealoides,PASSERIFORMES,directional migratory,False,1.0
Phylloscopus_budongoensis,PASSERIFORMES,resident,False,0.1
Phylloscopus_calciatilis,PASSERIFORMES,resident,False,0.1
Phylloscopus_canariensis,PASSERIFORMES,resident,False,0.1
Phylloscopus_cantator,PASSERIFORMES,dispersive migratory,False,0.5
Phylloscopus_cebuensis,PASSERIFORMES,resident,False,0.1
Phylloscopus_chloronotus,PASSERIFORMES,directional migratory,False,1.0
Phylloscopus_claudiae,PASSERIFORMES,directional migratory,False,1.0
Phylloscopus_collybita,PASSERIFORMES,directional migratory,False,1.0
Phylloscopus_coronatus,PASSERIFORMES,directional migratory,False,1.0
Phylloscopus_davisoni,PASSERIFORMES,directional migratory,False,1.0
Phylloscopus_emeiensis,PASSERIFORMES,directional migratory,False,1.0
Phylloscopus_examinandus,PASSERIFORMES,directional migratory,False,1.0
Phylloscopus_forresti,PASSERIFORMES,directional migratory,False,1.0
Phylloscopus_fuligiventer,PASSERIFORMES,directional migratory,False,1.0
Phylloscopus_fuscatus,PASSERIFORMES,directional migratory,False,1.0
Phylloscopus_goodsoni,PASSERIFORMES,directional migratory,False,1.0
Phylloscopus_griseolus,PASSERIFORMES,directional migratory,False,1.0
Phylloscopus_hainanus,PASSERIFORMES,resident,False,0.1
Phylloscopus_herberti,PASSERIFORMES,resident,False,0.1
Phylloscopus_humei,PASSERIFORMES,directional migratory,False,1.0
Phylloscopus_ibericus,PASSERIFORMES,directional migratory,False,1.0
Phylloscopus_ijimae,PASSERIFORMES,directional migratory,False,1.0
Phylloscopus_inornatus,PASSERIFORMES,directional migratory,False,1.0
Phylloscopus_kansuensis,PASSERIFORMES,directional migratory,False,1.0
Phylloscopus_laetus,PASSERIFORMES,resident,False,0.1
Phylloscopus_laurae,PASSERIFORMES,resident,False,0.1
Phylloscopus_maculipennis,PASSERIFORMES,resident,False,0.1
Phylloscopus_magnirostris,PASSERIFORMES,directional migratory,False,1.0
Phylloscopus_makirensis,PASSERIFORMES,resident,False,0.1
Phylloscopus_neglectus,PASSERIFORMES,directional migratory,False,1.0
Phylloscopus_nigrorum,PASSERIFORMES,resident,False,0.1
Phylloscopus_nitidus,PASSERIFORMES,directional migratory,False,1.0
Phylloscopus_occipitalis,PASSERIFORMES,directional migratory,False,1.0
Phylloscopus_occisinensis,PASSERIFORMES,directional migratory,False,1.0
Phylloscopus_ogilviegranti,PASSERIFORMES,directional migratory,False,1.0
Phylloscopus_olivaceus,PASSERIFORMES,resident,False,0.1
Phylloscopus_orientalis,PASSERIFORMES,directional migratory,False,1.0
Phylloscopus_plumbeitarsus,PASSERIFORMES,directional migratory,False,1.0
Phylloscopus_poliocephalus,PASSERIFORMES,resident,False,0.1
Phylloscopus_presbytes,PASSERIFORMES,resident,False,0.1
Phylloscopus_proregulus,PASSERIFORMES,directional migratory,False,1.0
Phylloscopus_pulcher,PASSERIFORMES,dispersive migratory,False,0.5
Phylloscopus_reguloides,PASSERIFORMES,directional migratory,False,1.0
Phylloscopus_ricketti,PASSERIFORMES,directional migratory,False,1.0
Phylloscopus_ruficapilla,PASSERIFORMES,resident,False,0.1
Phylloscopus_sarasinorum,PASSERIFORMES,resident,False,0.1
Phylloscopus_schwarzi,PASSERIFORMES,directional migratory,False,1.0
Phylloscopus_sibilatrix,PASSERIFORMES,directional migratory,False,1.0
Phylloscopus_sindianus,PASSERIFORMES,directional migratory,False,1.0
Phylloscopus_subaffinis,PASSERIFORMES,directional migratory,False,1.0
Phylloscopus_subviridis,PASSERIFORMES,directional migratory,False,1.0
Phylloscopus_tenellipes,PASSERIFORMES,directional migratory,False,1.0
Phylloscopus_trivirgatus,PASSERIFORMES,resident,False,0.1
Phylloscopus_trochiloides,PASSERIFORMES,directional migratory,False,1.0
Phylloscopus_trochilus,PASSERIFORMES,directional migratory,False,1.0
Phylloscopus_tytleri,PASSERIFORMES,directional migratory,False,1.0
Phylloscopus_umbrovirens,PASSERIFORMES,resident,False,0.1
Phylloscopus_xanthodryas,PASSERIFORMES,directional migratory,False,1.0
Phylloscopus_xanthoschistos,PASSERIFORMES,dispersive migratory,False,0.5
Phylloscopus_yunnanensis,PASSERIFORMES,directional migratory,False,1.0
Phytotoma_raimondii,PASSERIFORMES,resident,False,0.1
Phytotoma_rara,PASSERIFORMES,directional migratory,False,1.0
Phytotoma_rutila,PASSERIFORMES,directional migratory,False,1.0
Piaya_cayana,CUCULIFORMES,resident,False,0.1
Piaya_melanogaster,CUCULIFORMES,resident,False,0.1
Pica_hudsonia,PASSERIFORMES,resident,False,0.1
Pica_nuttalli,PASSERIFORMES,resident,False,0.1
Pica_pica,PASSERIFORMES,resident,False,0.1
Picathartes_gymnocephalus,PASSERIFORMES,resident,False,0.1
Picathartes_oreas,PASSERIFORMES,resident,False,0.1
Picoides_albolarvatus,PICIFORMES,resident,False,0.1
Picoides_arcticus,PICIFORMES,dispersive migratory,False,0.5
Picoides_arizonae,PICIFORMES,resident,False,0.1
Picoides_borealis,PICIFORMES,resident,False,0.1
Picoides_dorsalis,PICIFORMES,dispersive migratory,False,0.5
Picoides_fumigatus,PICIFORMES,resident,False,0.1
Picoides_nuttallii,PICIFORMES,resident,False,0.1
Picoides_pubescens,PICIFORMES,resident,False,0.1
Picoides_scalaris,PICIFORMES,resident,False,0.1
Picoides_stricklandi,PICIFORMES,resident,False,0.1
Picoides_tridactylus,PICIFORMES,dispersive migratory,False,0.5
Picoides_villosus,PICIFORMES,resident,False,0.1
Piculus_aurulentus,PICIFORMES,resident,False,0.1
Piculus_callopterus,PICIFORMES,resident,False,0.1
Piculus_chrysochloros,PICIFORMES,resident,False,0.1
Piculus_flavigula,PICIFORMES,resident,False,0.1
Piculus_leucolaemus,PICIFORMES,resident,False,0.1
Piculus_litae,PICIFORMES,resident,False,0.1
Piculus_simplex,PICIFORMES,resident,False,0.1
Picumnus_albosquamatus,PICIFORMES,resident,False,0.1
Picumnus_aurifrons,PICIFORMES,resident,False,0.1
Picumnus_castelnau,PICIFORMES,resident,False,0.1
Picumnus_cinnamomeus,PICIFORMES,resident,False,0.1
Picumnus_cirratus,PICIFORMES,resident,False,0.1
Picumnus_dorbignyanus,PICIFORMES,resident,False,0.1
Picumnus_exilis,PICIFORMES,resident,False,0.1
Picumnus_fulvescens,PICIFORMES,resident,False,0.1
Picumnus_fuscus,PICIFORMES,resident,False,0.1
Picumnus_granadensis,PICIFORMES,resident,False,0.1
Picumnus_innominatus,PICIFORMES,resident,False,0.1
Picumnus_lafresnayi,PICIFORMES,resident,False,0.1
Picumnus_limae,PICIFORMES,resident,False,0.1
Picumnus_minutissimus,PICIFORMES,resident,False,0.1
Picumnus_nebulosus,PICIFORMES,resident,False,0.1
Picumnus_nigropunctatus,PICIFORMES,resident,False,0.1
Picumnus_olivaceus,PICIFORMES,resident,False,0.1
Picumnus_pumilus,PICIFORMES,resident,False,0.1
Picumnus_pygmaeus,PICIFORMES,resident,False,0.1
Picumnus_rufiventris,PICIFORMES,resident,False,0.1
Picumnus_sclateri,PICIFORMES,resident,False,0.1
Picumnus_spilogaster,PICIFORMES,resident,False,0.1
Picumnus_squamulatus,PICIFORMES,resident,False,0.1
Picumnus_steindachneri,PICIFORMES,resident,False,0.1
Picumnus_subtilis,PICIFORMES,resident,False,0.1
Picumnus_temminckii,PICIFORMES,resident,False,0.1
Picumnus_varzeae,PICIFORMES,resident,False,0.1
Picus_awokera,PICIFORMES,resident,False,0.1
Picus_canus,PICIFORMES,resident,False,0.1
Picus_chlorolophus,PICIFORMES,resident,False,0.1
Picus_erythropygius,PICIFORMES,resident,False,0.1
Picus_puniceus,PICIFORMES,resident,False,0.1
Picus_rabieri,PICIFORMES,resident,False,0.1
Picus_squamatus,PICIFORMES,resident,False,0.1
Picus_vaillantii,PICIFORMES,resident,False,0.1
Picus_viridanus,PICIFORMES,resident,False,0.1
Picus_viridis,PICIFORMES,resident,False,0.1
Picus_vittatus,PICIFORMES,resident,False,0.1
Picus_xanthopygaeus,PICIFORMES,resident,False,0.1
Piezorina_cinerea,PASSERIFORMES,resident,False,0.1
Pilherodius_pileatus,PELECANIFORMES,resident,False,0.1
Pinarochroa_sordida,PASSERIFORMES,resident,False,0.1
Pinarocorys_erythropygia,PASSERIFORMES,directional migratory,False,1.0
Pinarocorys_nigricans,PASSERIFORMES,directional migratory,False,1.0
Pinaroloxias_inornata,PASSERIFORMES,resident,False,0.1
Pinarornis_plumosus,PASSERIFORMES,resident,False,0.1
Pinguinus_impennis,CHARADRIIFORMES,extinct,True,0.0
Pinicola_enucleator,PASSERIFORMES,directional migratory,False,1.0
Pinicola_subhimachala,PASSERIFORMES,directional migratory,False,1.0
Pionites_leucogaster,PSITTACIFORMES,resident,False,0.1
Pionites_melanocephalus,PSITTACIFORMES,resident,False,0.1
Pionopsitta_pileata,PSITTACIFORMES,resident,False,0.1
Pionus_chalcopterus,PSITTACIFORMES,nomadic,False,0.3
Pionus_fuscus,PSITTACIFORMES,resident,False,0.1
Pionus_maximiliani,PSITTACIFORMES,resident,False,0.1
Pionus_menstruus,PSITTACIFORMES,resident,False,0.1
Pionus_senilis,PSITTACIFORMES,resident,False,0.1
Pionus_seniloides,PSITTACIFORMES,nomadic,False,0.3
Pionus_sordidus,PSITTACIFORMES,resident,False,0.1
Pionus_tumultuosus,PSITTACIFORMES,nomadic,False,0.3
Pipile_cujubi,GALLIFORMES,resident,False,0.1
Pipile_cumanensis,GALLIFORMES,resident,False,0.1
Pipile_jacutinga,GALLIFORMES,resident,False,0.1
Pipile_pipile,GALLIFORMES,resident,False,0.1
Pipilo_chlorurus,PASSERIFORMES,directional migratory,False,1.0
Pipilo_erythrophthalmus,PASSERIFORMES,directional migratory,False,1.0
Pipilo_maculatus,PASSERIFORMES,directional migratory,False,1.0
Pipilo_ocai,PASSERIFORMES,resident,False,0.1
Pipra_aureola,PASSERIFORMES,resident,False,0.1
Pipra_fasciicauda,PASSERIFORMES,resident,False,0.1
Pipra_filicauda,PASSERIFORMES,resident,False,0.1
Pipraeidea_melanonota,PASSERIFORMES,resident,False,0.1
Pipreola_arcuata,PASSERIFORMES,resident,False,0.1
Pipreola_aureopectus,PASSERIFORMES,resident,False,0.1
Pipreola_chlorolepidota,PASSERIFORMES,resident,False,0.1
Pipreola_formosa,PASSERIFORMES,resident,False,0.1
Pipreola_frontalis,PASSERIFORMES,resident,False,0.1
Pipreola_intermedia,PASSERIFORMES,resident,False,0.1
Pipreola_jucunda,PASSERIFORMES,resident,False,0.1
Pipreola_lubomirskii,PASSERIFORMES,resident,False,0.1
Pipreola_pulchra,PASSERIFORMES,resident,False,0.1
Pipreola_riefferii,PASSERIFORMES,resident,False,0.1
Pipreola_whitelyi,PASSERIFORMES,resident,False,0.1
Piprites_chloris,PASSERIFORMES,resident,False,0.1
Piprites_griseiceps,PASSERIFORMES,resident,False,0.1
Piprites_pileata,PASSERIFORMES,resident,False,0.1
Piranga_bidentata,PASSERIFORMES,resident,False,0.1
Piranga_erythrocephala,PASSERIFORMES,resident,False,0.1
Piranga_flava,PASSERIFORMES,directional migratory,False,1.0
Piranga_hepatica,PASSERIFORMES,directional migratory,False,1.0
Piranga_leucoptera,PASSERIFORMES,resident,False,0.1
Piranga_ludoviciana,PASSERIFORMES,directional migratory,False,1.0
Piranga_lutea,PASSERIFORMES,resident,False,0.1
Piranga_olivacea,PASSERIFORMES,directional migratory,False,1.0
Piranga_roseogularis,PASSERIFORMES,resident,False,0.1
Piranga_rubra,PASSERIFORMES,directional migratory,False,1.0
Piranga_rubriceps,PASSERIFORMES,resident,False,0.1
Pitangus_sulphuratus,PASSERIFORMES,resident,False,0.1
Pithecophaga_jefferyi,ACCIPITRIFORMES,resident,False,0.1
Pithys_albifrons,PASSERIFORMES,resident,False,0.1
Pithys_castaneus,PASSERIFORMES,resident,False,0.1
Pitohui_cristatus,PASSERIFORMES,resident,False,0.1
Pitohui_dichrous,PASSERIFORMES,resident,False,0.1
Pitohui_ferrugineus,PASSERIFORMES,resident,False,0.1
Pitohui_incertus,PASSERIFORMES,resident,False,0.1
Pitohui_kirhocephalus,PASSERIFORMES,resident,False,0.1
Pitohui_nigrescens,PASSERIFORMES,resident,False,0.1
Pitta_anerythra,PASSERIFORMES,resident,False,0.1
Pitta_angolensis,PASSERIFORMES,directional migratory,False,1.0
Pitta_brachyura,PASSERIFORMES,directional migratory,False,1.0
Pitta_elegans,PASSERIFORMES,resident,False,0.1
Pitta_iris,PASSERIFORMES,resident,False,0.1
Pitta_maxima,PASSERIFORMES,resident,False,0.1
Pitta_megarhyncha,PASSERIFORMES,resident,False,0.1
Pitta_moluccensis,PASSERIFORMES,directional migratory,False,1.0
Pitta_nympha,PASSERIFORMES,directional migratory,False,1.0
Pitta_reichenowi,PASSERIFORMES,resident,False,0.1
Pitta_sordida,PASSERIFORMES,directional migratory,False,1.0
Pitta_steerii,PASSERIFORMES,resident,False,0.1
Pitta_superba,PASSERIFORMES,resident,False,0.1
Pitta_versicolor,PASSERIFORMES,directional migratory,False,1.0
Pittasoma_michleri,PASSERIFORMES,resident,False,0.1
Pittasoma_rufopileatum,PASSERIFORMES,resident,False,0.1
Pityriasis_gymnocephala,PASSERIFORMES,resident,False,0.1
Platalea_ajaja,PELECANIFORMES,directional migratory,False,1.0
Platalea_alba,PELECANIFORMES,nomadic,False,0.3
Platalea_flavipes,PELECANIFORMES,dispersive migratory,False,0.5
Platalea_leucorodia,PELECANIFORMES,directional migratory,False,1.0
Platalea_minor,PELECANIFORMES,directional migratory,False,1.0
Platalea_regia,PELECANIFORMES,nomadic,False,0.3
Platycercus_adscitus,PSITTACIFORMES,resident,False,0.1
Platycercus_caledonicus,PSITTACIFORMES,resident,False,0.1
Platycercus_elegans,PSITTACIFORMES,resident,False,0.1
Platycercus_eximius,PSITTACIFORMES,resident,False,0.1
Platycercus_icterotis,PSITTACIFORMES,resident,False,0.1
Platycercus_venustus,PSITTACIFORMES,resident,False,0.1
Platylophus_galericulatus,PASSERIFORMES,resident,False,0.1
Platyrinchus_cancrominus,PASSERIFORMES,resident,False,0.1
Platyrinchus_coronatus,PASSERIFORMES,resident,False,0.1
Platyrinchus_flavigularis,PASSERIFORMES,resident,False,0.1
Platyrinchus_leucoryphus,PASSERIFORMES,resident,False,0.1
Platyrinchus_mystaceus,PASSERIFORMES,resident,False,0.1
Platyrinchus_platyrhynchos,PASSERIFORMES,resident,False,0.1
Platyrinchus_saturatus,PASSERIFORMES,resident,False,0.1
Platysmurus_leucopterus,PASSERIFORMES,resident,False,0.1
Platyspiza_crassirostris,PASSERIFORMES,resident,False,0.1
Platysteira_albifrons,PASSERIFORMES,resident,False,0.1
Platysteira_blissetti,PASSERIFORMES,resident,False,0.1
Platysteira_castanea,PASSERIFORMES,resident,False,0.1
Platysteira_chalybea,PASSERIFORMES,resident,False,0.1
Platysteira_concreta,PASSERIFORMES,resident,False,0.1
Platysteira_cyanea,PASSERIFORMES,resident,False,0.1
Platysteira_hormophora,PASSERIFORMES,resident,False,0.1
Platysteira_jamesoni,PASSERIFORMES,resident,False,0.1
Platysteira_laticincta,PASSERIFORMES,resident,False,0.1
Platysteira_peltata,PASSERIFORMES,resident,False,0.1
Platysteira_tonsa,PASSERIFORMES,resident,False,0.1
Plectorhyncha_lanceolata,PASSERIFORMES,resident,False,0.1
Plectrophenax_hyperboreus,PASSERIFORMES,directional migratory,False,1.0
Plectrophenax_nivalis,PASSERIFORMES,directional migratory,False,1.0
Plectropterus_gambensis,ANSERIFORMES,dispersive migratory,False,0.5
Plegadis_chihi,PELECANIFORMES,directional migratory,False,1.0
Plegadis_falcinellus,PELECANIFORMES,directional migratory,False,1.0
Plegadis_ridgwayi,PELECANIFORMES,resident,False,0.1
Plocepasser_donaldsoni,PASSERIFORMES,resident,False,0.1
Plocepasser_mahali,PASSERIFORMES,resident,False,0.1
Plocepasser_rufoscapulatus,PASSERIFORMES,resident,False,0.1
Plocepasser_superciliosus,PASSERIFORMES,resident,False,0.1
Ploceus_albinucha,PASSERIFORMES,resident,False,0.1
Ploceus_alienus,PASSERIFORMES,resident,False,0.1
Ploceus_angolensis,PASSERIFORMES,resident,False,0.1
Ploceus_aurantius,PASSERIFORMES,resident,False,0.1
Ploceus_aureonucha,PASSERIFORMES,resident,False,0.1
Ploceus_badius,PASSERIFORMES,dispersive migratory,False,0.5
Ploceus_baglafecht,PASSERIFORMES,resident,False,0.1
Ploceus_bannermani,PASSERIFORMES,resident,False,0.1
Ploceus_batesi,PASSERIFORMES,resident,False,0.1
Ploceus_benghalensis,PASSERIFORMES,resident,False,0.1
Ploceus_bertrandi,PASSERIFORMES,resident,False,0.1
Ploceus_bicolor,PASSERIFORMES,resident,False,0.1
Ploceus_bojeri,PASSERIFORMES,resident,False,0.1
Ploceus_burnieri,PASSERIFORMES,resident,False,0.1
Ploceus_capensis,PASSERIFORMES,resident,False,0.1
Ploceus_castaneiceps,PASSERIFORMES,resident,False,0.1
Ploceus_castanops,PASSERIFORMES,resident,False,0.1
Ploceus_cucullatus,PASSERIFORMES,resident,False,0.1
Ploceus_dichrocephalus,PASSERIFORMES,resident,False,0.1
Ploceus_dorsomaculatus,PASSERIFORMES,resident,False,0.1
Ploceus_flavipes,PASSERIFORMES,resident,False,0.1
Ploceus_galbula,PASSERIFORMES,resident,False,0.1
Ploceus_golandi,PASSERIFORMES,resident,False,0.1
Ploceus_grandis,PASSERIFORMES,resident,False,0.1
Ploceus_heuglini,PASSERIFORMES,resident,False,0.1
Ploceus_hypoxanthus,PASSERIFORMES,resident,False,0.1
Ploceus_insignis,PASSERIFORMES,resident,False,0.1
Ploceus_intermedius,PASSERIFORMES,resident,False,0.1
Ploceus_jacksoni,PASSERIFORMES,resident,False,0.1
Ploceus_katangae,PASSERIFORMES,resident,False,0.1
Ploceus_luteolus,PASSERIFORMES,resident,False,0.1
Ploceus_manyar,PASSERIFORMES,resident,False,0.1
Ploceus_megarhynchus,PASSERIFORMES,resident,False,0.1
Ploceus_melanocephalus,PASSERIFORMES,resident,False,0.1
Ploceus_melanogaster,PASSERIFORMES,resident,False,0.1
Ploceus_nelicourvi,PASSERIFORMES,resident,False,0.1
Ploceus_nicolli,PASSERIFORMES,resident,False,0.1
Ploceus_nigerrimus,PASSERIFORMES,resident,False,0.1
Ploceus_nigricollis,PASSERIFORMES,resident,False,0.1
Ploceus_nigrimentus,PASSERIFORMES,resident,False,0.1
Ploceus_ocularis,PASSERIFORMES,resident,False,0.1
Ploceus_olivaceiceps,PASSERIFORMES,resident,False,0.1
Ploceus_pelzelni,PASSERIFORMES,resident,False,0.1
Ploceus_philippinus,PASSERIFORMES,resident,False,0.1
Ploceus_preussi,PASSERIFORMES,resident,False,0.1
Ploceus_princeps,PASSERIFORMES,resident,False,0.1
Ploceus_reichardi,PASSERIFORMES,resident,False,0.1
Ploceus_rubiginosus,PASSERIFORMES,dispersive migratory,False,0.5
Ploceus_ruweti,PASSERIFORMES,resident,False,0.1
Ploceus_sakalava,PASSERIFORMES,resident,False,0.1
Ploceus_sanctithomae,PASSERIFORMES,resident,False,0.1
Ploceus_spekei,PASSERIFORMES,resident,False,0.1
Ploceus_spekeoides,PASSERIFORMES,resident,False,0.1
Ploceus_subaureus,PASSERIFORMES,resident,False,0.1
Ploceus_subpersonatus,PASSERIFORMES,resident,False,0.1
Ploceus_superciliosus,PASSERIFORMES,resident,False,0.1
Ploceus_taeniopterus,PASSERIFORMES,resident,False,0.1
Ploceus_temporalis,PASSERIFORMES,resident,False,0.1
Ploceus_tricolor,PASSERIFORMES,resident,False,0.1
Ploceus_velatus,PASSERIFORMES,resident,False,0.1
Ploceus_vitellinus,PASSERIFORMES,dispersive migratory,False,0.5
Ploceus_weynsi,PASSERIFORMES,nomadic,False,0.3
Ploceus_xanthops,PASSERIFORMES,resident,False,0.1
Ploceus_xanthopterus,PASSERIFORMES,resident,False,0.1
Pluvialis_apricaria,CHARADRIIFORMES,directional migratory,False,1.0
Pluvialis_dominica,CHARADRIIFORMES,directional migratory,False,1.0
Pluvialis_fulva,CHARADRIIFORMES,directional migratory,False,1.0
Pluvialis_squatarola,CHARADRIIFORMES,directional migratory,False,1.0
Pluvianellus_socialis,CHARADRIIFORMES,directional migratory,False,1.0
Pluvianus_aegyptius,CHARADRIIFORMES,dispersive migratory,False,0.5
Pnoepyga_albiventer,PASSERIFORMES,resident,False,0.1
Pnoepyga_formosana,PASSERIFORMES,resident,False,0.1
Pnoepyga_immaculata,PASSERIFORMES,resident,False,0.1
Pnoepyga_pusilla,PASSERIFORMES,resident,False,0.1
Podargus_ocellatus,CAPRIMULGIFORMES,resident,False,0.1
Podargus_papuensis,CAPRIMULGIFORMES,resident,False,0.1
Podargus_strigoides,CAPRIMULGIFORMES,resident,False,0.1
Podica_senegalensis,GRUIFORMES,resident,False,0.1
Podiceps_andinus,PODICIPEDIFORMES,extinct,False,0.0
Podiceps_auritus,PODICIPEDIFORMES,directional migratory,False,1.0
Podiceps_cristatus,PODICIPEDIFORMES,directional migratory,False,1.0
Podiceps_gallardoi,PODICIPEDIFORMES,directional migratory,False,1.0
Podiceps_grisegena,PODICIPEDIFORMES,directional migratory,False,1.0
Podiceps_major,PODICIPEDIFORMES,dispersive migratory,False,0.5
Podiceps_nigricollis,PODICIPEDIFORMES,directional migratory,False,1.0
Podiceps_occipitalis,PODICIPEDIFORMES,directional migratory,False,1.0
Podiceps_taczanowskii,PODICIPEDIFORMES,resident,False,0.1
Podilymbus_gigas,PODICIPEDIFORMES,extinct,False,0.0
Podilymbus_podiceps,PODICIPEDIFORMES,directional migratory,False,1.0
Podoces_biddulphi,PASSERIFORMES,resident,False,0.1
Podoces_hendersoni,PASSERIFORMES,resident,False,0.1
Podoces_panderi,PASSERIFORMES,resident,False,0.1
Podoces_pleskei,PASSERIFORMES,resident,False,0.1
Poecile_atricapillus,PASSERIFORMES,resident,False,0.1
Poecile_carolinensis,PASSERIFORMES,resident,False,0.1
Poecile_cinctus,PASSERIFORMES,resident,False,0.1
Poecile_davidi,PASSERIFORMES,resident,False,0.1
Poecile_gambeli,PASSERIFORMES,resident,False,0.1
Poecile_hudsonicus,PASSERIFORMES,resident,False,0.1
Poecile_hypermelaenus,PASSERIFORMES,resident,False,0.1
Poecile_lugubris,PASSERIFORMES,resident,False,0.1
Poecile_montanus,PASSERIFORMES,dispersive migratory,False,0.5
Poecile_palustris,PASSERIFORMES,resident,False,0.1
Poecile_rufescens,PASSERIFORMES,resident,False,0.1
Poecile_sclateri,PASSERIFORMES,resident,False,0.1
Poecile_superciliosus,PASSERIFORMES,resident,False,0.1
Poecile_varius,PASSERIFORMES,resident,False,0.1
Poecile_weigoldicus,PASSERIFORMES,resident,False,0.1
Poecilodryas_albonotata,PASSERIFORMES,resident,False,0.1
Poecilodryas_brachyura,PASSERIFORMES,resident,False,0.1
Poecilodryas_cerviniventris,PASSERIFORMES,resident,False,0.1
Poecilodryas_hypoleuca,PASSERIFORMES,resident,False,0.1
Poecilodryas_placens,PASSERIFORMES,resident,False,0.1
Poecilodryas_superciliosa,PASSERIFORMES,resident,False,0.1
Poecilotriccus_albifacies,PASSERIFORMES,resident,False,0.1
Poecilotriccus_calopterus,PASSERIFORMES,resident,False,0.1
Poecilotriccus_capitalis,PASSERIFORMES,resident,False,0.1
Poecilotriccus_fumifrons,PASSERIFORMES,resident,False,0.1
Poecilotriccus_latirostris,PASSERIFORMES,resident,False,0.1
Poecilotriccus_luluae,PASSERIFORMES,resident,False,0.1
Poecilotriccus_plumbeiceps,PASSERIFORMES,resident,False,0.1
Poecilotriccus_pulchellus,PASSERIFORMES,resident,False,0.1
Poecilotriccus_ruficeps,PASSERIFORMES,resident,False,0.1
Poecilotriccus_russatus,PASSERIFORMES,resident,False,0.1
Poecilotriccus_senex,PASSERIFORMES,resident,False,0.1
Poecilotriccus_sylvia,PASSERIFORMES,resident,False,0.1
Poeoptera_femoralis,PASSERIFORMES,resident,False,0.1
Poeoptera_kenricki,PASSERIFORMES,nomadic,False,0.3
Poeoptera_lugubris,PASSERIFORMES,resident,False,0.1
Poeoptera_sharpii,PASSERIFORMES,resident,False,0.1
Poeoptera_stuhlmanni,PASSERIFORMES,resident,False,0.1
Poephila_acuticauda,PASSERIFORMES,resident,False,0.1
Poephila_cincta,PASSERIFORMES,resident,False,0.1
Poephila_personata,PASSERIFORMES,resident,False,0.1
Pogoniulus_atroflavus,PICIFORMES,resident,False,0.1
Pogoniulus_bilineatus,PICIFORMES,resident,False,0.1
Pogoniulus_chrysoconus,PICIFORMES,resident,False,0.1
Pogoniulus_coryphaea,PICIFORMES,resident,False,0.1
Pogoniulus_leucomystax,PICIFORMES,resident,False,0.1
Pogoniulus_makawai,PICIFORMES,unknown,False,0.2
Pogoniulus_pusillus,PICIFORMES,resident,False,0.1
Pogoniulus_scolopaceus,PICIFORMES,resident,False,0.1
Pogoniulus_simplex,PICIFORMES,resident,False,0.1
Pogoniulus_subsulphureus,PICIFORMES,resident,False,0.1
Pogonocichla_stellata,PASSERIFORMES,resident,False,0.1
Pogonotriccus_chapmani,PASSERIFORMES,resident,False,0.1
Pogonotriccus_eximius,PASSERIFORMES,resident,False,0.1
Pogonotriccus_lanyoni,PASSERIFORMES,resident,False,0.1
Pogonotriccus_ophthalmicus,PASSERIFORMES,resident,False,0.1
Pogonotriccus_orbitalis,PASSERIFORMES,resident,False,0.1
Pogonotriccus_poecilotis,PASSERIFORMES,resident,False,0.1
Pogonotriccus_venezuelanus,PASSERIFORMES,resident,False,0.1
Poicephalus_crassus,PSITTACIFORMES,resident,False,0.1
Poicephalus_cryptoxanthus,PSITTACIFORMES,resident,False,0.1
Poicephalus_flavifrons,PSITTACIFORMES,resident,False,0.1
Poicephalus_fuscicollis,PSITTACIFORMES,resident,False,0.1
Poicephalus_gulielmi,PSITTACIFORMES,resident,False,0.1
Poicephalus_meyeri,PSITTACIFORMES,resident,False,0.1
Poicephalus_robustus,PSITTACIFORMES,resident,False,0.1
Poicephalus_rueppellii,PSITTACIFORMES,resident,False,0.1
Poicephalus_rufiventris,PSITTACIFORMES,resident,False,0.1
Poicephalus_senegalus,PSITTACIFORMES,dispersive migratory,False,0.5
Polemaetus_bellicosus,ACCIPITRIFORMES,resident,False,0.1
Polihierax_insignis,FALCONIFORMES,resident,False,0.1
Polihierax_semitorquatus,FALCONIFORMES,resident,False,0.1
Poliocephalus_poliocephalus,PODICIPEDIFORMES,dispersive migratory,False,0.5
Poliocephalus_rufopectus,PODICIPEDIFORMES,resident,False,0.1
Poliolais_lopezi,PASSERIFORMES,resident,False,0.1
Polioptila_albiloris,PASSERIFORMES,resident,False,0.1
Polioptila_caerulea,PASSERIFORMES,directional migratory,False,1.0
Polioptila_californica,PASSERIFORMES,resident,False,0.1
Polioptila_clementsi,PASSERIFORMES,resident,False,0.1
Polioptila_dumicola,PASSERIFORMES,resident,False,0.1
Polioptila_facilis,PASSERIFORMES,resident,False,0.1
Polioptila_guianensis,PASSERIFORMES,resident,False,0.1
Polioptila_lactea,PASSERIFORMES,resident,False,0.1
Polioptila_lembeyei,PASSERIFORMES,resident,False,0.1
Polioptila_melanura,PASSERIFORMES,resident,False,0.1
Polioptila_nigriceps,PASSERIFORMES,resident,False,0.1
Polioptila_paraensis,PASSERIFORMES,resident,False,0.1
Polioptila_plumbea,PASSERIFORMES,resident,False,0.1
Polioptila_schistaceigula,PASSERIFORMES,resident,False,0.1
Polioxolmis_rufipennis,PASSERIFORMES,resident,False,0.1
Polyboroides_radiatus,ACCIPITRIFORMES,resident,False,0.1
Polyboroides_typus,ACCIPITRIFORMES,resident,False,0.1
Polyonymus_caroli,APODIFORMES,resident,False,0.1
Polyplectron_bicalcaratum,GALLIFORMES,resident,False,0.1
Polyplectron_chalcurum,GALLIFORMES,resident,False,0.1
Polyplectron_germaini,GALLIFORMES,resident,False,0.1
Polyplectron_inopinatum,GALLIFORMES,resident,False,0.1
Polyplectron_katsumatae,GALLIFORMES,resident,False,0.1
Polyplectron_malacense,GALLIFORMES,resident,False,0.1
Polyplectron_napoleonis,GALLIFORMES,resident,False,0.1
Polyplectron_schleiermacheri,GALLIFORMES,resident,False,0.1
Polysticta_stelleri,ANSERIFORMES,directional migratory,False,1.0
Polystictus_pectoralis,PASSERIFORMES,directional migratory,False,1.0
Polystictus_superciliaris,PASSERIFORMES,resident,False,0.1
Polytelis_alexandrae,PSITTACIFORMES,nomadic,False,0.3
Polytelis_anthopeplus,PSITTACIFORMES,dispersive migratory,False,0.5
Polytelis_swainsonii,PSITTACIFORMES,dispersive migratory,False,0.5
Polytmus_guainumbi,APODIFORMES,resident,False,0.1
Polytmus_milleri,APODIFORMES,resident,False,0.1
Polytmus_theresiae,APODIFORMES,resident,False,0.1
Pomarea_dimidiata,PASSERIFORMES,resident,False,0.1
Pomarea_fluxa,PASSERIFORMES,extinct,False,0.0
Pomarea_iphis,PASSERIFORMES,resident,False,0.1
Pomarea_mendozae,PASSERIFORMES,resident,False,0.1
Pomarea_mira,PASSERIFORMES,extinct,False,0.0
Pomarea_nigra,PASSERIFORMES,resident,False,0.1
Pomarea_nukuhivae,PASSERIFORMES,extinct,False,0.0
Pomarea_pomarea,PASSERIFORMES,extinct,False,0.0
Pomarea_whitneyi,PASSERIFORMES,resident,False,0.1
Pomatorhinus_erythrocnemis,PASSERIFORMES,resident,False,0.1
Pomatorhinus_erythrogenys,PASSERIFORMES,resident,False,0.1
Pomatorhinus_ferruginosus,PASSERIFORMES,resident,False,0.1
Pomatorhinus_gravivox,PASSERIFORMES,resident,False,0.1
Pomatorhinus_horsfieldii,PASSERIFORMES,resident,False,0.1
Pomatorhinus_hypoleucos,PASSERIFORMES,resident,False,0.1
Pomatorhinus_mcclellandi,PASSERIFORMES,resident,False,0.1
Pomatorhinus_melanurus,PASSERIFORMES,resident,False,0.1
Pomatorhinus_montanus,PASSERIFORMES,resident,False,0.1
Pomatorhinus_musicus,PASSERIFORMES,resident,False,0.1
Pomatorhinus_ochraceiceps,PASSERIFORMES,resident,False,0.1
Pomatorhinus_ruficollis,PASSERIFORMES,resident,False,0.1
Pomatorhinus_schisticeps,PASSERIFORMES,resident,False,0.1
Pomatorhinus_superciliaris,PASSERIFORMES,resident,False,0.1
Pomatorhinus_swinhoei,PASSERIFORMES,resident,False,0.1
Pomatostomus_halli,PASSERIFORMES,resident,False,0.1
Pomatostomus_ruficeps,PASSERIFORMES,resident,False,0.1
Pomatostomus_superciliosus,PASSERIFORMES,resident,False,0.1
Pomatostomus_temporalis,PASSERIFORMES,resident,False,0.1
Pooecetes_gramineus,PASSERIFORMES,directional migratory,False,1.0
Poospiza_alticola,PASSERIFORMES,resident,False,0.1
Poospiza_boliviana,PASSERIFORMES,resident,False,0.1
Poospiza_cabanisi,PASSERIFORMES,resident,False,0.1
Poospiza_caesar,PASSERIFORMES,resident,False,0.1
Poospiza_cinerea,PASSERIFORMES,resident,False,0.1
Poospiza_erythrophrys,PASSERIFORMES,resident,False,0.1
Poospiza_hispaniolensis,PASSERIFORMES,resident,False,0.1
Poospiza_hypocondria,PASSERIFORMES,resident,False,0.1
Poospiza_lateralis,PASSERIFORMES,resident,False,0.1
Poospiza_melanoleuca,PASSERIFORMES,resident,False,0.1
Poospiza_nigrorufa,PASSERIFORMES,resident,False,0.1
Poospiza_ornata,PASSERIFORMES,directional migratory,False,1.0
Poospiza_rubecula,PASSERIFORMES,resident,False,0.1
Poospiza_thoracica,PASSERIFORMES,resident,False,0.1
Poospiza_torquata,PASSERIFORMES,directional migratory,False,1.0
Poospiza_whitii,PASSERIFORMES,resident,False,0.1
Porphyrio_albus,GRUIFORMES,extinct,False,0.0
Porphyrio_alleni,GRUIFORMES,dispersive migratory,False,0.5
Porphyrio_flavirostris,GRUIFORMES,dispersive migratory,False,0.5
Porphyrio_hochstetteri,GRUIFORMES,resident,False,0.1
Porphyrio_madagascariensis,GRUIFORMES,resident,False,0.1
Porphyrio_mantelli,GRUIFORMES,extinct,False,0.0
Porphyrio_martinicus,GRUIFORMES,directional migratory,False,1.0
Porphyrio_porphyrio,GRUIFORMES,resident,False,0.1
Porphyrolaema_porphyrolaema,PASSERIFORMES,resident,False,0.1
Porphyrospiza_caerulescens,PASSERIFORMES,resident,False,0.1
Porzana_albicollis,GRUIFORMES,resident,False,0.1
Porzana_astrictocarpus,GRUIFORMES,extinct,False,0.0
Porzana_atra,GRUIFORMES,resident,False,0.1
Porzana_bicolor,GRUIFORMES,resident,False,0.1
Porzana_carolina,GRUIFORMES,directional migratory,False,1.0
Porzana_cinerea,GRUIFORMES,resident,False,0.1
Porzana_flaviventer,GRUIFORMES,resident,False,0.1
Porzana_fluminea,GRUIFORMES,resident,False,0.1
Porzana_fusca,GRUIFORMES,directional migratory,False,1.0
Porzana_monasa,GRUIFORMES,extinct,False,0.0
Porzana_nigra,GRUIFORMES,extinct,False,0.0
Porzana_palmeri,GRUIFORMES,extinct,False,0.0
Porzana_parva,GRUIFORMES,directional migratory,False,1.0
Porzana_paykullii,GRUIFORMES,directional migratory,False,1.0
Porzana_porzana,GRUIFORMES,directional migratory,False,1.0
Porzana_pusilla,GRUIFORMES,directional migratory,False,1.0
Porzana_sandwichensis,GRUIFORMES,extinct,False,0.0
Porzana_spiloptera,GRUIFORMES,resident,False,0.1
Porzana_tabuensis,GRUIFORMES,resident,False,0.1
Premnoplex_brunnescens,PASSERIFORMES,resident,False,0.1
Premnoplex_tatei,PASSERIFORMES,resident,False,0.1
Premnornis_guttuliger,PASSERIFORMES,resident,False,0.1
Primolius_auricollis,PSITTACIFORMES,resident,False,0.1
Primolius_couloni,PSITTACIFORMES,resident,False,0.1
Primolius_maracana,PSITTACIFORMES,resident,False,0.1
Prinia_atrogularis,PASSERIFORMES,resident,False,0.1
Prinia_bairdii,PASSERIFORMES,resident,False,0.1
Prinia_buchanani,PASSERIFORMES,resident,False,0.1
Prinia_burnesii,PASSERIFORMES,resident,False,0.1
Prinia_cinerascens,PASSERIFORMES,resident,False,0.1
Prinia_cinereocapilla,PASSERIFORMES,resident,False,0.1
Prinia_crinigera,PASSERIFORMES,resident,False,0.1
Prinia_familiaris,PASSERIFORMES,resident,False,0.1
Prinia_flavicans,PASSERIFORMES,resident,False,0.1
Prinia_flaviventris,PASSERIFORMES,resident,False,0.1
Prinia_fluviatilis,PASSERIFORMES,resident,False,0.1
Prinia_gracilis,PASSERIFORMES,resident,False,0.1
Prinia_hodgsonii,PASSERIFORMES,resident,False,0.1
Prinia_hypoxantha,PASSERIFORMES,resident,False,0.1
Prinia_inornata,PASSERIFORMES,resident,False,0.1
Prinia_maculosa,PASSERIFORMES,resident,False,0.1
Prinia_melanops,PASSERIFORMES,resident,False,0.1
Prinia_molleri,PASSERIFORMES,resident,False,0.1
Prinia_polychroa,PASSERIFORMES,resident,False,0.1
Prinia_rufescens,PASSERIFORMES,resident,False,0.1
Prinia_socialis,PASSERIFORMES,resident,False,0.1
Prinia_somalica,PASSERIFORMES,resident,False,0.1
Prinia_subflava,PASSERIFORMES,resident,False,0.1
Prinia_superciliaris,PASSERIFORMES,resident,False,0.1
Prinia_sylvatica,PASSERIFORMES,resident,False,0.1
Prioniturus_discurus,PSITTACIFORMES,resident,False,0.1
Prioniturus_flavicans,PSITTACIFORMES,resident,False,0.1
Prioniturus_luconensis,PSITTACIFORMES,resident,False,0.1
Prioniturus_mada,PSITTACIFORMES,resident,False,0.1
Prioniturus_montanus,PSITTACIFORMES,resident,False,0.1
Prioniturus_platenae,PSITTACIFORMES,resident,False,0.1
Prioniturus_platurus,PSITTACIFORMES,resident,False,0.1
Prioniturus_verticalis,PSITTACIFORMES,resident,False,0.1
Prioniturus_waterstradti,PSITTACIFORMES,resident,False,0.1
Prionochilus_maculatus,PASSERIFORMES,resident,False,0.1
Prionochilus_olivaceus,PASSERIFORMES,resident,False,0.1
Prionochilus_percussus,PASSERIFORMES,resident,False,0.1
Prionochilus_plateni,PASSERIFORMES,resident,False,0.1
Prionochilus_thoracicus,PASSERIFORMES,resident,False,0.1
Prionochilus_xanthopygius,PASSERIFORMES,resident,False,0.1
Prionodura_newtoniana,PASSERIFORMES,resident,False,0.1
Prionops_alberti,PASSERIFORMES,resident,False,0.1
Prionops_caniceps,PASSERIFORMES,resident,False,0.1
Prionops_gabela,PASSERIFORMES,resident,False,0.1
Prionops_plumatus,PASSERIFORMES,resident,False,0.1
Prionops_poliolophus,PASSERIFORMES,resident,False,0.1
Prionops_retzii,PASSERIFORMES,resident,False,0.1
Prionops_rufiventris,PASSERIFORMES,resident,False,0.1
Prionops_scopifrons,PASSERIFORMES,resident,False,0.1
Priotelus_roseigaster,TROGONIFORMES,resident,False,0.1
Priotelus_temnurus,TROGONIFORMES,resident,False,0.1
Probosciger_aterrimus,PSITTACIFORMES,resident,False,0.1
Procellaria_aequinoctialis,PROCELLARIIFORMES,dispersive migratory,True,0.5
Procellaria_cinerea,PROCELLARIIFORMES,dispersive migratory,True,0.5
Procellaria_conspicillata,PROCELLARIIFORMES,dispersive migratory,True,0.5
Procellaria_parkinsoni,PROCELLARIIFORMES,directional migratory,True,1.5
Procellaria_westlandica,PROCELLARIIFORMES,dispersive migratory,True,0.5
Procelsterna_albivitta,CHARADRIIFORMES,resident,True,0.1
Procelsterna_cerulea,CHARADRIIFORMES,resident,True,0.1
Procnias_albus,PASSERIFORMES,resident,False,0.1
Procnias_averano,PASSERIFORMES,resident,False,0.1
Procnias_nudicollis,PASSERIFORMES,resident,False,0.1
Procnias_tricarunculatus,PASSERIFORMES,dispersive migratory,False,0.5
Prodotiscus_insignis,PICIFORMES,resident,False,0.1
Prodotiscus_regulus,PICIFORMES,resident,False,0.1
Prodotiscus_zambesiae,PICIFORMES,resident,False,0.1
Progne_chalybea,PASSERIFORMES,directional migratory,False,1.0
Progne_cryptoleuca,PASSERIFORMES,directional migratory,False,1.0
Progne_dominicensis,PASSERIFORMES,directional migratory,False,1.0
Progne_elegans,PASSERIFORMES,directional migratory,False,1.0
Progne_modesta,PASSERIFORMES,resident,False,0.1
Progne_murphyi,PASSERIFORMES,resident,False,0.1
Progne_sinaloae,PASSERIFORMES,directional migratory,False,1.0
Progne_subis,PASSERIFORMES,directional migratory,False,1.0
Progne_tapera,PASSERIFORMES,directional migratory,False,1.0
Promerops_cafer,PASSERIFORMES,resident,False,0.1
Promerops_gurneyi,PASSERIFORMES,resident,False,0.1
Prosobonia_ellisi,CHARADRIIFORMES,extinct,False,0.0
Prosobonia_leucoptera,CHARADRIIFORMES,extinct,False,0.0
Prosopeia_personata,PSITTACIFORMES,resident,False,0.1
Prosopeia_splendens,PSITTACIFORMES,resident,False,0.1
Prosopeia_tabuensis,PSITTACIFORMES,resident,False,0.1
Prosthemadera_novaeseelandiae,PASSERIFORMES,resident,False,0.1
Protonotaria_citrea,PASSERIFORMES,directional migratory,False,1.0
Prunella_atrogularis,PASSERIFORMES,directional migratory,False,1.0
Prunella_collaris,PASSERIFORMES,dispersive migratory,False,0.5
Prunella_fagani,PASSERIFORMES,resident,False,0.1
Prunella_fulvescens,PASSERIFORMES,resident,False,0.1
Prunella_himalayana,PASSERIFORMES,directional migratory,False,1.0
Prunella_immaculata,PASSERIFORMES,dispersive migratory,False,0.5
Prunella_koslowi,PASSERIFORMES,resident,False,0.1
Prunella_modularis,PASSERIFORMES,directional migratory,False,1.0
Prunella_montanella,PASSERIFORMES,directional migratory,False,1.0
Prunella_ocularis,PASSERIFORMES,directional migratory,False,1.0
Prunella_rubeculoides,PASSERIFORMES,resident,False,0.1
Prunella_rubida,PASSERIFORMES,directional migratory,False,1.0
Prunella_strophiata,PASSERIFORMES,resident,False,0.1
Psalidoprocne_albiceps,PASSERIFORMES,directional migratory,False,1.0
Psalidoprocne_fuliginosa,PASSERIFORMES,resident,False,0.1
Psalidoprocne_nitens,PASSERIFORMES,resident,False,0.1
Psalidoprocne_obscura,PASSERIFORMES,dispersive migratory,False,0.5
Psalidoprocne_pristoptera,PASSERIFORMES,directional migratory,False,1.0
Psaltria_exilis,PASSERIFORMES,resident,False,0.1
Psaltriparus_minimus,PASSERIFORMES,resident,False,0.1
Psarisomus_dalhousiae,PASSERIFORMES,resident,False,0.1
Psarocolius_angustifrons,PASSERIFORMES,resident,False,0.1
Psarocolius_atrovirens,PASSERIFORMES,resident,False,0.1
Psarocolius_bifasciatus,PASSERIFORMES,resident,False,0.1
Psarocolius_cassini,PASSERIFORMES,resident,False,0.1
Psarocolius_decumanus,PASSERIFORMES,resident,False,0.1
Psarocolius_guatimozinus,PASSERIFORMES,resident,False,0.1
Psarocolius_montezuma,PASSERIFORMES,resident,False,0.1
Psarocolius_viridis,PASSERIFORMES,resident,False,0.1
Psarocolius_wagleri,PASSERIFORMES,resident,False,0.1
Pselliophorus_luteoviridis,PASSERIFORMES,resident,False,0.1
Pselliophorus_tibialis,PASSERIFORMES,resident,False,0.1
Psephotus_chrysopterygius,PSITTACIFORMES,resident,False,0.1
Psephotus_dissimilis,PSITTACIFORMES,resident,False,0.1
Psephotus_haematonotus,PSITTACIFORMES,resident,False,0.1
Psephotus_pulcherrimus,PSITTACIFORMES,extinct,False,0.0
Psephotus_varius,PSITTACIFORMES,resident,False,0.1
Pseudalaemon_fremantlii,PASSERIFORMES,resident,False,0.1
Pseudalethe_choloensis,PASSERIFORMES,resident,False,0.1
Pseudalethe_fuelleborni,PASSERIFORMES,resident,False,0.1
Pseudalethe_poliocephala,PASSERIFORMES,resident,False,0.1
Pseudalethe_poliophrys,PASSERIFORMES,resident,False,0.1
Pseudasthenes_cactorum,PASSERIFORMES,resident,False,0.1
Pseudasthenes_humicola,PASSERIFORMES,resident,False,0.1
Pseudasthenes_patagonica,PASSERIFORMES,resident,False,0.1
Pseudasthenes_steinbachi,PASSERIFORMES,resident,False,0.1
Pseudelaenia_leucospodia,PASSERIFORMES,resident,False,0.1
Pseudeos_fuscata,PSITTACIFORMES,nomadic,False,0.3
Pseudhirundo_griseopyga,PASSERIFORMES,dispersive migratory,False,0.5
Pseudibis_davisoni,PELECANIFORMES,resident,False,0.1
Pseudibis_gigantea,PELECANIFORMES,resident,False,0.1
Pseudibis_papillosa,PELECANIFORMES,dispersive migratory,False,0.5
Pseudoalcippe_abyssinica,PASSERIFORMES,resident,False,0.1
Pseudoalcippe_atriceps,PASSERIFORMES,resident,False,0.1
Pseudobias_wardi,PASSERIFORMES,resident,False,0.1
Pseudobulweria_aterrima,PROCELLARIIFORMES,unknown,True,0.2
Pseudobulweria_becki,PROCELLARIIFORMES,unknown,True,0.2
Pseudobulweria_macgillivrayi,PROCELLARIIFORMES,unknown,True,0.2
Pseudobulweria_rostrata,PROCELLARIIFORMES,dispersive migratory,True,0.5
Pseudobulweria_rupinarum,PROCELLARIIFORMES,extinct,True,0.0
Pseudocalyptomena_graueri,PASSERIFORMES,resident,False,0.1
Pseudochelidon_eurystomina,PASSERIFORMES,directional migratory,False,1.0
Pseudochelidon_sirintarae,PASSERIFORMES,directional migratory,False,1.0
Pseudocolaptes_boissonneautii,PASSERIFORMES,resident,False,0.1
Pseudocolaptes_johnsoni,PASSERIFORMES,resident,False,0.1
Pseudocolaptes_lawrencii,PASSERIFORMES,resident,False,0.1
Pseudocolopteryx_acutipennis,PASSERIFORMES,directional migratory,False,1.0
Pseudocolopteryx_citreola,PASSERIFORMES,directional migratory,False,1.0
Pseudocolopteryx_dinelliana,PASSERIFORMES,directional migratory,False,1.0
Pseudocolopteryx_flaviventris,PASSERIFORMES,directional migratory,False,1.0
Pseudocolopteryx_sclateri,PASSERIFORMES,resident,False,0.1
Pseudoleistes_guirahuro,PASSERIFORMES,resident,False,0.1
Pseudoleistes_virescens,PASSERIFORMES,resident,False,0.1
Pseudonestor_xanthophrys,PASSERIFORMES,resident,False,0.1
Pseudonigrita_arnaudi,PASSERIFORMES,resident,False,0.1
Pseudonigrita_cabanisi,PASSERIFORMES,resident,False,0.1
Pseudoscops_clamator,STRIGIFORMES,resident,False,0.1
Pseudoscops_grammicus,STRIGIFORMES,resident,False,0.1
Pseudoseisura_cristata,PASSERIFORMES,resident,False,0.1
Pseudoseisura_gutturalis,PASSERIFORMES,resident,False,0.1
Pseudoseisura_lophotes,PASSERIFORMES,resident,False,0.1
Pseudoseisura_unirufa,PASSERIFORMES,resident,False,0.1
Pseudotriccus_pelzelni,PASSERIFORMES,resident,False,0.1
Pseudotriccus_ruficeps,PASSERIFORMES,resident,False,0.1
Pseudotriccus_simplex,PASSERIFORMES,resident,False,0.1
Psilopogon_pyrolophus,PICIFORMES,resident,False,0.1
Psilopsiagon_aurifrons,PSITTACIFORMES,resident,False,0.1
Psilopsiagon_aymara,PSITTACIFORMES,resident,False,0.1
Psilorhamphus_guttatus,PASSERIFORMES,resident,False,0.1
Psilorhinus_morio,PASSERIFORMES,resident,False,0.1
Psittacella_brehmii,PSITTACIFORMES,resident,False,0.1
Psittacella_madaraszi,PSITTACIFORMES,resident,False,0.1
Psittacella_modesta,PSITTACIFORMES,resident,False,0.1
Psittacella_picta,PSITTACIFORMES,resident,False,0.1
Psittacula_alexandri,PSITTACIFORMES,resident,False,0.1
Psittacula_bensoni,PSITTACIFORMES,extinct,False,0.0
Psittacula_calthropae,PSITTACIFORMES,resident,False,0.1
Psittacula_caniceps,PSITTACIFORMES,resident,False,0.1
Psittacula_columboides,PSITTACIFORMES,resident,False,0.1
Psittacula_cyanocephala,PSITTACIFORMES,resident,False,0.1
Psittacula_derbiana,PSITTACIFORMES,resident,False,0.1
Psittacula_eques,PSITTACIFORMES,resident,False,0.1
Psittacula_eupatria,PSITTACIFORMES,resident,False,0.1
Psittacula_exsul,PSITTACIFORMES,extinct,False,0.0
Psittacula_finschii,PSITTACIFORMES,resident,False,0.1
Psittacula_himalayana,PSITTACIFORMES,dispersive migratory,False,0.5
Psittacula_krameri,PSITTACIFORMES,resident,False,0.1
Psittacula_longicauda,PSITTACIFORMES,nomadic,False,0.3
Psittacula_roseata,PSITTACIFORMES,resident,False,0.1
Psittacula_wardi,PSITTACIFORMES,extinct,False,0.0
Psittaculirostris_desmarestii,PSITTACIFORMES,resident,False,0.1
Psittaculirostris_edwardsii,PSITTACIFORMES,resident,False,0.1
Psittaculirostris_salvadorii,PSITTACIFORMES,resident,False,0.1
Psittacus_erithacus,PSITTACIFORMES,resident,False,0.1
Psitteuteles_goldiei,PSITTACIFORMES,nomadic,False,0.3
Psitteuteles_iris,PSITTACIFORMES,resident,False,0.1
Psitteuteles_versicolor,PSITTACIFORMES,nomadic,False,0.3
Psittinus_cyanurus,PSITTACIFORMES,dispersive migratory,False,0.5
Psittiparus_bakeri,PASSERIFORMES,resident,False,0.1
Psittiparus_gularis,PASSERIFORMES,resident,False,0.1
Psittiparus_margaritae,PASSERIFORMES,resident,False,0.1
Psittiparus_ruficeps,PASSERIFORMES,resident,False,0.1
Psittirostra_psittacea,PASSERIFORMES,extinct,False,0.0
Psittrichas_fulgidus,PSITTACIFORMES,resident,False,0.1
Psophia_crepitans,GRUIFORMES,resident,False,0.1
Psophia_leucoptera,GRUIFORMES,resident,False,0.1
Psophia_viridis,GRUIFORMES,resident,False,0.1
Psophocichla_litsitsirupa,PASSERIFORMES,resident,False,0.1
Psophodes_cristatus,PASSERIFORMES,resident,False,0.1
Psophodes_nigrogularis,PASSERIFORMES,resident,False,0.1
Psophodes_occidentalis,PASSERIFORMES,resident,False,0.1
Psophodes_olivaceus,PASSERIFORMES,resident,False,0.1
Pteridophora_alberti,PASSERIFORMES,resident,False,0.1
Pternistis_adspersus,GALLIFORMES,resident,False,0.1
Pternistis_afer,GALLIFORMES,resident,False,0.1
Pternistis_ahantensis,GALLIFORMES,resident,False,0.1
Pternistis_bicalcaratus,GALLIFORMES,resident,False,0.1
Pternistis_camerunensis,GALLIFORMES,resident,False,0.1
Pternistis_capensis,GALLIFORMES,resident,False,0.1
Pternistis_castaneicollis,GALLIFORMES,resident,False,0.1
Pternistis_clappertoni,GALLIFORMES,resident,False,0.1
Pternistis_erckelii,GALLIFORMES,resident,False,0.1
Pternistis_griseostriatus,GALLIFORMES,resident,False,0.1
Pternistis_hartlaubi,GALLIFORMES,resident,False,0.1
Pternistis_harwoodi,GALLIFORMES,resident,False,0.1
Pternistis_hildebrandti,GALLIFORMES,resident,False,0.1
Pternistis_icterorhynchus,GALLIFORMES,resident,False,0.1
Pternistis_jacksoni,GALLIFORMES,resident,False,0.1
Pternistis_leucoscepus,GALLIFORMES,resident,False,0.1
Pternistis_natalensis,GALLIFORMES,resident,False,0.1
Pternistis_nobilis,GALLIFORMES,resident,False,0.1
Pternistis_ochropectus,GALLIFORMES,resident,False,0.1
Pternistis_rufopictus,GALLIFORMES,resident,False,0.1
Pternistis_squamatus,GALLIFORMES,resident,False,0.1
Pternistis_swainsonii,GALLIFORMES,resident,False,0.1
Pternistis_swierstrai,GALLIFORMES,resident,False,0.1
Pterocles_alchata,PTEROCLIFORMES,directional migratory,False,1.0
Pterocles_bicinctus,PTEROCLIFORMES,resident,False,0.1
Pterocles_burchelli,PTEROCLIFORMES,resident,False,0.1
Pterocles_coronatus,PTEROCLIFORMES,nomadic,False,0.3
Pterocles_decoratus,PTEROCLIFORMES,resident,False,0.1
Pterocles_exustus,PTEROCLIFORMES,dispersive migratory,False,0.5
Pterocles_gutturalis,PTEROCLIFORMES,directional migratory,False,1.0
Pterocles_indicus,PTEROCLIFORMES,resident,False,0.1
Pterocles_lichtensteinii,PTEROCLIFORMES,resident,False,0.1
Pterocles_namaqua,PTEROCLIFORMES,directional migratory,False,1.0
Pterocles_orientalis,PTEROCLIFORMES,directional migratory,False,1.0
Pterocles_personatus,PTEROCLIFORMES,resident,False,0.1
Pterocles_quadricinctus,PTEROCLIFORMES,dispersive migratory,False,0.5
Pterocles_senegallus,PTEROCLIFORMES,nomadic,False,0.3
Pterodroma_alba,PROCELLARIIFORMES,dispersive migratory,True,0.5
Pterodroma_arminjoniana,PROCELLARIIFORMES,dispersive migratory,True,0.5
Pterodroma_atrata,PROCELLARIIFORMES,dispersive migratory,True,0.5
Pterodroma_axillaris,PROCELLARIIFORMES,dispersive migratory,True,0.5
Pterodroma_baraui,PROCELLARIIFORMES,dispersive migratory,True,0.5
Pterodroma_brevipes,PROCELLARIIFORMES,dispersive migratory,True,0.5
Pterodroma_cahow,PROCELLARIIFORMES,dispersive migratory,True,0.5
Pterodroma_caribbaea,PROCELLARIIFORMES,extinct,True,0.0
Pterodroma_cervicalis,PROCELLARIIFORMES,directional migratory,True,1.5
Pterodroma_cookii,PROCELLARIIFORMES,directional migratory,True,1.5
Pterodroma_defilippiana,PROCELLARIIFORMES,dispersive migratory,True,0.5
Pterodroma_deserta,PROCELLARIIFORMES,dispersive migratory,True,0.5
Pterodroma_externa,PROCELLARIIFORMES,directional migratory,True,1.5
Pterodroma_feae,PROCELLARIIFORMES,dispersive migratory,True,0.5
Pterodroma_hasitata,PROCELLARIIFORMES,dispersive migratory,True,0.5
Pterodroma_heraldica,PROCELLARIIFORMES,dispersive migratory,True,0.5
Pterodroma_hypoleuca,PROCELLARIIFORMES,dispersive migratory,True,0.5
Pterodroma_incerta,PROCELLARIIFORMES,dispersive migratory,True,0.5
Pterodroma_inexpectata,PROCELLARIIFORMES,directional migratory,True,1.5
Pterodroma_lessonii,PROCELLARIIFORMES,dispersive migratory,True,0.5
Pterodroma_leucoptera,PROCELLARIIFORMES,directional migratory,True,1.5
Pterodroma_longirostris,PROCELLARIIFORMES,directional migratory,True,1.5
Pterodroma_macroptera,PROCELLARIIFORMES,dispersive migratory,True,0.5
Pterodroma_madeira,PROCELLARIIFORMES,directional migratory,True,1.5
Pterodroma_magentae,PROCELLARIIFORMES,dispersive migratory,True,0.5
Pterodroma_mollis,PROCELLARIIFORMES,dispersive migratory,True,0.5
Pterodroma_neglecta,PROCELLARIIFORMES,dispersive migratory,True,0.5
Pterodroma_nigripennis,PROCELLARIIFORMES,directional migratory,True,1.5
Pterodroma_occulta,PROCELLARIIFORMES,dispersive migratory,True,0.5
Pterodroma_phaeopygia,PROCELLARIIFORMES,dispersive migratory,True,0.5
Pterodroma_pycrofti,PROCELLARIIFORMES,directional migratory,True,1.5
Pterodroma_sandwichensis,PROCELLARIIFORMES,dispersive migratory,True,0.5
Pterodroma_solandri,PROCELLARIIFORMES,directional migratory,True,1.5
Pterodroma_ultima,PROCELLARIIFORMES,dispersive migratory,True,0.5
Pteroglossus_aracari,PICIFORMES,resident,False,0.1
Pteroglossus_azara,PICIFORMES,resident,False,0.1
Pteroglossus_bailloni,PICIFORMES,resident,False,0.1
Pteroglossus_beauharnaesii,PICIFORMES,resident,False,0.1
Pteroglossus_bitorquatus,PICIFORMES,resident,False,0.1
Pteroglossus_castanotis,PICIFORMES,resident,False,0.1
Pteroglossus_erythropygius,PICIFORMES,resident,False,0.1
Pteroglossus_frantzii,PICIFORMES,resident,False,0.1
Pteroglossus_inscriptus,PICIFORMES,resident,False,0.1
Pteroglossus_mariae,PICIFORMES,resident,False,0.1
Pteroglossus_pluricinctus,PICIFORMES,resident,False,0.1
Pteroglossus_sanguineus,PICIFORMES,resident,False,0.1
Pteroglossus_torquatus,PICIFORMES,resident,False,0.1
Pteroglossus_viridis,PICIFORMES,resident,False,0.1
Pteronetta_hartlaubii,ANSERIFORMES,resident,False,0.1
Pterophanes_cyanopterus,APODIFORMES,resident,False,0.1
Pteroptochos_castaneus,PASSERIFORMES,resident,False,0.1
Pteroptochos_megapodius,PASSERIFORMES,resident,False,0.1
Pteroptochos_tarnii,PASSERIFORMES,resident,False,0.1
Pteruthius_aenobarbus,PASSERIFORMES,resident,False,0.1
Pteruthius_aeralatus,PASSERIFORMES,resident,False,0.1
Pteruthius_annamensis,PASSERIFORMES,resident,False,0.1
Pteruthius_flaviscapis,PASSERIFORMES,resident,False,0.1
Pteruthius_intermedius,PASSERIFORMES,resident,False,0.1
Pteruthius_melanotis,PASSERIFORMES,resident,False,0.1
Pteruthius_ripleyi,PASSERIFORMES,resident,False,0.1
Pteruthius_rufiventer,PASSERIFORMES,resident,False,0.1
Pteruthius_xanthochlorus,PASSERIFORMES,resident,False,0.1
Ptilinopus_alligator,COLUMBIFORMES,resident,False,0.1
Ptilinopus_arcanus,COLUMBIFORMES,unknown,False,0.2
Ptilinopus_aurantiifrons,COLUMBIFORMES,resident,False,0.1
Ptilinopus_bernsteinii,COLUMBIFORMES,resident,False,0.1
Ptilinopus_chalcurus,COLUMBIFORMES,resident,False,0.1
Ptilinopus_cinctus,COLUMBIFORMES,resident,False,0.1
Ptilinopus_coralensis,COLUMBIFORMES,resident,False,0.1
Ptilinopus_coronulatus,COLUMBIFORMES,resident,False,0.1
Ptilinopus_dohertyi,COLUMBIFORMES,resident,False,0.1
Ptilinopus_dupetithouarsii,COLUMBIFORMES,resident,False,0.1
Ptilinopus_epius,COLUMBIFORMES,resident,False,0.1
Ptilinopus_eugeniae,COLUMBIFORMES,resident,False,0.1
Ptilinopus_fischeri,COLUMBIFORMES,resident,False,0.1
Ptilinopus_granulifrons,COLUMBIFORMES,resident,False,0.1
Ptilinopus_greyi,COLUMBIFORMES,resident,False,0.1
Ptilinopus_huttoni,COLUMBIFORMES,resident,False,0.1
Ptilinopus_hyogastrus,COLUMBIFORMES,resident,False,0.1
Ptilinopus_insolitus,COLUMBIFORMES,resident,False,0.1
Ptilinopus_insularis,COLUMBIFORMES,resident,False,0.1
Ptilinopus_iozonus,COLUMBIFORMES,resident,False,0.1
Ptilinopus_jambu,COLUMBIFORMES,dispersive migratory,False,0.5
Ptilinopus_layardi,COLUMBIFORMES,resident,False,0.1
Ptilinopus_leclancheri,COLUMBIFORMES,resident,False,0.1
Ptilinopus_luteovirens,COLUMBIFORMES,resident,False,0.1
Ptilinopus_magnificus,COLUMBIFORMES,resident,False,0.1
Ptilinopus_mangoliensis,COLUMBIFORMES,resident,False,0.1
Ptilinopus_marchei,COLUMBIFORMES,resident,False,0.1
Ptilinopus_melanospilus,COLUMBIFORMES,resident,False,0.1
Ptilinopus_mercierii,COLUMBIFORMES,extinct,False,0.0
Ptilinopus_merrilli,COLUMBIFORMES,resident,False,0.1
Ptilinopus_monacha,COLUMBIFORMES,resident,False,0.1
Ptilinopus_nanus,COLUMBIFORMES,resident,False,0.1
Ptilinopus_occipitalis,COLUMBIFORMES,resident,False,0.1
Ptilinopus_ornatus,COLUMBIFORMES,nomadic,False,0.3
Ptilinopus_pelewensis,COLUMBIFORMES,resident,False,0.1
Ptilinopus_perlatus,COLUMBIFORMES,nomadic,False,0.3
Ptilinopus_perousii,COLUMBIFORMES,nomadic,False,0.3
Ptilinopus_porphyraceus,COLUMBIFORMES,resident,False,0.1
Ptilinopus_porphyreus,COLUMBIFORMES,resident,False,0.1
Ptilinopus_pulchellus,COLUMBIFORMES,resident,False,0.1
Ptilinopus_purpuratus,COLUMBIFORMES,resident,False,0.1
Ptilinopus_rarotongensis,COLUMBIFORMES,resident,False,0.1
Ptilinopus_regina,COLUMBIFORMES,directional migratory,False,1.0
Ptilinopus_richardsii,COLUMBIFORMES,resident,False,0.1
Ptilinopus_rivoli,COLUMBIFORMES,resident,False,0.1
Ptilinopus_roseicapilla,COLUMBIFORMES,resident,False,0.1
Ptilinopus_solomonensis,COLUMBIFORMES,resident,False,0.1
Ptilinopus_subgularis,COLUMBIFORMES,resident,False,0.1
Ptilinopus_superbus,COLUMBIFORMES,resident,False,0.1
Ptilinopus_tannensis,COLUMBIFORMES,resident,False,0.1
Ptilinopus_victor,COLUMBIFORMES,resident,False,0.1
Ptilinopus_viridis,COLUMBIFORMES,resident,False,0.1
Ptilinopus_wallacii,COLUMBIFORMES,resident,False,0.1
Ptilocichla_falcata,PASSERIFORMES,resident,False,0.1
Ptilocichla_leucogrammica,PASSERIFORMES,resident,False,0.1
Ptilocichla_mindanensis,PASSERIFORMES,resident,False,0.1
Ptilogonys_caudatus,PASSERIFORMES,resident,False,0.1
Ptilogonys_cinereus,PASSERIFORMES,resident,False,0.1
Ptilonorhynchus_violaceus,PASSERIFORMES,resident,False,0.1
Ptilopachus_nahani,GALLIFORMES,resident,False,0.1
Ptilopachus_petrosus,GALLIFORMES,resident,False,0.1
Ptiloprora_erythropleura,PASSERIFORMES,resident,False,0.1
Ptiloprora_guisei,PASSERIFORMES,resident,False,0.1
Ptiloprora_mayri,PASSERIFORMES,resident,False,0.1
Ptiloprora_meekiana,PASSERIFORMES,resident,False,0.1
Ptiloprora_perstriata,PASSERIFORMES,resident,False,0.1
Ptiloprora_plumbea,PASSERIFORMES,resident,False,0.1
Ptilopsis_granti,STRIGIFORMES,resident,False,0.1
Ptilopsis_leucotis,STRIGIFORMES,resident,False,0.1
Ptiloris_intercedens,PASSERIFORMES,resident,False,0.1
Ptiloris_magnificus,PASSERIFORMES,resident,False,0.1
Ptiloris_paradiseus,PASSERIFORMES,resident,False,0.1
Ptiloris_victoriae,PASSERIFORMES,resident,False,0.1
Ptilorrhoa_caerulescens,PASSERIFORMES,resident,False,0.1
Ptilorrhoa_castanonota,PASSERIFORMES,resident,False,0.1
Ptilorrhoa_geislerorum,PASSERIFORMES,resident,False,0.1
Ptilorrhoa_leucosticta,PASSERIFORMES,resident,False,0.1
Ptilostomus_afer,PASSERIFORMES,resident,False,0.1
Ptychoramphus_aleuticus,CHARADRIIFORMES,directional migratory,True,1.5
Ptyonoprogne_concolor,PASSERIFORMES,resident,False,0.1
Ptyonoprogne_fuligula,PASSERIFORMES,dispersive migratory,False,0.5
Ptyonoprogne_obsoleta,PASSERIFORMES,resident,False,0.1
Ptyonoprogne_rupestris,PASSERIFORMES,directional migratory,False,1.0
Ptyrticus_turdinus,PASSERIFORMES,resident,False,0.1
Pucrasia_macrolopha,GALLIFORMES,resident,False,0.1
Puffinus_assimilis,PROCELLARIIFORMES,dispersive migratory,True,0.5
Puffinus_auricularis,PROCELLARIIFORMES,dispersive migratory,True,0.5
Puffinus_bailloni,PROCELLARIIFORMES,dispersive migratory,True,0.5
Puffinus_bannermani,PROCELLARIIFORMES,resident,True,0.1
Puffinus_baroli,PROCELLARIIFORMES,dispersive migratory,True,0.5
Puffinus_boydi,PROCELLARIIFORMES,resident,True,0.1
Puffinus_bulleri,PROCELLARIIFORMES,directional migratory,True,1.5
Puffinus_carneipes,PROCELLARIIFORMES,directional migratory,True,1.5
Puffinus_creatopus,PROCELLARIIFORMES,directional migratory,True,1.5
Puffinus_gavia,PROCELLARIIFORMES,dispersive migratory,True,0.5
Puffinus_gravis,PROCELLARIIFORMES,directional migratory,True,1.5
Puffinus_griseus,PROCELLARIIFORMES,directional migratory,True,1.5
Puffinus_heinrothi,PROCELLARIIFORMES,dispersive migratory,True,0.5
Puffinus_huttoni,PROCELLARIIFORMES,directional migratory,True,1.5
Puffinus_lherminieri,PROCELLARIIFORMES,dispersive migratory,True,0.5
Puffinus_mauretanicus,PROCELLARIIFORMES,directional migratory,True,1.5
Puffinus_nativitatis,PROCELLARIIFORMES,dispersive migratory,True,0.5
Puffinus_newelli,PROCELLARIIFORMES,dispersive migratory,True,0.5
Puffinus_opisthomelas,PROCELLARIIFORMES,dispersive migratory,True,0.5
Puffinus_pacificus,PROCELLARIIFORMES,directional migratory,True,1.5
Puffinus_persicus,PROCELLARIIFORMES,dispersive migratory,True,0.5
Puffinus_puffinus,PROCELLARIIFORMES,directional migratory,True,1.5
Puffinus_subalaris,PROCELLARIIFORMES,dispersive migratory,True,0.5
Puffinus_tenuirostris,PROCELLARIIFORMES,directional migratory,True,1.5
Puffinus_yelkouan,PROCELLARIIFORMES,directional migratory,True,1.5
Pulsatrix_koeniswaldiana,STRIGIFORMES,resident,False,0.1
Pulsatrix_melanota,STRIGIFORMES,resident,False,0.1
Pulsatrix_perspicillata,STRIGIFORMES,resident,False,0.1
Purnella_albifrons,PASSERIFORMES,dispersive migratory,False,0.5
Purpureicephalus_spurius,PSITTACIFORMES,resident,False,0.1
Pycnonotus_atriceps,PASSERIFORMES,resident,False,0.1
Pycnonotus_aurigaster,PASSERIFORMES,resident,False,0.1
Pycnonotus_barbatus,PASSERIFORMES,resident,False,0.1
Pycnonotus_bimaculatus,PASSERIFORMES,resident,False,0.1
Pycnonotus_blanfordi,PASSERIFORMES,resident,False,0.1
Pycnonotus_brunneus,PASSERIFORMES,resident,False,0.1
Pycnonotus_cafer,PASSERIFORMES,resident,False,0.1
Pycnonotus_capensis,PASSERIFORMES,resident,False,0.1
Pycnonotus_cinereifrons,PASSERIFORMES,resident,False,0.1
Pycnonotus_cyaniventris,PASSERIFORMES,resident,False,0.1
Pycnonotus_dispar,PASSERIFORMES,resident,False,0.1
Pycnonotus_dodsoni,PASSERIFORMES,resident,False,0.1
Pycnonotus_erythropthalmos,PASSERIFORMES,resident,False,0.1
Pycnonotus_eutilotus,PASSERIFORMES,resident,False,0.1
Pycnonotus_finlaysoni,PASSERIFORMES,resident,False,0.1
Pycnonotus_flavescens,PASSERIFORMES,resident,False,0.1
Pycnonotus_flaviventris,PASSERIFORMES,resident,False,0.1
Pycnonotus_fuscoflavescens,PASSERIFORMES,resident,False,0.1
Pycnonotus_goiavier,PASSERIFORMES,resident,False,0.1
Pycnonotus_gularis,PASSERIFORMES,resident,False,0.1
Pycnonotus_hualon,PASSERIFORMES,resident,False,0.1
Pycnonotus_jocosus,PASSERIFORMES,resident,False,0.1
Pycnonotus_leucogenys,PASSERIFORMES,resident,False,0.1
Pycnonotus_leucogrammicus,PASSERIFORMES,resident,False,0.1
Pycnonotus_leucotis,PASSERIFORMES,resident,False,0.1
Pycnonotus_luteolus,PASSERIFORMES,resident,False,0.1
Pycnonotus_melanicterus,PASSERIFORMES,resident,False,0.1
Pycnonotus_melanoleucos,PASSERIFORMES,resident,False,0.1
Pycnonotus_montis,PASSERIFORMES,resident,False,0.1
Pycnonotus_nieuwenhuisii,PASSERIFORMES,resident,False,0.1
Pycnonotus_nigricans,PASSERIFORMES,dispersive migratory,False,0.5
Pycnonotus_penicillatus,PASSERIFORMES,resident,False,0.1
Pycnonotus_plumosus,PASSERIFORMES,resident,False,0.1
Pycnonotus_priocephalus,PASSERIFORMES,resident,False,0.1
Pycnonotus_simplex,PASSERIFORMES,resident,False,0.1
Pycnonotus_sinensis,PASSERIFORMES,directional migratory,False,1.0
Pycnonotus_somaliensis,PASSERIFORMES,resident,False,0.1
Pycnonotus_squamatus,PASSERIFORMES,resident,False,0.1
Pycnonotus_striatus,PASSERIFORMES,resident,False,0.1
Pycnonotus_taivanus,PASSERIFORMES,resident,False,0.1
Pycnonotus_tricolor,PASSERIFORMES,resident,False,0.1
Pycnonotus_tympanistrigus,PASSERIFORMES,resident,False,0.1
Pycnonotus_urostictus,PASSERIFORMES,resident,False,0.1
Pycnonotus_xantholaemus,PASSERIFORMES,resident,False,0.1
Pycnonotus_xanthopygos,PASSERIFORMES,resident,False,0.1
Pycnonotus_xanthorrhous,PASSERIFORMES,resident,False,0.1
Pycnonotus_zeylanicus,PASSERIFORMES,resident,False,0.1
Pycnoptilus_floccosus,PASSERIFORMES,resident,False,0.1
Pycnopygius_cinereus,PASSERIFORMES,resident,False,0.1
Pycnopygius_ixoides,PASSERIFORMES,resident,False,0.1
Pycnopygius_stictocephalus,PASSERIFORMES,resident,False,0.1
Pygarrhichas_albogularis,PASSERIFORMES,resident,False,0.1
Pygiptila_stellaris,PASSERIFORMES,resident,False,0.1
Pygoscelis_adeliae,SPHENISCIFORMES,dispersive migratory,True,0.5
Pygoscelis_antarcticus,SPHENISCIFORMES,dispersive migratory,True,0.5
Pygoscelis_papua,SPHENISCIFORMES,dispersive migratory,True,0.5
Pyrenestes_minor,PASSERIFORMES,resident,False,0.1
Pyrenestes_ostrinus,PASSERIFORMES,resident,False,0.1
Pyrenestes_sanguineus,PASSERIFORMES,resident,False,0.1
Pyrgilauda_blanfordi,PASSERIFORMES,dispersive migratory,False,0.5
Pyrgilauda_davidiana,PASSERIFORMES,resident,False,0.1
Pyrgilauda_ruficollis,PASSERIFORMES,dispersive migratory,False,0.5
Pyrgilauda_theresae,PASSERIFORMES,dispersive migratory,False,0.5
Pyriglena_atra,PASSERIFORMES,resident,False,0.1
Pyriglena_leuconota,PASSERIFORMES,resident,False,0.1
Pyriglena_leucoptera,PASSERIFORMES,resident,False,0.1
Pyrilia_aurantiocephala,PSITTACIFORMES,resident,False,0.1
Pyrilia_barrabandi,PSITTACIFORMES,resident,False,0.1
Pyrilia_caica,PSITTACIFORMES,resident,False,0.1
Pyrilia_haematotis,PSITTACIFORMES,resident,False,0.1
Pyrilia_pulchra,PSITTACIFORMES,resident,False,0.1
Pyrilia_pyrilia,PSITTACIFORMES,resident,False,0.1
Pyrilia_vulturina,PSITTACIFORMES,resident,False,0.1
Pyrocephalus_rubinus,PASSERIFORMES,directional migratory,False,1.0
Pyroderus_scutatus,PASSERIFORMES,resident,False,0.1
Pyrrhocoma_ruficeps,PASSERIFORMES,resident,False,0.1
Pyrrhocorax_graculus,PASSERIFORMES,resident,False,0.1
Pyrrhocorax_pyrrhocorax,PASSERIFORMES,resident,False,0.1
Pyrrholaemus_brunneus,PASSERIFORMES,resident,False,0.1
Pyrrholaemus_sagittatus,PASSERIFORMES,resident,False,0.1
Pyrrhomyias_cinnamomeus,PASSERIFORMES,resident,False,0.1
Pyrrhoplectes_epauletta,PASSERIFORMES,resident,False,0.1
Pyrrhula_aurantiaca,PASSERIFORMES,dispersive migratory,False,0.5
Pyrrhula_erythaca,PASSERIFORMES,resident,False,0.1
Pyrrhula_erythrocephala,PASSERIFORMES,resident,False,0.1
Pyrrhula_leucogenis,PASSERIFORMES,resident,False,0.1
Pyrrhula_murina,PASSERIFORMES,resident,False,0.1
Pyrrhula_nipalensis,PASSERIFORMES,resident,False,0.1
Pyrrhula_pyrrhula,PASSERIFORMES,directional migratory,False,1.0
Pyrrhura_albipectus,PSITTACIFORMES,resident,False,0.1
Pyrrhura_amazonum,PSITTACIFORMES,resident,False,0.1
Pyrrhura_calliptera,PSITTACIFORMES,resident,False,0.1
Pyrrhura_cruentata,PSITTACIFORMES,resident,False,0.1
Pyrrhura_devillei,PSITTACIFORMES,resident,False,0.1
Pyrrhura_egregia,PSITTACIFORMES,resident,False,0.1
Pyrrhura_emma,PSITTACIFORMES,resident,False,0.1
Pyrrhura_frontalis,PSITTACIFORMES,resident,False,0.1
Pyrrhura_griseipectus,PSITTACIFORMES,resident,False,0.1
Pyrrhura_hoematotis,PSITTACIFORMES,resident,False,0.1
Pyrrhura_hoffmanni,PSITTACIFORMES,resident,False,0.1
Pyrrhura_lepida,PSITTACIFORMES,resident,False,0.1
Pyrrhura_leucotis,PSITTACIFORMES,resident,False,0.1
Pyrrhura_lucianii,PSITTACIFORMES,resident,False,0.1
Pyrrhura_melanura,PSITTACIFORMES,resident,False,0.1
Pyrrhura_molinae,PSITTACIFORMES,resident,False,0.1
Pyrrhura_orcesi,PSITTACIFORMES,resident,False,0.1
Pyrrhura_perlata,PSITTACIFORMES,resident,False,0.1
Pyrrhura_pfrimeri,PSITTACIFORMES,resident,False,0.1
Pyrrhura_picta,PSITTACIFORMES,resident,False,0.1
Pyrrhura_rhodocephala,PSITTACIFORMES,resident,False,0.1
Pyrrhura_roseifrons,PSITTACIFORMES,resident,False,0.1
Pyrrhura_rupicola,PSITTACIFORMES,resident,False,0.1
Pyrrhura_viridicata,PSITTACIFORMES,resident,False,0.1
Pyrroglaux_podargina,STRIGIFORMES,resident,False,0.1
Pytilia_afra,PASSERIFORMES,resident,False,0.1
Pytilia_hypogrammica,PASSERIFORMES,resident,False,0.1
Pytilia_lineata,PASSERIFORMES,resident,False,0.1
Pytilia_melba,PASSERIFORMES,resident,False,0.1
Pytilia_phoenicoptera,PASSERIFORMES,resident,False,0.1
Quelea_cardinalis,PASSERIFORMES,dispersive migratory,False,0.5
Quelea_erythrops,PASSERIFORMES,directional migratory,False,1.0
Quelea_quelea,PASSERIFORMES,dispersive migratory,False,0.5
Querula_purpurata,PASSERIFORMES,resident,False,0.1
Quiscalus_lugubris,PASSERIFORMES,resident,False,0.1
Quiscalus_major,PASSERIFORMES,directional migratory,False,1.0
Quiscalus_mexicanus,PASSERIFORMES,directional migratory,False,1.0
Quiscalus_nicaraguensis,PASSERIFORMES,resident,False,0.1
Quiscalus_niger,PASSERIFORMES,resident,False,0.1
Quiscalus_palustris,PASSERIFORMES,extinct,False,0.0
Quiscalus_quiscula,PASSERIFORMES,directional migratory,False,1.0
Rallicula_forbesi,GRUIFORMES,resident,False,0.1
Rallicula_leucospila,GRUIFORMES,resident,False,0.1
Rallicula_mayri,GRUIFORMES,resident,False,0.1
Rallicula_rubra,GRUIFORMES,resident,False,0.1
Rallina_canningi,GRUIFORMES,resident,False,0.1
Rallina_eurizonoides,GRUIFORMES,directional migratory,False,1.0
Rallina_fasciata,GRUIFORMES,directional migratory,False,1.0
Rallina_tricolor,GRUIFORMES,resident,False,0.1
Rallus_aequatorialis,GRUIFORMES,resident,False,0.1
Rallus_antarcticus,GRUIFORMES,directional migratory,False,1.0
Rallus_aquaticus,GRUIFORMES,directional migratory,False,1.0
Rallus_caerulescens,GRUIFORMES,resident,False,0.1
Rallus_elegans,GRUIFORMES,directional migratory,False,1.0
Rallus_indicus,GRUIFORMES,directional migratory,False,1.0
Rallus_limicola,GRUIFORMES,directional migratory,False,1.0
Rallus_longirostris,GRUIFORMES,directional migratory,False,1.0
Rallus_madagascariensis,GRUIFORMES,resident,False,0.1
Rallus_semiplumbeus,GRUIFORMES,resident,False,0.1
Rallus_wetmorei,GRUIFORMES,resident,False,0.1
Ramphastos_ambiguus,PICIFORMES,resident,False,0.1
Ramphastos_brevis,PICIFORMES,resident,False,0.1
Ramphastos_citreolaemus,PICIFORMES,resident,False,0.1
Ramphastos_dicolorus,PICIFORMES,resident,False,0.1
Ramphastos_sulfuratus,PICIFORMES,resident,False,0.1
Ramphastos_toco,PICIFORMES,resident,False,0.1
Ramphastos_tucanus,PICIFORMES,resident,False,0.1
Ramphastos_vitellinus,PICIFORMES,resident,False,0.1
Ramphocaenus_melanurus,PASSERIFORMES,resident,False,0.1
Ramphocelus_bresilius,PASSERIFORMES,resident,False,0.1
Ramphocelus_carbo,PASSERIFORMES,resident,False,0.1
Ramphocelus_costaricensis,PASSERIFORMES,resident,False,0.1
Ramphocelus_dimidiatus,PASSERIFORMES,resident,False,0.1
Ramphocelus_flammigerus,PASSERIFORMES,resident,False,0.1
Ramphocelus_icteronotus,PASSERIFORMES,resident,False,0.1
Ramphocelus_melanogaster,PASSERIFORMES,resident,False,0.1
Ramphocelus_nigrogularis,PASSERIFORMES,resident,False,0.1
Ramphocelus_passerinii,PASSERIFORMES,resident,False,0.1
Ramphocelus_sanguinolentus,PASSERIFORMES,resident,False,0.1
Ramphocinclus_brachyurus,PASSERIFORMES,resident,False,0.1
Ramphocoris_clotbey,PASSERIFORMES,resident,False,0.1
Ramphodon_naevius,APODIFORMES,resident,False,0.1
Ramphomicron_dorsale,APODIFORMES,resident,False,0.1
Ramphomicron_microrhynchum,APODIFORMES,resident,False,0.1
Ramphotrigon_fuscicauda,PASSERIFORMES,resident,False,0.1
Ramphotrigon_megacephalum,PASSERIFORMES,resident,False,0.1
Ramphotrigon_ruficauda,PASSERIFORMES,resident,False,0.1
Ramsayornis_fasciatus,PASSERIFORMES,resident,False,0.1
Ramsayornis_modestus,PASSERIFORMES,directional migratory,False,1.0
Randia_pseudozosterops,PASSERIFORMES,resident,False,0.1
Raphus_cucullatus,COLUMBIFORMES,extinct,False,0.0
Recurvirostra_americana,CHARADRIIFORMES,directional migratory,False,1.0
Recurvirostra_andina,CHARADRIIFORMES,resident,False,0.1
Recurvirostra_avosetta,CHARADRIIFORMES,directional migratory,False,1.0
Recurvirostra_novaehollandiae,CHARADRIIFORMES,dispersive migratory,False,0.5
Regulus_calendula,PASSERIFORMES,directional migratory,False,1.0
Regulus_goodfellowi,PASSERIFORMES,resident,False,0.1
Regulus_ignicapilla,PASSERIFORMES,directional migratory,False,1.0
Regulus_madeirensis,PASSERIFORMES,resident,False,0.1
Regulus_regulus,PASSERIFORMES,directional migratory,False,1.0
Regulus_satrapa,PASSERIFORMES,directional migratory,False,1.0
Reinwardtipicus_validus,PICIFORMES,resident,False,0.1
Reinwardtoena_browni,COLUMBIFORMES,resident,False,0.1
Reinwardtoena_crassirostris,COLUMBIFORMES,resident,False,0.1
Reinwardtoena_reinwardtii,COLUMBIFORMES,resident,False,0.1
Remiz_consobrinus,PASSERIFORMES,directional migratory,False,1.0
Remiz_coronatus,PASSERIFORMES,directional migratory,False,1.0
Remiz_macronyx,PASSERIFORMES,resident,False,0.1
Remiz_pendulinus,PASSERIFORMES,directional migratory,False,1.0
Rhabdornis_grandis,PASSERIFORMES,resident,False,0.1
Rhabdornis_inornatus,PASSERIFORMES,resident,False,0.1
Rhabdornis_mystacalis,PASSERIFORMES,resident,False,0.1
Rhagologus_leucostigma,PASSERIFORMES,resident,False,0.1
Rhamphocharis_crassirostris,PASSERIFORMES,resident,False,0.1
Rhamphococcyx_calyorhynchus,CUCULIFORMES,resident,False,0.1
Rhaphidura_leucopygialis,APODIFORMES,resident,False,0.1
Rhaphidura_sabini,APODIFORMES,resident,False,0.1
Rhea_americana,RHEIFORMES,resident,False,0.1
Rhea_pennata,RHEIFORMES,resident,False,0.1
Rhegmatorhina_berlepschi,PASSERIFORMES,resident,False,0.1
Rhegmatorhina_cristata,PASSERIFORMES,resident,False,0.1
Rhegmatorhina_gymnops,PASSERIFORMES,resident,False,0.1
Rhegmatorhina_hoffmannsi,PASSERIFORMES,resident,False,0.1
Rhegmatorhina_melanosticta,PASSERIFORMES,resident,False,0.1
Rheinardia_ocellata,GALLIFORMES,resident,False,0.1
Rhinocrypta_lanceolata,PASSERIFORMES,resident,False,0.1
Rhinomyias_additus,PASSERIFORMES,resident,False,0.1
Rhinomyias_albigularis,PASSERIFORMES,resident,False,0.1
Rhinomyias_brunneatus,PASSERIFORMES,directional migratory,False,1.0
Rhinomyias_colonus,PASSERIFORMES,resident,False,0.1
Rhinomyias_goodfellowi,PASSERIFORMES,resident,False,0.1
Rhinomyias_gularis,PASSERIFORMES,resident,False,0.1
Rhinomyias_insignis,PASSERIFORMES,resident,False,0.1
Rhinomyias_nicobaricus,PASSERIFORMES,resident,False,0.1
Rhinomyias_olivaceus,PASSERIFORMES,resident,False,0.1
Rhinomyias_oscillans,PASSERIFORMES,resident,False,0.1
Rhinomyias_ruficauda,PASSERIFORMES,resident,False,0.1
Rhinomyias_umbratilis,PASSERIFORMES,resident,False,0.1
Rhinoplax_vigil,BUCEROTIFORMES,resident,False,0.1
Rhinopomastus_aterrimus,BUCEROTIFORMES,resident,False,0.1
Rhinopomastus_cyanomelas,BUCEROTIFORMES,resident,False,0.1
Rhinopomastus_minor,BUCEROTIFORMES,resident,False,0.1
Rhinoptilus_africanus,CHARADRIIFORMES,resident,False,0.1
Rhinoptilus_bitorquatus,CHARADRIIFORMES,resident,False,0.1
Rhinoptilus_chalcopterus,CHARADRIIFORMES,directional migratory,False,1.0
Rhinoptilus_cinctus,CHARADRIIFORMES,resident,False,0.1
Rhinortha_chlorophaea,CUCULIFORMES,resident,False,0.1
Rhipidura_albicollis,PASSERIFORMES,dispersive migratory,False,0.5
Rhipidura_albiscapa,PASSERIFORMES,directional migratory,False,1.0
Rhipidura_albogularis,PASSERIFORMES,resident,False,0.1
Rhipidura_albolimbata,PASSERIFORMES,resident,False,0.1
Rhipidura_atra,PASSERIFORMES,resident,False,0.1
Rhipidura_aureola,PASSERIFORMES,resident,False,0.1
Rhipidura_brachyrhyncha,PASSERIFORMES,resident,False,0.1
Rhipidura_cockerelli,PASSERIFORMES,resident,False,0.1
Rhipidura_cyaniceps,PASSERIFORMES,resident,False,0.1
Rhipidura_dahli,PASSERIFORMES,resident,False,0.1
Rhipidura_dedemi,PASSERIFORMES,resident,False,0.1
Rhipidura_diluta,PASSERIFORMES,resident,False,0.1
Rhipidura_drownei,PASSERIFORMES,resident,False,0.1
Rhipidura_dryas,PASSERIFORMES,resident,False,0.1
Rhipidura_euryura,PASSERIFORMES,resident,False,0.1
Rhipidura_fuliginosa,PASSERIFORMES,resident,False,0.1
Rhipidura_fuscorufa,PASSERIFORMES,resident,False,0.1
Rhipidura_hyperythra,PASSERIFORMES,resident,False,0.1
Rhipidura_javanica,PASSERIFORMES,resident,False,0.1
Rhipidura_kubaryi,PASSERIFORMES,resident,False,0.1
Rhipidura_lepida,PASSERIFORMES,resident,False,0.1
Rhipidura_leucophrys,PASSERIFORMES,resident,False,0.1
Rhipidura_leucothorax,PASSERIFORMES,resident,False,0.1
Rhipidura_maculipectus,PASSERIFORMES,resident,False,0.1
Rhipidura_malaitae,PASSERIFORMES,resident,False,0.1
Rhipidura_matthiae,PASSERIFORMES,resident,False,0.1
Rhipidura_nebulosa,PASSERIFORMES,resident,False,0.1
Rhipidura_nigrocinnamomea,PASSERIFORMES,resident,False,0.1
Rhipidura_opistherythra,PASSERIFORMES,resident,False,0.1
Rhipidura_perlata,PASSERIFORMES,resident,False,0.1
Rhipidura_personata,PASSERIFORMES,resident,False,0.1
Rhipidura_phasiana,PASSERIFORMES,resident,False,0.1
Rhipidura_phoenicura,PASSERIFORMES,resident,False,0.1
Rhipidura_rennelliana,PASSERIFORMES,resident,False,0.1
Rhipidura_rufidorsa,PASSERIFORMES,resident,False,0.1
Rhipidura_rufifrons,PASSERIFORMES,directional migratory,False,1.0
Rhipidura_rufiventris,PASSERIFORMES,resident,False,0.1
Rhipidura_semirubra,PASSERIFORMES,resident,False,0.1
Rhipidura_superciliaris,PASSERIFORMES,resident,False,0.1
Rhipidura_superflua,PASSERIFORMES,resident,False,0.1
Rhipidura_tenebrosa,PASSERIFORMES,resident,False,0.1
Rhipidura_teysmanni,PASSERIFORMES,resident,False,0.1
Rhipidura_threnothorax,PASSERIFORMES,resident,False,0.1
Rhipidura_verreauxi,PASSERIFORMES,resident,False,0.1
Rhizothera_dulitensis,GALLIFORMES,resident,False,0.1
Rhizothera_longirostris,GALLIFORMES,resident,False,0.1
Rhodacanthis_flaviceps,PASSERIFORMES,extinct,False,0.0
Rhodacanthis_palmeri,PASSERIFORMES,extinct,False,0.0
Rhodinocichla_rosea,PASSERIFORMES,resident,False,0.1
Rhodonessa_caryophyllacea,ANSERIFORMES,extinct,False,0.0
Rhodopechys_alienus,PASSERIFORMES,resident,False,0.1
Rhodopechys_sanguineus,PASSERIFORMES,dispersive migratory,False,0.5
Rhodopis_vesper,APODIFORMES,resident,False,0.1
Rhodospingus_cruentus,PASSERIFORMES,resident,False,0.1
Rhodospiza_obsoleta,PASSERIFORMES,dispersive migratory,False,0.5
Rhodostethia_rosea,CHARADRIIFORMES,directional migratory,False,1.0
Rhodothraupis_celaeno,PASSERIFORMES,resident,False,0.1
Rhopocichla_atriceps,PASSERIFORMES,resident,False,0.1
Rhopophilus_pekinensis,PASSERIFORMES,resident,False,0.1
Rhopornis_ardesiacus,PASSERIFORMES,resident,False,0.1
Rhyacornis_bicolor,PASSERIFORMES,resident,False,0.1
Rhyacornis_fuliginosa,PASSERIFORMES,directional migratory,False,1.0
Rhynchocyclus_brevirostris,PASSERIFORMES,resident,False,0.1
Rhynchocyclus_fulvipectus,PASSERIFORMES,resident,False,0.1
Rhynchocyclus_olivaceus,PASSERIFORMES,resident,False,0.1
Rhynchocyclus_pacificus,PASSERIFORMES,resident,False,0.1
Rhynchophanes_mccownii,PASSERIFORMES,directional migratory,False,1.0
Rhynchopsitta_pachyrhyncha,PSITTACIFORMES,nomadic,False,0.3
Rhynchopsitta_terrisi,PSITTACIFORMES,directional migratory,False,1.0
Rhynchortyx_cinctus,GALLIFORMES,resident,False,0.1
Rhynchospiza_stolzmanni,PASSERIFORMES,resident,False,0.1
Rhynchospiza_strigiceps,PASSERIFORMES,resident,False,0.1
Rhynchostruthus_louisae,PASSERIFORMES,resident,False,0.1
Rhynchostruthus_percivali,PASSERIFORMES,resident,False,0.1
Rhynchostruthus_socotranus,PASSERIFORMES,resident,False,0.1
Rhynchotus_maculicollis,TINAMIFORMES,resident,False,0.1
Rhynchotus_rufescens,TINAMIFORMES,resident,False,0.1
Rhynochetos_jubatus,EURYPYGIFORMES,resident,False,0.1
Rhyticeros_everetti,BUCEROTIFORMES,resident,False,0.1
Rhyticeros_narcondami,BUCEROTIFORMES,resident,False,0.1
Rhyticeros_plicatus,BUCEROTIFORMES,resident,False,0.1
Rhyticeros_subruficollis,BUCEROTIFORMES,resident,False,0.1
Rhyticeros_undulatus,BUCEROTIFORMES,resident,False,0.1
Rhytipterna_holerythra,PASSERIFORMES,resident,False,0.1
Rhytipterna_immunda,PASSERIFORMES,resident,False,0.1
Rhytipterna_simplex,PASSERIFORMES,resident,False,0.1
Ridgwayia_pinicola,PASSERIFORMES,resident,False,0.1
Rigidipenna_inexpectata,CAPRIMULGIFORMES,resident,False,0.1
Rimator_albostriatus,PASSERIFORMES,resident,False,0.1
Rimator_malacoptilus,PASSERIFORMES,resident,False,0.1
Rimator_pasquieri,PASSERIFORMES,resident,False,0.1
Riparia_chinensis,PASSERIFORMES,dispersive migratory,False,0.5
Riparia_cincta,PASSERIFORMES,directional migratory,False,1.0
Riparia_congica,PASSERIFORMES,resident,False,0.1
Riparia_diluta,PASSERIFORMES,directional migratory,False,1.0
Riparia_paludicola,PASSERIFORMES,dispersive migratory,False,0.5
Riparia_riparia,PASSERIFORMES,directional migratory,False,1.0
Rissa_brevirostris,CHARADRIIFORMES,dispersive migratory,True,0.5
Rissa_tridactyla,CHARADRIIFORMES,directional migratory,True,1.5
Robsonius_rabori,PASSERIFORMES,resident,False,0.1
Robsonius_sorsogonensis,PASSERIFORMES,resident,False,0.1
Rollandia_microptera,PODICIPEDIFORMES,resident,False,0.1
Rollandia_rolland,PODICIPEDIFORMES,dispersive migratory,False,0.5
Rollulus_rouloul,GALLIFORMES,resident,False,0.1
Roraimia_adusta,PASSERIFORMES,resident,False,0.1
Rostratula_australis,CHARADRIIFORMES,nomadic,False,0.3
Rostratula_benghalensis,CHARADRIIFORMES,directional migratory,False,1.0
Rostrhamus_sociabilis,ACCIPITRIFORMES,directional migratory,False,1.0
Rougetius_rougetii,GRUIFORMES,resident,False,0.1
Rowettia_goughensis,PASSERIFORMES,resident,False,0.1
Rukia_longirostra,PASSERIFORMES,resident,False,0.1
Rukia_ruki,PASSERIFORMES,resident,False,0.1
Rupicola_peruvianus,PASSERIFORMES,resident,False,0.1
Rupicola_rupicola,PASSERIFORMES,resident,False,0.1
Ruwenzorornis_johnstoni,MUSOPHAGIFORMES,resident,False,0.1
Rynchops_albicollis,CHARADRIIFORMES,directional migratory,False,1.0
Rynchops_flavirostris,CHARADRIIFORMES,dispersive migratory,False,0.5
Rynchops_niger,CHARADRIIFORMES,directional migratory,False,1.0
Sagittarius_serpentarius,ACCIPITRIFORMES,nomadic,False,0.3
Sakesphorus_canadensis,PASSERIFORMES,resident,False,0.1
Sakesphorus_cristatus,PASSERIFORMES,resident,False,0.1
Sakesphorus_luctuosus,PASSERIFORMES,resident,False,0.1
Salpinctes_obsoletus,PASSERIFORMES,directional migratory,False,1.0
Salpornis_spilonotus,PASSERIFORMES,resident,False,0.1
Saltator_albicollis,PASSERIFORMES,resident,False,0.1
Saltator_atriceps,PASSERIFORMES,resident,False,0.1
Saltator_atricollis,PASSERIFORMES,resident,False,0.1
Saltator_atripennis,PASSERIFORMES,resident,False,0.1
Saltator_aurantiirostris,PASSERIFORMES,resident,False,0.1
Saltator_cinctus,PASSERIFORMES,resident,False,0.1
Saltator_coerulescens,PASSERIFORMES,resident,False,0.1
Saltator_fuliginosus,PASSERIFORMES,resident,False,0.1
Saltator_grossus,PASSERIFORMES,resident,False,0.1
Saltator_maxillosus,PASSERIFORMES,resident,False,0.1
Saltator_maximus,PASSERIFORMES,resident,False,0.1
Saltator_nigriceps,PASSERIFORMES,resident,False,0.1
Saltator_orenocensis,PASSERIFORMES,resident,False,0.1
Saltator_rufiventris,PASSERIFORMES,resident,False,0.1
Saltator_similis,PASSERIFORMES,resident,False,0.1
Saltator_striatipectus,PASSERIFORMES,resident,False,0.1
Saltatricula_multicolor,PASSERIFORMES,resident,False,0.1
Salvadorina_waigiuensis,ANSERIFORMES,resident,False,0.1
Sapayoa_aenigma,PASSERIFORMES,resident,False,0.1
Sapheopipo_noguchii,PICIFORMES,resident,False,0.1
Sappho_sparganura,APODIFORMES,resident,False,0.1
Sarcogyps_calvus,ACCIPITRIFORMES,resident,False,0.1
Sarcophanops_samarensis,PASSERIFORMES,resident,False,0.1
Sarcophanops_steerii,PASSERIFORMES,resident,False,0.1
Sarcops_calvus,PASSERIFORMES,resident,False,0.1
Sarcoramphus_papa,ACCIPITRIFORMES,resident,False,0.1
Sarkidiornis_melanotos,ANSERIFORMES,directional migratory,False,1.0
Sarkidiornis_sylvicola,ANSERIFORMES,resident,False,0.1
Saroglossa_spiloptera,PASSERIFORMES,directional migratory,False,1.0
Sarothrura_affinis,GRUIFORMES,resident,False,0.1
Sarothrura_ayresi,GRUIFORMES,dispersive migratory,False,0.5
Sarothrura_boehmi,GRUIFORMES,directional migratory,False,1.0
Sarothrura_elegans,GRUIFORMES,dispersive migratory,False,0.5
Sarothrura_insularis,GRUIFORMES,resident,False,0.1
Sarothrura_lugens,GRUIFORMES,resident,False,0.1
Sarothrura_pulchra,GRUIFORMES,resident,False,0.1
Sarothrura_rufa,GRUIFORMES,resident,False,0.1
Sarothrura_watersi,GRUIFORMES,resident,False,0.1
Sasia_abnormis,PICIFORMES,resident,False,0.1
Sasia_africana,PICIFORMES,resident,False,0.1
Sasia_ochracea,PICIFORMES,resident,False,0.1
Satrapa_icterophrys,PASSERIFORMES,directional migratory,False,1.0
Saxicola_caprata,PASSERIFORMES,directional migratory,False,1.0
Saxicola_dacotiae,PASSERIFORMES,resident,False,0.1
Saxicola_ferreus,PASSERIFORMES,directional migratory,False,1.0
Saxicola_gutturalis,PASSERIFORMES,resident,False,0.1
Saxicola_insignis,PASSERIFORMES,directional migratory,False,1.0
Saxicola_jerdoni,PASSERIFORMES,resident,False,0.1
Saxicola_leucurus,PASSERIFORMES,resident,False,0.1
Saxicola_macrorhynchus,PASSERIFORMES,directional migratory,False,1.0
Saxicola_maurus,PASSERIFORMES,directional migratory,False,1.0
Saxicola_rubetra,PASSERIFORMES,directional migratory,False,1.0
Saxicola_rubicola,PASSERIFORMES,directional migratory,False,1.0
Saxicola_sibilla,PASSERIFORMES,resident,False,0.1
Saxicola_stejnegeri,PASSERIFORMES,directional migratory,False,1.0
Saxicola_tectes,PASSERIFORMES,resident,False,0.1
Saxicola_torquatus,PASSERIFORMES,resident,False,0.1
Saxicoloides_fulicatus,PASSERIFORMES,resident,False,0.1
Sayornis_nigricans,PASSERIFORMES,directional migratory,False,1.0
Sayornis_phoebe,PASSERIFORMES,directional migratory,False,1.0
Sayornis_saya,PASSERIFORMES,directional migratory,False,1.0
Sceloglaux_albifacies,STRIGIFORMES,extinct,False,0.0
Scelorchilus_albicollis,PASSERIFORMES,resident,False,0.1
Scelorchilus_rubecula,PASSERIFORMES,resident,False,0.1
Scenopoeetes_dentirostris,PASSERIFORMES,resident,False,0.1
Scepomycter_rubehoensis,PASSERIFORMES,resident,False,0.1
Scepomycter_winifredae,PASSERIFORMES,resident,False,0.1
Schetba_rufa,PASSERIFORMES,resident,False,0.1
Schiffornis_major,PASSERIFORMES,resident,False,0.1
Schiffornis_turdina,PASSERIFORMES,resident,False,0.1
Schiffornis_virescens,PASSERIFORMES,resident,False,0.1
Schistes_geoffroyi,APODIFORMES,resident,False,0.1
Schistochlamys_melanopis,PASSERIFORMES,resident,False,0.1
Schistochlamys_ruficapillus,PASSERIFORMES,resident,False,0.1
Schistocichla_brunneiceps,PASSERIFORMES,resident,False,0.1
Schistocichla_caurensis,PASSERIFORMES,resident,False,0.1
Schistocichla_humaythae,PASSERIFORMES,resident,False,0.1
Schistocichla_leucostigma,PASSERIFORMES,resident,False,0.1
Schistocichla_rufifacies,PASSERIFORMES,resident,False,0.1
Schistocichla_saturata,PASSERIFORMES,resident,False,0.1
Schistocichla_schistacea,PASSERIFORMES,resident,False,0.1
Schistolais_leontica,PASSERIFORMES,resident,False,0.1
Schistolais_leucopogon,PASSERIFORMES,resident,False,0.1
Schoenicola_brevirostris,PASSERIFORMES,resident,False,0.1
Schoenicola_platyurus,PASSERIFORMES,resident,False,0.1
Schoeniophylax_phryganophilus,PASSERIFORMES,resident,False,0.1
Schoutedenapus_myoptilus,APODIFORMES,resident,False,0.1
Schoutedenapus_schoutedeni,APODIFORMES,resident,False,0.1
Scissirostrum_dubium,PASSERIFORMES,resident,False,0.1
Sclateria_naevia,PASSERIFORMES,resident,False,0.1
Scleroptila_afra,GALLIFORMES,resident,False,0.1
Scleroptila_finschi,GALLIFORMES,resident,False,0.1
Scleroptila_levaillantii,GALLIFORMES,resident,False,0.1
Scleroptila_levaillantoides,GALLIFORMES,resident,False,0.1
Scleroptila_psilolaema,GALLIFORMES,resident,False,0.1
Scleroptila_shelleyi,GALLIFORMES,resident,False,0.1
Scleroptila_streptophora,GALLIFORMES,resident,False,0.1
Sclerurus_albigularis,PASSERIFORMES,resident,False,0.1
Sclerurus_caudacutus,PASSERIFORMES,resident,False,0.1
Sclerurus_guatemalensis,PASSERIFORMES,resident,False,0.1
Sclerurus_mexicanus,PASSERIFORMES,resident,False,0.1
Sclerurus_rufigularis,PASSERIFORMES,resident,False,0.1
Sclerurus_scansor,PASSERIFORMES,resident,False,0.1
Scolopax_bukidnonensis,CHARADRIIFORMES,resident,False,0.1
Scolopax_celebensis,CHARADRIIFORMES,resident,False,0.1
Scolopax_minor,CHARADRIIFORMES,directional migratory,False,1.0
Scolopax_mira,CHARADRIIFORMES,resident,False,0.1
Scolopax_rochussenii,CHARADRIIFORMES,resident,False,0.1
Scolopax_rosenbergii,CHARADRIIFORMES,resident,False,0.1
Scolopax_rusticola,CHARADRIIFORMES,directional migratory,False,1.0
Scolopax_saturata,CHARADRIIFORMES,resident,False,0.1
Scopus_umbretta,PELECANIFORMES,resident,False,0.1
Scotocerca_inquieta,PASSERIFORMES,resident,False,0.1
Scotopelia_bouvieri,STRIGIFORMES,resident,False,0.1
Scotopelia_peli,STRIGIFORMES,resident,False,0.1
Scotopelia_ussheri,STRIGIFORMES,resident,False,0.1
Scytalopus_acutirostris,PASSERIFORMES,resident,False,0.1
Scytalopus_affinis,PASSERIFORMES,resident,False,0.1
Scytalopus_altirostris,PASSERIFORMES,resident,False,0.1
Scytalopus_argentifrons,PASSERIFORMES,resident,False,0.1
Scytalopus_atratus,PASSERIFORMES,resident,False,0.1
Scytalopus_bolivianus,PASSERIFORMES,resident,False,0.1
Scytalopus_canus,PASSERIFORMES,resident,False,0.1
Scytalopus_caracae,PASSERIFORMES,resident,False,0.1
Scytalopus_chocoensis,PASSERIFORMES,resident,False,0.1
Scytalopus_diamantinensis,PASSERIFORMES,resident,False,0.1
Scytalopus_femoralis,PASSERIFORMES,resident,False,0.1
Scytalopus_fuscus,PASSERIFORMES,resident,False,0.1
Scytalopus_griseicollis,PASSERIFORMES,resident,False,0.1
Scytalopus_iraiensis,PASSERIFORMES,resident,False,0.1
Scytalopus_latebricola,PASSERIFORMES,resident,False,0.1
Scytalopus_latrans,PASSERIFORMES,resident,False,0.1
Scytalopus_macropus,PASSERIFORMES,resident,False,0.1
Scytalopus_magellanicus,PASSERIFORMES,resident,False,0.1
Scytalopus_meridanus,PASSERIFORMES,resident,False,0.1
Scytalopus_micropterus,PASSERIFORMES,resident,False,0.1
Scytalopus_novacapitalis,PASSERIFORMES,resident,False,0.1
Scytalopus_opacus,PASSERIFORMES,resident,False,0.1
Scytalopus_pachecoi,PASSERIFORMES,resident,False,0.1
Scytalopus_panamensis,PASSERIFORMES,resident,False,0.1
Scytalopus_parkeri,PASSERIFORMES,resident,False,0.1
Scytalopus_parvirostris,PASSERIFORMES,resident,False,0.1
Scytalopus_petrophilus,PASSERIFORMES,resident,False,0.1
Scytalopus_robbinsi,PASSERIFORMES,resident,False,0.1
Scytalopus_rodriguezi,PASSERIFORMES,resident,False,0.1
Scytalopus_sanctaemartae,PASSERIFORMES,resident,False,0.1
Scytalopus_schulenbergi,PASSERIFORMES,resident,False,0.1
Scytalopus_simonsi,PASSERIFORMES,resident,False,0.1
Scytalopus_speluncae,PASSERIFORMES,resident,False,0.1
Scytalopus_spillmanni,PASSERIFORMES,resident,False,0.1
Scytalopus_stilesi,PASSERIFORMES,resident,False,0.1
Scytalopus_superciliaris,PASSERIFORMES,resident,False,0.1
Scytalopus_unicolor,PASSERIFORMES,resident,False,0.1
Scytalopus_urubambae,PASSERIFORMES,resident,False,0.1
Scytalopus_vicinior,PASSERIFORMES,resident,False,0.1
Scytalopus_zimmeri,PASSERIFORMES,resident,False,0.1
Scythrops_novaehollandiae,CUCULIFORMES,directional migratory,False,1.0
Seicercus_affinis,PASSERIFORMES,dispersive migratory,False,0.5
Seicercus_burkii,PASSERIFORMES,directional migratory,False,1.0
Seicercus_castaniceps,PASSERIFORMES,directional migratory,False,1.0
Seicercus_grammiceps,PASSERIFORMES,resident,False,0.1
Seicercus_montis,PASSERIFORMES,resident,False,0.1
Seicercus_omeiensis,PASSERIFORMES,directional migratory,False,1.0
Seicercus_poliogenys,PASSERIFORMES,dispersive migratory,False,0.5
Seicercus_soror,PASSERIFORMES,directional migratory,False,1.0
Seicercus_tephrocephalus,PASSERIFORMES,directional migratory,False,1.0
Seicercus_valentini,PASSERIFORMES,directional migratory,False,1.0
Seicercus_whistleri,PASSERIFORMES,dispersive migratory,False,0.5
Seiurus_aurocapilla,PASSERIFORMES,directional migratory,False,1.0
Selasphorus_ardens,APODIFORMES,resident,False,0.1
Selasphorus_flammula,APODIFORMES,resident,False,0.1
Selasphorus_platycercus,APODIFORMES,directional migratory,False,1.0
Selasphorus_rufus,APODIFORMES,directional migratory,False,1.0
Selasphorus_sasin,APODIFORMES,directional migratory,False,1.0
Selasphorus_scintilla,APODIFORMES,resident,False,0.1
Selenidera_gouldii,PICIFORMES,resident,False,0.1
Selenidera_maculirostris,PICIFORMES,resident,False,0.1
Selenidera_nattereri,PICIFORMES,resident,False,0.1
Selenidera_piperivora,PICIFORMES,resident,False,0.1
Selenidera_reinwardtii,PICIFORMES,resident,False,0.1
Selenidera_spectabilis,PICIFORMES,resident,False,0.1
Seleucidis_melanoleucus,PASSERIFORMES,resident,False,0.1
Semioptera_wallacii,PASSERIFORMES,resident,False,0.1
Semnornis_frantzii,PICIFORMES,resident,False,0.1
Semnornis_ramphastinus,PICIFORMES,resident,False,0.1
Sephanoides_fernandensis,APODIFORMES,resident,False,0.1
Sephanoides_sephanoides,APODIFORMES,directional migratory,False,1.0
Sericornis_arfakianus,PASSERIFORMES,resident,False,0.1
Sericornis_beccarii,PASSERIFORMES,resident,False,0.1
Sericornis_citreogularis,PASSERIFORMES,resident,False,0.1
Sericornis_frontalis,PASSERIFORMES,resident,False,0.1
Sericornis_humilis,PASSERIFORMES,resident,False,0.1
Sericornis_keri,PASSERIFORMES,resident,False,0.1
Sericornis_magnirostra,PASSERIFORMES,resident,False,0.1
Sericornis_nouhuysi,PASSERIFORMES,resident,False,0.1
Sericornis_papuensis,PASSERIFORMES,resident,False,0.1
Sericornis_perspicillatus,PASSERIFORMES,resident,False,0.1
Sericornis_rufescens,PASSERIFORMES,resident,False,0.1
Sericornis_spilodera,PASSERIFORMES,resident,False,0.1
Sericornis_virgatus,PASSERIFORMES,resident,False,0.1
Sericossypha_albocristata,PASSERIFORMES,resident,False,0.1
Sericulus_ardens,PASSERIFORMES,resident,False,0.1
Sericulus_aureus,PASSERIFORMES,resident,False,0.1
Sericulus_bakeri,PASSERIFORMES,resident,False,0.1
Sericulus_chrysocephalus,PASSERIFORMES,resident,False,0.1
Serilophus_lunatus,PASSERIFORMES,resident,False,0.1
Serinus_canaria,PASSERIFORMES,resident,False,0.1
Serinus_canicollis,PASSERIFORMES,dispersive migratory,False,0.5
Serinus_estherae,PASSERIFORMES,resident,False,0.1
Serinus_flavivertex,PASSERIFORMES,dispersive migratory,False,0.5
Serinus_nigriceps,PASSERIFORMES,resident,False,0.1
Serinus_pusillus,PASSERIFORMES,dispersive migratory,False,0.5
Serinus_serinus,PASSERIFORMES,directional migratory,False,1.0
Serinus_syriacus,PASSERIFORMES,dispersive migratory,False,0.5
Serinus_thibetanus,PASSERIFORMES,dispersive migratory,False,0.5
Serpophaga_cinerea,PASSERIFORMES,resident,False,0.1
Serpophaga_griseicapilla,PASSERIFORMES,directional migratory,False,1.0
Serpophaga_hypoleuca,PASSERIFORMES,resident,False,0.1
Serpophaga_munda,PASSERIFORMES,directional migratory,False,1.0
Serpophaga_nigricans,PASSERIFORMES,resident,False,0.1
Serpophaga_subcristata,PASSERIFORMES,directional migratory,False,1.0
Setophaga_adelaidae,PASSERIFORMES,resident,False,0.1
Setophaga_aestiva,PASSERIFORMES,directional migratory,False,1.0
Setophaga_americana,PASSERIFORMES,directional migratory,False,1.0
Setophaga_angelae,PASSERIFORMES,resident,False,0.1
Setophaga_auduboni,PASSERIFORMES,directional migratory,False,1.0
Setophaga_caerulescens,PASSERIFORMES,directional migratory,False,1.0
Setophaga_castanea,PASSERIFORMES,directional migratory,False,1.0
Setophaga_cerulea,PASSERIFORMES,directional migratory,False,1.0
Setophaga_chrysoparia,PASSERIFORMES,directional migratory,False,1.0
Setophaga_citrina,PASSERIFORMES,directional migratory,False,1.0
Setophaga_coronata,PASSERIFORMES,directional migratory,False,1.0
Setophaga_delicata,PASSERIFORMES,resident,False,0.1
Setophaga_discolor,PASSERIFORMES,directional migratory,False,1.0
Setophaga_dominica,PASSERIFORMES,directional migratory,False,1.0
Setophaga_flavescens,PASSERIFORMES,resident,False,0.1
Setophaga_fusca,PASSERIFORMES,directional migratory,False,1.0
Setophaga_goldmani,PASSERIFORMES,resident,False,0.1
Setophaga_graciae,PASSERIFORMES,directional migratory,False,1.0
Setophaga_kirtlandii,PASSERIFORMES,directional migratory,False,1.0
Setophaga_magnolia,PASSERIFORMES,directional migratory,False,1.0
Setophaga_nigrescens,PASSERIFORMES,directional migratory,False,1.0
Setophaga_occidentalis,PASSERIFORMES,directional migratory,False,1.0
Setophaga_palmarum,PASSERIFORMES,directional migratory,False,1.0
Setophaga_pensylvanica,PASSERIFORMES,directional migratory,False,1.0
Setophaga_petechia,PASSERIFORMES,resident,False,0.1
Setophaga_pharetra,PASSERIFORMES,resident,False,0.1
Setophaga_pinus,PASSERIFORMES,directional migratory,False,1.0
Setophaga_pitiayumi,PASSERIFORMES,resident,False,0.1
Setophaga_pityophila,PASSERIFORMES,resident,False,0.1
Setophaga_plumbea,PASSERIFORMES,resident,False,0.1
Setophaga_ruticilla,PASSERIFORMES,directional migratory,False,1.0
Setophaga_striata,PASSERIFORMES,directional migratory,False,1.0
Setophaga_subita,PASSERIFORMES,resident,False,0.1
Setophaga_tigrina,PASSERIFORMES,directional migratory,False,1.0
Setophaga_townsendi,PASSERIFORMES,directional migratory,False,1.0
Setophaga_virens,PASSERIFORMES,directional migratory,False,1.0
Setophaga_vitellina,PASSERIFORMES,resident,False,0.1
Setornis_criniger,PASSERIFORMES,resident,False,0.1
Sheppardia_aequatorialis,PASSERIFORMES,resident,False,0.1
Sheppardia_aurantiithorax,PASSERIFORMES,resident,False,0.1
Sheppardia_bocagei,PASSERIFORMES,resident,False,0.1
Sheppardia_cyornithopsis,PASSERIFORMES,resident,False,0.1
Sheppardia_gabela,PASSERIFORMES,resident,False,0.1
Sheppardia_gunningi,PASSERIFORMES,resident,False,0.1
Sheppardia_lowei,PASSERIFORMES,resident,False,0.1
Sheppardia_montana,PASSERIFORMES,resident,False,0.1
Sheppardia_sharpei,PASSERIFORMES,resident,False,0.1
Sialia_currucoides,PASSERIFORMES,directional migratory,False,1.0
Sialia_mexicana,PASSERIFORMES,directional migratory,False,1.0
Sialia_sialis,PASSERIFORMES,directional migratory,False,1.0
Sicalis_auriventris,PASSERIFORMES,directional migratory,False,1.0
Sicalis_citrina,PASSERIFORMES,resident,False,0.1
Sicalis_columbiana,PASSERIFORMES,resident,False,0.1
Sicalis_flaveola,PASSERIFORMES,resident,False,0.1
Sicalis_lebruni,PASSERIFORMES,resident,False,0.1
Sicalis_lutea,PASSERIFORMES,resident,False,0.1
Sicalis_luteocephala,PASSERIFORMES,resident,False,0.1
Sicalis_luteola,PASSERIFORMES,directional migratory,False,1.0
Sicalis_olivascens,PASSERIFORMES,directional migratory,False,1.0
Sicalis_raimondii,PASSERIFORMES,resident,False,0.1
Sicalis_taczanowskii,PASSERIFORMES,resident,False,0.1
Sicalis_uropigyalis,PASSERIFORMES,resident,False,0.1
Sigelus_silens,PASSERIFORMES,dispersive migratory,False,0.5
Silvicultrix_diadema,PASSERIFORMES,resident,False,0.1
Silvicultrix_frontalis,PASSERIFORMES,resident,False,0.1
Silvicultrix_jelskii,PASSERIFORMES,resident,False,0.1
Silvicultrix_pulchella,PASSERIFORMES,resident,False,0.1
Silvicultrix_spodionota,PASSERIFORMES,resident,False,0.1
Simoxenops_striatus,PASSERIFORMES,resident,False,0.1
Simoxenops_ucayalae,PASSERIFORMES,resident,False,0.1
Sinosuthora_alphonsiana,PASSERIFORMES,resident,False,0.1
Sinosuthora_brunnea,PASSERIFORMES,resident,False,0.1
Sinosuthora_conspicillata,PASSERIFORMES,resident,False,0.1
Sinosuthora_przewalskii,PASSERIFORMES,resident,False,0.1
Sinosuthora_webbiana,PASSERIFORMES,resident,False,0.1
Sinosuthora_zappeyi,PASSERIFORMES,resident,False,0.1
Siphonorhis_americana,CAPRIMULGIFORMES,extinct,False,0.0
Siphonorhis_brewsteri,CAPRIMULGIFORMES,resident,False,0.1
Sipodotus_wallacii,PASSERIFORMES,resident,False,0.1
Siptornis_striaticollis,PASSERIFORMES,resident,False,0.1
Siptornopsis_hypochondriaca,PASSERIFORMES,resident,False,0.1
Sirystes_albogriseus,PASSERIFORMES,resident,False,0.1
Sirystes_sibilator,PASSERIFORMES,resident,False,0.1
Sitta_arctica,PASSERIFORMES,resident,False,0.1
Sitta_azurea,PASSERIFORMES,resident,False,0.1
Sitta_canadensis,PASSERIFORMES,dispersive migratory,False,0.5
Sitta_carolinensis,PASSERIFORMES,resident,False,0.1
Sitta_cashmirensis,PASSERIFORMES,resident,False,0.1
Sitta_castanea,PASSERIFORMES,resident,False,0.1
Sitta_cinnamoventris,PASSERIFORMES,resident,False,0.1
Sitta_europaea,PASSERIFORMES,resident,False,0.1
Sitta_formosa,PASSERIFORMES,resident,False,0.1
Sitta_frontalis,PASSERIFORMES,resident,False,0.1
Sitta_himalayensis,PASSERIFORMES,resident,False,0.1
Sitta_krueperi,PASSERIFORMES,resident,False,0.1
Sitta_ledanti,PASSERIFORMES,resident,False,0.1
Sitta_leucopsis,PASSERIFORMES,resident,False,0.1
Sitta_magna,PASSERIFORMES,resident,False,0.1
Sitta_nagaensis,PASSERIFORMES,resident,False,0.1
Sitta_neglecta,PASSERIFORMES,resident,False,0.1
Sitta_neumayer,PASSERIFORMES,resident,False,0.1
Sitta_oenochlamys,PASSERIFORMES,resident,False,0.1
Sitta_przewalskii,PASSERIFORMES,resident,False,0.1
Sitta_pusilla,PASSERIFORMES,resident,False,0.1
Sitta_pygmaea,PASSERIFORMES,resident,False,0.1
Sitta_solangiae,PASSERIFORMES,resident,False,0.1
Sitta_tephronota,PASSERIFORMES,resident,False,0.1
Sitta_victoriae,PASSERIFORMES,resident,False,0.1
Sitta_villosa,PASSERIFORMES,dispersive migratory,False,0.5
Sitta_whiteheadi,PASSERIFORMES,resident,False,0.1
Sitta_yunnanensis,PASSERIFORMES,resident,False,0.1
Sittasomus_griseicapillus,PASSERIFORMES,resident,False,0.1
Smicrornis_brevirostris,PASSERIFORMES,resident,False,0.1
Smithornis_capensis,PASSERIFORMES,resident,False,0.1
Smithornis_rufolateralis,PASSERIFORMES,resident,False,0.1
Smithornis_sharpei,PASSERIFORMES,resident,False,0.1
Snowornis_cryptolophus,PASSERIFORMES,resident,False,0.1
Snowornis_subalaris,PASSERIFORMES,resident,False,0.1
Somateria_fischeri,ANSERIFORMES,directional migratory,False,1.0
Somateria_mollissima,ANSERIFORMES,directional migratory,False,1.0
Somateria_spectabilis,ANSERIFORMES,directional migratory,False,1.0
Spartonoica_maluroides,PASSERIFORMES,resident,False,0.1
Speculanas_specularis,ANSERIFORMES,directional migratory,False,1.0
Speculipastor_bicolor,PASSERIFORMES,directional migratory,False,1.0
Spelaeornis_badeigularis,PASSERIFORMES,resident,False,0.1
Spelaeornis_caudatus,PASSERIFORMES,resident,False,0.1
Spelaeornis_chocolatinus,PASSERIFORMES,resident,False,0.1
Spelaeornis_formosus,PASSERIFORMES,resident,False,0.1
Spelaeornis_kinneari,PASSERIFORMES,resident,False,0.1
Spelaeornis_longicaudatus,PASSERIFORMES,resident,False,0.1
Spelaeornis_oatesi,PASSERIFORMES,resident,False,0.1
Spelaeornis_reptatus,PASSERIFORMES,resident,False,0.1
Spelaeornis_troglodytoides,PASSERIFORMES,resident,False,0.1
Spermophaga_haematina,PASSERIFORMES,resident,False,0.1
Spermophaga_poliogenys,PASSERIFORMES,resident,False,0.1
Spermophaga_ruficapilla,PASSERIFORMES,resident,False,0.1
Sphecotheres_hypoleucus,PASSERIFORMES,resident,False,0.1
Sphecotheres_vieilloti,PASSERIFORMES,resident,False,0.1
Sphecotheres_viridis,PASSERIFORMES,resident,False,0.1
Spheniscus_demersus,SPHENISCIFORMES,dispersive migratory,True,0.5
Spheniscus_humboldti,SPHENISCIFORMES,dispersive migratory,True,0.5
Spheniscus_magellanicus,SPHENISCIFORMES,directional migratory,True,1.5
Spheniscus_mendiculus,SPHENISCIFORMES,resident,True,0.1
Sphenocichla_humei,PASSERIFORMES,resident,False,0.1
Sphenocichla_roberti,PASSERIFORMES,resident,False,0.1
Sphenoeacus_afer,PASSERIFORMES,resident,False,0.1
Sphyrapicus_nuchalis,PICIFORMES,directional migratory,False,1.0
Sphyrapicus_ruber,PICIFORMES,directional migratory,False,1.0
Sphyrapicus_thyroideus,PICIFORMES,directional migratory,False,1.0
Sphyrapicus_varius,PICIFORMES,directional migratory,False,1.0
Spilopelia_chinensis,COLUMBIFORMES,dispersive migratory,False,0.5
Spilopelia_senegalensis,COLUMBIFORMES,directional migratory,False,1.0
Spiloptila_clamans,PASSERIFORMES,resident,False,0.1
Spilornis_cheela,ACCIPITRIFORMES,dispersive migratory,False,0.5
Spilornis_elgini,ACCIPITRIFORMES,resident,False,0.1
Spilornis_holospilus,ACCIPITRIFORMES,resident,False,0.1
Spilornis_kinabaluensis,ACCIPITRIFORMES,resident,False,0.1
Spilornis_klossi,ACCIPITRIFORMES,resident,False,0.1
Spilornis_minimus,ACCIPITRIFORMES,resident,False,0.1
Spilornis_rufipectus,ACCIPITRIFORMES,resident,False,0.1
Spindalis_dominicensis,PASSERIFORMES,resident,False,0.1
Spindalis_nigricephala,PASSERIFORMES,resident,False,0.1
Spindalis_portoricensis,PASSERIFORMES,resident,False,0.1
Spindalis_zena,PASSERIFORMES,resident,False,0.1
Spiza_americana,PASSERIFORMES,directional migratory,False,1.0
Spizaetus_isidori,ACCIPITRIFORMES,resident,False,0.1
Spizaetus_melanoleucus,ACCIPITRIFORMES,resident,False,0.1
Spizaetus_ornatus,ACCIPITRIFORMES,resident,False,0.1
Spizaetus_tyrannus,ACCIPITRIFORMES,resident,False,0.1
Spizella_arborea,PASSERIFORMES,directional migratory,False,1.0
Spizella_atrogularis,PASSERIFORMES,directional migratory,False,1.0
Spizella_breweri,PASSERIFORMES,directional migratory,False,1.0
Spizella_pallida,PASSERIFORMES,directional migratory,False,1.0
Spizella_passerina,PASSERIFORMES,directional migratory,False,1.0
Spizella_pusilla,PASSERIFORMES,directional migratory,False,1.0
Spizella_wortheni,PASSERIFORMES,resident,False,0.1
Spiziapteryx_circumcincta,FALCONIFORMES,resident,False,0.1
Spizixos_canifrons,PASSERIFORMES,resident,False,0.1
Spizixos_semitorques,PASSERIFORMES,resident,False,0.1
Spizocorys_conirostris,PASSERIFORMES,resident,False,0.1
Spizocorys_fringillaris,PASSERIFORMES,resident,False,0.1
Spizocorys_obbiensis,PASSERIFORMES,resident,False,0.1
Spizocorys_personata,PASSERIFORMES,resident,False,0.1
Spizocorys_sclateri,PASSERIFORMES,resident,False,0.1
Spizocorys_starki,PASSERIFORMES,nomadic,False,0.3
Spodiopsar_cineraceus,PASSERIFORMES,directional migratory,False,1.0
Spodiopsar_sericeus,PASSERIFORMES,directional migratory,False,1.0
Sporophila_albogularis,PASSERIFORMES,resident,False,0.1
Sporophila_americana,PASSERIFORMES,resident,False,0.1
Sporophila_ardesiaca,PASSERIFORMES,resident,False,0.1
Sporophila_bouvreuil,PASSERIFORMES,resident,False,0.1
Sporophila_bouvronides,PASSERIFORMES,directional migratory,False,1.0
Sporophila_caerulescens,PASSERIFORMES,directional migratory,False,1.0
Sporophila_castaneiventris,PASSERIFORMES,resident,False,0.1
Sporophila_cinnamomea,PASSERIFORMES,directional migratory,False,1.0
Sporophila_collaris,PASSERIFORMES,resident,False,0.1
Sporophila_corvina,PASSERIFORMES,resident,False,0.1
Sporophila_falcirostris,PASSERIFORMES,nomadic,False,0.3
Sporophila_frontalis,PASSERIFORMES,nomadic,False,0.3
Sporophila_hypochroma,PASSERIFORMES,directional migratory,False,1.0
Sporophila_hypoxantha,PASSERIFORMES,directional migratory,False,1.0
Sporophila_intermedia,PASSERIFORMES,resident,False,0.1
Sporophila_leucoptera,PASSERIFORMES,resident,False,0.1
Sporophila_lineola,PASSERIFORMES,directional migratory,False,1.0
Sporophila_luctuosa,PASSERIFORMES,dispersive migratory,False,0.5
Sporophila_melanogaster,PASSERIFORMES,directional migratory,False,1.0
Sporophila_minuta,PASSERIFORMES,resident,False,0.1
Sporophila_murallae,PASSERIFORMES,resident,False,0.1
Sporophila_nigricollis,PASSERIFORMES,nomadic,False,0.3
Sporophila_nigrorufa,PASSERIFORMES,directional migratory,False,1.0
Sporophila_palustris,PASSERIFORMES,directional migratory,False,1.0
Sporophila_peruviana,PASSERIFORMES,resident,False,0.1
Sporophila_pileata,PASSERIFORMES,directional migratory,False,1.0
Sporophila_plumbea,PASSERIFORMES,resident,False,0.1
Sporophila_ruficollis,PASSERIFORMES,directional migratory,False,1.0
Sporophila_schistacea,PASSERIFORMES,nomadic,False,0.3
Sporophila_simplex,PASSERIFORMES,resident,False,0.1
Sporophila_telasco,PASSERIFORMES,resident,False,0.1
Sporophila_torqueola,PASSERIFORMES,resident,False,0.1
Sporopipes_frontalis,PASSERIFORMES,resident,False,0.1
Sporopipes_squamifrons,PASSERIFORMES,resident,False,0.1
Stachyridopsis_ambigua,PASSERIFORMES,resident,False,0.1
Stachyridopsis_chrysaea,PASSERIFORMES,resident,False,0.1
Stachyridopsis_pyrrhops,PASSERIFORMES,resident,False,0.1
Stachyridopsis_rodolphei,PASSERIFORMES,unknown,False,0.2
Stachyridopsis_ruficeps,PASSERIFORMES,resident,False,0.1
Stachyridopsis_rufifrons,PASSERIFORMES,resident,False,0.1
Stachyris_erythroptera,PASSERIFORMES,resident,False,0.1
Stachyris_grammiceps,PASSERIFORMES,resident,False,0.1
Stachyris_herberti,PASSERIFORMES,resident,False,0.1
Stachyris_leucotis,PASSERIFORMES,resident,False,0.1
Stachyris_maculata,PASSERIFORMES,resident,False,0.1
Stachyris_melanothorax,PASSERIFORMES,resident,False,0.1
Stachyris_nigriceps,PASSERIFORMES,resident,False,0.1
Stachyris_nigricollis,PASSERIFORMES,resident,False,0.1
Stachyris_nonggangensis,PASSERIFORMES,resident,False,0.1
Stachyris_oglei,PASSERIFORMES,resident,False,0.1
Stachyris_poliocephala,PASSERIFORMES,resident,False,0.1
Stachyris_strialata,PASSERIFORMES,resident,False,0.1
Stachyris_thoracica,PASSERIFORMES,resident,False,0.1
Stactolaema_anchietae,PICIFORMES,resident,False,0.1
Stactolaema_leucotis,PICIFORMES,resident,False,0.1
Stactolaema_olivacea,PICIFORMES,resident,False,0.1
Stactolaema_whytii,PICIFORMES,resident,False,0.1
Stagonopleura_bella,PASSERIFORMES,resident,False,0.1
Stagonopleura_guttata,PASSERIFORMES,resident,False,0.1
Stagonopleura_oculata,PASSERIFORMES,resident,False,0.1
Starnoenas_cyanocephala,COLUMBIFORMES,resident,False,0.1
Steatornis_caripensis,CAPRIMULGIFORMES,resident,False,0.1
Stelgidillas_gracilirostris,PASSERIFORMES,resident,False,0.1
Stelgidopteryx_ruficollis,PASSERIFORMES,directional migratory,False,1.0
Stelgidopteryx_serripennis,PASSERIFORMES,directional migratory,False,1.0
Stellula_calliope,APODIFORMES,directional migratory,False,1.0
Stenostira_scita,PASSERIFORMES,directional migratory,False,1.0
Stephanoaetus_coronatus,ACCIPITRIFORMES,resident,False,0.1
Stephanophorus_diadematus,PASSERIFORMES,resident,False,0.1
Stephanoxis_lalandi,APODIFORMES,resident,False,0.1
Stercorarius_antarcticus,CHARADRIIFORMES,dispersive migratory,True,0.5
Stercorarius_chilensis,CHARADRIIFORMES,dispersive migratory,True,0.5
Stercorarius_longicaudus,CHARADRIIFORMES,directional migratory,False,1.0
Stercorarius_maccormicki,CHARADRIIFORMES,directional migratory,True,1.5
Stercorarius_parasiticus,CHARADRIIFORMES,directional migratory,False,1.0
Stercorarius_pomarinus,CHARADRIIFORMES,directional migratory,False,1.0
Stercorarius_skua,CHARADRIIFORMES,directional migratory,True,1.5
Sterna_acuticauda,CHARADRIIFORMES,resident,False,0.1
Sterna_aurantia,CHARADRIIFORMES,resident,False,0.1
Sterna_dougallii,CHARADRIIFORMES,directional migratory,False,1.0
Sterna_forsteri,CHARADRIIFORMES,directional migratory,False,1.0
Sterna_hirundinacea,CHARADRIIFORMES,directional migratory,False,1.0
Sterna_hirundo,CHARADRIIFORMES,directional migratory,False,1.0
Sterna_paradisaea,CHARADRIIFORMES,directional migratory,False,1.0
Sterna_repressa,CHARADRIIFORMES,directional migratory,False,1.0
Sterna_striata,CHARADRIIFORMES,directional migratory,False,1.0
Sterna_sumatrana,CHARADRIIFORMES,dispersive migratory,True,0.5
Sterna_trudeaui,CHARADRIIFORMES,dispersive migratory,False,0.5
Sterna_virgata,CHARADRIIFORMES,resident,True,0.1
Sterna_vittata,CHARADRIIFORMES,directional migratory,True,1.5
Sternoclyta_cyanopectus,APODIFORMES,resident,False,0.1
Sternula_albifrons,CHARADRIIFORMES,directional migratory,False,1.0
Sternula_antillarum,CHARADRIIFORMES,directional migratory,False,1.0
Sternula_balaenarum,CHARADRIIFORMES,directional migratory,False,1.0
Sternula_lorata,CHARADRIIFORMES,dispersive migratory,True,0.5
Sternula_nereis,CHARADRIIFORMES,dispersive migratory,False,0.5
Sternula_saundersi,CHARADRIIFORMES,directional migratory,False,1.0
Sternula_superciliaris,CHARADRIIFORMES,resident,False,0.1
Sterrhoptilus_capitalis,PASSERIFORMES,resident,False,0.1
Sterrhoptilus_dennistouni,PASSERIFORMES,resident,False,0.1
Sterrhoptilus_nigrocapitatus,PASSERIFORMES,resident,False,0.1
Stictonetta_naevosa,ANSERIFORMES,dispersive migratory,False,0.5
Stigmatura_budytoides,PASSERIFORMES,directional migratory,False,1.0
Stigmatura_napensis,PASSERIFORMES,resident,False,0.1
Stiltia_isabella,CHARADRIIFORMES,directional migratory,False,1.0
Stiphrornis_erythrothorax,PASSERIFORMES,resident,False,0.1
Stipiturus_malachurus,PASSERIFORMES,resident,False,0.1
Stipiturus_mallee,PASSERIFORMES,resident,False,0.1
Stipiturus_ruficeps,PASSERIFORMES,resident,False,0.1
Stizorhina_finschi,PASSERIFORMES,resident,False,0.1
Stizorhina_fraseri,PASSERIFORMES,resident,False,0.1
Strepera_fuliginosa,PASSERIFORMES,resident,False,0.1
Strepera_graculina,PASSERIFORMES,resident,False,0.1
Strepera_versicolor,PASSERIFORMES,resident,False,0.1
Streptocitta_albertinae,PASSERIFORMES,resident,False,0.1
Streptocitta_albicollis,PASSERIFORMES,resident,False,0.1
Streptopelia_bitorquata,COLUMBIFORMES,resident,False,0.1
Streptopelia_capicola,COLUMBIFORMES,resident,False,0.1
Streptopelia_decaocto,COLUMBIFORMES,resident,False,0.1
Streptopelia_decipiens,COLUMBIFORMES,resident,False,0.1
Streptopelia_hypopyrrha,COLUMBIFORMES,resident,False,0.1
Streptopelia_lugens,COLUMBIFORMES,resident,False,0.1
Streptopelia_orientalis,COLUMBIFORMES,directional migratory,False,1.0
Streptopelia_reichenowi,COLUMBIFORMES,resident,False,0.1
Streptopelia_risoria,COLUMBIFORMES,directional migratory,False,1.0
Streptopelia_semitorquata,COLUMBIFORMES,resident,False,0.1
Streptopelia_tranquebarica,COLUMBIFORMES,directional migratory,False,1.0
Streptopelia_turtur,COLUMBIFORMES,directional migratory,False,1.0
Streptopelia_vinacea,COLUMBIFORMES,resident,False,0.1
Streptoprocne_biscutata,APODIFORMES,directional migratory,False,1.0
Streptoprocne_phelpsi,APODIFORMES,resident,False,0.1
Streptoprocne_rutila,APODIFORMES,directional migratory,False,1.0
Streptoprocne_semicollaris,APODIFORMES,resident,False,0.1
Streptoprocne_zonaris,APODIFORMES,dispersive migratory,False,0.5
Stresemannia_bougainvillei,PASSERIFORMES,resident,False,0.1
Strigops_habroptila,PSITTACIFORMES,resident,False,0.1
Strix_albitarsis,STRIGIFORMES,resident,False,0.1
Strix_aluco,STRIGIFORMES,resident,False,0.1
Strix_butleri,STRIGIFORMES,resident,False,0.1
Strix_chacoensis,STRIGIFORMES,resident,False,0.1
Strix_davidi,STRIGIFORMES,resident,False,0.1
Strix_fulvescens,STRIGIFORMES,resident,False,0.1
Strix_huhula,STRIGIFORMES,resident,False,0.1
Strix_hylophila,STRIGIFORMES,resident,False,0.1
Strix_leptogrammica,STRIGIFORMES,resident,False,0.1
Strix_nebulosa,STRIGIFORMES,nomadic,False,0.3
Strix_nigrolineata,STRIGIFORMES,resident,False,0.1
Strix_nivicolum,STRIGIFORMES,resident,False,0.1
Strix_occidentalis,STRIGIFORMES,resident,False,0.1
Strix_ocellata,STRIGIFORMES,resident,False,0.1
Strix_rufipes,STRIGIFORMES,resident,False,0.1
Strix_sartorii,STRIGIFORMES,resident,False,0.1
Strix_seloputo,STRIGIFORMES,resident,False,0.1
Strix_uralensis,STRIGIFORMES,resident,False,0.1
Strix_varia,STRIGIFORMES,resident,False,0.1
Strix_virgata,STRIGIFORMES,resident,False,0.1
Strix_woodfordii,STRIGIFORMES,resident,False,0.1
Struthidea_cinerea,PASSERIFORMES,resident,False,0.1
Struthio_camelus,STRUTHIONIFORMES,resident,False,0.1
Struthio_molybdophanes,STRUTHIONIFORMES,resident,False,0.1
Sturnella_bellicosa,PASSERIFORMES,resident,False,0.1
Sturnella_defilippii,PASSERIFORMES,resident,False,0.1
Sturnella_loyca,PASSERIFORMES,resident,False,0.1
Sturnella_magna,PASSERIFORMES,directional migratory,False,1.0
Sturnella_militaris,PASSERIFORMES,resident,False,0.1
Sturnella_neglecta,PASSERIFORMES,directional migratory,False,1.0
Sturnella_superciliaris,PASSERIFORMES,resident,False,0.1
Sturnia_blythii,PASSERIFORMES,resident,False,0.1
Sturnia_erythropygia,PASSERIFORMES,resident,False,0.1
Sturnia_malabarica,PASSERIFORMES,directional migratory,False,1.0
Sturnia_pagodarum,PASSERIFORMES,directional migratory,False,1.0
Sturnia_sinensis,PASSERIFORMES,directional migratory,False,1.0
Sturnornis_albofrontatus,PASSERIFORMES,resident,False,0.1
Sturnus_unicolor,PASSERIFORMES,resident,False,0.1
Sturnus_vulgaris,PASSERIFORMES,directional migratory,False,1.0
Stymphalornis_acutirostris,PASSERIFORMES,resident,False,0.1
Sublegatus_arenarum,PASSERIFORMES,resident,False,0.1
Sublegatus_modestus,PASSERIFORMES,directional migratory,False,1.0
Sublegatus_obscurior,PASSERIFORMES,resident,False,0.1
Sugomel_nigrum,PASSERIFORMES,dispersive migratory,False,0.5
Suiriri_islerorum,PASSERIFORMES,resident,False,0.1
Suiriri_suiriri,PASSERIFORMES,resident,False,0.1
Sula_dactylatra,SULIFORMES,resident,True,0.1
Sula_granti,SULIFORMES,resident,True,0.1
Sula_leucogaster,SULIFORMES,resident,True,0.1
Sula_nebouxii,SULIFORMES,dispersive migratory,True,0.5
Sula_sula,SULIFORMES,dispersive migratory,True,0.5
Sula_variegata,SULIFORMES,resident,True,0.1
Surnia_ulula,STRIGIFORMES,dispersive migratory,False,0.5
Surniculus_dicruroides,CUCULIFORMES,directional migratory,False,1.0
Surniculus_lugubris,CUCULIFORMES,directional migratory,False,1.0
Surniculus_musschenbroeki,CUCULIFORMES,resident,False,0.1
Surniculus_velutinus,CUCULIFORMES,resident,False,0.1
Suthora_fulvifrons,PASSERIFORMES,resident,False,0.1
Suthora_nipalensis,PASSERIFORMES,resident,False,0.1
Suthora_verreauxi,PASSERIFORMES,resident,False,0.1
Swynnertonia_swynnertoni,PASSERIFORMES,resident,False,0.1
Sylvia_althaea,PASSERIFORMES,directional migratory,False,1.0
Sylvia_atricapilla,PASSERIFORMES,directional migratory,False,1.0
Sylvia_balearica,PASSERIFORMES,resident,False,0.1
Sylvia_boehmi,PASSERIFORMES,resident,False,0.1
Sylvia_borin,PASSERIFORMES,directional migratory,False,1.0
Sylvia_buryi,PASSERIFORMES,resident,False,0.1
Sylvia_cantillans,PASSERIFORMES,directional migratory,False,1.0
Sylvia_communis,PASSERIFORMES,directional migratory,False,1.0
Sylvia_conspicillata,PASSERIFORMES,directional migratory,False,1.0
Sylvia_crassirostris,PASSERIFORMES,directional migratory,False,1.0
Sylvia_curruca,PASSERIFORMES,directional migratory,False,1.0
Sylvia_deserti,PASSERIFORMES,directional migratory,False,1.0
Sylvia_deserticola,PASSERIFORMES,directional migratory,False,1.0
Sylvia_hortensis,PASSERIFORMES,directional migratory,False,1.0
Sylvia_layardi,PASSERIFORMES,resident,False,0.1
Sylvia_leucomelaena,PASSERIFORMES,resident,False,0.1
Sylvia_lugens,PASSERIFORMES,resident,False,0.1
Sylvia_melanocephala,PASSERIFORMES,directional migratory,False,1.0
Sylvia_melanothorax,PASSERIFORMES,directional migratory,False,1.0
Sylvia_minula,PASSERIFORMES,directional migratory,False,1.0
Sylvia_moltonii,PASSERIFORMES,directional migratory,False,1.0
Sylvia_mystacea,PASSERIFORMES,directional migratory,False,1.0
Sylvia_nana,PASSERIFORMES,directional migratory,False,1.0
Sylvia_nisoria,PASSERIFORMES,directional migratory,False,1.0
Sylvia_ruppeli,PASSERIFORMES,directional migratory,False,1.0
Sylvia_sarda,PASSERIFORMES,directional migratory,False,1.0
Sylvia_subcaerulea,PASSERIFORMES,resident,False,0.1
Sylvia_undata,PASSERIFORMES,directional migratory,False,1.0
Sylvietta_brachyura,PASSERIFORMES,dispersive migratory,False,0.5
Sylvietta_denti,PASSERIFORMES,resident,False,0.1
Sylvietta_isabellina,PASSERIFORMES,resident,False,0.1
Sylvietta_leucophrys,PASSERIFORMES,resident,False,0.1
Sylvietta_philippae,PASSERIFORMES,resident,False,0.1
Sylvietta_rufescens,PASSERIFORMES,resident,False,0.1
Sylvietta_ruficapilla,PASSERIFORMES,resident,False,0.1
Sylvietta_virens,PASSERIFORMES,resident,False,0.1
Sylvietta_whytii,PASSERIFORMES,resident,False,0.1
Sylviorthorhynchus_desmursii,PASSERIFORMES,resident,False,0.1
Sylviparus_modestus,PASSERIFORMES,resident,False,0.1
Syma_megarhyncha,CORACIIFORMES,resident,False,0.1
Syma_torotoro,CORACIIFORMES,resident,False,0.1
Symposiachrus_axillaris,PASSERIFORMES,resident,False,0.1
Symposiachrus_barbatus,PASSERIFORMES,resident,False,0.1
Symposiachrus_bimaculatus,PASSERIFORMES,resident,False,0.1
Symposiachrus_boanensis,PASSERIFORMES,resident,False,0.1
Symposiachrus_brehmii,PASSERIFORMES,resident,False,0.1
Symposiachrus_browni,PASSERIFORMES,resident,False,0.1
Symposiachrus_everetti,PASSERIFORMES,resident,False,0.1
Symposiachrus_guttula,PASSERIFORMES,resident,False,0.1
Symposiachrus_infelix,PASSERIFORMES,resident,False,0.1
Symposiachrus_julianae,PASSERIFORMES,resident,False,0.1
Symposiachrus_leucurus,PASSERIFORMES,resident,False,0.1
Symposiachrus_loricatus,PASSERIFORMES,resident,False,0.1
Symposiachrus_manadensis,PASSERIFORMES,resident,False,0.1
Symposiachrus_menckei,PASSERIFORMES,resident,False,0.1
Symposiachrus_mundus,PASSERIFORMES,resident,False,0.1
Symposiachrus_sacerdotum,PASSERIFORMES,resident,False,0.1
Symposiachrus_trivirgatus,PASSERIFORMES,directional migratory,False,1.0
Symposiachrus_verticalis,PASSERIFORMES,resident,False,0.1
Symposiachrus_vidua,PASSERIFORMES,resident,False,0.1
Synallaxis_albescens,PASSERIFORMES,resident,False,0.1
Synallaxis_albigularis,PASSERIFORMES,resident,False,0.1
Synallaxis_albilora,PASSERIFORMES,resident,False,0.1
Synallaxis_azarae,PASSERIFORMES,resident,False,0.1
Synallaxis_beverlyae,PASSERIFORMES,resident,False,0.1
Synallaxis_brachyura,PASSERIFORMES,resident,False,0.1
Synallaxis_cabanisi,PASSERIFORMES,resident,False,0.1
Synallaxis_candei,PASSERIFORMES,resident,False,0.1
Synallaxis_castanea,PASSERIFORMES,resident,False,0.1
Synallaxis_cherriei,PASSERIFORMES,resident,False,0.1
Synallaxis_cinerascens,PASSERIFORMES,resident,False,0.1
Synallaxis_cinnamomea,PASSERIFORMES,resident,False,0.1
Synallaxis_courseni,PASSERIFORMES,resident,False,0.1
Synallaxis_erythrothorax,PASSERIFORMES,resident,False,0.1
Synallaxis_frontalis,PASSERIFORMES,resident,False,0.1
Synallaxis_fuscorufa,PASSERIFORMES,resident,False,0.1
Synallaxis_gujanensis,PASSERIFORMES,resident,False,0.1
Synallaxis_hypospodia,PASSERIFORMES,resident,False,0.1
Synallaxis_infuscata,PASSERIFORMES,resident,False,0.1
Synallaxis_kollari,PASSERIFORMES,resident,False,0.1
Synallaxis_macconnelli,PASSERIFORMES,resident,False,0.1
Synallaxis_maranonica,PASSERIFORMES,resident,False,0.1
Synallaxis_moesta,PASSERIFORMES,resident,False,0.1
Synallaxis_propinqua,PASSERIFORMES,resident,False,0.1
Synallaxis_ruficapilla,PASSERIFORMES,resident,False,0.1
Synallaxis_rutilans,PASSERIFORMES,resident,False,0.1
Synallaxis_scutata,PASSERIFORMES,resident,False,0.1
Synallaxis_spixi,PASSERIFORMES,resident,False,0.1
Synallaxis_stictothorax,PASSERIFORMES,resident,False,0.1
Synallaxis_subpudica,PASSERIFORMES,resident,False,0.1
Synallaxis_tithys,PASSERIFORMES,resident,False,0.1
Synallaxis_unirufa,PASSERIFORMES,resident,False,0.1
Synallaxis_whitneyi,PASSERIFORMES,resident,False,0.1
Synallaxis_zimmeri,PASSERIFORMES,resident,False,0.1
Syndactyla_dimidiata,PASSERIFORMES,resident,False,0.1
Syndactyla_guttulata,PASSERIFORMES,resident,False,0.1
Syndactyla_roraimae,PASSERIFORMES,resident,False,0.1
Syndactyla_ruficollis,PASSERIFORMES,resident,False,0.1
Syndactyla_rufosuperciliata,PASSERIFORMES,resident,False,0.1
Syndactyla_subalaris,PASSERIFORMES,resident,False,0.1
Synthliboramphus_antiquus,CHARADRIIFORMES,directional migratory,True,1.5
Synthliboramphus_craveri,CHARADRIIFORMES,directional migratory,True,1.5
Synthliboramphus_hypoleucus,CHARADRIIFORMES,directional migratory,True,1.5
Synthliboramphus_scrippsi,CHARADRIIFORMES,directional migratory,True,1.5
Synthliboramphus_wumizusume,CHARADRIIFORMES,directional migratory,True,1.5
Sypheotides_indicus,OTIDIFORMES,dispersive migratory,False,0.5
Syrigma_sibilatrix,PELECANIFORMES,resident,False,0.1
Syrmaticus_ellioti,GALLIFORMES,resident,False,0.1
Syrmaticus_humiae,GALLIFORMES,resident,False,0.1
Syrmaticus_mikado,GALLIFORMES,resident,False,0.1
Syrmaticus_reevesii,GALLIFORMES,resident,False,0.1
Syrmaticus_soemmerringii,GALLIFORMES,resident,False,0.1
Syrrhaptes_paradoxus,PTEROCLIFORMES,directional migratory,False,1.0
Syrrhaptes_tibetanus,PTEROCLIFORMES,resident,False,0.1
Taccocua_leschenaultii,CUCULIFORMES,resident,False,0.1
Tachornis_furcata,APODIFORMES,resident,False,0.1
Tachornis_phoenicobia,APODIFORMES,resident,False,0.1
Tachornis_squamata,APODIFORMES,resident,False,0.1
Tachuris_rubrigastra,PASSERIFORMES,directional migratory,False,1.0
Tachybaptus_dominicus,PODICIPEDIFORMES,resident,False,0.1
Tachybaptus_novaehollandiae,PODICIPEDIFORMES,dispersive migratory,False,0.5
Tachybaptus_pelzelnii,PODICIPEDIFORMES,dispersive migratory,False,0.5
Tachybaptus_ruficollis,PODICIPEDIFORMES,directional migratory,False,1.0
Tachybaptus_rufolavatus,PODICIPEDIFORMES,extinct,False,0.0
Tachybaptus_tricolor,PODICIPEDIFORMES,resident,False,0.1
Tachycineta_albilinea,PASSERIFORMES,resident,False,0.1
Tachycineta_albiventer,PASSERIFORMES,directional migratory,False,1.0
Tachycineta_bicolor,PASSERIFORMES,directional migratory,False,1.0
Tachycineta_cyaneoviridis,PASSERIFORMES,dispersive migratory,False,0.5
Tachycineta_euchrysea,PASSERIFORMES,resident,False,0.1
Tachycineta_leucopyga,PASSERIFORMES,directional migratory,False,1.0
Tachycineta_leucorrhoa,PASSERIFORMES,directional migratory,False,1.0
Tachycineta_stolzmanni,PASSERIFORMES,resident,False,0.1
Tachycineta_thalassina,PASSERIFORMES,directional migratory,False,1.0
Tachyeres_brachypterus,ANSERIFORMES,resident,False,0.1
Tachyeres_leucocephalus,ANSERIFORMES,resident,False,0.1
Tachyeres_patachonicus,ANSERIFORMES,resident,False,0.1
Tachyeres_pteneres,ANSERIFORMES,resident,False,0.1
Tachymarptis_aequatorialis,APODIFORMES,resident,False,0.1
Tachymarptis_melba,APODIFORMES,directional migratory,False,1.0
Tachyphonus_coronatus,PASSERIFORMES,resident,False,0.1
Tachyphonus_cristatus,PASSERIFORMES,resident,False,0.1
Tachyphonus_delatrii,PASSERIFORMES,resident,False,0.1
Tachyphonus_luctuosus,PASSERIFORMES,resident,False,0.1
Tachyphonus_phoenicius,PASSERIFORMES,resident,False,0.1
Tachyphonus_rufiventer,PASSERIFORMES,resident,False,0.1
Tachyphonus_rufus,PASSERIFORMES,resident,False,0.1
Tachyphonus_surinamus,PASSERIFORMES,resident,False,0.1
Tadorna_cana,ANSERIFORMES,dispersive migratory,False,0.5
Tadorna_cristata,ANSERIFORMES,extinct,False,0.0
Tadorna_ferruginea,ANSERIFORMES,directional migratory,False,1.0
Tadorna_radjah,ANSERIFORMES,resident,False,0.1
Tadorna_tadorna,ANSERIFORMES,directional migratory,False,1.0
Tadorna_tadornoides,ANSERIFORMES,resident,False,0.1
Tadorna_variegata,ANSERIFORMES,resident,False,0.1
Taeniopygia_bichenovii,PASSERIFORMES,resident,False,0.1
Taeniopygia_guttata,PASSERIFORMES,resident,False,0.1
Taeniotriccus_andrei,PASSERIFORMES,resident,False,0.1
Talegalla_cuvieri,GALLIFORMES,resident,False,0.1
Talegalla_fuscirostris,GALLIFORMES,resident,False,0.1
Talegalla_jobiensis,GALLIFORMES,resident,False,0.1
Tangara_argyrofenges,PASSERIFORMES,resident,False,0.1
Tangara_arthus,PASSERIFORMES,resident,False,0.1
Tangara_cabanisi,PASSERIFORMES,resident,False,0.1
Tangara_callophrys,PASSERIFORMES,resident,False,0.1
Tangara_cayana,PASSERIFORMES,resident,False,0.1
Tangara_chilensis,PASSERIFORMES,resident,False,0.1
Tangara_chrysotis,PASSERIFORMES,resident,False,0.1
Tangara_cucullata,PASSERIFORMES,resident,False,0.1
Tangara_cyanicollis,PASSERIFORMES,resident,False,0.1
Tangara_cyanocephala,PASSERIFORMES,resident,False,0.1
Tangara_cyanoptera,PASSERIFORMES,resident,False,0.1
Tangara_cyanotis,PASSERIFORMES,resident,False,0.1
Tangara_cyanoventris,PASSERIFORMES,resident,False,0.1
Tangara_desmaresti,PASSERIFORMES,resident,False,0.1
Tangara_dowii,PASSERIFORMES,resident,False,0.1
Tangara_fastuosa,PASSERIFORMES,resident,False,0.1
Tangara_florida,PASSERIFORMES,resident,False,0.1
Tangara_fucosa,PASSERIFORMES,resident,False,0.1
Tangara_guttata,PASSERIFORMES,resident,False,0.1
Tangara_gyrola,PASSERIFORMES,resident,False,0.1
Tangara_heinei,PASSERIFORMES,resident,False,0.1
Tangara_icterocephala,PASSERIFORMES,resident,False,0.1
Tangara_inornata,PASSERIFORMES,resident,False,0.1
Tangara_johannae,PASSERIFORMES,resident,False,0.1
Tangara_labradorides,PASSERIFORMES,resident,False,0.1
Tangara_larvata,PASSERIFORMES,resident,False,0.1
Tangara_lavinia,PASSERIFORMES,resident,False,0.1
Tangara_mexicana,PASSERIFORMES,resident,False,0.1
Tangara_meyerdeschauenseei,PASSERIFORMES,resident,False,0.1
Tangara_nigrocincta,PASSERIFORMES,resident,False,0.1
Tangara_nigroviridis,PASSERIFORMES,resident,False,0.1
Tangara_palmeri,PASSERIFORMES,resident,False,0.1
Tangara_parzudakii,PASSERIFORMES,resident,False,0.1
Tangara_peruviana,PASSERIFORMES,directional migratory,False,1.0
Tangara_phillipsi,PASSERIFORMES,resident,False,0.1
Tangara_preciosa,PASSERIFORMES,directional migratory,False,1.0
Tangara_punctata,PASSERIFORMES,resident,False,0.1
Tangara_ruficervix,PASSERIFORMES,resident,False,0.1
Tangara_rufigenis,PASSERIFORMES,resident,False,0.1
Tangara_rufigula,PASSERIFORMES,resident,False,0.1
Tangara_schrankii,PASSERIFORMES,resident,False,0.1
Tangara_seledon,PASSERIFORMES,resident,False,0.1
Tangara_varia,PASSERIFORMES,resident,False,0.1
Tangara_vassorii,PASSERIFORMES,resident,False,0.1
Tangara_velia,PASSERIFORMES,resident,False,0.1
Tangara_viridicollis,PASSERIFORMES,resident,False,0.1
Tangara_vitriolina,PASSERIFORMES,resident,False,0.1
Tangara_xanthocephala,PASSERIFORMES,resident,False,0.1
Tangara_xanthogastra,PASSERIFORMES,resident,False,0.1
Tanygnathus_gramineus,PSITTACIFORMES,resident,False,0.1
Tanygnathus_lucionensis,PSITTACIFORMES,resident,False,0.1
Tanygnathus_megalorynchos,PSITTACIFORMES,resident,False,0.1
Tanygnathus_sumatranus,PSITTACIFORMES,resident,False,0.1
Tanysiptera_carolinae,CORACIIFORMES,resident,False,0.1
Tanysiptera_danae,CORACIIFORMES,resident,False,0.1
Tanysiptera_ellioti,CORACIIFORMES,resident,False,0.1
Tanysiptera_galatea,CORACIIFORMES,resident,False,0.1
Tanysiptera_hydrocharis,CORACIIFORMES,resident,False,0.1
Tanysiptera_nigriceps,CORACIIFORMES,resident,False,0.1
Tanysiptera_nympha,CORACIIFORMES,resident,False,0.1
Tanysiptera_riedelii,CORACIIFORMES,resident,False,0.1
Tanysiptera_sylvia,CORACIIFORMES,directional migratory,False,1.0
Taoniscus_nanus,TINAMIFORMES,resident,False,0.1
Tapera_naevia,CUCULIFORMES,resident,False,0.1
Taphrolesbia_griseiventris,APODIFORMES,resident,False,0.1
Taphrospilus_hypostictus,APODIFORMES,resident,False,0.1
Taraba_major,PASSERIFORMES,resident,False,0.1
Tarphonomus_certhioides,PASSERIFORMES,resident,False,0.1
Tarphonomus_harterti,PASSERIFORMES,resident,False,0.1
Tarsiger_chrysaeus,PASSERIFORMES,directional migratory,False,1.0
Tarsiger_cyanurus,PASSERIFORMES,directional migratory,False,1.0
Tarsiger_hyperythrus,PASSERIFORMES,directional migratory,False,1.0
Tarsiger_indicus,PASSERIFORMES,resident,False,0.1
Tarsiger_johnstoniae,PASSERIFORMES,resident,False,0.1
Tarsiger_rufilatus,PASSERIFORMES,directional migratory,False,1.0
Tauraco_bannermani,MUSOPHAGIFORMES,resident,False,0.1
Tauraco_corythaix,MUSOPHAGIFORMES,resident,False,0.1
Tauraco_erythrolophus,MUSOPHAGIFORMES,resident,False,0.1
Tauraco_fischeri,MUSOPHAGIFORMES,resident,False,0.1
Tauraco_hartlaubi,MUSOPHAGIFORMES,resident,False,0.1
Tauraco_leucolophus,MUSOPHAGIFORMES,resident,False,0.1
Tauraco_leucotis,MUSOPHAGIFORMES,resident,False,0.1
Tauraco_livingstonii,MUSOPHAGIFORMES,resident,False,0.1
Tauraco_macrorhynchus,MUSOPHAGIFORMES,resident,False,0.1
Tauraco_persa,MUSOPHAGIFORMES,resident,False,0.1
Tauraco_porphyreolophus,MUSOPHAGIFORMES,resident,False,0.1
Tauraco_ruspolii,MUSOPHAGIFORMES,resident,False,0.1
Tauraco_schalowi,MUSOPHAGIFORMES,resident,False,0.1
Tauraco_schuettii,MUSOPHAGIFORMES,resident,False,0.1
Tchagra_australis,PASSERIFORMES,resident,False,0.1
Tchagra_jamesi,PASSERIFORMES,resident,False,0.1
Tchagra_senegalus,PASSERIFORMES,resident,False,0.1
Tchagra_tchagra,PASSERIFORMES,resident,False,0.1
Telacanthura_melanopygia,APODIFORMES,resident,False,0.1
Telacanthura_ussheri,APODIFORMES,resident,False,0.1
Teledromas_fuscus,PASSERIFORMES,resident,False,0.1
Telespiza_cantans,PASSERIFORMES,resident,False,0.1
Telespiza_ultima,PASSERIFORMES,resident,False,0.1
Telophorus_cruentus,PASSERIFORMES,resident,False,0.1
Telophorus_dohertyi,PASSERIFORMES,resident,False,0.1
Telophorus_quadricolor,PASSERIFORMES,resident,False,0.1
Telophorus_viridis,PASSERIFORMES,resident,False,0.1
Telophorus_zeylonus,PASSERIFORMES,resident,False,0.1
Temnurus_temnurus,PASSERIFORMES,resident,False,0.1
Tephrodornis_affinis,PASSERIFORMES,resident,False,0.1
Tephrodornis_pondicerianus,PASSERIFORMES,resident,False,0.1
Tephrodornis_sylvicola,PASSERIFORMES,resident,False,0.1
Tephrodornis_virgatus,PASSERIFORMES,resident,False,0.1
Tephrozosterops_stalkeri,PASSERIFORMES,resident,False,0.1
Terathopius_ecaudatus,ACCIPITRIFORMES,resident,False,0.1
Terenotriccus_erythrurus,PASSERIFORMES,resident,False,0.1
Terenura_callinota,PASSERIFORMES,resident,False,0.1
Terenura_humeralis,PASSERIFORMES,resident,False,0.1
Terenura_maculata,PASSERIFORMES,resident,False,0.1
Terenura_sharpei,PASSERIFORMES,resident,False,0.1
Terenura_sicki,PASSERIFORMES,resident,False,0.1
Terenura_spodioptila,PASSERIFORMES,resident,False,0.1
Teretistris_fernandinae,PASSERIFORMES,resident,False,0.1
Teretistris_fornsi,PASSERIFORMES,resident,False,0.1
Terpsiphone_atrocaudata,PASSERIFORMES,directional migratory,False,1.0
Terpsiphone_atrochalybeia,PASSERIFORMES,resident,False,0.1
Terpsiphone_batesi,PASSERIFORMES,resident,False,0.1
Terpsiphone_bedfordi,PASSERIFORMES,resident,False,0.1
Terpsiphone_bourbonnensis,PASSERIFORMES,resident,False,0.1
Terpsiphone_cinnamomea,PASSERIFORMES,resident,False,0.1
Terpsiphone_corvina,PASSERIFORMES,resident,False,0.1
Terpsiphone_cyanescens,PASSERIFORMES,resident,False,0.1
Terpsiphone_mutata,PASSERIFORMES,resident,False,0.1
Terpsiphone_paradisi,PASSERIFORMES,directional migratory,False,1.0
Terpsiphone_rufiventer,PASSERIFORMES,resident,False,0.1
Terpsiphone_rufocinerea,PASSERIFORMES,resident,False,0.1
Terpsiphone_smithii,PASSERIFORMES,resident,False,0.1
Terpsiphone_viridis,PASSERIFORMES,directional migratory,False,1.0
Tersina_viridis,PASSERIFORMES,directional migratory,False,1.0
Tesia_cyaniventer,PASSERIFORMES,dispersive migratory,False,0.5
Tesia_everetti,PASSERIFORMES,resident,False,0.1
Tesia_olivea,PASSERIFORMES,resident,False,0.1
Tesia_superciliaris,PASSERIFORMES,resident,False,0.1
Tetrao_parvirostris,GALLIFORMES,resident,False,0.1
Tetrao_urogallus,GALLIFORMES,resident,False,0.1
Tetraogallus_altaicus,GALLIFORMES,resident,False,0.1
Tetraogallus_caspius,GALLIFORMES,resident,False,0.1
Tetraogallus_caucasicus,GALLIFORMES,resident,False,0.1
Tetraogallus_himalayensis,GALLIFORMES,resident,False,0.1
Tetraogallus_tibetanus,GALLIFORMES,resident,False,0.1
Tetraophasis_obscurus,GALLIFORMES,resident,False,0.1
Tetraophasis_szechenyii,GALLIFORMES,resident,False,0.1
Tetrastes_bonasia,GALLIFORMES,resident,False,0.1
Tetrastes_sewerzowi,GALLIFORMES,resident,False,0.1
Tetrax_tetrax,OTIDIFORMES,directional migratory,False,1.0
Thalassarche_bulleri,PROCELLARIIFORMES,dispersive migratory,True,0.5
Thalassarche_carteri,PROCELLARIIFORMES,dispersive migratory,True,0.5
Thalassarche_cauta,PROCELLARIIFORMES,dispersive migratory,True,0.5
Thalassarche_chlororhynchos,PROCELLARIIFORMES,dispersive migratory,True,0.5
Thalassarche_chrysostoma,PROCELLARIIFORMES,dispersive migratory,True,0.5
Thalassarche_eremita,PROCELLARIIFORMES,dispersive migratory,True,0.5
Thalassarche_impavida,PROCELLARIIFORMES,dispersive migratory,True,0.5
Thalassarche_melanophris,PROCELLARIIFORMES,dispersive migratory,True,0.5
Thalassarche_salvini,PROCELLARIIFORMES,dispersive migratory,True,0.5
Thalasseus_acuflavidus,CHARADRIIFORMES,directional migratory,False,1.0
Thalasseus_bengalensis,CHARADRIIFORMES,directional migratory,False,1.0
Thalasseus_bergii,CHARADRIIFORMES,dispersive migratory,True,0.5
Thalasseus_bernsteini,CHARADRIIFORMES,directional migratory,False,1.0
Thalasseus_elegans,CHARADRIIFORMES,dispersive migratory,True,0.5
Thalasseus_maximus,CHARADRIIFORMES,directional migratory,False,1.0
Thalasseus_sandvicensis,CHARADRIIFORMES,directional migratory,False,1.0
Thalassoica_antarctica,PROCELLARIIFORMES,dispersive migratory,True,0.5
Thalassornis_leuconotus,ANSERIFORMES,resident,False,0.1
Thalurania_colombica,APODIFORMES,resident,False,0.1
Thalurania_fannyi,APODIFORMES,resident,False,0.1
Thalurania_furcata,APODIFORMES,resident,False,0.1
Thalurania_glaucopis,APODIFORMES,directional migratory,False,1.0
Thalurania_ridgwayi,APODIFORMES,resident,False,0.1
Thalurania_watertonii,APODIFORMES,resident,False,0.1
Thamnistes_anabatinus,PASSERIFORMES,resident,False,0.1
Thamnolaea_cinnamomeiventris,PASSERIFORMES,resident,False,0.1
Thamnolaea_coronata,PASSERIFORMES,resident,False,0.1
Thamnomanes_ardesiacus,PASSERIFORMES,resident,False,0.1
Thamnomanes_caesius,PASSERIFORMES,resident,False,0.1
Thamnomanes_saturninus,PASSERIFORMES,resident,False,0.1
Thamnomanes_schistogynus,PASSERIFORMES,resident,False,0.1
Thamnophilus_aethiops,PASSERIFORMES,resident,False,0.1
Thamnophilus_amazonicus,PASSERIFORMES,resident,False,0.1
Thamnophilus_ambiguus,PASSERIFORMES,resident,False,0.1
Thamnophilus_aroyae,PASSERIFORMES,resident,False,0.1
Thamnophilus_atrinucha,PASSERIFORMES,resident,False,0.1
Thamnophilus_bernardi,PASSERIFORMES,resident,False,0.1
Thamnophilus_bridgesi,PASSERIFORMES,resident,False,0.1
Thamnophilus_caerulescens,PASSERIFORMES,resident,False,0.1
Thamnophilus_cryptoleucus,PASSERIFORMES,resident,False,0.1
Thamnophilus_divisorius,PASSERIFORMES,resident,False,0.1
Thamnophilus_doliatus,PASSERIFORMES,resident,False,0.1
Thamnophilus_insignis,PASSERIFORMES,resident,False,0.1
Thamnophilus_melanonotus,PASSERIFORMES,resident,False,0.1
Thamnophilus_melanothorax,PASSERIFORMES,resident,False,0.1
Thamnophilus_multistriatus,PASSERIFORMES,resident,False,0.1
Thamnophilus_murinus,PASSERIFORMES,resident,False,0.1
Thamnophilus_nigriceps,PASSERIFORMES,resident,False,0.1
Thamnophilus_nigrocinereus,PASSERIFORMES,resident,False,0.1
Thamnophilus_palliatus,PASSERIFORMES,resident,False,0.1
Thamnophilus_pelzelni,PASSERIFORMES,resident,False,0.1
Thamnophilus_praecox,PASSERIFORMES,resident,False,0.1
Thamnophilus_punctatus,PASSERIFORMES,resident,False,0.1
Thamnophilus_ruficapillus,PASSERIFORMES,resident,False,0.1
Thamnophilus_schistaceus,PASSERIFORMES,resident,False,0.1
Thamnophilus_stictocephalus,PASSERIFORMES,resident,False,0.1
Thamnophilus_sticturus,PASSERIFORMES,resident,False,0.1
Thamnophilus_tenuepunctatus,PASSERIFORMES,resident,False,0.1
Thamnophilus_torquatus,PASSERIFORMES,resident,False,0.1
Thamnophilus_unicolor,PASSERIFORMES,resident,False,0.1
Thamnophilus_zarumae,PASSERIFORMES,resident,False,0.1
Thamnornis_chloropetoides,PASSERIFORMES,resident,False,0.1
Thapsinillas_affinis,PASSERIFORMES,resident,False,0.1
Thapsinillas_longirostris,PASSERIFORMES,resident,False,0.1
Thapsinillas_mysticalis,PASSERIFORMES,resident,False,0.1
Thaumastura_cora,APODIFORMES,resident,False,0.1
Theristicus_caerulescens,PELECANIFORMES,resident,False,0.1
Theristicus_caudatus,PELECANIFORMES,resident,False,0.1
Theristicus_melanopis,PELECANIFORMES,directional migratory,False,1.0
Thescelocichla_leucopleura,PASSERIFORMES,resident,False,0.1
Thinocorus_orbignyianus,CHARADRIIFORMES,dispersive migratory,False,0.5
Thinocorus_rumicivorus,CHARADRIIFORMES,directional migratory,False,1.0
Thinornis_novaeseelandiae,CHARADRIIFORMES,resident,False,0.1
Thinornis_rubricollis,CHARADRIIFORMES,resident,False,0.1
Thlypopsis_fulviceps,PASSERIFORMES,resident,False,0.1
Thlypopsis_inornata,PASSERIFORMES,resident,False,0.1
Thlypopsis_ornata,PASSERIFORMES,resident,False,0.1
Thlypopsis_pectoralis,PASSERIFORMES,resident,False,0.1
Thlypopsis_ruficeps,PASSERIFORMES,resident,False,0.1
Thlypopsis_sordida,PASSERIFORMES,resident,False,0.1
Thraupis_abbas,PASSERIFORMES,resident,False,0.1
Thraupis_bonariensis,PASSERIFORMES,directional migratory,False,1.0
Thraupis_cyanocephala,PASSERIFORMES,resident,False,0.1
Thraupis_cyanoptera,PASSERIFORMES,resident,False,0.1
Thraupis_episcopus,PASSERIFORMES,resident,False,0.1
Thraupis_glaucocolpa,PASSERIFORMES,resident,False,0.1
Thraupis_ornata,PASSERIFORMES,directional migratory,False,1.0
Thraupis_palmarum,PASSERIFORMES,resident,False,0.1
Thraupis_sayaca,PASSERIFORMES,directional migratory,False,1.0
Threnetes_leucurus,APODIFORMES,resident,False,0.1
Threnetes_niger,APODIFORMES,resident,False,0.1
Threnetes_ruckeri,APODIFORMES,resident,False,0.1
Threskiornis_aethiopicus,PELECANIFORMES,directional migratory,False,1.0
Threskiornis_bernieri,PELECANIFORMES,resident,False,0.1
Threskiornis_melanocephalus,PELECANIFORMES,directional migratory,False,1.0
Threskiornis_moluccus,PELECANIFORMES,nomadic,False,0.3
Threskiornis_solitarius,PELECANIFORMES,extinct,False,0.0
Threskiornis_spinicollis,PELECANIFORMES,directional migratory,False,1.0
Thripadectes_flammulatus,PASSERIFORMES,resident,False,0.1
Thripadectes_holostictus,PASSERIFORMES,resident,False,0.1
Thripadectes_ignobilis,PASSERIFORMES,resident,False,0.1
Thripadectes_melanorhynchus,PASSERIFORMES,resident,False,0.1
Thripadectes_rufobrunneus,PASSERIFORMES,resident,False,0.1
Thripadectes_scrutator,PASSERIFORMES,resident,False,0.1
Thripadectes_virgaticeps,PASSERIFORMES,resident,False,0.1
Thripophaga_berlepschi,PASSERIFORMES,resident,False,0.1
Thripophaga_cherriei,PASSERIFORMES,resident,False,0.1
Thripophaga_fusciceps,PASSERIFORMES,resident,False,0.1
Thripophaga_macroura,PASSERIFORMES,resident,False,0.1
Thryomanes_bewickii,PASSERIFORMES,directional migratory,False,1.0
Thryophilus_nicefori,PASSERIFORMES,resident,False,0.1
Thryophilus_pleurostictus,PASSERIFORMES,resident,False,0.1
Thryophilus_rufalbus,PASSERIFORMES,resident,False,0.1
Thryophilus_sinaloa,PASSERIFORMES,resident,False,0.1
Thryorchilus_browni,PASSERIFORMES,resident,False,0.1
Thryothorus_ludovicianus,PASSERIFORMES,resident,False,0.1
Tiaris_bicolor,PASSERIFORMES,resident,False,0.1
Tiaris_canorus,PASSERIFORMES,resident,False,0.1
Tiaris_fuliginosus,PASSERIFORMES,nomadic,False,0.3
Tiaris_obscurus,PASSERIFORMES,dispersive migratory,False,0.5
Tiaris_olivaceus,PASSERIFORMES,resident,False,0.1
Tichodroma_muraria,PASSERIFORMES,dispersive migratory,False,0.5
Tickellia_hodgsoni,PASSERIFORMES,resident,False,0.1
Tigriornis_leucolopha,PELECANIFORMES,resident,False,0.1
Tigrisoma_fasciatum,PELECANIFORMES,resident,False,0.1
Tigrisoma_lineatum,PELECANIFORMES,resident,False,0.1
Tigrisoma_mexicanum,PELECANIFORMES,resident,False,0.1
Tijuca_atra,PASSERIFORMES,resident,False,0.1
Tijuca_condita,PASSERIFORMES,resident,False,0.1
Tilmatura_dupontii,APODIFORMES,resident,False,0.1
Timalia_pileata,PASSERIFORMES,resident,False,0.1
Timeliopsis_fulvigula,PASSERIFORMES,resident,False,0.1
Timeliopsis_griseigula,PASSERIFORMES,resident,False,0.1
Tinamotis_ingoufi,TINAMIFORMES,resident,False,0.1
Tinamotis_pentlandii,TINAMIFORMES,resident,False,0.1
Tinamus_guttatus,TINAMIFORMES,resident,False,0.1
Tinamus_major,TINAMIFORMES,resident,False,0.1
Tinamus_osgoodi,TINAMIFORMES,resident,False,0.1
Tinamus_solitarius,TINAMIFORMES,resident,False,0.1
Tinamus_tao,TINAMIFORMES,resident,False,0.1
Tityra_cayana,PASSERIFORMES,resident,False,0.1
Tityra_inquisitor,PASSERIFORMES,resident,False,0.1
Tityra_semifasciata,PASSERIFORMES,resident,False,0.1
Tmetothylacus_tenellus,PASSERIFORMES,directional migratory,False,1.0
Tockus_alboterminatus,BUCEROTIFORMES,resident,False,0.1
Tockus_bradfieldi,BUCEROTIFORMES,resident,False,0.1
Tockus_camurus,BUCEROTIFORMES,resident,False,0.1
Tockus_damarensis,BUCEROTIFORMES,resident,False,0.1
Tockus_deckeni,BUCEROTIFORMES,resident,False,0.1
Tockus_erythrorhynchus,BUCEROTIFORMES,resident,False,0.1
Tockus_fasciatus,BUCEROTIFORMES,resident,False,0.1
Tockus_flavirostris,BUCEROTIFORMES,resident,False,0.1
Tockus_hartlaubi,BUCEROTIFORMES,resident,False,0.1
Tockus_hemprichii,BUCEROTIFORMES,resident,False,0.1
Tockus_jacksoni,BUCEROTIFORMES,resident,False,0.1
Tockus_kempi,BUCEROTIFORMES,resident,False,0.1
Tockus_leucomelas,BUCEROTIFORMES,resident,False,0.1
Tockus_monteiri,BUCEROTIFORMES,resident,False,0.1
Tockus_nasutus,BUCEROTIFORMES,resident,False,0.1
Tockus_pallidirostris,BUCEROTIFORMES,resident,False,0.1
Tockus_ruahae,BUCEROTIFORMES,resident,False,0.1
Tockus_rufirostris,BUCEROTIFORMES,resident,False,0.1
Todiramphus_albonotatus,CORACIIFORMES,resident,False,0.1
Todiramphus_australasia,CORACIIFORMES,resident,False,0.1
Todiramphus_chloris,CORACIIFORMES,resident,False,0.1
Todiramphus_cinnamominus,CORACIIFORMES,resident,False,0.1
Todiramphus_diops,CORACIIFORMES,resident,False,0.1
Todiramphus_enigma,CORACIIFORMES,resident,False,0.1
Todiramphus_farquhari,CORACIIFORMES,resident,False,0.1
Todiramphus_funebris,CORACIIFORMES,resident,False,0.1
Todiramphus_gambieri,CORACIIFORMES,resident,False,0.1
Todiramphus_godeffroyi,CORACIIFORMES,resident,False,0.1
Todiramphus_lazuli,CORACIIFORMES,resident,False,0.1
Todiramphus_leucopygius,CORACIIFORMES,resident,False,0.1
Todiramphus_macleayii,CORACIIFORMES,directional migratory,False,1.0
Todiramphus_nigrocyaneus,CORACIIFORMES,resident,False,0.1
Todiramphus_pyrrhopygius,CORACIIFORMES,directional migratory,False,1.0
Todiramphus_recurvirostris,CORACIIFORMES,resident,False,0.1
Todiramphus_ruficollaris,CORACIIFORMES,resident,False,0.1
Todiramphus_sanctus,CORACIIFORMES,directional migratory,False,1.0
Todiramphus_saurophagus,CORACIIFORMES,resident,False,0.1
Todiramphus_tutus,CORACIIFORMES,resident,False,0.1
Todiramphus_veneratus,CORACIIFORMES,resident,False,0.1
Todiramphus_winchelli,CORACIIFORMES,resident,False,0.1
Todirostrum_chrysocrotaphum,PASSERIFORMES,resident,False,0.1
Todirostrum_cinereum,PASSERIFORMES,resident,False,0.1
Todirostrum_maculatum,PASSERIFORMES,resident,False,0.1
Todirostrum_nigriceps,PASSERIFORMES,resident,False,0.1
Todirostrum_pictum,PASSERIFORMES,resident,False,0.1
Todirostrum_poliocephalum,PASSERIFORMES,resident,False,0.1
Todirostrum_viridanum,PASSERIFORMES,resident,False,0.1
Todus_angustirostris,CORACIIFORMES,resident,False,0.1
Todus_mexicanus,CORACIIFORMES,resident,False,0.1
Todus_multicolor,CORACIIFORMES,resident,False,0.1
Todus_subulatus,CORACIIFORMES,resident,False,0.1
Todus_todus,CORACIIFORMES,resident,False,0.1
Tolmomyias_assimilis,PASSERIFORMES,resident,False,0.1
Tolmomyias_flaviventris,PASSERIFORMES,resident,False,0.1
Tolmomyias_flavotectus,PASSERIFORMES,resident,False,0.1
Tolmomyias_poliocephalus,PASSERIFORMES,resident,False,0.1
Tolmomyias_sulphurescens,PASSERIFORMES,resident,False,0.1
Tolmomyias_traylori,PASSERIFORMES,resident,False,0.1
Tolmomyias_viridiceps,PASSERIFORMES,resident,False,0.1
Topaza_pella,APODIFORMES,resident,False,0.1
Topaza_pyra,APODIFORMES,resident,False,0.1
Torgos_tracheliotus,ACCIPITRIFORMES,resident,False,0.1
Torreornis_inexpectata,PASSERIFORMES,resident,False,0.1
Touit_batavicus,PSITTACIFORMES,resident,False,0.1
Touit_costaricensis,PSITTACIFORMES,dispersive migratory,False,0.5
Touit_dilectissimus,PSITTACIFORMES,resident,False,0.1
Touit_huetii,PSITTACIFORMES,nomadic,False,0.3
Touit_melanonotus,PSITTACIFORMES,resident,False,0.1
Touit_purpuratus,PSITTACIFORMES,resident,False,0.1
Touit_stictopterus,PSITTACIFORMES,resident,False,0.1
Touit_surdus,PSITTACIFORMES,resident,False,0.1
Toxorhamphus_novaeguineae,PASSERIFORMES,resident,False,0.1
Toxorhamphus_poliopterus,PASSERIFORMES,resident,False,0.1
Toxostoma_bendirei,PASSERIFORMES,directional migratory,False,1.0
Toxostoma_cinereum,PASSERIFORMES,resident,False,0.1
Toxostoma_crissale,PASSERIFORMES,resident,False,0.1
Toxostoma_curvirostre,PASSERIFORMES,resident,False,0.1
Toxostoma_guttatum,PASSERIFORMES,resident,False,0.1
Toxostoma_lecontei,PASSERIFORMES,resident,False,0.1
Toxostoma_longirostre,PASSERIFORMES,resident,False,0.1
Toxostoma_ocellatum,PASSERIFORMES,resident,False,0.1
Toxostoma_redivivum,PASSERIFORMES,resident,False,0.1
Toxostoma_rufum,PASSERIFORMES,directional migratory,False,1.0
Trachyphonus_darnaudii,PICIFORMES,resident,False,0.1
Trachyphonus_erythrocephalus,PICIFORMES,resident,False,0.1
Trachyphonus_margaritatus,PICIFORMES,resident,False,0.1
Trachyphonus_purpuratus,PICIFORMES,resident,False,0.1
Trachyphonus_vaillantii,PICIFORMES,resident,False,0.1
Tragopan_blythii,GALLIFORMES,resident,False,0.1
Tragopan_caboti,GALLIFORMES,resident,False,0.1
Tragopan_melanocephalus,GALLIFORMES,resident,False,0.1
Tragopan_satyra,GALLIFORMES,resident,False,0.1
Tragopan_temminckii,GALLIFORMES,resident,False,0.1
Tregellasia_capito,PASSERIFORMES,resident,False,0.1
Tregellasia_leucops,PASSERIFORMES,resident,False,0.1
Treron_affinis,COLUMBIFORMES,resident,False,0.1
Treron_apicauda,COLUMBIFORMES,resident,False,0.1
Treron_aromaticus,COLUMBIFORMES,resident,False,0.1
Treron_australis,COLUMBIFORMES,resident,False,0.1
Treron_axillaris,COLUMBIFORMES,resident,False,0.1
Treron_bicinctus,COLUMBIFORMES,resident,False,0.1
Treron_calvus,COLUMBIFORMES,resident,False,0.1
Treron_capellei,COLUMBIFORMES,resident,False,0.1
Treron_chloropterus,COLUMBIFORMES,resident,False,0.1
Treron_curvirostra,COLUMBIFORMES,resident,False,0.1
Treron_floris,COLUMBIFORMES,resident,False,0.1
Treron_formosae,COLUMBIFORMES,resident,False,0.1
Treron_fulvicollis,COLUMBIFORMES,resident,False,0.1
Treron_griseicauda,COLUMBIFORMES,resident,False,0.1
Treron_griveaudi,COLUMBIFORMES,resident,False,0.1
Treron_olax,COLUMBIFORMES,resident,False,0.1
Treron_oxyurus,COLUMBIFORMES,resident,False,0.1
Treron_pembaensis,COLUMBIFORMES,resident,False,0.1
Treron_phayrei,COLUMBIFORMES,resident,False,0.1
Treron_phoenicopterus,COLUMBIFORMES,resident,False,0.1
Treron_pompadora,COLUMBIFORMES,resident,False,0.1
Treron_psittaceus,COLUMBIFORMES,resident,False,0.1
Treron_sanctithomae,COLUMBIFORMES,resident,False,0.1
Treron_seimundi,COLUMBIFORMES,resident,False,0.1
Treron_sieboldii,COLUMBIFORMES,directional migratory,False,1.0
Treron_sphenurus,COLUMBIFORMES,resident,False,0.1
Treron_teysmannii,COLUMBIFORMES,resident,False,0.1
Treron_vernans,COLUMBIFORMES,resident,False,0.1
Treron_waalia,COLUMBIFORMES,resident,False,0.1
Tribonyx_mortierii,GRUIFORMES,resident,False,0.1
Tribonyx_ventralis,GRUIFORMES,dispersive migratory,False,0.5
Trichastoma_bicolor,PASSERIFORMES,resident,False,0.1
Trichastoma_celebense,PASSERIFORMES,resident,False,0.1
Trichastoma_rostratum,PASSERIFORMES,resident,False,0.1
Trichixos_pyrropygus,PASSERIFORMES,resident,False,0.1
Trichodere_cockerelli,PASSERIFORMES,resident,False,0.1
Trichoglossus_capistratus,PSITTACIFORMES,resident,False,0.1
Trichoglossus_chlorolepidotus,PSITTACIFORMES,nomadic,False,0.3
Trichoglossus_euteles,PSITTACIFORMES,resident,False,0.1
Trichoglossus_flavoviridis,PSITTACIFORMES,resident,False,0.1
Trichoglossus_forsteni,PSITTACIFORMES,resident,False,0.1
Trichoglossus_haematodus,PSITTACIFORMES,resident,False,0.1
Trichoglossus_johnstoniae,PSITTACIFORMES,resident,False,0.1
Trichoglossus_moluccanus,PSITTACIFORMES,nomadic,False,0.3
Trichoglossus_ornatus,PSITTACIFORMES,resident,False,0.1
Trichoglossus_rosenbergii,PSITTACIFORMES,resident,False,0.1
Trichoglossus_rubiginosus,PSITTACIFORMES,resident,False,0.1
Trichoglossus_rubritorquis,PSITTACIFORMES,resident,False,0.1
Trichoglossus_weberi,PSITTACIFORMES,resident,False,0.1
Tricholaema_diademata,PICIFORMES,resident,False,0.1
Tricholaema_frontata,PICIFORMES,resident,False,0.1
Tricholaema_hirsuta,PICIFORMES,resident,False,0.1
Tricholaema_lacrymosa,PICIFORMES,resident,False,0.1
Tricholaema_leucomelas,PICIFORMES,resident,False,0.1
Tricholaema_melanocephala,PICIFORMES,resident,False,0.1
Tricholestes_criniger,PASSERIFORMES,resident,False,0.1
Trichothraupis_melanops,PASSERIFORMES,resident,False,0.1
Triclaria_malachitacea,PSITTACIFORMES,resident,False,0.1
Trigonoceps_occipitalis,ACCIPITRIFORMES,resident,False,0.1
Tringa_brevipes,CHARADRIIFORMES,directional migratory,False,1.0
Tringa_erythropus,CHARADRIIFORMES,directional migratory,False,1.0
Tringa_flavipes,CHARADRIIFORMES,directional migratory,False,1.0
Tringa_glareola,CHARADRIIFORMES,directional migratory,False,1.0
Tringa_guttifer,CHARADRIIFORMES,directional migratory,False,1.0
Tringa_incana,CHARADRIIFORMES,directional migratory,False,1.0
Tringa_melanoleuca,CHARADRIIFORMES,directional migratory,False,1.0
Tringa_nebularia,CHARADRIIFORMES,directional migratory,False,1.0
Tringa_ochropus,CHARADRIIFORMES,directional migratory,False,1.0
Tringa_semipalmata,CHARADRIIFORMES,directional migratory,False,1.0
Tringa_solitaria,CHARADRIIFORMES,directional migratory,False,1.0
Tringa_stagnatilis,CHARADRIIFORMES,directional migratory,False,1.0
Tringa_totanus,CHARADRIIFORMES,directional migratory,False,1.0
Trochalopteron_affine,PASSERIFORMES,resident,False,0.1
Trochalopteron_austeni,PASSERIFORMES,resident,False,0.1
Trochalopteron_cachinnans,PASSERIFORMES,resident,False,0.1
Trochalopteron_chrysopterum,PASSERIFORMES,resident,False,0.1
Trochalopteron_elliotii,PASSERIFORMES,resident,False,0.1
Trochalopteron_erythrocephalum,PASSERIFORMES,resident,False,0.1
Trochalopteron_fairbanki,PASSERIFORMES,resident,False,0.1
Trochalopteron_formosum,PASSERIFORMES,resident,False,0.1
Trochalopteron_henrici,PASSERIFORMES,resident,False,0.1
Trochalopteron_imbricatum,PASSERIFORMES,resident,False,0.1
Trochalopteron_lineatum,PASSERIFORMES,resident,False,0.1
Trochalopteron_melanostigma,PASSERIFORMES,resident,False,0.1
Trochalopteron_milnei,PASSERIFORMES,resident,False,0.1
Trochalopteron_morrisonianum,PASSERIFORMES,resident,False,0.1
Trochalopteron_ngoclinhense,PASSERIFORMES,resident,False,0.1
Trochalopteron_peninsulae,PASSERIFORMES,resident,False,0.1
Trochalopteron_squamatum,PASSERIFORMES,resident,False,0.1
Trochalopteron_subunicolor,PASSERIFORMES,resident,False,0.1
Trochalopteron_variegatum,PASSERIFORMES,resident,False,0.1
Trochalopteron_virgatum,PASSERIFORMES,resident,False,0.1
Trochalopteron_yersini,PASSERIFORMES,resident,False,0.1
Trochilus_polytmus,APODIFORMES,resident,False,0.1
Trochilus_scitulus,APODIFORMES,resident,False,0.1
Trochocercus_cyanomelas,PASSERIFORMES,resident,False,0.1
Trochocercus_nitens,PASSERIFORMES,resident,False,0.1
Troglodytes_aedon,PASSERIFORMES,directional migratory,False,1.0
Troglodytes_cobbi,PASSERIFORMES,resident,False,0.1
Troglodytes_hiemalis,PASSERIFORMES,directional migratory,False,1.0
Troglodytes_monticola,PASSERIFORMES,resident,False,0.1
Troglodytes_ochraceus,PASSERIFORMES,resident,False,0.1
Troglodytes_pacificus,PASSERIFORMES,directional migratory,False,1.0
Troglodytes_rufociliatus,PASSERIFORMES,resident,False,0.1
Troglodytes_rufulus,PASSERIFORMES,resident,False,0.1
Troglodytes_sissonii,PASSERIFORMES,resident,False,0.1
Troglodytes_solstitialis,PASSERIFORMES,resident,False,0.1
Troglodytes_tanneri,PASSERIFORMES,resident,False,0.1
Troglodytes_troglodytes,PASSERIFORMES,directional migratory,False,1.0
Trogon_bairdii,TROGONIFORMES,resident,False,0.1
Trogon_caligatus,TROGONIFORMES,resident,False,0.1
Trogon_chionurus,TROGONIFORMES,resident,False,0.1
Trogon_citreolus,TROGONIFORMES,resident,False,0.1
Trogon_clathratus,TROGONIFORMES,resident,False,0.1
Trogon_collaris,TROGONIFORMES,resident,False,0.1
Trogon_comptus,TROGONIFORMES,resident,False,0.1
Trogon_curucui,TROGONIFORMES,resident,False,0.1
Trogon_elegans,TROGONIFORMES,directional migratory,False,1.0
Trogon_massena,TROGONIFORMES,resident,False,0.1
Trogon_melanocephalus,TROGONIFORMES,resident,False,0.1
Trogon_melanurus,TROGONIFORMES,resident,False,0.1
Trogon_mesurus,TROGONIFORMES,resident,False,0.1
Trogon_mexicanus,TROGONIFORMES,resident,False,0.1
Trogon_personatus,TROGONIFORMES,resident,False,0.1
Trogon_ramonianus,TROGONIFORMES,resident,False,0.1
Trogon_rufus,TROGONIFORMES,resident,False,0.1
Trogon_surrucura,TROGONIFORMES,directional migratory,False,1.0
Trogon_violaceus,TROGONIFORMES,resident,False,0.1
Trogon_viridis,TROGONIFORMES,resident,False,0.1
Tropicranus_albocristatus,BUCEROTIFORMES,resident,False,0.1
Trugon_terrestris,COLUMBIFORMES,resident,False,0.1
Tryngites_subruficollis,CHARADRIIFORMES,directional migratory,False,1.0
Tumbezia_salvini,PASSERIFORMES,resident,False,0.1
Turacoena_manadensis,COLUMBIFORMES,resident,False,0.1
Turacoena_modesta,COLUMBIFORMES,resident,False,0.1
Turdoides_affinis,PASSERIFORMES,resident,False,0.1
Turdoides_altirostris,PASSERIFORMES,resident,False,0.1
Turdoides_aylmeri,PASSERIFORMES,resident,False,0.1
Turdoides_bicolor,PASSERIFORMES,resident,False,0.1
Turdoides_caudata,PASSERIFORMES,resident,False,0.1
Turdoides_earlei,PASSERIFORMES,resident,False,0.1
Turdoides_fulva,PASSERIFORMES,resident,False,0.1
Turdoides_gularis,PASSERIFORMES,resident,False,0.1
Turdoides_gymnogenys,PASSERIFORMES,resident,False,0.1
Turdoides_hartlaubii,PASSERIFORMES,resident,False,0.1
Turdoides_hindei,PASSERIFORMES,resident,False,0.1
Turdoides_huttoni,PASSERIFORMES,resident,False,0.1
Turdoides_hypoleuca,PASSERIFORMES,resident,False,0.1
Turdoides_jardineii,PASSERIFORMES,resident,False,0.1
Turdoides_leucocephala,PASSERIFORMES,resident,False,0.1
Turdoides_leucopygia,PASSERIFORMES,resident,False,0.1
Turdoides_longirostris,PASSERIFORMES,resident,False,0.1
Turdoides_malcolmi,PASSERIFORMES,resident,False,0.1
Turdoides_melanops,PASSERIFORMES,resident,False,0.1
Turdoides_nipalensis,PASSERIFORMES,resident,False,0.1
Turdoides_plebejus,PASSERIFORMES,resident,False,0.1
Turdoides_reinwardtii,PASSERIFORMES,resident,False,0.1
Turdoides_rubiginosa,PASSERIFORMES,resident,False,0.1
Turdoides_rufescens,PASSERIFORMES,resident,False,0.1
Turdoides_sharpei,PASSERIFORMES,resident,False,0.1
Turdoides_squamiceps,PASSERIFORMES,resident,False,0.1
Turdoides_squamulata,PASSERIFORMES,resident,False,0.1
Turdoides_striata,PASSERIFORMES,resident,False,0.1
Turdoides_subrufa,PASSERIFORMES,resident,False,0.1
Turdoides_tenebrosa,PASSERIFORMES,resident,False,0.1
Turdus_abyssinicus,PASSERIFORMES,resident,False,0.1
Turdus_albicollis,PASSERIFORMES,resident,False,0.1
Turdus_albocinctus,PASSERIFORMES,dispersive migratory,False,0.5
Turdus_amaurochalinus,PASSERIFORMES,directional migratory,False,1.0
Turdus_assimilis,PASSERIFORMES,resident,False,0.1
Turdus_atrogularis,PASSERIFORMES,directional migratory,False,1.0
Turdus_aurantius,PASSERIFORMES,resident,False,0.1
Turdus_bewsheri,PASSERIFORMES,resident,False,0.1
Turdus_boulboul,PASSERIFORMES,directional migratory,False,1.0
Turdus_cardis,PASSERIFORMES,directional migratory,False,1.0
Turdus_celaenops,PASSERIFORMES,resident,False,0.1
Turdus_chiguanco,PASSERIFORMES,resident,False,0.1
Turdus_chrysolaus,PASSERIFORMES,directional migratory,False,1.0
Turdus_daguae,PASSERIFORMES,resident,False,0.1
Turdus_dissimilis,PASSERIFORMES,dispersive migratory,False,0.5
Turdus_eunomus,PASSERIFORMES,directional migratory,False,1.0
Turdus_falcklandii,PASSERIFORMES,resident,False,0.1
Turdus_feae,PASSERIFORMES,directional migratory,False,1.0
Turdus_flavipes,PASSERIFORMES,directional migratory,False,1.0
Turdus_fulviventris,PASSERIFORMES,resident,False,0.1
Turdus_fumigatus,PASSERIFORMES,resident,False,0.1
Turdus_fuscater,PASSERIFORMES,resident,False,0.1
Turdus_grayi,PASSERIFORMES,resident,False,0.1
Turdus_haplochrous,PASSERIFORMES,resident,False,0.1
Turdus_hauxwelli,PASSERIFORMES,resident,False,0.1
Turdus_helleri,PASSERIFORMES,resident,False,0.1
Turdus_hortulorum,PASSERIFORMES,directional migratory,False,1.0
Turdus_ignobilis,PASSERIFORMES,resident,False,0.1
Turdus_iliacus,PASSERIFORMES,directional migratory,False,1.0
Turdus_infuscatus,PASSERIFORMES,resident,False,0.1
Turdus_jamaicensis,PASSERIFORMES,resident,False,0.1
Turdus_kessleri,PASSERIFORMES,dispersive migratory,False,0.5
Turdus_lawrencii,PASSERIFORMES,resident,False,0.1
Turdus_leucomelas,PASSERIFORMES,resident,False,0.1
Turdus_leucops,PASSERIFORMES,resident,False,0.1
Turdus_lherminieri,PASSERIFORMES,resident,False,0.1
Turdus_libonyana,PASSERIFORMES,resident,False,0.1
Turdus_ludoviciae,PASSERIFORMES,resident,False,0.1
Turdus_maculirostris,PASSERIFORMES,resident,False,0.1
Turdus_maranonicus,PASSERIFORMES,resident,False,0.1
Turdus_maximus,PASSERIFORMES,resident,False,0.1
Turdus_menachensis,PASSERIFORMES,resident,False,0.1
Turdus_merula,PASSERIFORMES,directional migratory,False,1.0
Turdus_migratorius,PASSERIFORMES,directional migratory,False,1.0
Turdus_mupinensis,PASSERIFORMES,resident,False,0.1
Turdus_naumanni,PASSERIFORMES,directional migratory,False,1.0
Turdus_nigrescens,PASSERIFORMES,resident,False,0.1
Turdus_nigriceps,PASSERIFORMES,directional migratory,False,1.0
Turdus_nudigenis,PASSERIFORMES,resident,False,0.1
Turdus_obscurus,PASSERIFORMES,directional migratory,False,1.0
Turdus_obsoletus,PASSERIFORMES,resident,False,0.1
Turdus_olivaceofuscus,PASSERIFORMES,resident,False,0.1
Turdus_olivaceus,PASSERIFORMES,resident,False,0.1
Turdus_olivater,PASSERIFORMES,resident,False,0.1
Turdus_pallidus,PASSERIFORMES,directional migratory,False,1.0
Turdus_pelios,PASSERIFORMES,resident,False,0.1
Turdus_philomelos,PASSERIFORMES,directional migratory,False,1.0
Turdus_pilaris,PASSERIFORMES,directional migratory,False,1.0
Turdus_plebejus,PASSERIFORMES,resident,False,0.1
Turdus_plumbeus,PASSERIFORMES,resident,False,0.1
Turdus_poliocephalus,PASSERIFORMES,resident,False,0.1
Turdus_ravidus,PASSERIFORMES,extinct,False,0.0
Turdus_reevei,PASSERIFORMES,resident,False,0.1
Turdus_roehli,PASSERIFORMES,resident,False,0.1
Turdus_rubrocanus,PASSERIFORMES,directional migratory,False,1.0
Turdus_ruficollis,PASSERIFORMES,directional migratory,False,1.0
Turdus_rufitorques,PASSERIFORMES,resident,False,0.1
Turdus_rufiventris,PASSERIFORMES,resident,False,0.1
Turdus_rufopalliatus,PASSERIFORMES,resident,False,0.1
Turdus_sanchezorum,PASSERIFORMES,resident,False,0.1
Turdus_serranus,PASSERIFORMES,resident,False,0.1
Turdus_simillimus,PASSERIFORMES,directional migratory,False,1.0
Turdus_smithi,PASSERIFORMES,resident,False,0.1
Turdus_subalaris,PASSERIFORMES,directional migratory,False,1.0
Turdus_swalesi,PASSERIFORMES,resident,False,0.1
Turdus_tephronotus,PASSERIFORMES,resident,False,0.1
Turdus_torquatus,PASSERIFORMES,directional migratory,False,1.0
Turdus_unicolor,PASSERIFORMES,directional migratory,False,1.0
Turdus_viscivorus,PASSERIFORMES,directional migratory,False,1.0
Turdus_xanthorhynchus,PASSERIFORMES,resident,False,0.1
Turnagra_capensis,PASSERIFORMES,extinct,False,0.0
Turnagra_tanagra,PASSERIFORMES,extinct,False,0.0
Turnix_castanotus,CHARADRIIFORMES,resident,False,0.1
Turnix_everetti,CHARADRIIFORMES,resident,False,0.1
Turnix_hottentottus,CHARADRIIFORMES,resident,False,0.1
Turnix_maculosus,CHARADRIIFORMES,dispersive migratory,False,0.5
Turnix_melanogaster,CHARADRIIFORMES,resident,False,0.1
Turnix_nanus,CHARADRIIFORMES,dispersive migratory,False,0.5
Turnix_nigricollis,CHARADRIIFORMES,resident,False,0.1
Turnix_ocellatus,CHARADRIIFORMES,resident,False,0.1
Turnix_olivii,CHARADRIIFORMES,resident,False,0.1
Turnix_pyrrhothorax,CHARADRIIFORMES,resident,False,0.1
Turnix_suscitator,CHARADRIIFORMES,resident,False,0.1
Turnix_sylvaticus,CHARADRIIFORMES,dispersive migratory,False,0.5
Turnix_tanki,CHARADRIIFORMES,directional migratory,False,1.0
Turnix_varius,CHARADRIIFORMES,resident,False,0.1
Turnix_velox,CHARADRIIFORMES,dispersive migratory,False,0.5
Turnix_worcesteri,CHARADRIIFORMES,resident,False,0.1
Turtur_abyssinicus,COLUMBIFORMES,directional migratory,False,1.0
Turtur_afer,COLUMBIFORMES,directional migratory,False,1.0
Turtur_brehmeri,COLUMBIFORMES,resident,False,0.1
Turtur_chalcospilos,COLUMBIFORMES,resident,False,0.1
Turtur_tympanistria,COLUMBIFORMES,resident,False,0.1
Tylas_eduardi,PASSERIFORMES,resident,False,0.1
Tympanuchus_cupido,GALLIFORMES,resident,False,0.1
Tympanuchus_pallidicinctus,GALLIFORMES,resident,False,0.1
Tympanuchus_phasianellus,GALLIFORMES,resident,False,0.1
Tyranneutes_stolzmanni,PASSERIFORMES,resident,False,0.1
Tyranneutes_virescens,PASSERIFORMES,resident,False,0.1
Tyrannopsis_sulphurea,PASSERIFORMES,resident,False,0.1
Tyrannulus_elatus,PASSERIFORMES,resident,False,0.1
Tyrannus_albogularis,PASSERIFORMES,directional migratory,False,1.0
Tyrannus_caudifasciatus,PASSERIFORMES,resident,False,0.1
Tyrannus_couchii,PASSERIFORMES,directional migratory,False,1.0
Tyrannus_crassirostris,PASSERIFORMES,directional migratory,False,1.0
Tyrannus_cubensis,PASSERIFORMES,resident,False,0.1
Tyrannus_dominicensis,PASSERIFORMES,directional migratory,False,1.0
Tyrannus_forficatus,PASSERIFORMES,directional migratory,False,1.0
Tyrannus_melancholicus,PASSERIFORMES,directional migratory,False,1.0
Tyrannus_niveigularis,PASSERIFORMES,dispersive migratory,False,0.5
Tyrannus_savana,PASSERIFORMES,directional migratory,False,1.0
Tyrannus_tyrannus,PASSERIFORMES,directional migratory,False,1.0
Tyrannus_verticalis,PASSERIFORMES,directional migratory,False,1.0
Tyrannus_vociferans,PASSERIFORMES,directional migratory,False,1.0
Tyto_alba,STRIGIFORMES,resident,False,0.1
Tyto_aurantia,STRIGIFORMES,resident,False,0.1
Tyto_capensis,STRIGIFORMES,resident,False,0.1
Tyto_delicatula,STRIGIFORMES,resident,False,0.1
Tyto_deroepstorffi,STRIGIFORMES,resident,False,0.1
Tyto_glaucops,STRIGIFORMES,resident,False,0.1
Tyto_inexspectata,STRIGIFORMES,resident,False,0.1
Tyto_longimembris,STRIGIFORMES,resident,False,0.1
Tyto_manusi,STRIGIFORMES,resident,False,0.1
Tyto_nigrobrunnea,STRIGIFORMES,resident,False,0.1
Tyto_novaehollandiae,STRIGIFORMES,resident,False,0.1
Tyto_rosenbergii,STRIGIFORMES,resident,False,0.1
Tyto_sororcula,STRIGIFORMES,resident,False,0.1
Tyto_soumagnei,STRIGIFORMES,resident,False,0.1
Tyto_tenebricosa,STRIGIFORMES,resident,False,0.1
Upucerthia_albigula,PASSERIFORMES,resident,False,0.1
Upucerthia_dumetaria,PASSERIFORMES,directional migratory,False,1.0
Upucerthia_jelskii,PASSERIFORMES,resident,False,0.1
Upucerthia_saturatior,PASSERIFORMES,directional migratory,False,1.0
Upucerthia_validirostris,PASSERIFORMES,resident,False,0.1
Upupa_africana,BUCEROTIFORMES,resident,False,0.1
Upupa_antaios,BUCEROTIFORMES,extinct,False,0.0
Upupa_epops,BUCEROTIFORMES,directional migratory,False,1.0
Upupa_marginata,BUCEROTIFORMES,resident,False,0.1
Uraeginthus_angolensis,PASSERIFORMES,resident,False,0.1
Uraeginthus_bengalus,PASSERIFORMES,resident,False,0.1
Uraeginthus_cyanocephalus,PASSERIFORMES,resident,False,0.1
Uraeginthus_granatinus,PASSERIFORMES,resident,False,0.1
Uraeginthus_ianthinogaster,PASSERIFORMES,resident,False,0.1
Uragus_sibiricus,PASSERIFORMES,directional migratory,False,1.0
Uratelornis_chimaera,CORACIIFORMES,resident,False,0.1
Uria_aalge,CHARADRIIFORMES,directional migratory,True,1.5
Uria_lomvia,CHARADRIIFORMES,directional migratory,True,1.5
Urochroa_bougueri,APODIFORMES,resident,False,0.1
Urocissa_caerulea,PASSERIFORMES,resident,False,0.1
Urocissa_erythroryncha,PASSERIFORMES,resident,False,0.1
Urocissa_flavirostris,PASSERIFORMES,resident,False,0.1
Urocissa_ornata,PASSERIFORMES,resident,False,0.1
Urocissa_whiteheadi,PASSERIFORMES,resident,False,0.1
Urocolius_indicus,COLIIFORMES,resident,False,0.1
Urocolius_macrourus,COLIIFORMES,resident,False,0.1
Urocynchramus_pylzowi,PASSERIFORMES,resident,False,0.1
Urodynamis_taitensis,CUCULIFORMES,directional migratory,False,1.0
Uroglaux_dimorpha,STRIGIFORMES,resident,False,0.1
Urolais_epichlorus,PASSERIFORMES,resident,False,0.1
Urolestes_melanoleucus,PASSERIFORMES,resident,False,0.1
Uropelia_campestris,COLUMBIFORMES,resident,False,0.1
Uropsalis_lyra,CAPRIMULGIFORMES,resident,False,0.1
Uropsalis_segmentata,CAPRIMULGIFORMES,resident,False,0.1
Uropsila_leucogastra,PASSERIFORMES,resident,False,0.1
Urorhipis_rufifrons,PASSERIFORMES,resident,False,0.1
Urosphena_neumanni,PASSERIFORMES,resident,False,0.1
Urosphena_pallidipes,PASSERIFORMES,dispersive migratory,False,0.5
Urosphena_squameiceps,PASSERIFORMES,directional migratory,False,1.0
Urosphena_subulata,PASSERIFORMES,resident,False,0.1
Urosphena_whiteheadi,PASSERIFORMES,resident,False,0.1
Urosticte_benjamini,APODIFORMES,resident,False,0.1
Urosticte_ruficrissa,APODIFORMES,resident,False,0.1
Urothraupis_stolzmanni,PASSERIFORMES,resident,False,0.1
Urotriorchis_macrourus,ACCIPITRIFORMES,resident,False,0.1
Vanellus_albiceps,CHARADRIIFORMES,dispersive migratory,False,0.5
Vanellus_armatus,CHARADRIIFORMES,resident,False,0.1
Vanellus_chilensis,CHARADRIIFORMES,directional migratory,False,1.0
Vanellus_cinereus,CHARADRIIFORMES,directional migratory,False,1.0
Vanellus_coronatus,CHARADRIIFORMES,dispersive migratory,False,0.5
Vanellus_crassirostris,CHARADRIIFORMES,resident,False,0.1
Vanellus_duvaucelii,CHARADRIIFORMES,resident,False,0.1
Vanellus_gregarius,CHARADRIIFORMES,directional migratory,False,1.0
Vanellus_indicus,CHARADRIIFORMES,directional migratory,False,1.0
Vanellus_leucurus,CHARADRIIFORMES,directional migratory,False,1.0
Vanellus_lugubris,CHARADRIIFORMES,directional migratory,False,1.0
Vanellus_macropterus,CHARADRIIFORMES,extinct,False,0.0
Vanellus_malabaricus,CHARADRIIFORMES,dispersive migratory,False,0.5
Vanellus_melanocephalus,CHARADRIIFORMES,resident,False,0.1
Vanellus_melanopterus,CHARADRIIFORMES,dispersive migratory,False,0.5
Vanellus_miles,CHARADRIIFORMES,dispersive migratory,False,0.5
Vanellus_resplendens,CHARADRIIFORMES,resident,False,0.1
Vanellus_senegallus,CHARADRIIFORMES,dispersive migratory,False,0.5
Vanellus_spinosus,CHARADRIIFORMES,directional migratory,False,1.0
Vanellus_superciliosus,CHARADRIIFORMES,dispersive migratory,False,0.5
Vanellus_tectus,CHARADRIIFORMES,resident,False,0.1
Vanellus_tricolor,CHARADRIIFORMES,resident,False,0.1
Vanellus_vanellus,CHARADRIIFORMES,directional migratory,False,1.0
Vanga_curvirostris,PASSERIFORMES,resident,False,0.1
Veles_binotatus,CAPRIMULGIFORMES,resident,False,0.1
Veniliornis_affinis,PICIFORMES,resident,False,0.1
Veniliornis_callonotus,PICIFORMES,resident,False,0.1
Veniliornis_cassini,PICIFORMES,resident,False,0.1
Veniliornis_chocoensis,PICIFORMES,resident,False,0.1
Veniliornis_dignus,PICIFORMES,resident,False,0.1
Veniliornis_frontalis,PICIFORMES,resident,False,0.1
Veniliornis_kirkii,PICIFORMES,resident,False,0.1
Veniliornis_lignarius,PICIFORMES,resident,False,0.1
Veniliornis_maculifrons,PICIFORMES,resident,False,0.1
Veniliornis_mixtus,PICIFORMES,resident,False,0.1
Veniliornis_nigriceps,PICIFORMES,resident,False,0.1
Veniliornis_passerinus,PICIFORMES,resident,False,0.1
Veniliornis_sanguineus,PICIFORMES,resident,False,0.1
Veniliornis_spilogaster,PICIFORMES,resident,False,0.1
Vermivora_bachmanii,PASSERIFORMES,extinct,False,0.0
Vermivora_chrysoptera,PASSERIFORMES,directional migratory,False,1.0
Vermivora_cyanoptera,PASSERIFORMES,directional migratory,False,1.0
Vestiaria_coccinea,PASSERIFORMES,resident,False,0.1
Vidua_camerunensis,PASSERIFORMES,resident,False,0.1
Vidua_chalybeata,PASSERIFORMES,resident,False,0.1
Vidua_codringtoni,PASSERIFORMES,resident,False,0.1
Vidua_fischeri,PASSERIFORMES,resident,False,0.1
Vidua_funerea,PASSERIFORMES,resident,False,0.1
Vidua_hypocherina,PASSERIFORMES,resident,False,0.1
Vidua_interjecta,PASSERIFORMES,resident,False,0.1
Vidua_larvaticola,PASSERIFORMES,resident,False,0.1
Vidua_macroura,PASSERIFORMES,resident,False,0.1
Vidua_maryae,PASSERIFORMES,resident,False,0.1
Vidua_nigeriae,PASSERIFORMES,resident,False,0.1
Vidua_obtusa,PASSERIFORMES,resident,False,0.1
Vidua_orientalis,PASSERIFORMES,resident,False,0.1
Vidua_paradisaea,PASSERIFORMES,resident,False,0.1
Vidua_purpurascens,PASSERIFORMES,resident,False,0.1
Vidua_raricola,PASSERIFORMES,resident,False,0.1
Vidua_regia,PASSERIFORMES,resident,False,0.1
Vidua_togoensis,PASSERIFORMES,resident,False,0.1
Vidua_wilsoni,PASSERIFORMES,resident,False,0.1
Vini_australis,PSITTACIFORMES,nomadic,False,0.3
Vini_kuhlii,PSITTACIFORMES,resident,False,0.1
Vini_peruviana,PSITTACIFORMES,resident,False,0.1
Vini_stepheni,PSITTACIFORMES,resident,False,0.1
Vini_ultramarina,PSITTACIFORMES,resident,False,0.1
Vireo_altiloquus,PASSERIFORMES,directional migratory,False,1.0
Vireo_approximans,PASSERIFORMES,resident,False,0.1
Vireo_atricapilla,PASSERIFORMES,directional migratory,False,1.0
Vireo_bairdi,PASSERIFORMES,resident,False,0.1
Vireo_bellii,PASSERIFORMES,directional migratory,False,1.0
Vireo_brevipennis,PASSERIFORMES,resident,False,0.1
Vireo_caribaeus,PASSERIFORMES,resident,False,0.1
Vireo_carmioli,PASSERIFORMES,resident,False,0.1
Vireo_cassinii,PASSERIFORMES,directional migratory,False,1.0
Vireo_crassirostris,PASSERIFORMES,resident,False,0.1
Vireo_flavifrons,PASSERIFORMES,directional migratory,False,1.0
Vireo_flavoviridis,PASSERIFORMES,directional migratory,False,1.0
Vireo_gilvus,PASSERIFORMES,directional migratory,False,1.0
Vireo_gracilirostris,PASSERIFORMES,resident,False,0.1
Vireo_griseus,PASSERIFORMES,directional migratory,False,1.0
Vireo_gundlachii,PASSERIFORMES,resident,False,0.1
Vireo_huttoni,PASSERIFORMES,resident,False,0.1
Vireo_hypochryseus,PASSERIFORMES,resident,False,0.1
Vireo_latimeri,PASSERIFORMES,resident,False,0.1
Vireo_leucophrys,PASSERIFORMES,resident,False,0.1
Vireo_magister,PASSERIFORMES,resident,False,0.1
Vireo_masteri,PASSERIFORMES,resident,False,0.1
Vireo_modestus,PASSERIFORMES,resident,False,0.1
Vireo_nanus,PASSERIFORMES,resident,False,0.1
Vireo_nelsoni,PASSERIFORMES,resident,False,0.1
Vireo_olivaceus,PASSERIFORMES,directional migratory,False,1.0
Vireo_osburni,PASSERIFORMES,resident,False,0.1
Vireo_pallens,PASSERIFORMES,resident,False,0.1
Vireo_philadelphicus,PASSERIFORMES,directional migratory,False,1.0
Vireo_plumbeus,PASSERIFORMES,directional migratory,False,1.0
Vireo_solitarius,PASSERIFORMES,directional migratory,False,1.0
Vireo_vicinior,PASSERIFORMES,directional migratory,False,1.0
Vireolanius_eximius,PASSERIFORMES,resident,False,0.1
Vireolanius_leucotis,PASSERIFORMES,resident,False,0.1
Vireolanius_melitophrys,PASSERIFORMES,resident,False,0.1
Vireolanius_pulchellus,PASSERIFORMES,resident,False,0.1
Volatinia_jacarina,PASSERIFORMES,resident,False,0.1
Vultur_gryphus,ACCIPITRIFORMES,resident,False,0.1
Wetmorethraupis_sterrhopteron,PASSERIFORMES,resident,False,0.1
Willisornis_poecilinotus,PASSERIFORMES,resident,False,0.1
Willisornis_vidua,PASSERIFORMES,resident,False,0.1
Woodfordia_lacertosa,PASSERIFORMES,resident,False,0.1
Woodfordia_superciliosa,PASSERIFORMES,resident,False,0.1
Xanthocephalus_xanthocephalus,PASSERIFORMES,directional migratory,False,1.0
Xanthomixis_apperti,PASSERIFORMES,resident,False,0.1
Xanthomixis_cinereiceps,PASSERIFORMES,resident,False,0.1
Xanthomixis_tenebrosa,PASSERIFORMES,resident,False,0.1
Xanthomixis_zosterops,PASSERIFORMES,resident,False,0.1
Xanthopsar_flavus,PASSERIFORMES,resident,False,0.1
Xanthotis_flaviventer,PASSERIFORMES,resident,False,0.1
Xanthotis_macleayanus,PASSERIFORMES,resident,False,0.1
Xanthotis_polygrammus,PASSERIFORMES,resident,False,0.1
Xanthotis_provocator,PASSERIFORMES,resident,False,0.1
Xema_sabini,CHARADRIIFORMES,directional migratory,False,1.0
Xenerpestes_minlosi,PASSERIFORMES,resident,False,0.1
Xenerpestes_singularis,PASSERIFORMES,resident,False,0.1
Xenicus_gilviventris,PASSERIFORMES,resident,False,0.1
Xenicus_longipes,PASSERIFORMES,extinct,False,0.0
Xenicus_lyalli,PASSERIFORMES,extinct,False,0.0
Xenocopsychus_ansorgei,PASSERIFORMES,resident,False,0.1
Xenodacnis_parina,PASSERIFORMES,resident,False,0.1
Xenoglaux_loweryi,STRIGIFORMES,resident,False,0.1
Xenoligea_montana,PASSERIFORMES,resident,False,0.1
Xenoperdix_obscurata,GALLIFORMES,resident,False,0.1
Xenoperdix_udzungwensis,GALLIFORMES,resident,False,0.1
Xenopipo_atronitens,PASSERIFORMES,resident,False,0.1
Xenopipo_flavicapilla,PASSERIFORMES,resident,False,0.1
Xenopipo_holochlora,PASSERIFORMES,resident,False,0.1
Xenopipo_unicolor,PASSERIFORMES,resident,False,0.1
Xenopipo_uniformis,PASSERIFORMES,resident,False,0.1
Xenopirostris_damii,PASSERIFORMES,resident,False,0.1
Xenopirostris_polleni,PASSERIFORMES,resident,False,0.1
Xenopirostris_xenopirostris,PASSERIFORMES,resident,False,0.1
Xenops_minutus,PASSERIFORMES,resident,False,0.1
Xenops_rutilans,PASSERIFORMES,resident,False,0.1
Xenops_tenuirostris,PASSERIFORMES,resident,False,0.1
Xenopsaris_albinucha,PASSERIFORMES,resident,False,0.1
Xenornis_setifrons,PASSERIFORMES,resident,False,0.1
Xenospingus_concolor,PASSERIFORMES,resident,False,0.1
Xenospiza_baileyi,PASSERIFORMES,resident,False,0.1
Xenotriccus_callizonus,PASSERIFORMES,resident,False,0.1
Xenotriccus_mexicanus,PASSERIFORMES,resident,False,0.1
Xenus_cinereus,CHARADRIIFORMES,directional migratory,False,1.0
Xiphidiopicus_percussus,PICIFORMES,resident,False,0.1
Xiphocolaptes_albicollis,PASSERIFORMES,resident,False,0.1
Xiphocolaptes_falcirostris,PASSERIFORMES,resident,False,0.1
Xiphocolaptes_major,PASSERIFORMES,resident,False,0.1
Xiphocolaptes_promeropirhynchus,PASSERIFORMES,resident,False,0.1
Xipholena_atropurpurea,PASSERIFORMES,resident,False,0.1
Xipholena_lamellipennis,PASSERIFORMES,resident,False,0.1
Xipholena_punicea,PASSERIFORMES,resident,False,0.1
Xiphorhynchus_chunchotambo,PASSERIFORMES,resident,False,0.1
Xiphorhynchus_elegans,PASSERIFORMES,resident,False,0.1
Xiphorhynchus_erythropygius,PASSERIFORMES,resident,False,0.1
Xiphorhynchus_flavigaster,PASSERIFORMES,resident,False,0.1
Xiphorhynchus_fuscus,PASSERIFORMES,resident,False,0.1
Xiphorhynchus_guttatus,PASSERIFORMES,resident,False,0.1
Xiphorhynchus_lachrymosus,PASSERIFORMES,resident,False,0.1
Xiphorhynchus_obsoletus,PASSERIFORMES,resident,False,0.1
Xiphorhynchus_ocellatus,PASSERIFORMES,resident,False,0.1
Xiphorhynchus_pardalotus,PASSERIFORMES,resident,False,0.1
Xiphorhynchus_spixii,PASSERIFORMES,resident,False,0.1
Xiphorhynchus_susurrans,PASSERIFORMES,resident,False,0.1
Xiphorhynchus_triangularis,PASSERIFORMES,resident,False,0.1
Xolmis_cinereus,PASSERIFORMES,resident,False,0.1
Xolmis_coronatus,PASSERIFORMES,directional migratory,False,1.0
Xolmis_irupero,PASSERIFORMES,resident,False,0.1
Xolmis_pyrope,PASSERIFORMES,directional migratory,False,1.0
Xolmis_rubetra,PASSERIFORMES,directional migratory,False,1.0
Xolmis_salinarum,PASSERIFORMES,resident,False,0.1
Xolmis_velatus,PASSERIFORMES,resident,False,0.1
Yuhina_bakeri,PASSERIFORMES,resident,False,0.1
Yuhina_brunneiceps,PASSERIFORMES,resident,False,0.1
Yuhina_castaniceps,PASSERIFORMES,resident,False,0.1
Yuhina_diademata,PASSERIFORMES,resident,False,0.1
Yuhina_everetti,PASSERIFORMES,resident,False,0.1
Yuhina_flavicollis,PASSERIFORMES,resident,False,0.1
Yuhina_gularis,PASSERIFORMES,resident,False,0.1
Yuhina_humilis,PASSERIFORMES,resident,False,0.1
Yuhina_nigrimenta,PASSERIFORMES,resident,False,0.1
Yuhina_occipitalis,PASSERIFORMES,resident,False,0.1
Yuhina_torqueola,PASSERIFORMES,resident,False,0.1
Zanclostomus_javanicus,CUCULIFORMES,resident,False,0.1
Zaratornis_stresemanni,PASSERIFORMES,resident,False,0.1
Zavattariornis_stresemanni,PASSERIFORMES,resident,False,0.1
Zebrilus_undulatus,PELECANIFORMES,resident,False,0.1
Zeledonia_coronata,PASSERIFORMES,resident,False,0.1
Zenaida_asiatica,COLUMBIFORMES,directional migratory,False,1.0
Zenaida_auriculata,COLUMBIFORMES,nomadic,False,0.3
Zenaida_aurita,COLUMBIFORMES,resident,False,0.1
Zenaida_galapagoensis,COLUMBIFORMES,resident,False,0.1
Zenaida_graysoni,COLUMBIFORMES,extinct,False,0.0
Zenaida_macroura,COLUMBIFORMES,directional migratory,False,1.0
Zenaida_meloda,COLUMBIFORMES,resident,False,0.1
Zimmerius_acer,PASSERIFORMES,resident,False,0.1
Zimmerius_albigularis,PASSERIFORMES,resident,False,0.1
Zimmerius_bolivianus,PASSERIFORMES,resident,False,0.1
Zimmerius_chrysops,PASSERIFORMES,resident,False,0.1
Zimmerius_cinereicapilla,PASSERIFORMES,resident,False,0.1
Zimmerius_flavidifrons,PASSERIFORMES,resident,False,0.1
Zimmerius_gracilipes,PASSERIFORMES,resident,False,0.1
Zimmerius_improbus,PASSERIFORMES,resident,False,0.1
Zimmerius_vilissimus,PASSERIFORMES,resident,False,0.1
Zimmerius_villarejoi,PASSERIFORMES,resident,False,0.1
Zimmerius_viridiflavus,PASSERIFORMES,resident,False,0.1
Zonerodius_heliosylus,PELECANIFORMES,resident,False,0.1
Zonotrichia_albicollis,PASSERIFORMES,directional migratory,False,1.0
Zonotrichia_atricapilla,PASSERIFORMES,directional migratory,False,1.0
Zonotrichia_capensis,PASSERIFORMES,directional migratory,False,1.0
Zonotrichia_leucophrys,PASSERIFORMES,directional migratory,False,1.0
Zonotrichia_querula,PASSERIFORMES,directional migratory,False,1.0
Zoonavena_grandidieri,APODIFORMES,resident,False,0.1
Zoonavena_sylvatica,APODIFORMES,resident,False,0.1
Zoonavena_thomensis,APODIFORMES,resident,False,0.1
Zoothera_andromedae,PASSERIFORMES,resident,False,0.1
Zoothera_aurea,PASSERIFORMES,directional migratory,False,1.0
Zoothera_dauma,PASSERIFORMES,directional migratory,False,1.0
Zoothera_dixoni,PASSERIFORMES,dispersive migratory,False,0.5
Zoothera_everetti,PASSERIFORMES,resident,False,0.1
Zoothera_heinei,PASSERIFORMES,resident,False,0.1
Zoothera_imbricata,PASSERIFORMES,resident,False,0.1
Zoothera_lunulata,PASSERIFORMES,resident,False,0.1
Zoothera_machiki,PASSERIFORMES,resident,False,0.1
Zoothera_major,PASSERIFORMES,resident,False,0.1
Zoothera_margaretae,PASSERIFORMES,resident,False,0.1
Zoothera_marginata,PASSERIFORMES,resident,False,0.1
Zoothera_mollissima,PASSERIFORMES,directional migratory,False,1.0
Zoothera_monticola,PASSERIFORMES,resident,False,0.1
Zoothera_neilgherriensis,PASSERIFORMES,resident,False,0.1
Zoothera_talaseae,PASSERIFORMES,resident,False,0.1
Zoothera_terrestris,PASSERIFORMES,extinct,False,0.0
Zoothera_turipavae,PASSERIFORMES,resident,False,0.1
Zosterops_abyssinicus,PASSERIFORMES,resident,False,0.1
Zosterops_albogularis,PASSERIFORMES,resident,False,0.1
Zosterops_anomalus,PASSERIFORMES,resident,False,0.1
Zosterops_atricapilla,PASSERIFORMES,resident,False,0.1
Zosterops_atriceps,PASSERIFORMES,resident,False,0.1
Zosterops_atrifrons,PASSERIFORMES,resident,False,0.1
Zosterops_borbonicus,PASSERIFORMES,resident,False,0.1
Zosterops_brunneus,PASSERIFORMES,resident,False,0.1
Zosterops_buruensis,PASSERIFORMES,resident,False,0.1
Zosterops_capensis,PASSERIFORMES,resident,False,0.1
Zosterops_ceylonensis,PASSERIFORMES,resident,False,0.1
Zosterops_chloris,PASSERIFORMES,resident,False,0.1
Zosterops_chloronothos,PASSERIFORMES,resident,False,0.1
Zosterops_cinereus,PASSERIFORMES,resident,False,0.1
Zosterops_citrinella,PASSERIFORMES,resident,False,0.1
Zosterops_consobrinorum,PASSERIFORMES,resident,False,0.1
Zosterops_conspicillatus,PASSERIFORMES,resident,False,0.1
Zosterops_erythropleurus,PASSERIFORMES,directional migratory,False,1.0
Zosterops_everetti,PASSERIFORMES,resident,False,0.1
Zosterops_explorator,PASSERIFORMES,resident,False,0.1
Zosterops_feae,PASSERIFORMES,resident,False,0.1
Zosterops_ficedulinus,PASSERIFORMES,resident,False,0.1
Zosterops_finschii,PASSERIFORMES,resident,False,0.1
Zosterops_flavifrons,PASSERIFORMES,resident,False,0.1
Zosterops_flavus,PASSERIFORMES,resident,False,0.1
Zosterops_fuscicapilla,PASSERIFORMES,resident,False,0.1
Zosterops_gibbsi,PASSERIFORMES,resident,False,0.1
Zosterops_grayi,PASSERIFORMES,resident,False,0.1
Zosterops_griseotinctus,PASSERIFORMES,resident,False,0.1
Zosterops_griseovirescens,PASSERIFORMES,resident,False,0.1
Zosterops_hypolais,PASSERIFORMES,resident,False,0.1
Zosterops_hypoxanthus,PASSERIFORMES,resident,False,0.1
Zosterops_inornatus,PASSERIFORMES,resident,False,0.1
Zosterops_japonicus,PASSERIFORMES,directional migratory,False,1.0
Zosterops_kikuyuensis,PASSERIFORMES,resident,False,0.1
Zosterops_kirki,PASSERIFORMES,resident,False,0.1
Zosterops_kuehni,PASSERIFORMES,resident,False,0.1
Zosterops_kulambangrae,PASSERIFORMES,resident,False,0.1
Zosterops_lateralis,PASSERIFORMES,dispersive migratory,False,0.5
Zosterops_leucophaeus,PASSERIFORMES,resident,False,0.1
Zosterops_lugubris,PASSERIFORMES,resident,False,0.1
Zosterops_luteirostris,PASSERIFORMES,resident,False,0.1
Zosterops_luteus,PASSERIFORMES,resident,False,0.1
Zosterops_maderaspatanus,PASSERIFORMES,resident,False,0.1
Zosterops_mauritianus,PASSERIFORMES,resident,False,0.1
Zosterops_mayottensis,PASSERIFORMES,resident,False,0.1
Zosterops_meeki,PASSERIFORMES,resident,False,0.1
Zosterops_melanocephalus,PASSERIFORMES,resident,False,0.1
Zosterops_metcalfii,PASSERIFORMES,resident,False,0.1
Zosterops_meyeni,PASSERIFORMES,resident,False,0.1
Zosterops_minor,PASSERIFORMES,resident,False,0.1
Zosterops_minutus,PASSERIFORMES,resident,False,0.1
Zosterops_modestus,PASSERIFORMES,resident,False,0.1
Zosterops_montanus,PASSERIFORMES,resident,False,0.1
Zosterops_mouroniensis,PASSERIFORMES,resident,False,0.1
Zosterops_murphyi,PASSERIFORMES,resident,False,0.1
Zosterops_mysorensis,PASSERIFORMES,resident,False,0.1
Zosterops_natalis,PASSERIFORMES,resident,False,0.1
Zosterops_nehrkorni,PASSERIFORMES,resident,False,0.1
Zosterops_nigrorum,PASSERIFORMES,resident,False,0.1
Zosterops_novaeguineae,PASSERIFORMES,resident,False,0.1
Zosterops_oleagineus,PASSERIFORMES,resident,False,0.1
Zosterops_olivaceus,PASSERIFORMES,resident,False,0.1
Zosterops_pallidus,PASSERIFORMES,resident,False,0.1
Zosterops_palpebrosus,PASSERIFORMES,resident,False,0.1
Zosterops_poliogastrus,PASSERIFORMES,resident,False,0.1
Zosterops_rennellianus,PASSERIFORMES,resident,False,0.1
Zosterops_rotensis,PASSERIFORMES,resident,False,0.1
Zosterops_salvadorii,PASSERIFORMES,resident,False,0.1
Zosterops_samoensis,PASSERIFORMES,resident,False,0.1
Zosterops_sanctaecrucis,PASSERIFORMES,resident,False,0.1
Zosterops_semiflavus,PASSERIFORMES,extinct,False,0.0
Zosterops_semperi,PASSERIFORMES,resident,False,0.1
Zosterops_senegalensis,PASSERIFORMES,resident,False,0.1
Zosterops_silvanus,PASSERIFORMES,resident,False,0.1
Zosterops_somadikartai,PASSERIFORMES,resident,False,0.1
Zosterops_splendidus,PASSERIFORMES,resident,False,0.1
Zosterops_stalkeri,PASSERIFORMES,resident,False,0.1
Zosterops_strenuus,PASSERIFORMES,extinct,False,0.0
Zosterops_stresemanni,PASSERIFORMES,resident,False,0.1
Zosterops_tenuirostris,PASSERIFORMES,resident,False,0.1
Zosterops_ugiensis,PASSERIFORMES,resident,False,0.1
Zosterops_uropygialis,PASSERIFORMES,resident,False,0.1
Zosterops_vaughani,PASSERIFORMES,resident,False,0.1
Zosterops_vellalavella,PASSERIFORMES,resident,False,0.1
Zosterops_wallacei,PASSERIFORMES,resident,False,0.1
Zosterops_xanthochroa,PASSERIFORMES,resident,False,0.1
Zosterornis_hypogrammicus,PASSERIFORMES,resident,False,0.1
Zosterornis_latistriatus,PASSERIFORMES,resident,False,0.1
Zosterornis_nigrorum,PASSERIFORMES,resident,False,0.1
Zosterornis_striatus,PASSERIFORMES,resident,False,0.1
Zosterornis_whiteheadi,PASSERIFORMES,resident,False,0.1
