farm_id,angle_deg,n_turb,country,TI,expected_AEP_kWh,expected_AEP_noWake_kWh,expected_CF,expected_WakeLoss,precompute_time_s
167,0,3,France,0.06,114965684.92942871,115943115.30486841,0.43746455452598443,0.008430258000827251,0.6893224999998893
167,10,3,France,0.06,114909252.04287936,115943115.30486841,0.43724981751476166,0.008916987086905068,0.6815542999997888
167,20,3,France,0.06,114656803.8608269,115943115.30486841,0.43628920799401405,0.011094332256462221,0.692770599999676
167,30,3,France,0.06,114081573.25506942,115943115.30486841,0.4341003548518623,0.016055649746033948,0.7707848000000013
167,40,3,France,0.06,112939902.2128979,115943115.30486841,0.4297560967005247,0.025902470224934644,0.6602453999994395
167,50,3,France,0.06,111442502.50713636,115943115.30486841,0.4240582287181749,0.03881742168043225,0.6280853999996907
167,60,3,France,0.06,110040267.84380959,115943115.30486841,0.418722480379793,0.05091158233533308,0.6240623000003325
167,70,3,France,0.06,109217392.52091163,115943115.30486841,0.41559129574167286,0.05800881549776996,0.6100365000002057
167,80,3,France,0.06,109167619.4180679,115943115.30486841,0.41540190037316554,0.058438104487572036,0.6080001999998785
167,90,3,France,0.06,109411555.11184779,115943115.30486841,0.41633011838602657,0.05633417884146131,0.6069950999999492
167,100,3,France,0.06,110320340.80704834,115943115.30486841,0.41978820702834224,0.04849597566043648,0.6098173000000315
167,110,3,France,0.06,111165576.98477013,115943115.30486841,0.4230044786330675,0.04120588193215189,0.6179453000004287
167,120,3,France,0.06,112401127.30064277,115943115.30486841,0.427705963853283,0.03054936030407762,0.6144775000002483
167,130,3,France,0.06,113541896.4796756,115943115.30486841,0.4320467902575175,0.020710318321867472,0.6037015000001702
167,140,3,France,0.06,114275312.10142063,115943115.30486841,0.43483756507389887,0.014384667852527146,0.6084083000005194
167,150,3,France,0.06,114647783.23572558,115943115.30486841,0.4362548829365509,0.011172134418993335,0.6071550000006027
167,160,3,France,0.06,114892429.35499473,115943115.30486841,0.4371858042427501,0.009062081410448076,0.611727399999836
167,170,3,France,0.06,114961419.09097068,115943115.30486841,0.43744832226396757,0.008467050512800165,0.6112630000006902
168,0,3,China,0.07,62643452.83577725,66744530.10001932,0.23836930302807174,0.06144439489043434,0.6106834000001982
168,10,3,China,0.07,62694746.363447145,66744530.10001932,0.23856448387917484,0.06067588955234856,0.6510272000004989
168,20,3,China,0.07,62321012.72659667,66744530.10001932,0.2371423619733511,0.06627535420196735,0.6125861000000441
168,30,3,China,0.07,61465642.93929095,66744530.10001932,0.23388753021039174,0.07909093303702568,0.6222731000007116
168,40,3,China,0.07,60773371.39231424,66744530.10001932,0.2312533158002825,0.08946289229629847,0.6117387999993298
168,50,3,China,0.07,60572265.99537774,66744530.10001932,0.23048807456384224,0.09247595414024486,0.6107557000004817
168,60,3,China,0.07,60798764.06896811,66744530.10001932,0.23134993937963513,0.08908244648874215,0.6089375999999902
168,70,3,China,0.07,61490580.32700336,66744530.10001932,0.23398242133562921,0.07871730859656528,0.6092074999996839
168,80,3,China,0.07,62176715.50896108,66744530.10001932,0.23659328580274383,0.06843728743334006,0.6110226999999213
168,90,3,China,0.07,62418463.349299975,66744530.10001932,0.23751317865030433,0.06481530013375723,0.609938599999623
168,100,3,China,0.07,62316639.46509582,66744530.10001932,0.2371257209478532,0.06634087659749995,0.6119865999999092
168,110,3,China,0.07,62197603.49359888,66744530.10001932,0.2366727682404828,0.06812433317916379,0.6197739999997793
168,120,3,China,0.07,62124008.72052874,66744530.10001932,0.2363927272470652,0.06922696695244614,0.6369436999993923
168,130,3,China,0.07,62136274.96922776,66744530.10001932,0.23643940247042528,0.06904318786701932,0.6523516999995991
168,140,3,China,0.07,62169294.342499465,66744530.10001932,0.23656504696537087,0.06854847506849901,0.6167904000003546
168,150,3,China,0.07,62232975.49333345,66744530.10001932,0.23680736489091878,0.06759437215192206,0.6117445999998381
168,160,3,China,0.07,62313121.99113166,66744530.10001932,0.2371123363437278,0.06639357715526677,0.6324446999997235
168,170,3,China,0.07,62494070.36792381,66744530.10001932,0.23780087659027324,0.06368251788912181,0.6399403000004895
169,0,3,China,0.08,86050459.46159565,91661868.94109447,0.32743706035614784,0.06121858024851022,0.6147936999996091
169,10,3,China,0.08,86305966.43137163,91661868.94109447,0.32840930909958765,0.05843108559312442,0.6128373999999894
169,20,3,China,0.08,86770335.90686263,91661868.94109447,0.3301763162361592,0.0533649716151362,0.612713900000017
169,30,3,China,0.08,87155485.96995398,91661868.94109447,0.3316418796421384,0.04916311464297622,0.6089499999998225
169,40,3,China,0.08,87039102.50517435,91661868.94109447,0.331199020187117,0.050432818895400126,0.619707599999856
169,50,3,China,0.08,86540184.23502561,91661868.94109447,0.3293005488395191,0.05587584854243213,0.6169896999999764
169,60,3,China,0.08,85920492.3503654,91661868.94109447,0.32694251274872677,0.06263647749118782,0.6099533999995401
169,70,3,China,0.08,85726615.4163048,91661868.94109447,0.32620477707878537,0.06475160929354282,0.6250364999996236
169,80,3,China,0.08,86490926.65855771,91661868.94109447,0.3291131151391085,0.05641323204810292,0.6128699999999299
169,90,3,China,0.08,87126833.95768802,91661868.94109447,0.331532853720274,0.049475698409780916,0.6184883999994781
169,100,3,China,0.08,87368971.31844738,91661868.94109447,0.3324542287612153,0.046834061668608096,0.6172042000007423
169,110,3,China,0.08,87297121.11088717,91661868.94109447,0.33218082614492833,0.04761792314110748,0.6166348999995535
169,120,3,China,0.08,86816661.63415806,91661868.94109447,0.3303525937372833,0.05285957359270226,0.6531739000001835
169,130,3,China,0.08,86273753.41837718,91661868.94109447,0.3282867329466407,0.05878251867393095,0.619840700000168
169,140,3,China,0.08,86072639.41193719,91661868.94109447,0.3275214589495327,0.06097660448914848,0.615038399999321
169,150,3,China,0.08,86438698.35427131,91661868.94109447,0.3289143772993581,0.05698302518989418,0.6170781999999235
169,160,3,China,0.08,86904845.07016994,91661868.94109447,0.33068814714676537,0.05189752211992953,0.6238725000002887
169,170,3,China,0.08,86437267.30746476,91661868.94109447,0.32890893191577153,0.05699863742672806,0.6106429000001299
170,0,3,Portugal,0.07,90541332.45036161,92524961.71671389,0.3445256181520609,0.02143885530507552,0.6151397000003271
170,10,3,Portugal,0.07,90602465.432242,92524961.71671389,0.3447582398487139,0.02077813650286116,0.6106572999997297
170,20,3,Portugal,0.07,90436982.6636507,92524961.71671389,0.3441285489484426,0.022566656762917713,0.6171008000001166
170,30,3,Portugal,0.07,90228399.62026185,92524961.71671389,0.3433348539583784,0.024821000234331217,0.6155029000001377
170,40,3,Portugal,0.07,90087199.30755533,92524961.71671389,0.34279756205310247,0.02634707827950601,0.6157027999997808
170,50,3,Portugal,0.07,89644151.50183453,92524961.71671389,0.3411116876021101,0.03113549210319715,0.6141956000001301
170,60,3,Portugal,0.07,88765132.37745339,92524961.71671389,0.33776686597204486,0.04063583782689986,0.6161975999993956
170,70,3,Portugal,0.07,87349477.11056986,92524961.71671389,0.3323800498880132,0.05593609021952307,0.6200568000003841
170,80,3,Portugal,0.07,85349148.2308297,92524961.71671389,0.3247684483669319,0.07755543317980035,0.6148275000005015
170,90,3,Portugal,0.07,82791005.6085738,92524961.71671389,0.31503426791694744,0.10520356807001775,0.6262444999993022
170,100,3,Portugal,0.07,81158326.38921411,92524961.71671389,0.30882163770629417,0.12284939238668699,0.6124787999997352
170,110,3,Portugal,0.07,80975941.86719339,92524961.71671389,0.3081276326757739,0.12482058501013427,0.6195479999996678
170,120,3,Portugal,0.07,83911764.04307388,92524961.71671389,0.31929894993559316,0.09309052945097418,0.6092623000004096
170,130,3,Portugal,0.07,87143349.85408598,92524961.71671389,0.3315956995969786,0.0581638918058127,0.615310899999713
170,140,3,Portugal,0.07,89156691.46875696,92524961.71671389,0.33925681685219544,0.036403908582741736,0.6167301000004954
170,150,3,Portugal,0.07,90040405.85459833,92524961.71671389,0.34261950477396624,0.026852816969788022,0.6095849000003
170,160,3,Portugal,0.07,90284850.77767996,92524961.71671389,0.343549660493455,0.02421088209571523,0.6164500000004409
170,170,3,Portugal,0.07,90433651.6117526,92524961.71671389,0.3441158737129094,0.02260265841951181,0.6179739999997764
165,0,4,China,0.07,85998072.71679622,95606824.38348287,0.24542828971688418,0.10050278030515436,0.6779014000003372
165,10,4,China,0.07,85597521.72435361,95606824.38348287,0.24428516473845208,0.10469234517173732,0.6819860000005065
165,20,4,China,0.07,85588969.20872292,95606824.38348287,0.24426075687420926,0.10478180024657997,0.681055699999888
165,30,4,China,0.07,85219164.85564885,95606824.38348287,0.243205379154249,0.10864977050350194,0.6773848000002545
165,40,4,China,0.07,84659844.97633676,95606824.38348287,0.24160914662196564,0.11449997924036605,0.6749438000006194
165,50,4,China,0.07,84721135.25916286,95606824.38348287,0.2417840618126794,0.11385891325766738,0.7168277999999191
165,60,4,China,0.07,85510909.77046892,95606824.38348287,0.2440379845047629,0.10559826328420686,0.6774242999999842
165,70,4,China,0.07,86288247.64172144,95606824.38348287,0.2462564145026297,0.09746769440206736,0.6772955999995247
165,80,4,China,0.07,86619215.26434334,95606824.38348287,0.2472009568046328,0.09400593709806604,0.6934241999997539
165,90,4,China,0.07,86553911.64162458,95606824.38348287,0.247014588018335,0.09468898062701765,0.6758714000006876
165,100,4,China,0.07,86277324.78300664,95606824.38348287,0.2462252419606354,0.09758194209082012,0.689980099999957
165,110,4,China,0.07,85836745.04356821,95606824.38348287,0.24496787969054853,0.10219018781260297,0.6946144000003187
165,120,4,China,0.07,85441132.94788377,95606824.38348287,0.2438388497371112,0.1063280942668287,0.6789455000007365
165,130,4,China,0.07,85618580.32811783,95606824.38348287,0.24434526349348695,0.10447208261307568,0.68583419999959
165,140,4,China,0.07,86232210.18124977,95606824.38348287,0.24609649024329272,0.09805381846625452,0.6779403999998976
165,150,4,China,0.07,86365334.11990346,95606824.38348287,0.24647641015954183,0.09666140804459124,0.686740600000121
165,160,4,China,0.07,86262923.02436091,95606824.38348287,0.2461841410512583,0.0977325773486963,0.6718026999997164
165,170,4,China,0.07,86373485.51161425,95606824.38348287,0.24649967326373928,0.09657614852715247,0.6707281999997576
166,0,4,Japan,0.07,110206155.90283203,114873328.61419123,0.314515285110822,0.040628862832330505,0.6756359999999404
166,10,4,Japan,0.07,109556661.68667826,114873328.61419123,0.3126617057268215,0.04628286645518308,0.6825553999997283
166,20,4,Japan,0.07,109189428.04734284,114873328.61419123,0.3116136645186725,0.049479723756748695,0.6786147999991954
166,30,4,Japan,0.07,109398768.58622189,114873328.61419123,0.31221109756341864,0.047657363933067305,0.6787457000000359
166,40,4,Japan,0.07,110038356.42266501,114873328.61419123,0.31403640531582483,0.042089597732165966,0.6805006000004141
166,50,4,Japan,0.07,110194370.58265255,114873328.61419123,0.3144816512062002,0.04073145688372305,0.6750861000000441
166,60,4,Japan,0.07,109765768.19197977,114873328.61419123,0.3132584708675222,0.04446254395017583,0.6792405999995026
166,70,4,Japan,0.07,110228263.69504721,114873328.61419123,0.3145783781251347,0.040436409175055255,0.6835771999994904
166,80,4,Japan,0.07,110985563.54567204,114873328.61419123,0.3167396219910732,0.033843931532414065,0.6810583000005863
166,90,4,Japan,0.07,111359282.67969212,114873328.61419123,0.3178061720310848,0.030590616437182236,0.681407200000649
166,100,4,Japan,0.07,111219814.25398007,114873328.61419123,0.31740814570199793,0.03180472268268385,0.6751485000004323
166,110,4,Japan,0.07,110595195.90364045,114873328.61419123,0.31562555908573187,0.03724217590071881,0.6767911999995704
166,120,4,Japan,0.07,109423798.85267541,114873328.61419123,0.3122825309722472,0.047439469433486946,0.6737617999997383
166,130,4,Japan,0.07,108277348.92236131,114873328.61419123,0.30901069897934164,0.05741959227091697,0.6827334999998129
166,140,4,Japan,0.07,108836698.07312694,114873328.61419123,0.3106070150488783,0.05255032315933551,0.6976976000005379
166,150,4,Japan,0.07,110058405.1317744,114873328.61419123,0.31409362195141094,0.04191506888938545,0.6793407000004663
166,160,4,Japan,0.07,110793897.4608418,114873328.61419123,0.31619262973984535,0.03551243097560476,0.6815375999995013
166,170,4,Japan,0.07,110844212.07587947,114873328.61419123,0.3163362216777382,0.0350744301302854,0.6765574000000925
160,0,5,United States of America,0.07,205378037.6682069,216046821.1218736,0.46889962937946783,0.049381811767775785,0.7407611999997243
160,10,5,United States of America,0.07,205597109.4192232,216046821.1218736,0.4693997931945735,0.0483678104976867,0.7516588999997111
160,20,5,United States of America,0.07,206725434.27622932,216046821.1218736,0.47197587734298935,0.04314521638060114,0.7504416000001584
160,30,5,United States of America,0.07,207824375.0593171,216046821.1218736,0.47448487456465094,0.03805863016108964,0.7691495999997642
160,40,5,United States of America,0.07,208548087.40972885,216046821.1218736,0.47613718586696085,0.034708836136564315,0.7819545000002108
160,50,5,United States of America,0.07,208964943.2947879,216046821.1218736,0.4770889116319359,0.03277936602034397,0.7440887000002476
160,60,5,United States of America,0.07,209220249.69735178,216046821.1218736,0.47767180296199035,0.03159764808884129,0.7426095999999234
160,70,5,United States of America,0.07,209076037.96850848,216046821.1218736,0.47734255243951706,0.032265150290884566,0.7410857000004398
160,80,5,United States of America,0.07,208677659.4724776,216046821.1218736,0.47643301249424114,0.03410909547814626,0.7486428999991404
160,90,5,United States of America,0.07,208000530.3252333,216046821.1218736,0.47488705553706234,0.03724327326298083,0.7686224999997648
160,100,5,United States of America,0.07,207265193.62891763,216046821.1218736,0.47320820463223207,0.040646872040770145,0.7479296000001341
160,110,5,United States of America,0.07,207037581.90781838,216046821.1218736,0.4726885431685351,0.04170040164105462,0.7459416000001511
160,120,5,United States of America,0.07,207323756.79332304,216046821.1218736,0.4733419104870389,0.04037580503732477,0.747423699999672
160,130,5,United States of America,0.07,207877583.31844604,216046821.1218736,0.4746063546083243,0.037812349013083696,0.7420318000004045
160,140,5,United States of America,0.07,208172377.629191,216046821.1218736,0.47527940097988813,0.0364478563109269,0.7479966999999306
160,150,5,United States of America,0.07,207895226.83984154,216046821.1218736,0.47464663662064277,0.03773068374578707,0.742602899999838
160,160,5,United States of America,0.07,207050950.83521017,216046821.1218736,0.4727190658338132,0.041638521872019475,0.7443553000002794
160,170,5,United States of America,0.07,206026587.1499201,216046821.1218736,0.4703803359587217,0.04637991857469171,0.7430904000002556
161,0,5,United Kingdom,0.06,231897880.75699198,239148763.76320451,0.5294472163401643,0.030319550442636053,0.7600671000000148
161,10,5,United Kingdom,0.06,232152499.9142992,239148763.76320451,0.5300285386171214,0.02925486102797815,0.7430390000008629
161,20,5,United Kingdom,0.06,232647814.65234673,239148763.76320451,0.53115939418344,0.027183703601724504,0.7418319999997038
161,30,5,United Kingdom,0.06,233186188.61397597,239148763.76320451,0.5323885584793971,0.02493249413211454,0.7642117000004873
161,40,5,United Kingdom,0.06,233601191.0395053,239148763.76320451,0.5333360526016103,0.02319716245404553,0.7486217000005126
161,50,5,United Kingdom,0.06,234130359.13792372,239148763.76320451,0.5345441989450314,0.020984447280061293,0.74786050000057
161,60,5,United Kingdom,0.06,234261705.81220135,239148763.76320451,0.5348440771968067,0.020435221466760883,0.7449908999997206
161,70,5,United Kingdom,0.06,234342050.11014807,239148763.76320451,0.5350275116670047,0.020099261971581243,0.7444996000003812
161,80,5,United Kingdom,0.06,234035975.49413955,239148763.76320451,0.5343287111738346,0.021379112267238983,0.7406155999997281
161,90,5,United Kingdom,0.06,233513219.80351332,239148763.76320451,0.5331352050308523,0.02356501397293981,0.7488696000000346
161,100,5,United Kingdom,0.06,232423660.912186,239148763.76320451,0.5306476276533927,0.028121001945372565,0.750153500000124
161,110,5,United Kingdom,0.06,231484246.77836293,239148763.76320451,0.5285028465259428,0.03204915996317122,0.746670699999413
161,120,5,United Kingdom,0.06,231152103.07953852,239148763.76320451,0.527744527578855,0.03343801806805057,0.7450255999992805
161,130,5,United Kingdom,0.06,231228303.21792156,239148763.76320451,0.5279185004975377,0.03311938736645731,0.7457682999993267
161,140,5,United Kingdom,0.06,231098385.18647736,239148763.76320451,0.5276218839873913,0.03366263931306922,0.7440752000002249
161,150,5,United Kingdom,0.06,231223601.65377063,239148763.76320451,0.5279077663328097,0.03313904694603007,0.7475914999995439
161,160,5,United Kingdom,0.06,231065848.36673284,239148763.76320451,0.5275475990108056,0.0337986919492298,0.7634947999995347
161,170,5,United Kingdom,0.06,231275016.3790475,239148763.76320451,0.5280251515503368,0.03292405639174982,0.7476379999998244
162,0,5,United Kingdom,0.06,194514791.47854784,201340468.3941774,0.4440976974396069,0.03390116736128025,0.7451256000003923
162,10,5,United Kingdom,0.06,195040727.16416964,201340468.3941774,0.44529846384513616,0.03128899659493367,0.74356970000008
162,20,5,United Kingdom,0.06,195410282.22662276,201340468.3941774,0.4461421968644355,0.029453523252686256,0.7431105000005118
162,30,5,United Kingdom,0.06,195725273.42692184,201340468.3941774,0.44686135485598594,0.0278890528667209,0.7463391000001138
162,40,5,United Kingdom,0.06,196100820.3554193,201340468.3941774,0.4477187679347473,0.026023819655073503,0.7491994000001796
162,50,5,United Kingdom,0.06,196249126.89822567,201340468.3941774,0.4480573673475472,0.025287223857968232,0.7496479000001273
162,60,5,United Kingdom,0.06,195950569.63184717,201340468.3941774,0.4473757297530757,0.026770071636955155,0.7454703999992489
162,70,5,United Kingdom,0.06,194943652.97444355,201340468.3941774,0.44507683327498526,0.03177113607985846,0.7505848999999216
162,80,5,United Kingdom,0.06,193594663.61296606,201340468.3941774,0.44199694888805036,0.038471176922300974,0.7485435999997208
162,90,5,United Kingdom,0.06,192866836.88072866,201340468.3941774,0.44033524401992846,0.042086082251777436,0.7501060000004145
162,100,5,United Kingdom,0.06,192999514.1208932,201340468.3941774,0.4406381600933635,0.041427112690304094,0.7626289999998335
162,110,5,United Kingdom,0.06,193666440.4175271,201340468.3941774,0.44216082287106645,0.038114682248708946,0.7525578000004316
162,120,5,United Kingdom,0.06,194433966.65764794,201340468.3941774,0.44391316588504093,0.03430260092078538,0.7610062999992806
162,130,5,United Kingdom,0.06,194871017.82456183,201340468.3941774,0.44491099959945624,0.03213189390694128,0.7695874999999432
162,140,5,United Kingdom,0.06,194907111.2169909,201340468.3941774,0.44499340460500203,0.031952628443237326,0.759928200000104
162,150,5,United Kingdom,0.06,194835850.1227014,201340468.3941774,0.44483070804269725,0.032306561732743586,0.7813679000000775
162,160,5,United Kingdom,0.06,194550922.48809937,201340468.3941774,0.444180188328994,0.03372171506418522,0.7499006000007284
162,170,5,United Kingdom,0.06,194305785.52652422,201340468.3941774,0.4436205149007402,0.03493923960622229,0.7655521999995472
163,0,5,Sweden,0.07,175101017.84627905,205672746.66964993,0.3997740133476691,0.14864258545870912,0.7411885999999868
163,10,5,Sweden,0.07,174082911.93991324,205672746.66964993,0.3974495706390713,0.15359271095103352,0.7397463999996035
163,20,5,Sweden,0.07,173730627.482054,205672746.66964993,0.3966452682238676,0.15530555071013435,0.7357574999996359
163,30,5,Sweden,0.07,174431170.81635696,205672746.66964993,0.39824468222912546,0.15189944394272598,0.7424970000001849
163,40,5,Sweden,0.07,175259501.77584496,205672746.66964993,0.400135848803299,0.147872021871009,0.747327299999597
163,50,5,Sweden,0.07,176094048.89651102,205672746.66964993,0.40204120752628086,0.1438143762462024,0.7453812000003381
163,60,5,Sweden,0.07,176817314.34688002,205672746.66964993,0.40369249850885847,0.14029779243974067,0.7397957999992286
163,70,5,Sweden,0.07,176763348.31160718,205672746.66964993,0.4035692883826648,0.1405601803163392,0.7309551999996984
163,80,5,Sweden,0.07,176369871.9098533,205672746.66964993,0.402670940433455,0.1424732991331257,0.7297178999997413
163,90,5,Sweden,0.07,175704776.1427484,205672746.66964993,0.40115245694691415,0.1457070565359633,0.9032490999998117
163,100,5,Sweden,0.07,175051993.25844064,205672746.66964993,0.399662085064933,0.1488809475588524,0.7779423000001771
163,110,5,Sweden,0.07,174765107.41497928,205672746.66964993,0.3990070945547472,0.1502758131796347,0.7398891999991974
163,120,5,Sweden,0.07,174725825.5968705,205672746.66964993,0.39891741003851716,0.150466805028311,0.7333256000001711
163,130,5,Sweden,0.07,175002126.46646485,205672746.66964993,0.3995482339417006,0.14912340453374703,0.7356681000001117
163,140,5,Sweden,0.07,175622808.1140539,205672746.66964993,0.4009653153288902,0.14610559270578527,0.7377527999997255
163,150,5,Sweden,0.07,176437514.91211873,205672746.66964993,0.4028253765116866,0.14214441257250585,0.7362975000005463
163,160,5,Sweden,0.07,176678418.61050135,205672746.66964993,0.40337538495548253,0.1409731164125457,0.7312022999994952
163,170,5,Sweden,0.07,176077559.33922133,205672746.66964993,0.4020035601352085,0.14389455000552007,0.793939500000306
164,0,5,United Kingdom,0.06,244729105.8333481,252934730.2040111,0.5587422507610688,0.03244166731885557,0.750204300000405
164,10,5,United Kingdom,0.06,245222620.3675441,252934730.2040111,0.5598689962729317,0.030490513620832514,0.7393770999997287
164,20,5,United Kingdom,0.06,244890687.79325902,252934730.2040111,0.5591111593453403,0.0318028386385055,0.7439776000001075
164,30,5,United Kingdom,0.06,245259799.01406989,252934730.2040111,0.5599538790275568,0.030343524528050423,0.7444783000000825
164,40,5,United Kingdom,0.06,244997681.4784287,252934730.2040111,0.5593554371653623,0.03137982956781216,0.75449959999969
164,50,5,United Kingdom,0.06,245115432.39739284,252934730.2040111,0.5596242748798923,0.030914290814517305,0.7520122999994783
164,60,5,United Kingdom,0.06,245055227.84722653,252934730.2040111,0.5594868215690103,0.031152314869647056,0.79975850000028
164,70,5,United Kingdom,0.06,245249162.01642272,252934730.2040111,0.5599295936448008,0.03038557884632687,0.7485040000001391
164,80,5,United Kingdom,0.06,244761009.48349,252934730.2040111,0.5588150901449543,0.03231553339443893,0.7502549000000727
164,90,5,United Kingdom,0.06,244428218.9235322,252934730.2040111,0.5580552943459639,0.03363125053494147,0.773448400000234
164,100,5,United Kingdom,0.06,244075175.17014328,252934730.2040111,0.5572492583793226,0.0350270404808463,0.7486114000002999
164,110,5,United Kingdom,0.06,244047808.11661446,252934730.2040111,0.5571867765219508,0.035135238566205096,0.7634817999996812
164,120,5,United Kingdom,0.06,244075034.87589684,252934730.2040111,0.5572489380728238,0.03502759514665405,0.7495428000001993
164,130,5,United Kingdom,0.06,244514177.17788047,252934730.2040111,0.5582515460682203,0.033291406914893934,0.746563700000479
164,140,5,United Kingdom,0.06,244142498.54331803,252934730.2040111,0.5574029647107718,0.0347608715244501,0.7449460999996518
164,150,5,United Kingdom,0.06,244273684.91715205,252934730.2040111,0.5577024769797992,0.03424221450282163,0.743873800000074
164,160,5,United Kingdom,0.06,244270900.16712335,252934730.2040111,0.5576961191030213,0.03425322426026559,0.7469631000003574
164,170,5,United Kingdom,0.06,244379228.75057524,252934730.2040111,0.5579434446360165,0.03382493755023363,0.7466098000004422
156,0,6,United States of America,0.07,239338782.68599105,243437306.27521375,0.4553629807572128,0.016836053815799234,0.8218480000005002
156,10,6,United States of America,0.07,239485360.561657,243437306.27521375,0.4556418579940202,0.016233936260734556,0.8208260000001246
156,20,6,United States of America,0.07,239443997.88746655,243437306.27521375,0.4555631618863519,0.016403847252699364,0.8202631000003748
156,30,6,United States of America,0.07,239123494.69911644,243437306.27521375,0.454953376520389,0.017720421089528513,0.8169999000001553
156,40,6,United States of America,0.07,239058206.72474912,243437306.27521375,0.4548291604352152,0.017988613238736368,0.8176748000005318
156,50,6,United States of America,0.07,239040796.00552514,243437306.27521375,0.45479603501812244,0.018060133580011805,0.8371315999993385
156,60,6,United States of America,0.07,239208700.0476374,243437306.27521375,0.4551154871530392,0.017370411677147663,0.8137280000000828
156,70,6,United States of America,0.07,239365377.65622646,243437306.27521375,0.4554135800156516,0.016726806097598884,0.8148558000002595
156,80,6,United States of America,0.07,239389220.10700518,243437306.27521375,0.4554589423649261,0.016628865271915542,0.8099677999998676
156,90,6,United States of America,0.07,239496056.2112228,243437306.27521375,0.4556622074033919,0.016190000309711117,0.8098886000007042
156,100,6,United States of America,0.07,239516069.82679915,243437306.27521375,0.4557002850585981,0.016107787702766926,0.8152583999999479
156,110,6,United States of America,0.07,239474798.25226545,243437306.27521375,0.4556217622759997,0.016277324472480613,0.8121157000005041
156,120,6,United States of America,0.07,239303010.50041163,243437306.27521375,0.45529492104340114,0.016983000009571925,0.8114863999999216
156,130,6,United States of America,0.07,239172390.98249197,243437306.27521375,0.455046405978866,0.017519563282959404,0.8235494000000472
156,140,6,United States of America,0.07,239039980.39360768,243437306.27521375,0.4547944832450679,0.018063483978231147,0.812596200000371
156,150,6,United States of America,0.07,239184633.4748657,243437306.27521375,0.455069698392058,0.01746927315873377,0.8075944000001982
156,160,6,United States of America,0.07,239058574.6629578,243437306.27521375,0.4548298604698588,0.017987101809718773,0.8093091000000641
156,170,6,United States of America,0.07,239205745.9622233,243437306.27521375,0.45510986674700016,0.01738254656912175,0.8544873000000734
157,0,7,Denmark,0.06,255572182.437854,287544185.44909036,0.41678438101411286,0.11118987838791478,0.8733422999994218
157,10,7,Denmark,0.06,256834264.14954886,287544185.44909036,0.4188425703678227,0.10680070352171558,0.8760196000002907
157,20,7,Denmark,0.06,257367418.5230965,287544185.44909036,0.4197120328165305,0.10494653849064407,0.8747837999999319
157,30,7,Denmark,0.06,258159345.432912,287544185.44909036,0.4210034987490411,0.10219243338301115,0.8776421000002301
157,40,7,Denmark,0.06,260010020.5291121,287544185.44909036,0.4240215598974431,0.09575629177468858,0.8789689000004728
157,50,7,Denmark,0.06,262608395.55425328,287544185.44909036,0.42825896209108494,0.08671985439695827,0.8788655000007566
157,60,7,Denmark,0.06,264478160.90725473,287544185.44909036,0.4313081554260514,0.08021732209890042,0.8717187000002014
157,70,7,Denmark,0.06,266131968.3925017,287544185.44909036,0.4340051669805964,0.07446583217513775,0.8807814000001599
157,80,7,Denmark,0.06,267406880.83770388,287544185.44909036,0.436084280557247,0.07003203552850762,0.8770395000001372
157,90,7,Denmark,0.06,268065975.22314397,287544185.44909036,0.4371591246300456,0.06773988559540882,0.8751916000001074
157,100,7,Denmark,0.06,268717730.16139555,287544185.44909036,0.4382219996108864,0.06547326025143371,0.8899775999998383
157,110,7,Denmark,0.06,267899025.70533112,287544185.44909036,0.43688686514241865,0.06832049033812723,0.8792078000005858
157,120,7,Denmark,0.06,264829472.0251724,287544185.44909036,0.431881069838833,0.07899555815549462,0.8819699999994555
157,130,7,Denmark,0.06,260735976.0912314,287544185.44909036,0.42520544046189074,0.09323161696345741,0.8826659999995172
157,140,7,Denmark,0.06,255664114.06425747,287544185.44909036,0.41693430212696914,0.11087016534534394,0.8802108999998381
157,150,7,Denmark,0.06,252016678.1864795,287544185.44909036,0.41098610271767694,0.1235549493276086,0.8776925999991363
157,160,7,Denmark,0.06,251479773.7973391,287544185.44909036,0.41011052478365806,0.1254221558868435,0.8877898000000641
157,170,7,Denmark,0.06,253153115.1316892,287544185.44909036,0.4128393919303477,0.11960273258069447,0.9722344000001613
158,0,7,Ireland,0.07,269658490.3932252,293926576.1887884,0.4397561813327221,0.08256512939468216,0.88045670000065
158,10,7,Ireland,0.07,273814004.9703543,293926576.1887884,0.4465329500495015,0.06842719525136044,0.8802480000003925
158,20,7,Ireland,0.07,277406968.9303375,293926576.1887884,0.4523923172379933,0.05620317656420567,0.8962215000001379
158,30,7,Ireland,0.07,279710099.4234882,293926576.1887884,0.45614823780738456,0.048367442473691125,0.8826999000002616
158,40,7,Ireland,0.07,281522714.52454513,293926576.1887884,0.459104231122872,0.042200544860823704,0.8788611999998466
158,50,7,Ireland,0.07,282886536.32338595,293926576.1887884,0.46132833712228627,0.037560536405226136,0.8791596000000936
158,60,7,Ireland,0.07,283397463.8361247,293926576.1887884,0.4621615522441695,0.0358222536022087,0.8849245999999766
158,70,7,Ireland,0.07,283103887.1667684,293926576.1887884,0.4616827905524598,0.03682106314560903,0.8840240999998059
158,80,7,Ireland,0.07,282578158.8621045,293926576.1887884,0.46082543845744367,0.038609701354105776,0.8845955000006143
158,90,7,Ireland,0.07,281678717.0535683,293926576.1887884,0.45935863837829144,0.04166979146299903,0.8823609000000943
158,100,7,Ireland,0.07,280481005.68116266,293926576.1887884,0.457405423485262,0.045744657328943596,0.8806551999996373
158,110,7,Ireland,0.07,278436508.1211225,293926576.1887884,0.454071278736338,0.052700467812467205,0.8799073000000135
158,120,7,Ireland,0.07,275952712.50903314,293926576.1887884,0.4500207314237331,0.0611508626161477,0.8834828999997626
158,130,7,Ireland,0.07,273292533.8571506,293926576.1887884,0.4456825405367753,0.07020134959958367,0.9096214000001055
158,140,7,Ireland,0.07,271525429.27896667,293926576.1887884,0.4428007652951185,0.07621341084663791,0.8859848000001875
158,150,7,Ireland,0.07,268797118.109961,293926576.1887884,0.4383514646281164,0.08549569897581104,0.8843764999992345
158,160,7,Ireland,0.07,265698047.14933515,293926576.1887884,0.4332975328593202,0.09603938985538396,0.8796284999998534
158,170,7,Ireland,0.07,266554913.75201932,293926576.1887884,0.4346949017482376,0.09312414954675054,0.8808292999992773
159,0,7,Vietnam,0.07,140014163.67157874,156095674.57793674,0.22833360024719299,0.10302342425464643,0.9008545000006052
159,10,7,Vietnam,0.07,146792976.45758474,156095674.57793674,0.23938841561902274,0.05959613003694905,0.880699999999706
159,20,7,Vietnam,0.07,149304470.89448255,156095674.57793674,0.2434841338788039,0.04350667436376283,0.8730427000000418
159,30,7,Vietnam,0.07,148632879.81851834,156095674.57793674,0.2423889103367879,0.04780910668791346,0.8811024999995425
159,40,7,Vietnam,0.07,145412484.75376585,156095674.57793674,0.23713712451690452,0.06844001189050819,0.8749292999991667
159,50,7,Vietnam,0.07,140957557.59860584,156095674.57793674,0.22987207697098147,0.09697973387323179,0.8891905000000406
159,60,7,Vietnam,0.07,137615643.39028794,156095674.57793674,0.22442211903178072,0.11838913049715506,0.8738812999999936
159,70,7,Vietnam,0.07,136287303.84001866,156095674.57793674,0.22225587710374864,0.12689890857948144,0.8777632999999696
159,80,7,Vietnam,0.07,133721838.44103493,156095674.57793674,0.21807214357637789,0.14333411990689607,0.8960815999998886
159,90,7,Vietnam,0.07,127254155.7166552,156095674.57793674,0.20752471578058576,0.18476821307999353,0.8770133000007263
159,100,7,Vietnam,0.07,117460946.69881926,156095674.57793674,0.1915540552818318,0.24750671652869924,0.8758807999993223
159,110,7,Vietnam,0.07,106179009.46308333,156095674.57793674,0.17315559273170797,0.31978250037883404,0.905622699999185
159,120,7,Vietnam,0.07,98870774.4944262,156095674.57793674,0.16123740132815753,0.36660144644135423,0.8755389999996623
159,130,7,Vietnam,0.07,99206700.63559242,156095674.57793674,0.161785226085441,0.3644493935925196,0.8788009999998394
159,140,7,Vietnam,0.07,103738468.23683737,156095674.57793674,0.16917558420880197,0.33541740655317154,0.875674999999319
159,150,7,Vietnam,0.07,109707007.32446001,156095674.57793674,0.1789090139015982,0.2971809909461354,0.875123399999211
159,160,7,Vietnam,0.07,117995918.06041533,156095674.57793674,0.1924264808552109,0.2440795148266498,0.8901712999995652
159,170,7,Vietnam,0.07,129194939.36045446,156095674.57793674,0.21068972498443322,0.1723349176088224,0.8740996999995332
155,0,9,Italy,0.06,140553431.6254894,176713581.64442936,0.17827680317794192,0.20462575475210984,1.0315661999993608
155,10,9,Italy,0.06,138351650.20849487,176713581.64442936,0.17548408194887732,0.21708535970440385,1.0316524999998364
155,20,9,Italy,0.06,134818861.44080013,176713581.64442936,0.1710031220710301,0.23707696835621178,1.0294874999999593
155,30,9,Italy,0.06,130734929.14711462,176713581.64442936,0.16582309633068826,0.2601874291124366,1.03776790000029
155,40,9,Italy,0.06,128288179.1838219,176713581.64442936,0.16271965903579644,0.27403328035105784,1.0335132000000158
155,50,9,Italy,0.06,130738957.88831005,176713581.64442936,0.16582820635249879,0.26016463097118486,1.0268725999994786
155,60,9,Italy,0.06,139654625.6839774,176713581.64442936,0.17713676520037722,0.2097119848717649,1.0428434999994352
155,70,9,Italy,0.06,149954613.7159627,176713581.64442936,0.19020118431755798,0.15142564413814644,1.082140999999865
155,80,9,Italy,0.06,156988010.69119224,176713581.64442936,0.19912228651850866,0.11162453258928068,1.0311068000000887
155,90,9,Italy,0.06,160050644.1335389,176713581.64442936,0.203006905293682,0.09429347396975092,1.0299746999999115
155,100,9,Italy,0.06,159872046.8799208,176713581.64442936,0.20278037402323795,0.09530413343325188,1.0309803000000102
155,110,9,Italy,0.06,158308667.92220667,176713581.64442936,0.20079739716160155,0.104151098919243,1.0286890999996103
155,120,9,Italy,0.06,158298267.80225208,176713581.64442936,0.2007842057359869,0.10420995189397084,1.0334546000003684
155,130,9,Italy,0.06,159058021.58057985,176713581.64442936,0.20174787110677303,0.09991060052970227,1.0270705000002636
155,140,9,Italy,0.06,157470412.89069366,176713581.64442936,0.19973416145445672,0.10889467903183267,1.0313082000002396
155,150,9,Italy,0.06,153275381.99215066,176713581.64442936,0.19441321916812615,0.13263383286203428,1.027424500000052
155,160,9,Italy,0.06,147800783.18999964,176713581.64442936,0.18746928359969514,0.16361390101076675,1.029876300000069
155,170,9,Italy,0.06,142911580.18353438,176713581.64442936,0.18126785918763874,0.19128128775584993,1.0425564000006489
138,0,10,United States of America,0.07,431302886.5870262,438347721.50529766,0.49235489336418514,0.01607133919637892,1.1358369999998104
138,10,10,United States of America,0.07,431445421.09356534,438347721.50529766,0.4925176039880883,0.015746176090592267,2.1108983999993143
138,20,10,United States of America,0.07,431087642.4341694,438347721.50529766,0.492109180860924,0.016562374377576197,1.1695607000001473
138,30,10,United States of America,0.07,430762365.8127312,438347721.50529766,0.49173786051681645,0.017304425962380146,1.163641799999823
138,40,10,United States of America,0.07,430544892.6032725,438347721.50529766,0.49148960342839326,0.017800546276891874,1.1577532999999676
138,50,10,United States of America,0.07,430510251.4664586,438347721.50529766,0.4914500587516651,0.017879572892326126,1.1578644999999597
138,60,10,United States of America,0.07,430971790.6790465,438347721.50529766,0.4919769299989115,0.016826666284295966,1.1524031999997533
138,70,10,United States of America,0.07,431383686.52621186,438347721.50529766,0.49244713073768476,0.01588701078488813,1.1684133999997357
138,80,10,United States of America,0.07,431496532.3760124,438347721.50529766,0.49257595020092737,0.015629576231759826,1.142841099999714
138,90,10,United States of America,0.07,431415651.1387182,438347721.50529766,0.4924836200213678,0.015814090108132787,1.152985899999294
138,100,10,United States of America,0.07,431636358.2885957,438347721.50529766,0.4927355688225978,0.01531059222494641,1.1471413999997822
138,110,10,United States of America,0.07,431451516.22780937,438347721.50529766,0.492524561903892,0.01573227129778738,1.1408848999999464
138,120,10,United States of America,0.07,431266598.0107,438347721.50529766,0.49231346804874426,0.01615412410558656,1.1378429999995205
138,130,10,United States of America,0.07,431183120.788291,438347721.50529766,0.4922181744158573,0.016344560187066228,1.1418446999996377
138,140,10,United States of America,0.07,430825125.7996165,438347721.50529766,0.4918095043374618,0.017161251984721976,1.1398327999995672
138,150,10,United States of America,0.07,430954435.75492465,438347721.50529766,0.4919571184416948,0.01686625796749728,1.1657215000004726
138,160,10,United States of America,0.07,431087129.38885415,438347721.50529766,0.49210859519275585,0.01656354478474406,1.137325000000601
138,170,10,United States of America,0.07,431364968.6002856,438347721.50529766,0.49242576324233517,0.015929711875843938,1.1393631999999343
151,0,10,South Korea,0.08,314972960.4884081,326217913.18743426,0.3595581740735252,0.03447067817077593,1.1731110999999146
151,10,10,South Korea,0.08,314640483.21352077,326217913.18743426,0.359178633805389,0.035489865840878806,1.143946700000015
151,20,10,South Korea,0.08,313893853.4072155,326217913.18743426,0.3583263166749035,0.03777861141898046,1.140157800000452
151,30,10,South Korea,0.08,313958089.6923578,326217913.18743426,0.3583996457675317,0.03758169922456827,1.1434811999997692
151,40,10,South Korea,0.08,313363133.5170313,326217913.18743426,0.3577204720514056,0.03940549905675168,1.1454897000003257
151,50,10,South Korea,0.08,312762928.3931784,326217913.18743426,0.3570353063849069,0.041245389202539146,1.1864291000001685
151,60,10,South Korea,0.08,311904004.6167412,326217913.18743426,0.35605479979080046,0.043878364712819334,1.1542506000005233
151,70,10,South Korea,0.08,308812076.37496996,326217913.18743426,0.3525252013412899,0.05335647157568403,1.1506304000004093
151,80,10,South Korea,0.08,304185396.1042161,326217913.18743426,0.34724360285869416,0.06753926192446393,1.151705999999649
151,90,10,South Korea,0.08,301088791.3759603,326217913.18743426,0.34370866595429256,0.07703170425541771,1.145212999999785
151,100,10,South Korea,0.08,300660800.46780795,326217913.18743426,0.34322009185822827,0.0783436828159158,1.1451054999997723
151,110,10,South Korea,0.08,301166446.59804255,326217913.18743426,0.3437973134680851,0.07679365717417837,1.1427682000003188
151,120,10,South Korea,0.08,303898492.0122173,326217913.18743426,0.3469160867719375,0.06841874793795569,1.1416994000001068
151,130,10,South Korea,0.08,306751571.5436031,326217913.18743426,0.3501730268762593,0.05967281641166775,1.1631366000001435
151,140,10,South Korea,0.08,309718161.1157666,326217913.18743426,0.35355954465270156,0.05057892716696844,1.1445212999997239
151,150,10,South Korea,0.08,312318136.43097025,326217913.18743426,0.3565275530033907,0.042608870312028646,1.142602199999601
151,160,10,South Korea,0.08,313555759.98242205,326217913.18743426,0.3579403652767375,0.038815015034863946,1.1436585999999807
151,170,10,South Korea,0.08,314528150.60714984,326217913.18743426,0.35905040023647244,0.03583421420995927,1.1436096999996153
152,0,10,Denmark,0.06,413025577.89824355,452199328.7054947,0.47149038572858853,0.08662938735312446,1.1317162999994252
152,10,10,Denmark,0.06,412806621.0292433,452199328.7054947,0.4712404349648896,0.08711359167431854,1.1272825999994893
152,20,10,Denmark,0.06,410209185.1991333,452199328.7054947,0.46827532556978685,0.09285759805651653,1.1223223999995753
152,30,10,Denmark,0.06,405152196.98597795,452199328.7054947,0.46250250797486064,0.10404069341322993,1.1253756999994948
152,40,10,Denmark,0.06,398925539.73188853,452199328.7054947,0.4553944517487312,0.11781041145309165,1.1466215000000375
152,50,10,Denmark,0.06,394119647.98146117,452199328.7054947,0.4499082739514397,0.12843822853584835,1.122563099999752
152,60,10,Denmark,0.06,392172491.0806961,452199328.7054947,0.44768549210125125,0.1327441988837902,1.13585299999977
152,70,10,Denmark,0.06,392584483.68973917,452199328.7054947,0.448155803298789,0.1318331125930996,1.1295867999997427
152,80,10,Denmark,0.06,394002932.95419884,452199328.7054947,0.44977503761894844,0.1286963338001716,1.1230084999997416
152,90,10,Denmark,0.06,395362041.32162315,452199328.7054947,0.4513265311890675,0.12569078230739295,1.1215000000001965
152,100,10,Denmark,0.06,395608292.27323747,452199328.7054947,0.45160763958132133,0.12514621946533994,1.1239997000002404
152,110,10,Denmark,0.06,395306505.862679,452199328.7054947,0.45126313454643724,0.1258135942078509,1.1262786999996024
152,120,10,Denmark,0.06,395654666.6207502,452199328.7054947,0.4516605783341897,0.12504366657645027,1.1407460999998875
152,130,10,Denmark,0.06,396971653.4131268,452199328.7054947,0.45316398791452833,0.12213126333130003,1.1299273000004177
152,140,10,Denmark,0.06,399285502.1224719,452199328.7054947,0.4558053677197168,0.11701438552440693,1.1413837999998577
152,150,10,Denmark,0.06,402948334.56739426,452199328.7054947,0.45998668329611214,0.10891434597899702,1.1407782000005682
152,160,10,Denmark,0.06,407080402.7893752,452199328.7054947,0.4647036561522548,0.09977663179041175,1.1366072000000713
152,170,10,Denmark,0.06,410633723.1671684,452199328.7054947,0.46875995795338854,0.09191876878127099,1.1253411999996388
153,0,10,Denmark,0.06,251776394.81183255,385683156.10800135,0.2874159758125942,0.3471936981833643,1.0939334000004237
153,10,10,Denmark,0.06,253072474.977271,385683156.10800135,0.28889551938044633,0.343833219134921,1.0972732999998698
153,20,10,Denmark,0.06,253517219.96591023,385683156.10800135,0.28940321913916695,0.3426800835063723,1.1003344999999172
153,30,10,Denmark,0.06,251790488.67325804,385683156.10800135,0.28743206469550003,0.34715715559341115,1.1133320999997522
153,40,10,Denmark,0.06,248066855.5071129,385683156.10800135,0.2831813419030969,0.35681179854883865,1.0964478000005329
153,50,10,Denmark,0.06,243127987.85245562,385683156.10800135,0.27754336512837396,0.36961730373215096,1.095314199999848
153,60,10,Denmark,0.06,237061978.46050343,385683156.10800135,0.27061869687272083,0.3853452640951738,1.1240482000002885
153,70,10,Denmark,0.06,230647817.50242695,385683156.10800135,0.2632965953224052,0.4019759124823187,1.0925090999999156
153,80,10,Denmark,0.06,226160305.824484,385683156.10800135,0.2581738650964429,0.4136111410549824,1.08862549999958
153,90,10,Denmark,0.06,224717030.44322598,385683156.10800135,0.2565262904603036,0.41735326813105794,1.0940411999999924
153,100,10,Denmark,0.06,226031388.07852587,385683156.10800135,0.2580266987197784,0.4139453992249763,1.097188599999754
153,110,10,Denmark,0.06,228760412.63766167,385683156.10800135,0.2611420235589745,0.4068695793040991,1.0977798000003531
153,120,10,Denmark,0.06,232310082.3721977,385683156.10800135,0.26519415795912976,0.3976659890556776,1.116721399999733
153,130,10,Denmark,0.06,236074151.10967067,385683156.10800135,0.26949104007953273,0.3879065046761758,1.0928899000000456
153,140,10,Denmark,0.06,239554417.45233274,385683156.10800135,0.27346394686339354,0.37888286367048074,1.0969929000002594
153,150,10,Denmark,0.06,242853944.11365393,385683156.10800135,0.2772305298101072,0.3703278448446204,1.1438562000003003
153,160,10,Denmark,0.06,245943248.10330662,385683156.10800135,0.28075713253802126,0.36231789175040846,1.0974978999993255
153,170,10,Denmark,0.06,249089320.4519424,385683156.10800135,0.2843485393287014,0.35416074955010246,1.0942152999996324
154,0,10,Denmark,0.06,387383635.9745962,434381518.804405,0.44221876252807785,0.10819494107200073,1.1112779999994018
154,10,10,Denmark,0.06,391132621.85072213,434381518.804405,0.44649842677023077,0.09956431174309956,1.112492199999906
154,20,10,Denmark,0.06,392210448.23635435,434381518.804405,0.4477288221876191,0.09708302204965488,1.1189331999994465
154,30,10,Denmark,0.06,390398606.35518974,434381518.804405,0.44566050953788783,0.10125410622964379,1.1101527999999234
154,40,10,Denmark,0.06,384966027.26482177,434381518.804405,0.4394589352338148,0.11376057543975347,1.1100647000002937
154,50,10,Denmark,0.06,377628993.9136407,434381518.804405,0.43108332638543456,0.13065133398623952,1.112579900000128
154,60,10,Denmark,0.06,368089481.9989186,434381518.804405,0.42019347260150525,0.1526124706869415,1.1182813000004899
154,70,10,Denmark,0.06,357940642.4836546,434381518.804405,0.40860803936490253,0.17597635491295027,1.1109392000007574
154,80,10,Denmark,0.06,350575942.99089795,434381518.804405,0.4002008481631255,0.19293080434032767,1.111340200000086
154,90,10,Denmark,0.06,347468667.7505461,434381518.804405,0.3966537303088426,0.20008413639023703,1.1155618000002505
154,100,10,Denmark,0.06,347561500.27053386,434381518.804405,0.39675970350517564,0.19987042444355183,1.1117063000001508
154,110,10,Denmark,0.06,350026767.4380364,434381518.804405,0.3995739354315484,0.19419507440958184,1.1175051999998686
154,120,10,Denmark,0.06,354345440.1964164,434381518.804405,0.4045039271648589,0.1842529553934074,1.1137271000006876
154,130,10,Denmark,0.06,358549184.9684416,434381518.804405,0.4093027225667142,0.17457541482124944,1.1144090999996479
154,140,10,Denmark,0.06,364405767.29068685,434381518.804405,0.415988318824985,0.16109283771169622,1.1148616000000402
154,150,10,Denmark,0.06,369980768.0479319,434381518.804405,0.42235247494056155,0.148258496203361,1.115421100000276
154,160,10,Denmark,0.06,376563708.25793463,434381518.804405,0.4298672468697884,0.13310375336779642,1.1106151000003592
154,170,10,Denmark,0.06,382964225.9501476,434381518.804405,0.4371737739156936,0.11836896973835051,1.1121430000002874
148,0,11,Finland,0.07,358391181.8008056,411476355.75249374,0.37192941241262517,0.1290114807559423,1.2883901000004698
148,10,11,Finland,0.07,357888634.966517,411476355.75249374,0.37140788186645596,0.13023280690813302,1.2307441000002655
148,20,11,Finland,0.07,357692264.11201227,411476355.75249374,0.3712040931008845,0.1307100417522727,1.2185535999997228
148,30,11,Finland,0.07,357086722.903062,411476355.75249374,0.3705756775664819,0.13218167238301184,1.22455170000012
148,40,11,Finland,0.07,357896725.7063533,411476355.75249374,0.3714162782340736,0.13021314419915053,1.2195681000002878
148,50,11,Finland,0.07,359570131.91894263,411476355.75249374,0.37315289738370966,0.12614630976457153,1.2164596000002348
148,60,11,Finland,0.07,360804685.19969726,411476355.75249374,0.3744340859274567,0.12314600789182621,1.2474492000001192
148,70,11,Finland,0.07,361018514.3887772,411476355.75249374,0.37465599251637316,0.12262634452334688,1.2290327000000616
148,80,11,Finland,0.07,359944451.1644688,411476355.75249374,0.3735413565426202,0.12523661169737238,1.223979500000496
148,90,11,Finland,0.07,358489657.7715353,411476355.75249374,0.3720316083141711,0.12877215723381777,1.2321672999996736
148,100,11,Finland,0.07,357480306.6007485,411476355.75249374,0.37098412889243304,0.13122515643213364,1.2229202999997142
148,110,11,Finland,0.07,357649302.8067125,411476355.75249374,0.37115950893183114,0.13081444946537493,1.2228955999999016
148,120,11,Finland,0.07,356949648.7515482,411476355.75249374,0.37043342543747215,0.13251480003323401,1.2208677999997235
148,130,11,Finland,0.07,356926137.26148874,411476355.75249374,0.37040902580063173,0.13257193937971345,1.2201967000000877
148,140,11,Finland,0.07,358114707.6155736,411476355.75249374,0.37164249441217684,0.12968338858580153,1.217553699999371
148,150,11,Finland,0.07,359113415.4907341,411476355.75249374,0.37267892848768586,0.12725625550464523,1.2218337000003885
148,160,11,Finland,0.07,359075987.5417587,411476355.75249374,0.3726400866975495,0.12734721564962595,1.2147391999997126
148,170,11,Finland,0.07,358532921.21647704,411476355.75249374,0.3720765060361945,0.1286670152388114,1.2241815999996106
149,0,11,Sweden,0.07,299874189.9482116,363153702.9661084,0.3112019405855247,0.17424994568705357,1.2073159999999916
149,10,11,Sweden,0.07,299492977.2830741,363153702.9661084,0.3108063276080055,0.17529967383803735,1.2015449000000444
149,20,11,Sweden,0.07,296496502.48160857,363153702.9661084,0.30769666093981796,0.18355093157543997,1.208156699999563
149,30,11,Sweden,0.07,291572424.78016764,363153702.9661084,0.3025865761521042,0.1971101426236073,1.2023914000001241
149,40,11,Sweden,0.07,284596268.94524306,363153702.9661084,0.2953468959581186,0.216320068828258,1.2073363999998037
149,50,11,Sweden,0.07,276270343.619775,363153702.9661084,0.28670645871707656,0.23924679450244196,1.2009550000002491
149,60,11,Sweden,0.07,267414352.2204659,363153702.9661084,0.2775159321507533,0.2636331392566784,1.2412343000005421
149,70,11,Sweden,0.07,259718411.8639488,363153702.9661084,0.26952927756740225,0.2848251036884313,1.2340400000002774
149,80,11,Sweden,0.07,254816512.42104408,363153702.9661084,0.2644422088221711,0.29832324346469613,1.2095804999999018
149,90,11,Sweden,0.07,254258547.34135675,363153702.9661084,0.26386316660580816,0.29985968678092856,1.2313157999997202
149,100,11,Sweden,0.07,257929157.54953146,363153702.9661084,0.2676724341526894,0.28975209272861824,1.2067143000003853
149,110,11,Sweden,0.07,264396534.23781666,363153702.9661084,0.27438411606249136,0.27194316875107927,1.2020148000001427
149,120,11,Sweden,0.07,270799749.9616191,363153702.9661084,0.2810292133267114,0.2543109219324367,1.2067358000003878
149,130,11,Sweden,0.07,276255097.73087573,363153702.9661084,0.2866906369145659,0.23928877642022153,1.201839100000143
149,140,11,Sweden,0.07,281831952.7258164,363153702.9661084,0.2924781576648157,0.22393204193179153,1.2061147000003984
149,150,11,Sweden,0.07,287447943.70801944,363153702.9661084,0.2983062927646528,0.20846754043742807,1.2115231999996467
149,160,11,Sweden,0.07,292782968.35051996,363153702.9661084,0.30384284801838934,0.19377672330152676,1.2113597999996273
149,170,11,Sweden,0.07,297697858.0518088,363153702.9661084,0.3089433977291498,0.1802428128356668,1.2123178000001644
150,0,11,United Kingdom,0.06,422331262.6830778,465428278.3160293,0.43828483051377937,0.092596470048793,1.2222202000002653
150,10,11,United Kingdom,0.06,420053777.02009076,465428278.3160293,0.4359213128062378,0.09748978179862317,1.219803299999512
150,20,11,United Kingdom,0.06,418979572.683579,465428278.3160293,0.4348065303897665,0.09979777292541572,1.222399299999779
150,30,11,United Kingdom,0.06,417984330.2999955,465428278.3160293,0.43377369271481475,0.10193610965730585,1.2189574999993056
150,40,11,United Kingdom,0.06,417890121.9578185,465428278.3160293,0.43367592565153434,0.10213852181523882,1.24377960000038
150,50,11,United Kingdom,0.06,419392904.7936545,465428278.3160293,0.43523547612458957,0.09890970460354462,1.2237748999996256
150,60,11,United Kingdom,0.06,419475313.0951379,465428278.3160293,0.4353209974005167,0.0987326455262974,1.2249085000003106
150,70,11,United Kingdom,0.06,420134644.78386194,465428278.3160293,0.4360052353506247,0.09731603265715766,1.2190018000001146
150,80,11,United Kingdom,0.06,421391538.64218074,465428278.3160293,0.4373096083874852,0.09461552235970348,1.2286968999997043
150,90,11,United Kingdom,0.06,423368920.6525439,465428278.3160293,0.4393616860238106,0.090367000938707,1.2147837000002255
150,100,11,United Kingdom,0.06,425210461.3544849,465428278.3160293,0.4412727909448785,0.08641034254956935,1.2235067999999956
150,110,11,United Kingdom,0.06,426180527.80045974,465428278.3160293,0.4422795016609171,0.08432609779872474,1.2228347999998732
150,120,11,United Kingdom,0.06,427179061.9100505,465428278.3160293,0.44331575540686025,0.0821806886001183,1.2266298000004099
150,130,11,United Kingdom,0.06,426879087.8747762,465428278.3160293,0.4430044498492903,0.0828252004384614,1.2326187000007849
150,140,11,United Kingdom,0.06,425777114.6950355,465428278.3160293,0.441860849621249,0.08519285455635842,1.2248152000001937
150,150,11,United Kingdom,0.06,425625272.763787,465428278.3160293,0.4417032718594717,0.0855190958664007,1.2204142000000502
150,160,11,United Kingdom,0.06,425017827.42048544,465428278.3160293,0.44107288026202307,0.08682422787406328,1.2189570999998978
150,170,11,United Kingdom,0.06,424208251.8402216,465428278.3160293,0.44023272295581317,0.08856364857104582,1.219050600000628
146,0,12,United States of America,0.07,509831869.95127094,524114069.301447,0.4849998762854556,0.02725017355327196,2.696647899999334
146,10,12,United States of America,0.07,509726633.0825934,524114069.301447,0.48489976510901195,0.027450963562244277,2.7189019999996162
146,20,12,United States of America,0.07,509050596.4361081,524114069.301447,0.48425665566600845,0.02874082904398246,2.7458363000005193
146,30,12,United States of America,0.07,508799786.4727516,524114069.301447,0.4840180617130438,0.02921936983891052,2.7697487000004912
146,40,12,United States of America,0.07,507959100.88855356,524114069.301447,0.4832183227630837,0.030823382464098287,2.7889542999992045
146,50,12,United States of America,0.07,507875197.038115,524114069.301447,0.48313850555376237,0.030983469466819593,2.896382399999311
146,60,12,United States of America,0.07,508386498.3623632,524114069.301447,0.4836249033127504,0.030007915948613774,2.776835700000447
146,70,12,United States of America,0.07,509417187.33851576,524114069.301447,0.48460539130376307,0.028041380347830783,2.7719209999995655
146,80,12,United States of America,0.07,509615195.6407348,524114069.301447,0.4847937553659958,0.027663584150749213,2.7979859999995824
146,90,12,United States of America,0.07,510017716.0035434,524114069.301447,0.4851766704752125,0.02689558270529083,2.838837700000113
146,100,12,United States of America,0.07,510096834.37870765,524114069.301447,0.4852519352917691,0.026744626301335256,2.7688379000001078
146,110,12,United States of America,0.07,509551060.5029644,524114069.301447,0.4847327440096693,0.027785952813463983,2.774811100000079
146,120,12,United States of America,0.07,509531913.5049172,524114069.301447,0.4847145295899136,0.027822484933413924,2.8033722000000125
146,130,12,United States of America,0.07,508750528.67188764,524114069.301447,0.48397120307447455,0.02931335281656581,2.833875700000135
146,140,12,United States of America,0.07,508271070.0538715,524114069.301447,0.4835150970832111,0.030228151037218726,2.7858870999998544
146,150,12,United States of America,0.07,508760670.6736567,524114069.301447,0.4839808510974664,0.029294002063813485,2.7929432000000816
146,160,12,United States of America,0.07,509353931.47922856,524114069.301447,0.48454521639957054,0.028162071363379195,2.788160600000083
146,170,12,United States of America,0.07,509519106.3086333,524114069.301447,0.4847023461840119,0.02784692082825824,2.7818156000003
147,0,12,China,0.07,314641858.4776253,336646453.9212793,0.29931683645131785,0.0653641088071568,2.7847357000000557
147,10,12,China,0.07,315838793.59397054,336646453.9212793,0.30045547335803896,0.061808642523751026,2.7759015999999974
147,20,12,China,0.07,316353668.87233436,336646453.9212793,0.3009452709972739,0.06027921819039915,2.7991436999991492
147,30,12,China,0.07,316881699.0085171,336646453.9212793,0.3014475827706593,0.058710717675891436,2.7800058000002537
147,40,12,China,0.07,316439995.2124672,336646453.9212793,0.3010273927059239,0.060022787923193606,2.802372699999978
147,50,12,China,0.07,313839338.04992217,336646453.9212793,0.2985534037765622,0.06774797597211676,2.8414989000002606
147,60,12,China,0.07,308369384.70274496,336646453.9212793,0.2933498712925656,0.08399633766867659,2.7667611999995643
147,70,12,China,0.07,306358302.6745728,336646453.9212793,0.2914367415092968,0.08997020730177957,2.758298400000058
147,80,12,China,0.07,308873571.2302438,336646453.9212793,0.29382950078980574,0.08249866400651248,2.7971635000003516
147,90,12,China,0.07,313028504.54898536,336646453.9212793,0.29778206292711695,0.07015653691637197,2.755122399999891
147,100,12,China,0.07,314543110.3749935,336646453.9212793,0.29922289799752044,0.06565743761392599,2.759535600000163
147,110,12,China,0.07,313025934.6239387,336646453.9212793,0.29777961817345766,0.07016417081542764,2.791263699999945
147,120,12,China,0.07,309049285.1013285,336646453.9212793,0.2939966562988285,0.08197671028016854,2.801980999999614
147,130,12,China,0.07,307332350.2507413,336646453.9212793,0.2923633468899746,0.08707682296690034,2.7720486999996865
147,140,12,China,0.07,308419908.5268717,336646453.9212793,0.29339793429116406,0.08384625789347558,2.76841450000029
147,150,12,China,0.07,310379944.23866826,336646453.9212793,0.29526250403221865,0.07802402008593012,2.7918202000000747
147,160,12,China,0.07,312163335.67473716,336646453.9212793,0.2969590331761198,0.07272649974880542,2.772274400000242
147,170,12,China,0.07,313818733.75471646,336646453.9212793,0.2985338030391138,0.06780918052355556,2.7725209999998697
145,0,14,Japan,0.07,246045190.91182673,281348328.58957845,0.20062393257650582,0.125478398449101,3.1707824999994045
145,10,14,Japan,0.07,248867570.64318186,281348328.58957845,0.20292528591257492,0.11544677769804147,3.173381800000243
145,20,14,Japan,0.07,248374180.04843393,281348328.58957845,0.20252297786075826,0.1172004422647419,3.142080200000237
145,30,14,Japan,0.07,246766000.45704055,281348328.58957845,0.2012116768240709,0.1229164157679623,3.1764305999995486
145,40,14,Japan,0.07,247248167.74978173,281348328.58957845,0.20160483345546457,0.12120264232861643,3.1572242000002007
145,50,14,Japan,0.07,244858522.81120962,281348328.58957845,0.19965632975473713,0.1296961882137176,3.1653046999999788
145,60,14,Japan,0.07,236083539.47578034,281348328.58957845,0.19250125528031664,0.16088522487662926,3.196857699999782
145,70,14,Japan,0.07,218965213.75463542,281348328.58957845,0.17854306405302953,0.2217291111970508,3.156003199999759
145,80,14,Japan,0.07,203118114.0953172,281348328.58957845,0.16562142375678182,0.2780546622986371,3.1555265999995754
145,90,14,Japan,0.07,203599047.02520677,281348328.58957845,0.16601357389530885,0.2763452761711257,3.163357299999916
145,100,14,Japan,0.07,215820260.6753889,281348328.58957845,0.17597868613453108,0.23290725856694072,3.1593450000000303
145,110,14,Japan,0.07,222405523.74324483,281348328.58957845,0.18134827441556167,0.20950117294749393,3.149515999999494
145,120,14,Japan,0.07,223668219.61792418,281348328.58957845,0.182377869877629,0.205013156683067,3.148849200000768
145,130,14,Japan,0.07,226678327.40256253,281348328.58957845,0.18483229566418993,0.194314291686327,3.2141418000001067
145,140,14,Japan,0.07,233630990.65743947,281348328.58957845,0.19050146009249794,0.1696023508344613,3.170123699999749
145,150,14,Japan,0.07,239796931.95073813,281348328.58957845,0.19552913564150207,0.1476866660169647,3.1546604000004663
145,160,14,Japan,0.07,243529742.59423223,281348328.58957845,0.19857284947344442,0.13441908890994234,3.1912586999997075
145,170,14,Japan,0.07,247014865.2463518,281348328.58957845,0.2014145998421003,0.12203187243138434,3.154106700000739
143,0,16,Vietnam,0.07,387598143.8819162,396257400.84890455,0.27653977160524845,0.021852606281769243,3.561715400000139
143,10,16,Vietnam,0.07,388617922.57672185,396257400.84890455,0.2772673534365881,0.019279080354881965,3.5869002999997974
143,20,16,Vietnam,0.07,389021337.46422935,396257400.84890455,0.2775551779853235,0.018261017634429902,3.5848940000005314
143,30,16,Vietnam,0.07,388828476.0963144,396257400.84890455,0.27741757712351195,0.018747724929995376,3.591087900000275
143,40,16,Vietnam,0.07,387289119.6083026,396257400.84890455,0.27631929195797844,0.022632463700082713,3.5628821999998763
143,50,16,Vietnam,0.07,383250033.5747319,396257400.84890455,0.2734375239545747,0.03282555037787788,3.6362490000001344
143,60,16,Vietnam,0.07,373935316.8240217,396257400.84890455,0.2667917500171388,0.056332282948058816,3.5964673999997103
143,70,16,Vietnam,0.07,353808790.61207336,396257400.84890455,0.25243207092756376,0.10712382947521808,3.559497199999896
143,80,16,Vietnam,0.07,315146799.8515338,396257400.84890455,0.22484788802192762,0.20469169994959605,3.5517395999995642
143,90,16,Vietnam,0.07,254607710.85836905,396257400.84890455,0.18165504484758066,0.3574688818103549,3.576080499999989
143,100,16,Vietnam,0.07,187573603.42554405,396257400.84890455,0.13382819879105598,0.5266369712623562,3.556949799999529
143,110,16,Vietnam,0.07,165917436.6061249,396257400.84890455,0.11837716652834254,0.5812887374452086,3.5491556000006312
143,120,16,Vietnam,0.07,219640881.00607583,396257400.84890455,0.15670724957625273,0.4457115992394391,3.6176980999998705
143,130,16,Vietnam,0.07,299567951.2863589,396257400.84890455,0.21373284195659167,0.2440066718133397,3.5658257000004596
143,140,16,Vietnam,0.07,350827697.26849604,396257400.84890455,0.25030514930686076,0.11464695292273203,3.5702345999998215
143,150,16,Vietnam,0.07,372855792.4526111,396257400.84890455,0.266021541418815,0.05905658379164669,3.596213499999976
143,160,16,Vietnam,0.07,381690427.83790046,396257400.84890455,0.27232479155101347,0.036761390398758934,3.5763372999999774
143,170,16,Vietnam,0.07,385599408.0636165,396257400.84890455,0.27511373292210084,0.026896640321304677,3.5928279999998267
144,0,16,Sweden,0.07,614575591.0934342,688595826.7015737,0.43848144341711914,0.10749445863287041,3.5724308999997447
144,10,16,Sweden,0.07,623314913.1639526,688595826.7015737,0.4447166903281625,0.09480294681761531,3.568811499999356
144,20,16,Sweden,0.07,627443348.0172559,688595826.7015737,0.44766220606253987,0.08880750697726827,3.611056499999904
144,30,16,Sweden,0.07,628214858.3788407,688595826.7015737,0.4482126558068213,0.08768709594416578,3.5855116000002454
144,40,16,Sweden,0.07,626874968.4495584,688595826.7015737,0.4472566841107009,0.08963292523520357,3.5727724000007584
144,50,16,Sweden,0.07,623291928.6409162,688595826.7015737,0.4447002915531651,0.09483632564761266,3.590314000000035
144,60,16,Sweden,0.07,617295119.7487525,688595826.7015737,0.44042174639608483,0.10354507562782808,3.5610122999996747
144,70,16,Sweden,0.07,609263847.1201712,688595826.7015737,0.4346916717466975,0.11520833630579602,3.5666989000001195
144,80,16,Sweden,0.07,599878856.3150971,688595826.7015737,0.4279957593572325,0.12883750807993952,3.579456399999799
144,90,16,Sweden,0.07,589995339.6695564,688595826.7015737,0.4209441635770237,0.1431906543847661,3.5580323999993198
144,100,16,Sweden,0.07,580197405.6210779,688595826.7015737,0.41395362843969596,0.15741951501468213,3.613793400000759
144,110,16,Sweden,0.07,572853343.8731331,688595826.7015737,0.40871385835697277,0.16808478695384482,3.5719451999993908
144,120,16,Sweden,0.07,570530027.7903274,688595826.7015737,0.407056241288761,0.17145877789702915,3.569406799999342
144,130,16,Sweden,0.07,573425865.7492222,688595826.7015737,0.40912233572290396,0.167253353108491,3.6042465000000448
144,140,16,Sweden,0.07,578790348.7241261,688595826.7015737,0.41294973510568356,0.15946288623825125,3.5660244999999122
144,150,16,Sweden,0.07,584335603.7525548,688595826.7015737,0.41690610998327254,0.1514098966420307,3.5649677999999767
144,160,16,Sweden,0.07,591823355.622263,688595826.7015737,0.42224839870309855,0.14053595349663714,3.6105782999993608
144,170,16,Sweden,0.07,602651757.9593555,688595826.7015737,0.4299741423796771,0.12481061518176326,3.568253000000368
141,0,18,Vietnam,0.07,346250643.3275963,369172641.5928825,0.2195907174832549,0.062090186765692695,4.0082712000003085
141,10,18,Vietnam,0.07,334286907.637973,369172641.5928825,0.212003366081921,0.09449707270936104,4.052712199999405
141,20,18,Vietnam,0.07,314669986.60747516,369172641.5928825,0.19956239637714052,0.14763459922231176,4.024131399999533
141,30,18,Vietnam,0.07,287345221.75217706,369172641.5928825,0.18223314418580483,0.22165082300693176,4.058492099999967
141,40,18,Vietnam,0.07,256289384.70249373,369172641.5928825,0.16253766153126187,0.3057736250533824,4.011333600000398
141,50,18,Vietnam,0.07,231094785.6386354,369172641.5928825,0.14655935162267592,0.3740197414371704,4.129171499999757
141,60,18,Vietnam,0.07,215451390.56093755,369172641.5928825,0.13663837554600303,0.41639394070123487,3.9882158999998865
141,70,18,Vietnam,0.07,208703731.06369525,369172641.5928825,0.1323590379653065,0.43467172929393216,4.037710699999479
141,80,18,Vietnam,0.07,215095373.5443063,369172641.5928825,0.13641259103520187,0.41735830527358003,4.042308199999752
141,90,18,Vietnam,0.07,240120926.0316246,369172641.5928825,0.15228369230823477,0.3495700954557029,4.006382699999449
141,100,18,Vietnam,0.07,277128893.5032461,369172641.5928825,0.1757539913135757,0.24932440197218272,4.04050880000068
141,110,18,Vietnam,0.07,311731449.9445251,369172641.5928825,0.1976987886507643,0.15559438911971865,4.2024058000006335
141,120,18,Vietnam,0.07,335449769.8326458,369172641.5928825,0.21274084844789815,0.09134715837753157,4.013380299999881
141,130,18,Vietnam,0.07,348536723.8847724,369172641.5928825,0.22104054026177855,0.05589774371977175,4.06521900000007
141,140,18,Vietnam,0.07,354643024.0067772,369172641.5928825,0.22491313039496272,0.039357243601296735,4.004030800000692
141,150,18,Vietnam,0.07,356783451.0040448,369172641.5928825,0.22627058029175848,0.03355934105891936,4.04639859999952
141,160,18,Vietnam,0.07,356111452.65010405,369172641.5928825,0.22584440173142062,0.035379623166069095,4.011236000000281
141,170,18,Vietnam,0.07,352599017.90602165,369172641.5928825,0.22361683022959264,0.04489396509814499,4.071248000000196
142,0,18,Germany,0.06,589159526.506115,741084051.9668012,0.3736425206152429,0.20500309655495336,4.035623800000394
142,10,18,Germany,0.06,585902310.1322811,741084051.9668012,0.37157680754203515,0.20939830161325867,4.018909800000074
142,20,18,Germany,0.06,583233492.002078,741084051.9668012,0.36988425418701043,0.21299953702389812,4.037492399999792
142,30,18,Germany,0.06,580192184.5970695,741084051.9668012,0.36795546968358034,0.21710340000264808,4.010284899999533
142,40,18,Germany,0.06,579636397.6413018,741084051.9668012,0.36760299190848666,0.21785336480663045,4.052013399999851
142,50,18,Germany,0.06,580747292.0652953,741084051.9668012,0.36830751653050187,0.21635435208189926,4.034826600000088
142,60,18,Germany,0.06,579901415.1411878,741084051.9668012,0.3677710649043555,0.21749575692236592,4.017935099999704
142,70,18,Germany,0.06,579553738.6278985,741084051.9668012,0.3675505699060746,0.21796490278020297,4.036035799999809
142,80,18,Germany,0.06,581013392.1379697,741084051.9668012,0.36847627608952926,0.2159952834014059,3.999809799999639
142,90,18,Germany,0.06,583063215.2027568,741084051.9668012,0.36977626534928765,0.21322930421274722,4.017128100000264
142,100,18,Germany,0.06,582345888.8524712,741084051.9668012,0.3693213399622471,0.21419724617342195,4.042724199999611
142,110,18,Germany,0.06,583178825.7531539,741084051.9668012,0.3698495850793721,0.21307330227195476,4.015034200000628
142,120,18,Germany,0.06,584291480.4285402,741084051.9668012,0.37055522604549734,0.21157191430869554,4.021718599999986
142,130,18,Germany,0.06,586718410.0111951,741084051.9668012,0.37209437469000195,0.20829707716139237,4.044992199999797
142,140,18,Germany,0.06,589639638.1630712,741084051.9668012,0.3739470054306641,0.20435524607742384,4.021896399999605
142,150,18,Germany,0.06,589995350.0387586,741084051.9668012,0.3741725964223482,0.2038752575056236,4.0262767000003805
142,160,18,Germany,0.06,590133903.5397447,741084051.9668012,0.374260466476246,0.2036882969299394,4.015289099999791
142,170,18,Germany,0.06,590493242.9489737,741084051.9668012,0.3744883580346104,0.20320341345649903,4.024290199999996
139,0,20,South Korea,0.08,501405242.0000345,584575527.5930183,0.2861902066210243,0.14227466198497274,4.508208499999455
139,10,20,South Korea,0.08,500144598.79864943,584575527.5930183,0.28547066141475425,0.1444311723790629,4.537014900000031
139,20,20,South Korea,0.08,498996739.598564,584575527.5930183,0.2848154906384498,0.1463947496174254,4.500539199999366
139,30,20,South Korea,0.08,495631392.9802018,584575527.5930183,0.2828946306964622,0.15215165605553616,4.502756500000032
139,40,20,South Korea,0.08,491952428.82651794,584575527.5930183,0.2807947653119395,0.15844505011674828,4.516150800000105
139,50,20,South Korea,0.08,488573866.8377455,584575527.5930183,0.27886636235031137,0.16422456333496943,4.49336779999976
139,60,20,South Korea,0.08,484590127.00345016,584575527.5930183,0.2765925382439784,0.17103931976293407,4.522281399999883
139,70,20,South Korea,0.08,480323255.00785065,584575527.5930183,0.2741571090227458,0.17833841422412078,4.490243900000678
139,80,20,South Korea,0.08,481929788.9679816,584575527.5930183,0.2750740804611767,0.17559020824508192,4.64634070000011
139,90,20,South Korea,0.08,488228850.76803833,584575527.5930183,0.27866943536988487,0.16481476263928818,4.705297800000153
139,100,20,South Korea,0.08,492644034.6988208,584575527.5930183,0.281189517522158,0.1572619594130533,4.5010644000003595
139,110,20,South Korea,0.08,491026642.95747006,584575527.5930183,0.28026634872001716,0.1600287391788953,4.480658199999198
139,120,20,South Korea,0.08,489817133.22590727,584575527.5930183,0.27957598928419364,0.16209777846376397,4.510874300000069
139,130,20,South Korea,0.08,490801196.10890085,584575527.5930183,0.2801376690119297,0.16041439823906412,4.5181798000003255
139,140,20,South Korea,0.08,487791507.8154216,584575527.5930183,0.27841981039693015,0.1655629002741589,4.500734499999453
139,150,20,South Korea,0.08,487970457.33703345,584575527.5930183,0.27852195053483647,0.16525678153814424,4.500099700000646
139,160,20,South Korea,0.08,491604855.083461,584575527.5930183,0.28059637847229507,0.15903962468692928,4.524989900000037
139,170,20,South Korea,0.08,497717882.9640317,584575527.5930183,0.2840855496370044,0.1485824166923678,4.541846300000543
140,0,20,Denmark,0.06,942369958.1325802,984068123.3342752,0.537882396194395,0.042373250604247806,4.489224300000387
140,10,20,Denmark,0.06,946429927.8913355,984068123.3342752,0.5401997305315842,0.0382475507035142,4.536137399999461
140,20,20,Denmark,0.06,944977840.7139423,984068123.3342752,0.5393709136495104,0.039723146897478044,4.480904899999587
140,30,20,Denmark,0.06,938706317.3195037,984068123.3342752,0.5357912770088491,0.04609620506868381,4.542128400000365
140,40,20,Denmark,0.06,931723131.6327453,984068123.3342752,0.5318054404296492,0.05319244721002822,4.503988300000856
140,50,20,Denmark,0.06,922969671.5286772,984068123.3342752,0.5268091732469619,0.06208762417644501,4.486055100000158
140,60,20,Denmark,0.06,915334754.6819477,984068123.3342752,0.5224513439965455,0.06984614888188966,4.497820900000079
140,70,20,Denmark,0.06,919189162.6131476,984068123.3342752,0.524651348523486,0.06592933881579363,4.474898800000119
140,80,20,Denmark,0.06,922653997.4643923,984068123.3342752,0.5266289939865253,0.062408408944084205,4.52636640000037
140,90,20,Denmark,0.06,924554388.9465609,984068123.3342752,0.5277136923210963,0.060477250483499646,4.480743400000392
140,100,20,Denmark,0.06,928825511.2086362,984068123.3342752,0.5301515474935138,0.05613697956038139,4.4989388999993025
140,110,20,Denmark,0.06,931304347.9255079,984068123.3342752,0.5315664086332808,0.053618010946224065,4.487973799999963
140,120,20,Denmark,0.06,932422941.9277698,984068123.3342752,0.532204875529549,0.052481307118777853,4.4953067999995255
140,130,20,Denmark,0.06,934411639.3156408,984068123.3342752,0.5333399767783338,0.05046041309659085,4.47910899999988
140,140,20,Denmark,0.06,934635728.5129868,984068123.3342752,0.5334678815713395,0.050232695937552405,4.509813300000133
140,150,20,Denmark,0.06,936035648.0056697,984068123.3342752,0.5342669223776654,0.048810112013240696,4.483735599999818
140,160,20,Denmark,0.06,936112987.1657099,984068123.3342752,0.5343110657338527,0.04873152074683721,4.4727161999999225
140,170,20,Denmark,0.06,939167903.1330203,984068123.3342752,0.536054739231176,0.04562714626820905,4.496358399999735
136,0,21,Denmark,0.06,1010664881.1893641,1048560403.0205777,0.5493938253910438,0.03614052344724094,4.709582600000431
136,10,21,Denmark,0.06,1012096006.4130145,1048560403.0205777,0.5501717799592382,0.03477567577654135,4.82273669999995
136,20,21,Denmark,0.06,1013342288.2845589,1048560403.0205777,0.5508492543403778,0.03358711108541415,4.7299021000008
136,30,21,Denmark,0.06,1009902592.5174619,1048560403.0205777,0.5489794479873135,0.036867509388829295,4.756583800000044
136,40,21,Denmark,0.06,1000840165.4331912,1048560403.0205777,0.5440531449408519,0.04551024189919748,4.726437199999964
136,50,21,Denmark,0.06,991001856.6892883,1048560403.0205777,0.5387050753910025,0.054892923827259806,4.789163600000393
136,60,21,Denmark,0.06,979576866.0433993,1048560403.0205777,0.5324944912173295,0.06578880604155768,4.793846600000506
136,70,21,Denmark,0.06,978747456.8698341,1048560403.0205777,0.5320436273482464,0.06657980403382975,4.745218000000023
136,80,21,Denmark,0.06,981407183.8171401,1048560403.0205777,0.5334894454322353,0.06404325302575793,4.721886199999972
136,90,21,Denmark,0.06,986709499.349795,1048560403.0205777,0.5363717652477685,0.05898649566835577,4.734786799999711
136,100,21,Denmark,0.06,990117515.0586134,1048560403.0205777,0.5382243504341234,0.05573631027226319,4.737856699999611
136,110,21,Denmark,0.06,992267026.3140321,1048560403.0205777,0.5393928170874277,0.05368634610307791,4.955982899999981
136,120,21,Denmark,0.06,994387733.6765304,1048560403.0205777,0.540545626047255,0.05166385187538327,5.108247000000119
136,130,21,Denmark,0.06,995410583.452131,1048560403.0205777,0.5411016435377968,0.05068837180513251,5.1005922999993345
136,140,21,Denmark,0.06,997561983.3822405,1048560403.0205777,0.542271136867928,0.04863660642861058,4.951566099999582
136,150,21,Denmark,0.06,998808335.7180028,1048560403.0205777,0.5429486495531652,0.047447974536568974,4.9679440999998405
136,160,21,Denmark,0.06,997720923.4609854,1048560403.0205777,0.5423575361279547,0.04848502710300662,5.004500999999436
136,170,21,Denmark,0.06,1002459254.0585747,1048560403.0205777,0.5449332757439523,0.04396613569347065,4.995995299999777
137,0,21,Germany,0.07,717497072.149832,836801889.4956949,0.3900288498313938,0.14257235654398778,5.334101200000077
137,10,21,Germany,0.07,724176970.8455229,836801889.4956949,0.393660018941902,0.13458970404338627,5.671435100000053
137,20,21,Germany,0.07,728696798.767699,836801889.4956949,0.396116981282724,0.12918839224078024,5.956496599999809
137,30,21,Germany,0.07,733553072.1611634,836801889.4956949,0.3987568341819762,0.1233850193583515,5.904761900000267
137,40,21,Germany,0.07,738735670.8531013,836801889.4956949,0.40157407634980496,0.11719167926555948,6.124785199999678
137,50,21,Germany,0.07,740050454.0455089,836801889.4956949,0.40228878780469063,0.11562047918951762,6.1876265999999305
137,60,21,Germany,0.07,736830499.496951,836801889.4956949,0.4005384319944287,0.11946840853692672,6.362413199999537
137,70,21,Germany,0.07,727328943.8500692,836801889.4956949,0.3953734202272609,0.1308230144073891,5.704495800000586
137,80,21,Germany,0.07,716288278.947214,836801889.4956949,0.38937175415699826,0.14401689582836547,5.915143299999727
137,90,21,Germany,0.07,708521190.2755976,836801889.4956949,0.38514959245248837,0.1532987685979135,5.918273000000227
137,100,21,Germany,0.07,702762780.1644214,836801889.4956949,0.3820193412505009,0.16018021829761062,5.68539520000013
137,110,21,Germany,0.07,698101627.0306305,836801889.4956949,0.37948555502860976,0.16575041740005295,5.570674700000382
137,120,21,Germany,0.07,697673005.6360004,836801889.4956949,0.37925255796694957,0.16626263110321318,5.835326100000202
137,130,21,Germany,0.07,698353773.4904296,836801889.4956949,0.37962262094500415,0.16544909582924347,4.974439100000382
137,140,21,Germany,0.07,698073460.0211028,836801889.4956949,0.37947024354267384,0.1657840777082827,4.754598499999702
137,150,21,Germany,0.07,701081521.5623585,836801889.4956949,0.38110541506977524,0.16218936601007117,4.925277000000278
137,160,21,Germany,0.07,706590424.671142,836801889.4956949,0.3841000351550022,0.15560608366100348,4.734038300000066
137,170,21,Germany,0.07,711839155.9429044,836801889.4956949,0.3869532267573953,0.1493337134170434,4.883054799999627
129,0,22,United Kingdom,0.06,1076055292.3969414,1099071703.8195698,0.5583516461171344,0.02094168318831263,5.050522699999419
129,10,22,United Kingdom,0.06,1075936062.817536,1099071703.8195698,0.5582897793781321,0.02105016526367764,5.039733200000228
129,20,22,United Kingdom,0.06,1075843714.9033144,1099071703.8195698,0.5582418611993122,0.021134188820922207,4.973891499999809
129,30,22,United Kingdom,0.06,1075739410.2894,1099071703.8195698,0.5581877388384184,0.021229091285931326,5.030239599999732
129,40,22,United Kingdom,0.06,1076069982.3184,1099071703.8195698,0.5583592685338314,0.020928317434824997,4.946722399999999
129,50,22,United Kingdom,0.06,1075879712.4313219,1099071703.8195698,0.5582605398668129,0.021101436155302297,4.970220600000175
129,60,22,United Kingdom,0.06,1075521625.6045556,1099071703.8195698,0.5580747330866311,0.021427244585745738,4.945565999999417
129,70,22,United Kingdom,0.06,1075682794.1412783,1099071703.8195698,0.5581583614265662,0.02128060398335141,4.967038699999648
129,80,22,United Kingdom,0.06,1075524712.1704416,1099071703.8195698,0.5580763346671034,0.021424436246785417,4.951602499999353
129,90,22,United Kingdom,0.06,1075462271.7009993,1099071703.8195698,0.5580439350876916,0.021481248253886837,4.983666899999662
129,100,22,United Kingdom,0.06,1075227738.6987405,1099071703.8195698,0.5579222388432651,0.021694640156747873,4.948003900000003
129,110,22,United Kingdom,0.06,1075728998.2603781,1099071703.8195698,0.5581823361666554,0.021238564761579724,5.014925799999219
129,120,22,United Kingdom,0.06,1075446072.540127,1099071703.8195698,0.5580355295455205,0.021495987202051845,4.955100899999707
129,130,22,United Kingdom,0.06,1075745371.1788006,1099071703.8195698,0.5581908318694482,0.021223667718588298,5.013813499999742
129,140,22,United Kingdom,0.06,1075677802.8080063,1099071703.8195698,0.5581557714860971,0.021285145391573126,4.943492399999741
129,150,22,United Kingdom,0.06,1075856329.6917648,1099071703.8195698,0.5582484068554197,0.021122711145346862,4.990416100000402
129,160,22,United Kingdom,0.06,1075723156.4804552,1099071703.8195698,0.5581793049400452,0.02124387995612314,4.978843400000187
129,170,22,United Kingdom,0.06,1075812374.4017112,1099071703.8195698,0.5582255990046239,0.021162704250347063,4.964301599999999
135,0,23,Japan,0.07,356316410.00557864,445625330.3208543,0.17684951856540532,0.2004125758537389,5.1493383999995785
135,10,23,Japan,0.07,355256715.97769344,445625330.3208543,0.17632356361807297,0.20279056910453147,5.177701399999933
135,20,23,Japan,0.07,352247796.65996426,445625330.3208543,0.174830155181638,0.20954269721081017,5.275918000000274
135,30,23,Japan,0.07,348574019.78224295,445625330.3208543,0.17300675986809755,0.21778679068520077,5.190397000000303
135,40,23,Japan,0.07,343473496.8382113,445625330.3208543,0.1704752317044924,0.22923255598844158,5.147285000000011
135,50,23,Japan,0.07,337512110.9894697,445625330.3208543,0.16751643388399332,0.2426101300245704,5.351847999999336
135,60,23,Japan,0.07,331732513.18690777,445625330.3208543,0.16464786241160798,0.25557976484851674,5.1551142999996955
135,70,23,Japan,0.07,325314611.9957997,445625330.3208543,0.16146248361911839,0.2699817764812197,5.574662300000455
135,80,23,Japan,0.07,319971867.3303529,445625330.3208543,0.15881073423186068,0.2819710964366181,5.156954899999619
135,90,23,Japan,0.07,317716300.45658857,445625330.3208543,0.15769123508863836,0.2870326733270976,5.197465500000362
135,100,23,Japan,0.07,320179713.21050173,445625330.3208543,0.15891389379119603,0.2815046824650443,5.146486799999366
135,110,23,Japan,0.07,325305445.3495056,445625330.3208543,0.16145793396342348,0.27000234678023644,5.179661399999532
135,120,23,Japan,0.07,331316289.22514117,445625330.3208543,0.16444127914688364,0.25651378707177525,5.160756599999331
135,130,23,Japan,0.07,340266820.5791409,445625330.3208543,0.16888367112325833,0.23642845810819219,5.185397500000363
135,140,23,Japan,0.07,348906345.24282646,445625330.3208543,0.17317170202641774,0.21704103985379217,5.239007999999558
135,150,23,Japan,0.07,354113143.7321324,445625330.3208543,0.1757559776315924,0.20535678823022094,5.1787518000001
135,160,23,Japan,0.07,356779975.4233394,445625330.3208543,0.17707959868142714,0.19937231762284566,5.152361999999812
135,170,23,Japan,0.07,356677613.40072554,445625330.3208543,0.17702879362751914,0.19960202185114925,5.172682999999779
132,0,24,China,0.07,633452180.869337,734779298.6797056,0.30129955330543046,0.13790143243343836,5.427567800000361
132,10,24,China,0.07,634314807.8572456,734779298.6797056,0.30170985914062287,0.13672743775305118,5.4336592999998174
132,20,24,China,0.07,636241145.9828271,734779298.6797056,0.3026261158594117,0.13410578234027232,5.423758300000372
132,30,24,China,0.07,636631495.0227008,734779298.6797056,0.3028117841622435,0.13357453569168667,5.422481100000368
132,40,24,China,0.07,636135420.1971505,734779298.6797056,0.30257582771934477,0.1342496701523903,5.429355899999791
132,50,24,China,0.07,632089560.1539106,734779298.6797056,0.3006514270138464,0.13975589501543376,5.389848699999675
132,60,24,China,0.07,627546614.565144,734779298.6797056,0.2984905891196461,0.14593862988144007,5.405946599999879
132,70,24,China,0.07,627738511.2210708,734779298.6797056,0.2985818641652734,0.1456774675755999,5.373817400000007
132,80,24,China,0.07,631665751.8003577,734779298.6797056,0.3004498438928642,0.1403326782132109,5.388636900000165
132,90,24,China,0.07,633846451.1222833,734779298.6797056,0.3014870867210252,0.1373648491986428,5.36358300000029
132,100,24,China,0.07,632830944.9156656,734779298.6797056,0.3010040643624741,0.13874690529146202,5.411495100000138
132,110,24,China,0.07,627990333.2274033,734779298.6797056,0.29870164251683945,0.1453347496917605,5.398675800000092
132,120,24,China,0.07,623328398.6650233,734779298.6797056,0.29648420788861457,0.15167942294365638,5.399793100000352
132,130,24,China,0.07,623412407.2286655,734779298.6797056,0.2965241662997838,0.15156509124733195,5.393125599999621
132,140,24,China,0.07,626262159.8754495,734779298.6797056,0.2978796422543044,0.14768671218588494,5.40537409999979
132,150,24,China,0.07,629476416.866913,734779298.6797056,0.2994084935630294,0.14331225988811475,5.417552999999316
132,160,24,China,0.07,631291059.2648354,734779298.6797056,0.30027162255747497,0.14084261709716642,5.385702700000365
132,170,24,China,0.07,632699178.659272,734779298.6797056,0.3009413901537633,0.13892623295710316,5.461005400000431
133,0,24,Vietnam,0.07,441414798.1008798,490350511.9101362,0.2099575713950151,0.09979741556428641,5.534765099999277
133,10,24,Vietnam,0.07,445427120.3559966,490350511.9101362,0.21186601995623888,0.09161485603256078,5.42200959999991
133,20,24,Vietnam,0.07,444608600.1905893,490350511.9101362,0.21147669339354513,0.09328411128064606,5.359352700000272
133,30,24,Vietnam,0.07,429237978.79907805,490350511.9101362,0.20416570528875477,0.12463030348025399,5.374295300000085
133,40,24,Vietnam,0.07,383943320.51328033,490350511.9101362,0.18262144240547962,0.21700230511099483,5.399424299999737
133,50,24,Vietnam,0.07,307731878.2307315,490350511.9101362,0.14637170768204505,0.3724246824338428,5.388060299999779
133,60,24,Vietnam,0.07,229475184.5351172,490350511.9101362,0.10914915550566838,0.5320180585899503,5.375003000000106
133,70,24,Vietnam,0.07,207441042.18149313,490350511.9101362,0.09866868444705723,0.5769535523203253,5.360831699999835
133,80,24,Vietnam,0.07,268504219.7960215,490350511.9101362,0.1277131943474227,0.45242390234268015,5.389360199999828
133,90,24,Vietnam,0.07,358238111.1777294,490350511.9101362,0.17039483979153797,0.2694244168681898,5.379101900000023
133,100,24,Vietnam,0.07,413896487.68846935,490350511.9101362,0.19686857291118215,0.15591708862267523,5.441198900000018
133,110,24,Vietnam,0.07,429298057.6400715,490350511.9101362,0.2041942816020127,0.1245077812445589,5.359789400000409
133,120,24,Vietnam,0.07,427252456.886194,490350511.9101362,0.2032212979862034,0.1286794925086279,5.396834399999534
133,130,24,Vietnam,0.07,422429821.6423954,490350511.9101362,0.200927426580287,0.13851456992093095,5.349517399999968
133,140,24,Vietnam,0.07,419891248.97427195,490350511.9101362,0.19971996241165904,0.1436916271615455,5.388296299999638
133,150,24,Vietnam,0.07,422515468.6756926,490350511.9101362,0.20096816432443523,0.1383399050001917,5.389884400000483
133,160,24,Vietnam,0.07,428760244.26196194,490350511.9101362,0.2039384723468236,0.125604574997286,5.37575199999992
133,170,24,Vietnam,0.07,435529050.5053083,490350511.9101362,0.2071580339161474,0.11180055913732741,5.3743249999997715
134,0,24,Netherlands,0.06,674070847.2527157,798808211.6500623,0.3206196952305535,0.15615433414196161,5.570247499999823
134,10,24,Netherlands,0.06,672525432.8020726,798808211.6500623,0.3198846236691746,0.15808898432219795,5.43438629999946
134,20,24,Netherlands,0.06,673021948.6557506,798808211.6500623,0.3201207898857261,0.15746741352906307,5.418032600000515
134,30,24,Netherlands,0.06,676876272.2972205,798808211.6500623,0.32195408689936283,0.1526423208656963,5.422927100000379
134,40,24,Netherlands,0.06,680368622.5040839,798808211.6500623,0.3236152123782743,0.14827037005706675,5.387385099999847
134,50,24,Netherlands,0.06,684073153.8303735,798808211.6500623,0.32537726114458404,0.14363279714249022,5.404506899999433
134,60,24,Netherlands,0.06,688973314.1844625,798808211.6500623,0.32770800712731285,0.13749845815770817,5.49861509999937
134,70,24,Netherlands,0.06,694660789.2732917,798808211.6500623,0.3304132369070071,0.1303785074537954,5.378389599999537
134,80,24,Netherlands,0.06,696540538.1456417,798808211.6500623,0.33130733359286607,0.1280253157302563,5.416813199999524
134,90,24,Netherlands,0.06,698343230.6182582,798808211.6500623,0.3321647786426266,0.12576858821252987,5.417635799999516
134,100,24,Netherlands,0.06,697781891.3577496,798808211.6500623,0.3318977793748809,0.12647130915645846,5.464164200000596
134,110,24,Netherlands,0.06,696960849.1932617,798808211.6500623,0.33150725323119373,0.12749914306266213,5.420949999999721
134,120,24,Netherlands,0.06,696620282.7400507,798808211.6500623,0.33134526386037416,0.1279254862677571,5.407896699999583
134,130,24,Netherlands,0.06,692432236.1125616,798808211.6500623,0.32935323254973436,0.1331683550395215,5.40289329999996
134,140,24,Netherlands,0.06,688530539.2823879,798808211.6500623,0.32749740262670657,0.13805275253728153,5.397053899999264
134,150,24,Netherlands,0.06,685062801.5042473,798808211.6500623,0.32584798397272036,0.14239389190911822,5.468526900000143
134,160,24,Netherlands,0.06,680892391.1487037,798808211.6500623,0.32386434129980196,0.1476146824502282,5.4145447999999305
134,170,24,Netherlands,0.06,675344660.698174,798808211.6500623,0.3212255806212776,0.15455969173984227,5.393064599999889
131,0,25,China,0.08,698413232.9535038,801759420.8293308,0.3189101520335634,0.1288992498135249,5.6937073999997665
131,10,25,China,0.08,698107189.353709,801759420.8293308,0.318770406097584,0.12928096481660936,5.682850099999996
131,20,25,China,0.08,696740264.3390063,801759420.8293308,0.3181462394242038,0.13098587152452026,5.683888599999591
131,30,25,China,0.08,700622066.6181396,801759420.8293308,0.31991875188042906,0.12614426670107082,5.639377599999534
131,40,25,China,0.08,705465975.2981333,801759420.8293308,0.32213058232791475,0.12010266799433764,5.647899300000063
131,50,25,China,0.08,700925882.7455262,801759420.8293308,0.3200574807057197,0.12576532992840114,5.654158799999095
131,60,25,China,0.08,694547096.9237039,801759420.8293308,0.31714479311584653,0.13372131479880547,5.639346900000419
131,70,25,China,0.08,682562276.7835115,801759420.8293308,0.3116722725038865,0.14866946486581115,5.684549600000537
131,80,25,China,0.08,669172542.8897529,801759420.8293308,0.30555823876244426,0.16536990335882998,5.648016400000415
131,90,25,China,0.08,677068330.1568191,801759420.8293308,0.3091636210761731,0.15552182791133612,5.651670100000047
131,100,25,China,0.08,688647204.0667531,801759420.8293308,0.3144507781126727,0.1410799970963555,5.623057800000424
131,110,25,China,0.08,700689957.7099406,801759420.8293308,0.3199497523789683,0.12605958906581372,5.688599099999919
131,120,25,China,0.08,704560685.7953026,801759420.8293308,0.321717208125709,0.12123179660737496,5.664809300000343
131,130,25,China,0.08,702413053.2974722,801759420.8293308,0.3207365540171106,0.12391044613993536,5.653197000000546
131,140,25,China,0.08,704330567.0723798,801759420.8293308,0.32161213108327846,0.12151881378103631,5.647487499999443
131,150,25,China,0.08,701255947.0756636,801759420.8293308,0.32020819501171854,0.12535365490274825,5.636198400000467
131,160,25,China,0.08,694982030.3141167,801759420.8293308,0.31734339283749624,0.1331788411101734,5.6598800000001575
131,170,25,China,0.08,696632623.9209286,801759420.8293308,0.3180970885483692,0.13112012678274518,5.633802800000012
130,0,26,Vietnam,0.07,404670091.10441804,456561434.4482832,0.1776739072288453,0.11365686943438742,5.81744499999968
130,10,26,Vietnam,0.07,409112562.8263447,456561434.4482832,0.17962441290232908,0.10392658696474552,5.788154199999553
130,20,26,Vietnam,0.07,412304524.4017415,456561434.4482832,0.18102587126876601,0.0969352790386742,5.776399800000036
130,30,26,Vietnam,0.07,408633215.25558275,456561434.4482832,0.17941395120108128,0.10497649511421775,5.833104800000001
130,40,26,Vietnam,0.07,389051504.18088245,456561434.4482832,0.17081643141064387,0.1478660376756984,5.784914699999717
130,50,26,Vietnam,0.07,343697639.8411087,456561434.4482832,0.15090342458777165,0.24720396006193798,5.81105000000025
130,60,26,Vietnam,0.07,273154132.995217,456561434.4482832,0.11993068712470013,0.4017143972633141,5.7782884999996895
130,70,26,Vietnam,0.07,196298279.4172337,456561434.4482832,0.08618645917511139,0.570050677507521,5.790492400000403
130,80,26,Vietnam,0.07,150155213.1340794,456561434.4482832,0.06592694640590069,0.6711171776575269,5.7932904999997845
130,90,26,Vietnam,0.07,164583941.91701436,456561434.4482832,0.07226200470539794,0.639514138736005,5.780653400000119
130,100,26,Vietnam,0.07,231088286.61230797,456561434.4482832,0.10146131305422725,0.49385062080077113,5.804899199999454
130,110,26,Vietnam,0.07,310207915.05086136,456561434.4482832,0.13619947095664794,0.3205560267574461,5.780389200000172
130,120,26,Vietnam,0.07,370543238.77349967,456561434.4482832,0.1626902172345889,0.18840442749775704,5.808105500000238
130,130,26,Vietnam,0.07,401950010.40787715,456561434.4482832,0.1764796322479264,0.11961462339980478,5.805986800000028
130,140,26,Vietnam,0.07,411241632.20212424,456561434.4482832,0.18055919924575178,0.09926331666826875,5.810179000000062
130,150,26,Vietnam,0.07,409787555.37909156,456561434.4482832,0.1799207742268579,0.10244816040083195,5.815381600000364
130,160,26,Vietnam,0.07,405489484.3330578,456561434.4482832,0.17803366892038014,0.11186216412899966,5.7740788999999495
130,170,26,Vietnam,0.07,402980729.4458823,456561434.4482832,0.17693217836577202,0.11735705418734882,5.802648500000032
126,0,27,Vietnam,0.07,637460723.6831354,738995623.7624097,0.2695166259441634,0.13739580697695472,6.033550699999978
126,10,27,Vietnam,0.07,643863015.0705911,738995623.7624097,0.2722234969857057,0.12873230318668863,6.134575100000802
126,20,27,Vietnam,0.07,660058244.6845994,738995623.7624097,0.27907079514823246,0.10681711303772078,6.113061699999889
126,30,27,Vietnam,0.07,673799613.103166,738995623.7624097,0.2848806076032327,0.08822245837846059,6.082945199999813
126,40,27,Vietnam,0.07,668815319.815858,738995623.7624097,0.28277326222554455,0.0949671441750174,6.35484869999982
126,50,27,Vietnam,0.07,629288724.0151078,738995623.7624097,0.26606152714996945,0.14845405875173787,6.084797299999991
126,60,27,Vietnam,0.07,546428949.2423398,738995623.7624097,0.2310286441917554,0.26057891052137117,6.101687499999571
126,70,27,Vietnam,0.07,425244798.73157156,738995623.7624097,0.17979232146607962,0.4245638471219288,6.092335399999683
126,80,27,Vietnam,0.07,311526799.2621166,738995623.7624097,0.1317126666929294,0.5784456778295161,6.046938499999669
126,90,27,Vietnam,0.07,281810710.42800057,738995623.7624097,0.11914878675291754,0.618657132239522,6.061410199999955
126,100,27,Vietnam,0.07,361117703.5531759,738995623.7624097,0.15267956348434633,0.5113398619133409,6.039768599999661
126,110,27,Vietnam,0.07,487970593.0288254,738995623.7624097,0.206312613321844,0.33968405584806266,6.073963499999991
126,120,27,Vietnam,0.07,591788368.462557,738995623.7624097,0.2502064808314548,0.19919908936724706,6.116940100000647
126,130,27,Vietnam,0.07,653854212.7771443,738995623.7624097,0.27644774766495195,0.11521233448148092,6.364628799999991
126,140,27,Vietnam,0.07,677743410.8790317,738995623.7624097,0.2865480343645492,0.08288575860778152,6.306586599999719
126,150,27,Vietnam,0.07,675032875.590527,738995623.7624097,0.28540202756237404,0.08655362239661507,6.305736700000125
126,160,27,Vietnam,0.07,660378572.7371595,738995623.7624097,0.27920622896040903,0.10638364896532312,6.286133200000222
126,170,27,Vietnam,0.07,644130382.5343094,738995623.7624097,0.2723365392078088,0.12837050474685882,6.270953199999894
127,0,27,Sweden,0.07,1165865868.0719473,1249438405.5793955,0.4929248554337677,0.06688808118451708,6.29245599999922
127,10,27,Sweden,0.07,1159399654.0849245,1249438405.5793955,0.490190958094421,0.07206337750816766,6.387651400000323
127,20,27,Sweden,0.07,1154707207.1554086,1249438405.5793955,0.48820700454735694,0.07581902237114098,6.327953699999853
127,30,27,Sweden,0.07,1154102927.7822516,1249438405.5793955,0.4879515169043851,0.07630266315764042,6.299822699999822
127,40,27,Sweden,0.07,1156332583.9042902,1249438405.5793955,0.4888942093287207,0.07451813651584518,6.337450600000011
127,50,27,Sweden,0.07,1158702869.313313,1249438405.5793955,0.48989635942555093,0.07262105587670503,6.787387399999716
127,60,27,Sweden,0.07,1161813829.737796,1249438405.5793955,0.49121166486461865,0.07013116889180766,6.472327100000257
127,70,27,Sweden,0.07,1166127293.903236,1249438405.5793955,0.4930353855501589,0.06667884651546804,6.906276400000024
127,80,27,Sweden,0.07,1169812553.5585387,1249438405.5793955,0.49459350311116973,0.06372931363826005,6.511793800000305
127,90,27,Sweden,0.07,1173987935.562553,1249438405.5793955,0.49635884304183703,0.06038750664291798,6.11000679999961
127,100,27,Sweden,0.07,1177154446.278294,1249438405.5793955,0.4976976349899772,0.057853159450130386,6.1811413000004904
127,110,27,Sweden,0.07,1179821475.0584826,1249438405.5793955,0.4988252473611038,0.05571857741048851,6.104898599999615
127,120,27,Sweden,0.07,1179546078.3977587,1249438405.5793955,0.49870881041677606,0.055938993766744355,6.145980299999792
127,130,27,Sweden,0.07,1178141276.2931814,1249438405.5793955,0.4981148639832494,0.057063340591929274,6.1315967000000455
127,140,27,Sweden,0.07,1176262208.8819811,1249438405.5793955,0.49732039949348095,0.058567270199670854,6.106204599999728
127,150,27,Sweden,0.07,1176106051.9105806,1249438405.5793955,0.49725437675908196,0.05869225192802431,6.123240799999621
127,160,27,Sweden,0.07,1174601429.4907947,1249438405.5793955,0.49661822657314164,0.05989649089896282,6.138923600000453
127,170,27,Sweden,0.07,1172046512.8528445,1249438405.5793955,0.49553801490480487,0.06194134291130784,6.137641899999835
128,0,27,United Kingdom,0.06,821948088.0238742,1138322948.54655,0.3475173719025343,0.27793067066480054,6.018489699999918
128,10,27,United Kingdom,0.06,820733913.8698878,1138322948.54655,0.3470040224378014,0.2789973048353025,6.058831800000007
128,20,27,United Kingdom,0.06,817814902.3190367,1138322948.54655,0.34576987245012547,0.2815616136323607,6.087949599999774
128,30,27,United Kingdom,0.06,805040359.182259,1138322948.54655,0.34036883104272747,0.2927838622508997,6.050422399999661
128,40,27,United Kingdom,0.06,792299808.6280775,1138322948.54655,0.334982161604971,0.3039762488846305,6.016662800000631
128,50,27,United Kingdom,0.06,786109510.9832597,1138322948.54655,0.3323649209298409,0.3094143344935711,6.031359099999463
128,60,27,United Kingdom,0.06,781438025.7310824,1138322948.54655,0.33038982992181737,0.31351816571136565,5.986426699999356
128,70,27,United Kingdom,0.06,781290081.0514342,1138322948.54655,0.330327279321594,0.3136481329406455,6.052364500000294
128,80,27,United Kingdom,0.06,788648053.028525,1138322948.54655,0.33343820946580627,0.30718426257197223,6.03334360000008
128,90,27,United Kingdom,0.06,796070802.3814485,1138322948.54655,0.3365765273048573,0.3006634862295457,6.010007200000473
128,100,27,United Kingdom,0.06,800598723.6754414,1138322948.54655,0.3384909198695423,0.29668577384153294,6.016859599999407
128,110,27,United Kingdom,0.06,801374898.9167135,1138322948.54655,0.3388190846087914,0.2960039152861351,5.99623849999989
128,120,27,United Kingdom,0.06,804251125.2229635,1138322948.54655,0.340035145113717,0.2934771926983823,6.0251561000004585
128,130,27,United Kingdom,0.06,808657251.9727646,1138322948.54655,0.34189804328292095,0.28960647502952824,6.010923300000286
128,140,27,United Kingdom,0.06,809807153.1767321,1138322948.54655,0.34238421832265015,0.2885963037021069,6.0341098999997484
128,150,27,United Kingdom,0.06,810997718.9149817,1138322948.54655,0.3428875862146887,0.2875504091782639,6.0368061999997735
128,160,27,United Kingdom,0.06,818697676.6770866,1138322948.54655,0.3461431070002903,0.2807861093177222,6.2085689000005
128,170,27,United Kingdom,0.06,824427332.8026562,1138322948.54655,0.3485655897186945,0.2757526905213381,6.074084400000174
125,0,28,China,0.1,1364808419.2266762,1432153754.3343942,0.5564287423461661,0.04702381633529098,6.371586299999763
125,10,28,China,0.1,1359897327.8038204,1432153754.3343942,0.5544265035077546,0.050452981261188426,6.46135460000005
125,20,28,China,0.1,1359832809.2029715,1432153754.3343942,0.5544001994467431,0.050498031313009784,6.414472499999647
125,30,28,China,0.1,1363233376.4990537,1432153754.3343942,0.5557866016385574,0.048123588425302725,6.428914299999633
125,40,28,China,0.1,1364949588.9451568,1432153754.3343942,0.556486296862833,0.046925244713317195,6.358837199999471
125,50,28,China,0.1,1367904100.0150685,1432153754.3343942,0.5576908431242126,0.04486226016227306,6.423420900000565
125,60,28,China,0.1,1365224266.1903698,1432153754.3343942,0.5565982820410836,0.046733451587487145,6.342598100000032
125,70,28,China,0.1,1339968353.2428796,1432153754.3343942,0.546301513879191,0.06436836883785467,6.3618671000003815
125,80,28,China,0.1,1291293791.5454423,1432153754.3343942,0.5264570252549912,0.0983553353560266,6.384275000000343
125,90,28,China,0.1,1258508756.586947,1432153754.3343942,0.5130906541858068,0.12124745490622986,6.325983799999449
125,100,28,China,0.1,1272691366.2924843,1432153754.3343942,0.5188728662314434,0.11134446113715035,6.354636400000345
125,110,28,China,0.1,1316686710.858197,1432153754.3343942,0.5368096505455793,0.0806247535411179,6.364648400000078
125,120,28,China,0.1,1347161872.5651495,1432153754.3343942,0.5492342924678529,0.059345500796976494,6.332741399999577
125,130,28,China,0.1,1364258981.9228957,1432153754.3343942,0.5562047382268818,0.047407460411297266,6.363533199999438
125,140,28,China,0.1,1370881712.9541507,1432153754.3343942,0.5589048079558671,0.04278314475300192,6.316503200000625
125,150,28,China,0.1,1369382049.3089948,1432153754.3343942,0.5582933990985791,0.043830283470208224,6.3698709000000235
125,160,28,China,0.1,1369242180.8851252,1432153754.3343942,0.5582363751162448,0.043927946464454685,6.375691399999596
125,170,28,China,0.1,1365753117.0546153,1432153754.3343942,0.5568138931240277,0.046364181973351896,6.371332400000028
124,0,29,China,0.1,1336652968.3647392,1466023049.76528,0.5261584665268222,0.08824559847217534,6.575953900000059
124,10,29,China,0.1,1343482997.45326,1466023049.76528,0.5288470309609746,0.08358671600125218,6.555040599999302
124,20,29,China,0.1,1348252639.4202666,1466023049.76528,0.5307245470871779,0.08033325967410213,6.507075000000441
124,30,29,China,0.1,1349627886.8689697,1466023049.76528,0.5312658978385174,0.0793951793015437,6.53440750000027
124,40,29,China,0.1,1350747339.0183282,1466023049.76528,0.5317065576359346,0.07863158138298591,6.592295600000398
124,50,29,China,0.1,1350473290.5604846,1466023049.76528,0.5315986815306584,0.07881851463610728,6.65353099999993
124,60,29,China,0.1,1334996881.818119,1466023049.76528,0.5255065666108168,0.08937524411238904,6.545999800000573
124,70,29,China,0.1,1268436660.6217108,1466023049.76528,0.4993058812083573,0.13477713680914097,6.554108199999973
124,80,29,China,0.1,1107062221.0580025,1466023049.76528,0.4357826409455214,0.2448534685486354,6.520076899999367
124,90,29,China,0.1,915548523.0700886,1466023049.76528,0.36039541925290847,0.3754883163558213,6.56984089999969
124,100,29,China,0.1,889888372.5012888,1466023049.76528,0.35029458845114503,0.3929915545026623,6.554360400000405
124,110,29,China,0.1,1070228496.747948,1466023049.76528,0.4212834580176146,0.2699783970522846,6.522030600000107
124,120,29,China,0.1,1258450348.8158872,1466023049.76528,0.49537488144224817,0.1415889750046062,6.5522258000000875
124,130,29,China,0.1,1336130356.630149,1466023049.76528,0.5259527462722992,0.08860208109001273,6.552192000000105
124,140,29,China,0.1,1347641152.7382216,1466023049.76528,0.5304838422052518,0.08075036545026498,6.554678600000443
124,150,29,China,0.1,1342715488.8550854,1466023049.76528,0.5285449097996715,0.08411024705916936,6.556040999999823
124,160,29,China,0.1,1340124272.6748035,1466023049.76528,0.5275249065795952,0.08587776100152977,6.525499700000182
124,170,29,China,0.1,1336642782.6065397,1466023049.76528,0.5261544570172176,0.08825254635624925,6.557708899999852
121,0,30,Germany,0.06,1154228170.2964144,1447299315.6252666,0.4392040221828061,0.20249518683855572,6.791976700000305
121,10,30,Germany,0.06,1151607946.8020742,1447299315.6252666,0.43820698127932806,0.20430560951066773,6.838213400000313
121,20,30,Germany,0.06,1152627588.9574585,1447299315.6252666,0.43859497296706945,0.20360109583863314,6.788669000000482
121,30,30,Germany,0.06,1160318139.2359335,1447299315.6252666,0.441521361961923,0.19828737103033214,6.78729949999979
121,40,30,Germany,0.06,1169248004.5314124,1447299315.6252666,0.444919332013475,0.1921173513259969,6.79225199999928
121,50,30,Germany,0.06,1178335526.4322608,1447299315.6252666,0.4483772931629607,0.18583840003876964,6.778523599999971
121,60,30,Germany,0.06,1185784206.9900386,1447299315.6252666,0.4512116464954485,0.18069179319845624,6.7792662000001656
121,70,30,Germany,0.06,1188617444.6995437,1447299315.6252666,0.45228974303635605,0.17873419004137808,6.784891199999947
121,80,30,Germany,0.06,1189387610.0037446,1447299315.6252666,0.4525828044154279,0.17820205042389464,6.871652300000278
121,90,30,Germany,0.06,1192559786.5105581,1447299315.6252666,0.45378987310143004,0.17601026018909924,6.808469399999922
121,100,30,Germany,0.06,1188018978.2164521,1447299315.6252666,0.45206201606409896,0.17914769571821387,6.793134999999893
121,110,30,Germany,0.06,1182635512.5539107,1447299315.6252666,0.45001351314836785,0.18286735868248163,6.7515856999998505
121,120,30,Germany,0.06,1182276850.1669688,1447299315.6252666,0.4498770358321799,0.18311517361825183,6.7764886999993905
121,130,30,Germany,0.06,1176077379.9671373,1447299315.6252666,0.44751802890682546,0.18739864845507448,6.789316400000644
121,140,30,Germany,0.06,1173180600.2586994,1447299315.6252666,0.4464157535230972,0.1894001554530837,6.827497799999946
121,150,30,Germany,0.06,1171288062.814727,1447299315.6252666,0.445695609899059,0.1907077892117266,6.772491900000205
121,160,30,Germany,0.06,1161197746.9266326,1447299315.6252666,0.4418560680847156,0.1976796130626452,6.7774741000002905
121,170,30,Germany,0.06,1158475069.0637414,1447299315.6252666,0.4408200415006627,0.19956082576930287,6.776409400000375
122,0,30,United Kingdom,0.06,893224444.5933475,1272442350.8847504,0.3398875359944245,0.29802364407922,6.73383290000038
122,10,30,United Kingdom,0.06,892184167.4475707,1272442350.8847504,0.3394916923316479,0.2988411877149325,6.798933300000499
122,20,30,United Kingdom,0.06,896618317.3548241,1272442350.8847504,0.3411789639858539,0.29535643266558176,6.757566600000246
122,30,30,United Kingdom,0.06,900910001.3183677,1272442350.8847504,0.34281202485478224,0.2919836402081792,6.784716799999842
122,40,30,United Kingdom,0.06,904445944.6137786,1272442350.8847504,0.3441575131711486,0.28920477695126834,6.789002100000289
122,50,30,United Kingdom,0.06,908944421.9990422,1272442350.8847504,0.34586926255671313,0.28566946756602535,6.744632200000524
122,60,30,United Kingdom,0.06,910208101.3107712,1272442350.8847504,0.34635011465402255,0.28467635435280164,6.735473700000512
122,70,30,United Kingdom,0.06,913426478.3760533,1272442350.8847504,0.3475747634612075,0.2821470632905823,6.718614600000365
122,80,30,United Kingdom,0.06,910902200.4802231,1272442350.8847504,0.3466142315373756,0.28413086860331427,6.723609300000135
122,90,30,United Kingdom,0.06,908275691.5265429,1272442350.8847504,0.3456147989065993,0.28619501630466504,6.74715390000074
122,100,30,United Kingdom,0.06,904176996.9278156,1272442350.8847504,0.3440551738690318,0.289416140307554,6.753613999999288
122,110,30,United Kingdom,0.06,899521696.6238253,1272442350.8847504,0.34228375061789396,0.2930746952910103,6.7123695000000225
122,120,30,United Kingdom,0.06,894996630.1310295,1272442350.8847504,0.34056188361150286,0.2966309007958408,6.757824199999959
122,130,30,United Kingdom,0.06,895342051.8942759,1272442350.8847504,0.34069332263861335,0.29635943721007896,6.823882000000594
122,140,30,United Kingdom,0.06,893197310.9149461,1272442350.8847504,0.3398772111548501,0.2980449681717281,6.8403645999997025
122,150,30,United Kingdom,0.06,888263643.1993258,1272442350.8847504,0.3379998642310981,0.3019222893817537,6.754888899999969
122,160,30,United Kingdom,0.06,889039395.1027213,1272442350.8847504,0.3382950514089503,0.3013126335471643,6.810015099999873
122,170,30,United Kingdom,0.06,892959605.341125,1272442350.8847504,0.33978676002325914,0.2982317786576065,6.729669900000772
123,0,30,United Kingdom,0.06,1010897557.1841537,1268720106.117894,0.38466421506246334,0.20321467886454578,6.939671399999497
123,10,30,United Kingdom,0.06,1009695854.0415437,1268720106.117894,0.3842069459823226,0.20416185636793302,6.845897100000002
123,20,30,United Kingdom,0.06,1008783032.0399455,1268720106.117894,0.38385960123285595,0.20488133893717467,6.808874900000774
123,30,30,United Kingdom,0.06,1007323387.0884708,1268720106.117894,0.383304180779479,0.20603182511961643,6.811961999999767
123,40,30,United Kingdom,0.06,1009774726.3827535,1268720106.117894,0.384236958288719,0.2040996895110909,6.8062187000005
123,50,30,United Kingdom,0.06,1010817510.4619781,1268720106.117894,0.3846337558835533,0.2032777713636633,6.754100000000108
123,60,30,United Kingdom,0.06,1008698075.3640559,1268720106.117894,0.38382727373061487,0.20494830144173337,6.771234100000584
123,70,30,United Kingdom,0.06,1006234976.4408972,1268720106.117894,0.38289002147674933,0.20688970594165523,6.793177200000173
123,80,30,United Kingdom,0.06,1008715282.3412112,1268720106.117894,0.38383382128661003,0.20493473897269676,6.789503599999989
123,90,30,United Kingdom,0.06,1014896239.670859,1268720106.117894,0.3861857837408139,0.20006293367865075,6.782378200000494
123,100,30,United Kingdom,0.06,1019674381.5960126,1268720106.117894,0.3880039503790002,0.19629682175048555,6.79830420000053
123,110,30,United Kingdom,0.06,1023716937.3840748,1268720106.117894,0.38954221361646685,0.1931104958078536,6.758353299999726
123,120,30,United Kingdom,0.06,1028370082.8909109,1268720106.117894,0.3913128169295703,0.18944290554551116,6.780119500000183
123,130,30,United Kingdom,0.06,1030115246.9453928,1268720106.117894,0.39197688239931233,0.1880673743735319,6.801737600000706
123,140,30,United Kingdom,0.06,1025240303.1425396,1268720106.117894,0.39012188095226014,0.19190978514588883,6.783736800000042
123,150,30,United Kingdom,0.06,1024096194.9163995,1268720106.117894,0.3896865277459663,0.1928115665716132,6.736838400000124
123,160,30,United Kingdom,0.06,1019003109.9620113,1268720106.117894,0.38774851977245484,0.1968259153076573,6.909669900000154
123,170,30,United Kingdom,0.06,1015883113.5812547,1268720106.117894,0.38656130653776816,0.19928508369768416,6.806301900000108
117,0,32,United States of America,0.07,1384339955.9936886,1432819243.480856,0.493842735442954,0.03383489418343724,7.435182499999428
117,10,32,United States of America,0.07,1385251056.2911205,1432819243.480856,0.494167756953168,0.033199014743949436,7.38930849999997
117,20,32,United States of America,0.07,1383578552.9658847,1432819243.480856,0.49357111621214494,0.03436629619472944,7.346540399999867
117,30,32,United States of America,0.07,1381540321.662068,1432819243.480856,0.4928440074422331,0.03578882825038858,7.335598499999833
117,40,32,United States of America,0.07,1379769053.9109383,1432819243.480856,0.4922121339579546,0.03702503983757145,7.3996186000003945
117,50,32,United States of America,0.07,1379641429.772287,1432819243.480856,0.49216660594045625,0.037114111881537945,7.335856099999546
117,60,32,United States of America,0.07,1380869500.1604884,1432819243.480856,0.4926047018266582,0.03625701117341371,7.33277309999994
117,70,32,United States of America,0.07,1381614800.5226038,1432819243.480856,0.4928705766704494,0.03573684761090825,7.341394800000671
117,80,32,United States of America,0.07,1384350616.3232992,1432819243.480856,0.4938465383573413,0.03382745407565038,7.355792900000779
117,90,32,United States of America,0.07,1383963961.3003738,1432819243.480856,0.49370860491594387,0.03409731018254216,7.336553099999946
117,100,32,United States of America,0.07,1384583715.8027852,1432819243.480856,0.4939296931374091,0.03366476818170628,7.351366099999723
117,110,32,United States of America,0.07,1382710588.3235538,1432819243.480856,0.49326148270674725,0.0349720701932851,7.359992099999545
117,120,32,United States of America,0.07,1380561679.064295,1432819243.480856,0.49249489121871254,0.036471847132376334,7.371009800000138
117,130,32,United States of America,0.07,1379075483.027569,1432819243.480856,0.4919647128380312,0.03750910011699948,7.334973099999843
117,140,32,United States of America,0.07,1379132987.5425692,1432819243.480856,0.49198522672038,0.03746896629323787,7.319090699999833
117,150,32,United States of America,0.07,1380872231.362525,1432819243.480856,0.49260567614245326,0.03625510499993855,7.367645799999991
117,160,32,United States of America,0.07,1382026402.389632,1432819243.480856,0.49301740952826484,0.03544958048429687,7.374016400000073
117,170,32,United States of America,0.07,1384533754.7870038,1432819243.480856,0.49391187028645966,0.033699637210726316,7.334330200000295
118,0,32,China,0.08,1038267078.0023534,1140054552.736393,0.3703863720042642,0.08928298605512008,7.347236900000098
118,10,32,China,0.08,1038114444.2091683,1140054552.736393,0.3703319221636588,0.08941686894065286,7.34499599999981
118,20,32,China,0.08,1038166456.1859461,1140054552.736393,0.37035047666450704,0.08937124658279906,7.328215300000011
118,30,32,China,0.08,1035006509.8091619,1140054552.736393,0.3692232126887707,0.09214299673212271,7.326098300000012
118,40,32,China,0.08,1029772065.176452,1140054552.736393,0.3673559022461658,0.09673439511752978,7.307795199999418
118,50,32,China,0.08,1026282881.3065239,1140054552.736393,0.3661111876806949,0.0997949362658049,7.3388481000001775
118,60,32,China,0.08,1022089629.3467147,1140054552.736393,0.36461530727265795,0.10347305144875331,7.343235899999854
118,70,32,China,0.08,1016285089.906434,1140054552.736393,0.36254462396776327,0.10856450906922284,7.312886499999877
118,80,32,China,0.08,1005513015.9784858,1140054552.736393,0.35870184645351233,0.11801324457235536,7.313898000000336
118,90,32,China,0.08,993781131.3831383,1140054552.736393,0.3545166707274323,0.12830387896979564,7.327742399999806
118,100,32,China,0.08,986794988.614192,1140054552.736393,0.35202446797024545,0.13443178114094873,7.313931499999853
118,110,32,China,0.08,988594869.9638646,1140054552.736393,0.35266654893117316,0.1328530134009731,7.347567300000264
118,120,32,China,0.08,998069689.8285012,1140054552.736393,0.3560465503098249,0.12454216560698385,7.3195725999994465
118,130,32,China,0.08,1011527320.3698903,1140054552.736393,0.3608473602917702,0.11273779141358432,7.353526500000044
118,140,32,China,0.08,1023272254.3902453,1140054552.736393,0.3650371912065658,0.10243571069984615,7.340690900000482
118,150,32,China,0.08,1031191165.3597751,1140054552.736393,0.3678621451768604,0.09548962996140908,7.301893500000006
118,160,32,China,0.08,1035587195.8683888,1140054552.736393,0.36943036382291267,0.09163364736999517,7.353850899999998
118,170,32,China,0.08,1038137335.6480675,1140054552.736393,0.37034008834477294,0.08939678969195006,7.372139799999786
119,0,32,China,0.08,824140311.1869434,1004628328.4519612,0.29399982562319615,0.17965650793774948,8.174107499999991
119,10,32,China,0.08,825828087.4243824,1004628328.4519612,0.2946019147489949,0.1779765072950842,7.453976400000101
119,20,32,China,0.08,833949441.657922,1004628328.4519612,0.2974990873494299,0.16989256818692283,7.519408699999985
119,30,32,China,0.08,843825956.6967392,1004628328.4519612,0.30102238752024085,0.16006155430934688,7.3740114000001995
119,40,32,China,0.08,849612634.4081018,1004628328.4519612,0.30308669891841533,0.15430153585527906,7.329082100000051
119,50,32,China,0.08,842684072.3732404,1004628328.4519612,0.30061503723360455,0.16119817796524,7.293719400000555
119,60,32,China,0.08,825276749.3344648,1004628328.4519612,0.2944052330673747,0.17852530536727,7.336395900000753
119,70,32,China,0.08,807588540.7982451,1004628328.4519612,0.28809522716832375,0.19613202422565176,7.3805511999999
119,80,32,China,0.08,806817129.0806307,1004628328.4519612,0.2878200374859556,0.1968998820450735,7.393605199999911
119,90,32,China,0.08,823322102.6829249,1004628328.4519612,0.29370794188175114,0.18047094695051286,7.3355969000003824
119,100,32,China,0.08,836362066.3232391,1004628328.4519612,0.2983597553949911,0.16749105849723026,7.329069100000197
119,110,32,China,0.08,828770111.9021859,1004628328.4519612,0.29565143832127067,0.17504803674086755,7.368254299999535
119,120,32,China,0.08,808166366.9302988,1004628328.4519612,0.2883013580658886,0.19555686014189144,7.313294099999439
119,130,32,China,0.08,792207411.8166554,1004628328.4519612,0.28260823766290505,0.2114422922580997,7.311526299999969
119,140,32,China,0.08,793800925.104884,1004628328.4519612,0.28317669988045235,0.209856120294699,7.319806299999982
119,150,32,China,0.08,806031665.1330738,1004628328.4519612,0.2875398348790931,0.19768172735573397,7.366828899999746
119,160,32,China,0.08,817506361.6008631,1004628328.4519612,0.29163326255738553,0.1862598948801649,7.370792900000197
119,170,32,China,0.08,822010324.0975217,1004628328.4519612,0.2932399843384424,0.18177668216447457,7.368556600000375
120,0,32,China,0.07,796293944.1952047,909487223.318056,0.2840660474440656,0.12445834995888286,7.319948100000147
120,10,32,China,0.07,798357284.444623,909487223.318056,0.2848021134576994,0.1221896647079888,7.436353000000054
120,20,32,China,0.07,797404538.2667533,909487223.318056,0.2844622353976717,0.12323722882262672,7.365831000000071
120,30,32,China,0.07,792343075.5722593,909487223.318056,0.28265663369444183,0.12880241166931744,7.377595200000542
120,40,32,China,0.07,778997249.8472396,909487223.318056,0.2778957084215324,0.14347642289547902,7.371569500000078
120,50,32,China,0.07,762065152.3137887,909487223.318056,0.27185543390189376,0.16209361409875736,7.349184499999865
120,60,32,China,0.07,753374247.5748589,909487223.318056,0.2687550826108943,0.17164944348932645,7.300710700000309
120,70,32,China,0.07,753543872.663195,909487223.318056,0.2688155938438909,0.17146293719876277,7.328588099999251
120,80,32,China,0.07,759365917.264508,909487223.318056,0.27089252185520407,0.16506147882524919,7.3186218999999255
120,90,32,China,0.07,769946962.9956249,909487223.318056,0.2746671528951287,0.15342740034692337,7.331321900000148
120,100,32,China,0.07,776359325.693751,909487223.318056,0.27695466812705155,0.1463768750248281,7.314281800000572
120,110,32,China,0.07,768533229.5674014,909487223.318056,0.27416282447467233,0.15498182947135442,7.312048500000856
120,120,32,China,0.07,748135937.9879267,909487223.318056,0.2668863934032273,0.1774090731494567,7.310587500000111
120,130,32,China,0.07,726989780.1748002,909487223.318056,0.25934281541623866,0.20065971072958635,7.305802699999731
120,140,32,China,0.07,723241947.7089328,909487223.318056,0.25800583180255876,0.20478052998881058,7.333212700000331
120,150,32,China,0.07,746168680.956394,909487223.318056,0.2661846036516816,0.17957211291636588,7.323557700000492
120,160,32,China,0.07,772814188.9136343,909487223.318056,0.2756899931912223,0.15027482618810345,7.312800099999549
120,170,32,China,0.07,787940071.6892102,909487223.318056,0.2810859274005459,0.13364360544330556,7.31550580000021
114,0,34,China,0.07,1135632718.5197015,1262748366.5483484,0.38128952407994277,0.10066585821537066,7.867098800000349
114,10,34,China,0.07,1137281816.195309,1262748366.5483484,0.38184320984263664,0.09935989915076687,7.830367800000204
114,20,34,China,0.07,1139164087.190264,1262748366.5483484,0.3824751837195353,0.09786928467458256,7.802459900000031
114,30,34,China,0.07,1142743631.7783532,1262748366.5483484,0.3836770184590227,0.09503455949661721,8.014692699999614
114,40,34,China,0.07,1147374363.8405404,1262748366.5483484,0.3852317901693998,0.09136737434329562,7.870012500000485
114,50,34,China,0.07,1151913685.084301,1262748366.5483484,0.38675587062996947,0.08777257955756283,7.843399399999726
114,60,34,China,0.07,1155956587.0533385,1262748366.5483484,0.3881132779523699,0.08457091081964273,7.96998640000038
114,70,34,China,0.07,1156780776.3205955,1262748366.5483484,0.3883900001076402,0.0839182160396765,7.850488899999618
114,80,34,China,0.07,1147924301.9535632,1262748366.5483484,0.3854164322970599,0.09093186547423564,7.89713969999957
114,90,34,China,0.07,1138159985.5608041,1262748366.5483484,0.3821380558557629,0.09866445626700719,7.853171200000361
114,100,34,China,0.07,1135038294.6974902,1262748366.5483484,0.38108994584256317,0.10113659635921486,7.821574999999939
114,110,34,China,0.07,1136375278.032191,1262748366.5483484,0.3815388389847539,0.10007780794964805,8.097370200000114
114,120,34,China,0.07,1133884312.8709304,1262748366.5483484,0.3807024955919052,0.10205046158931935,7.90090390000023
114,130,34,China,0.07,1137332607.7603493,1262748366.5483484,0.3818602631481162,0.09931967612107555,7.909382099999675
114,140,34,China,0.07,1139303195.36462,1262748366.5483484,0.3825218893918278,0.09775912165395144,7.879319700000451
114,150,34,China,0.07,1140144728.6344416,1262748366.5483484,0.38280443480877036,0.0970926917522269,7.860178499999165
114,160,34,China,0.07,1140391155.7760582,1262748366.5483484,0.3828871729035919,0.09689754032843992,7.828602699999465
114,170,34,China,0.07,1136770030.879624,1262748366.5483484,0.3816713775448643,0.09976519392622872,7.841749299999719
115,0,35,Vietnam,0.07,714649264.0385228,834217556.5076665,0.23308847489840928,0.14332986825367153,8.135076900000058
115,10,35,Vietnam,0.07,705260421.6428628,834217556.5076665,0.23002623015096635,0.15458453716158221,8.15726579999955
115,20,35,Vietnam,0.07,699513979.8100004,834217556.5076665,0.2281519829778214,0.16147295827911304,8.091935600000397
115,30,35,Vietnam,0.07,695858441.5045639,834217556.5076665,0.22695970042549377,0.16585495465034727,8.1105692000001
115,40,35,Vietnam,0.07,689967507.9155703,834217556.5076665,0.22503832613032299,0.17291658209158123,8.061996599999475
115,50,35,Vietnam,0.07,673470225.2923435,834217556.5076665,0.21965760772744405,0.19269233782164558,8.089758099999926
115,60,35,Vietnam,0.07,643837073.4922532,834217556.5076665,0.20999252233928675,0.22821442863467678,8.054599099999905
115,70,35,Vietnam,0.07,609701673.6640013,834217556.5076665,0.19885899336725418,0.26913349052922003,8.074985000000197
115,80,35,Vietnam,0.07,579027511.1554841,834217556.5076665,0.18885437415377823,0.30590347009777563,8.058093800000279
115,90,35,Vietnam,0.07,549255419.5066013,834217556.5076665,0.17914397244181388,0.3415921120073506,8.033669800000098
115,100,35,Vietnam,0.07,522965760.5646124,834217556.5076665,0.1705693935305324,0.37310626408543307,8.060244199999943
115,110,35,Vietnam,0.07,517205548.9294758,834217556.5076665,0.16869065522813953,0.380011191451444,8.096577100000104
115,120,35,Vietnam,0.07,543192087.8511139,834217556.5076665,0.1771663691621376,0.3488603978498,8.052402000000257
115,130,35,Vietnam,0.07,595585089.0802065,834217556.5076665,0.19425475834318542,0.2860554366974257,8.06598699999995
115,140,35,Vietnam,0.07,656184467.0149271,834217556.5076665,0.21401972179221368,0.21341326144950679,8.026688700000705
115,150,35,Vietnam,0.07,699206276.2255659,834217556.5076665,0.22805162303508347,0.16184181120247115,8.06803949999994
115,160,35,Vietnam,0.07,718852880.1296571,834217556.5076665,0.2344595173286553,0.13829087565714535,8.053750799999762
115,170,35,Vietnam,0.07,721183655.0430529,834217556.5076665,0.2352197178874928,0.13549691034772027,8.049595999999838
116,0,35,United Kingdom,0.06,1404884973.069293,1541675930.2945018,0.45821427693062394,0.08872873639473504,8.13922139999977
116,10,35,United Kingdom,0.06,1407212165.7096982,1541675930.2945018,0.45897330910296746,0.08721921510386256,8.212625500000286
116,20,35,United Kingdom,0.06,1408616936.7848208,1541675930.2945018,0.45943148623118746,0.08630801771956258,8.173628700000336
116,30,35,United Kingdom,0.06,1410641369.0489945,1541675930.2945018,0.4600917707270041,0.08499488035755744,8.154384200000095
116,40,35,United Kingdom,0.06,1409708390.7948678,1541675930.2945018,0.45978747253583424,0.08560005180493716,8.133897100000468
116,50,35,United Kingdom,0.06,1407966845.833779,1541675930.2945018,0.45921945395752745,0.08672969580265849,8.108774000000267
116,60,35,United Kingdom,0.06,1404372278.8144076,1541675930.2945018,0.45804705766940884,0.08906129283205809,8.082735599999978
116,70,35,United Kingdom,0.06,1398450666.2676263,1541675930.2945018,0.4561156771910066,0.09290231572825788,8.17837849999978
116,80,35,United Kingdom,0.06,1402712023.0335412,1541675930.2945018,0.4575055521961974,0.0901382090297114,8.089443900000333
116,90,35,United Kingdom,0.06,1403363379.252219,1541675930.2945018,0.45771799714684247,0.08971571023740468,8.1057823000001
116,100,35,United Kingdom,0.06,1403419115.6687753,1541675930.2945018,0.45773617601721306,0.08967955710336327,8.073443599999337
116,110,35,United Kingdom,0.06,1405034998.6327696,1541675930.2945018,0.45826320894741346,0.0886314231004632,8.07573499999944
116,120,35,United Kingdom,0.06,1402561267.045586,1541675930.2945018,0.4574563819457228,0.09023599610998727,8.142231900000297
116,130,35,United Kingdom,0.06,1406208237.2170687,1541675930.2945018,0.45864586993381234,0.08787040805103256,8.082098099999712
116,140,35,United Kingdom,0.06,1405780357.4037917,1541675930.2945018,0.4585063135694037,0.08814795004599338,8.856662099999994
116,150,35,United Kingdom,0.06,1404809110.5633585,1541675930.2945018,0.4581895337780034,0.08877794421101066,8.019895200000065
116,160,35,United Kingdom,0.06,1402201877.13056,1541675930.2945018,0.45733916409998693,0.090469112491948,7.96571589999985
116,170,35,United Kingdom,0.06,1402252688.9979498,1541675930.2945018,0.45735573678993796,0.09043615364087466,7.9101849999997285
111,0,36,China,0.09,960601802.227273,1096166718.7965417,0.30460483327856197,0.12367180488575913,8.166944999999942
111,10,36,China,0.09,961291824.1439521,1096166718.7965417,0.3048236377929833,0.12304231859973441,8.218035500000042
111,20,36,China,0.09,969573173.4174198,1096166718.7965417,0.3074496364210489,0.11548749219289041,8.163114300000416
111,30,36,China,0.09,979828341.5305346,1096166718.7965417,0.31070152889730296,0.10613201009581144,8.139089899999817
111,40,36,China,0.09,976346983.5774323,1096166718.7965417,0.309597597532164,0.10930794847580938,8.179855000000316
111,50,36,China,0.09,917951262.4977095,1096166718.7965417,0.2910804358503645,0.16258061227628876,8.164440200000172
111,60,36,China,0.09,779629573.5409107,1096166718.7965417,0.24721891601373375,0.2887673378764413,8.151663399999961
111,70,36,China,0.09,654313104.4647164,1096166718.7965417,0.20748132434827385,0.40308979168508874,8.168680400000085
111,80,36,China,0.09,704433591.9649457,1096166718.7965417,0.22337442667584528,0.3573663751273817,8.183574599999702
111,90,36,China,0.09,858959356.8499379,1096166718.7965417,0.27237422528219746,0.21639715736583276,8.164729099999931
111,100,36,China,0.09,949859995.1364211,1096166718.7965417,0.30119862859475555,0.13347123311748388,8.116655399999217
111,110,36,China,0.09,980900493.9207331,1096166718.7965417,0.3110415061899839,0.10515391764708652,8.169905800000379
111,120,36,China,0.09,982644160.7582579,1096166718.7965417,0.31159441931705284,0.1035632227211914,8.155754100000195
111,130,36,China,0.09,976935805.564829,1096166718.7965417,0.30978431175952215,0.1087707838481119,8.176788799999485
111,140,36,China,0.09,982280426.6905671,1096166718.7965417,0.31147908000081403,0.10389504639495707,8.150100899999416
111,150,36,China,0.09,991271525.4031494,1096166718.7965417,0.3143301386996288,0.09569273687542215,8.159517400000368
111,160,36,China,0.09,984632997.9082562,1096166718.7965417,0.31222507544021316,0.10174886627714444,8.285294999999678
111,170,36,China,0.09,969433511.3950312,1096166718.7965417,0.30740534988426915,0.11561490166445501,8.169371100000717
112,0,36,Vietnam,0.07,694385654.1972332,738345283.185765,0.22018824651104554,0.0595380372701206,8.198062299999947
112,10,36,Vietnam,0.07,701189813.3658266,738345283.185765,0.22234583122965074,0.05032262095536437,8.221035000000484
112,20,36,Vietnam,0.07,700809258.3030983,738345283.185765,0.22222515801087592,0.050838037077596904,8.172718500000883
112,30,36,Vietnam,0.07,688303135.2552501,738345283.185765,0.2182594924071696,0.06777607857748649,8.10195449999992
112,40,36,Vietnam,0.07,653891070.3103648,738345283.185765,0.20734749819582854,0.11438308715267002,8.151039100000162
112,50,36,Vietnam,0.07,585179152.253165,738345283.185765,0.18555909191183567,0.20744512685410352,8.2008866999995
112,60,36,Vietnam,0.07,478390287.9672184,738345283.185765,0.15169656518493735,0.35207781662382864,8.128840100000161
112,70,36,Vietnam,0.07,356922824.62986475,738345283.185765,0.11317948523270699,0.5165909056940989,8.114754399999583
112,80,36,Vietnam,0.07,277262474.6983012,738345283.185765,0.08791935397586922,0.624481281302446,8.272975899999437
112,90,36,Vietnam,0.07,286304365.42608744,738345283.185765,0.09078651871704954,0.6122351263750753,8.19024090000039
112,100,36,Vietnam,0.07,372740181.23482317,738345283.185765,0.11819513610946955,0.4951681960687178,8.119993700000123
112,110,36,Vietnam,0.07,479045328.29414445,738345283.185765,0.15190427711001536,0.35119064318093796,8.08735919999981
112,120,36,Vietnam,0.07,559042379.9786426,738345283.185765,0.17727117579231436,0.24284424549104958,8.142461100000219
112,130,36,Vietnam,0.07,606598997.4606018,738345283.185765,0.19235128027035825,0.17843451935754606,8.134107500000027
112,140,36,Vietnam,0.07,634521109.1487459,738345283.185765,0.20120532380414316,0.14061737293024373,8.100557100000515
112,150,36,Vietnam,0.07,653528773.9894184,738345283.185765,0.20723261478609156,0.11487377400230118,8.134592500000508
112,160,36,Vietnam,0.07,669393456.8221945,738345283.185765,0.21226327271124887,0.09338696668591372,8.14257390000057
112,170,36,Vietnam,0.07,683107735.9830134,738345283.185765,0.21661204210521734,0.07481262284823734,9.267376599998897
113,0,36,Netherlands,0.06,1294331761.7088683,1513513849.5999653,0.41042990921767764,0.14481670448475167,8.262037999999848
113,10,36,Netherlands,0.06,1295514767.9346583,1513513849.5999653,0.41080503803103063,0.14403507554484954,8.481986199999938
113,20,36,Netherlands,0.06,1295310727.303381,1513513849.5999653,0.41074033717129027,0.14416988807486456,8.67042790000005
113,30,36,Netherlands,0.06,1290688260.366573,1513513849.5999653,0.40927456252111016,0.1472240173370643,9.388283799999954
113,40,36,Netherlands,0.06,1294332066.5982015,1513513849.5999653,0.410430005897451,0.14481650304005836,8.777196800000183
113,50,36,Netherlands,0.06,1286312621.1195445,1513513849.5999653,0.40788705641791745,0.15011506405473068,8.801238500000181
113,60,36,Netherlands,0.06,1279247600.5095372,1513513849.5999653,0.40564675307887404,0.15478302306407482,8.573096000000078
113,70,36,Netherlands,0.06,1276684586.8163838,1513513849.5999653,0.4048340267682597,0.15647644244958678,8.953476900000169
113,80,36,Netherlands,0.06,1272539813.2660167,1513513849.5999653,0.4035197276972402,0.1592149529372593,8.864044599999943
113,90,36,Netherlands,0.06,1269426780.0154197,1513513849.5999653,0.40253259132909047,0.16127177802109965,8.720121600000311
113,100,36,Netherlands,0.06,1279317284.9411721,1513513849.5999653,0.40566884986719054,0.1547369815748256,8.720825200000036
113,110,36,Netherlands,0.06,1290645418.5148582,1513513849.5999653,0.40926097745904944,0.14725232355423318,8.735492599999816
113,120,36,Netherlands,0.06,1293891670.4844432,1513513849.5999653,0.41029035720587365,0.14510747897917828,8.673417299999983
113,130,36,Netherlands,0.06,1299553137.8367443,1513513849.5999653,0.41208559672651707,0.1413668674520373,8.668781700000181
113,140,36,Netherlands,0.06,1296440960.898532,1513513849.5999653,0.41109873189324325,0.14342312675817775,8.814787700000124
113,150,36,Netherlands,0.06,1298540841.087566,1513513849.5999653,0.4117645995330942,0.1420357062270812,9.097025699999904
113,160,36,Netherlands,0.06,1301256813.0039868,1513513849.5999653,0.41262582857812874,0.1402412251807804,8.658789399999932
113,170,36,Netherlands,0.06,1301211184.5264883,1513513849.5999653,0.4126113598828286,0.1402713725610046,8.697914999999739
106,0,37,China,0.07,1102840715.410833,1213228279.6678467,0.34025691577527856,0.0909866396184198,9.131380499999977
106,10,37,China,0.07,1101316772.3503413,1213228279.6678467,0.3397867371190736,0.09224274540331692,9.009453000000121
106,20,37,China,0.07,1099730016.8990011,1213228279.6678467,0.33929717910002505,0.09355062412485037,9.105411900000036
106,30,37,China,0.07,1095848844.4769926,1213228279.6678467,0.3380997298768952,0.09674966958649348,9.509165700000267
106,40,37,China,0.07,1088099567.8893268,1213228279.6678467,0.3357088633497861,0.10313698903620773,9.052971300000081
106,50,37,China,0.07,1086407292.1634219,1213228279.6678467,0.335186749402512,0.1045318425475092,9.083241000000271
106,60,37,China,0.07,1089257814.8540115,1213228279.6678467,0.3360662146285362,0.10218230723056945,9.17175559999987
106,70,37,China,0.07,1086200784.345612,1213228279.6678467,0.33512303601925586,0.1047020560359933,9.549934299999677
106,80,37,China,0.07,1079772877.1458356,1213228279.6678467,0.3331398485578908,0.11000024048116319,9.645842399999765
106,90,37,China,0.07,1065963177.8042035,1213228279.6678467,0.3288791737023953,0.12138284635432409,9.569618699999864
106,100,37,China,0.07,1049801621.0461377,1213228279.6678467,0.323892885673867,0.1347039640935928,9.204096099999788
106,110,37,China,0.07,1046914788.2519498,1213228279.6678467,0.3230022177748827,0.1370834279113817,8.944316599999638
106,120,37,China,0.07,1060776193.302726,1213228279.6678467,0.3272788452741966,0.12565820375276648,9.055711299999984
106,130,37,China,0.07,1072695479.1242174,1213228279.6678467,0.33095627518333254,0.11583376591098243,9.055917000000136
106,140,37,China,0.07,1080676675.2065842,1213228279.6678467,0.3334186953000692,0.10925528746952055,10.34722150000016
106,150,37,China,0.07,1093929912.9117944,1213228279.6678467,0.3375076863235204,0.09833134353636509,9.649290400000154
106,160,37,China,0.07,1101674883.8424263,1213228279.6678467,0.3398972244361429,0.09194757301236094,9.932391899999857
106,170,37,China,0.07,1103381162.977917,1213228279.6678467,0.3404236588232497,0.090541177230062,9.831833199999892
108,0,38,China,0.07,1124175150.0242107,1223360194.159631,0.3377118331002796,0.08107591256355534,9.604163999999855
108,10,38,China,0.07,1121711483.3480878,1223360194.159631,0.33697172655253776,0.08308976481073858,8.91877149999982
108,20,38,China,0.07,1114523939.8993862,1223360194.159631,0.33481252700654474,0.08896501192358011,8.926654599999893
108,30,38,China,0.07,1102607569.1920753,1223360194.159631,0.33123274729394236,0.09870570053205382,9.08670819999952
108,40,38,China,0.07,1094601062.5079615,1223360194.159631,0.32882752418528044,0.10525038518203436,9.616942500000732
108,50,38,China,0.07,1093140312.366633,1223360194.159631,0.3283887023451793,0.10644443264924985,10.314283599999726
108,60,38,China,0.07,1093732614.799683,1223360194.159631,0.3285666350635914,0.10596027235379654,9.884708800000226
108,70,38,China,0.07,1094391547.274128,1223360194.159631,0.3287645840165008,0.10542164728033851,10.4316374
108,80,38,China,0.07,1088004701.7049766,1223360194.159631,0.326845920964004,0.11064238733681775,9.37644199999977
108,90,38,China,0.07,1067019135.3544425,1223360194.159631,0.32054167728744365,0.12779642459478968,9.200847799999792
108,100,38,China,0.07,1034498935.0118737,1223360194.159631,0.31077233087355016,0.15437911095145015,9.218461700000262
108,110,38,China,0.07,1015178132.4105018,1223360194.159631,0.30496819647035023,0.1701723357871201,9.236022299999604
108,120,38,China,0.07,1043840779.4673134,1223360194.159631,0.3135787008733818,0.14674289350703926,9.79666829999951
108,130,38,China,0.07,1077324623.289255,1223360194.159631,0.32363753403306145,0.11937250498059,9.820048800000222
108,140,38,China,0.07,1099474390.040264,1223360194.159631,0.3302915134703989,0.10126682616518239,10.812712099999771
108,150,38,China,0.07,1113792732.5001576,1223360194.159631,0.33459286604787236,0.08956271601982206,10.432521400000041
108,160,38,China,0.07,1123351361.0937226,1223360194.159631,0.337464359857523,0.08174929472395331,10.277308200000334
108,170,38,China,0.07,1124747616.9250455,1223360194.159631,0.3378838070551086,0.08060796624360167,9.681096000000252
109,0,38,China,0.08,1141503046.545753,1289124363.170311,0.3429172814665204,0.11451285914845066,8.988894799999798
109,10,38,China,0.08,1145510185.481179,1289124363.170311,0.34412106028634315,0.11140443993777703,9.395540399999845
109,20,38,China,0.08,1149413892.6492646,1289124363.170311,0.3452937673183323,0.10837625485368997,9.539241500000571
109,30,38,China,0.08,1149958058.3184493,1289124363.170311,0.3454572393410386,0.10795413447125733,9.24173729999984
109,40,38,China,0.08,1148706575.4936666,1289124363.170311,0.3450812831932428,0.10892493516398868,9.4185994999998
109,50,38,China,0.08,1146780473.4534512,1289124363.170311,0.34450266566133475,0.11041905170948525,8.917255700000169
109,60,38,China,0.08,1145302304.446688,1289124363.170311,0.3440586110450276,0.11156569748625733,9.016182000000299
109,70,38,China,0.08,1142563356.0349805,1289124363.170311,0.343235807508706,0.11369035550216168,9.159772200000589
109,80,38,China,0.08,1136571320.3278975,1289124363.170311,0.34143574871662385,0.11833849952788386,9.865937599999597
109,90,38,China,0.08,1125003043.7660654,1289124363.170311,0.33796053946349,0.12731224705165467,9.505129999999554
109,100,38,China,0.08,1107999142.4061792,1289124363.170311,0.33285242201579524,0.14050251933699795,9.156716100000267
109,110,38,China,0.08,1094237378.5926096,1289124363.170311,0.3287182704255617,0.15117779955567723,9.805061099999875
109,120,38,China,0.08,1093415210.244574,1289124363.170311,0.32847128401963893,0.15181557227297632,9.560713799999576
109,130,38,China,0.08,1104139337.3279321,1289124363.170311,0.3316929035472038,0.14349664867666442,14.380058499999905
109,140,38,China,0.08,1116716625.288283,1289124363.170311,0.3354712284571867,0.1337401904793963,12.084957699999904
109,150,38,China,0.08,1122848405.8101575,1289124363.170311,0.3373132677872379,0.12898364355727107,12.01964549999957
109,160,38,China,0.08,1129760868.319486,1289124363.170311,0.3393898306655509,0.12362150573192679,13.220647000000099
109,170,38,China,0.08,1138496054.094723,1289124363.170311,0.3420139552074991,0.116845444379898,11.819757999999638
110,0,38,China,0.08,1040099223.9025879,1158121392.2295494,0.31245470557035204,0.10190828795567963,10.72522519999984
110,10,38,China,0.08,1042050017.2030327,1158121392.2295494,0.3130407405680824,0.10022384165019409,10.116472599999724
110,20,38,China,0.08,1046783559.6908088,1158121392.2295494,0.3144627372298753,0.09613658230110003,10.030875400000696
110,30,38,China,0.08,1054353812.9139119,1158121392.2295494,0.3167369060664239,0.08959991587399144,10.360939099999996
110,40,38,China,0.08,1059819238.4102058,1158121392.2295494,0.3183787666456999,0.08488069944904295,9.878664199999548
110,50,38,China,0.08,1062887110.852681,1158121392.2295494,0.31930038177501835,0.08223169178623732,11.742005699999936
110,60,38,China,0.08,1061829274.651142,1158121392.2295494,0.3189825987296149,0.08314509879921249,12.179455800000142
110,70,38,China,0.08,1042716985.4706771,1158121392.2295494,0.3132411035420203,0.0996479363330836,11.898940000000039
110,80,38,China,0.08,997346020.351243,1158121392.2295494,0.29961127744269495,0.13882428297848018,13.599341099999947
110,90,38,China,0.08,966555100.4098406,1158121392.2295494,0.2903614216564049,0.16541123677105757,13.053645199999664
110,100,38,China,0.08,966014925.3571873,1158121392.2295494,0.2901991484490469,0.16587766028786471,13.248336600000584
110,110,38,China,0.08,981945753.0103184,1158121392.2295494,0.2949849053744047,0.1521219108819566,13.217968900000415
110,120,38,China,0.08,1000032453.596489,1158121392.2295494,0.3004183049737109,0.13650463560535447,13.151560000000245
110,130,38,China,0.08,1023308048.1874789,1158121392.2295494,0.3074104927263515,0.11640691981566417,13.057730900000024
110,140,38,China,0.08,1040521202.4672626,1158121392.2295494,0.3125814715414752,0.10154392324615436,11.692239500000142
110,150,38,China,0.08,1044379092.8563727,1158121392.2295494,0.31374041482106846,0.09821276088701418,11.503734699999768
110,160,38,China,0.08,1043634676.8884274,1158121392.2295494,0.3135167858953459,0.09885553976403003,12.183599400000276
110,170,38,China,0.08,1040245290.203585,1158121392.2295494,0.31249858513686163,0.10178216447503488,12.634947000000466
93,0,39,United Kingdom,0.06,1647592371.438067,1750101250.8747582,0.4822597972831246,0.058573113632970644,13.304535700000088
93,10,39,United Kingdom,0.06,1645944780.7327363,1750101250.8747582,0.48177753797352074,0.059514539567331354,13.1014610000002
93,20,39,United Kingdom,0.06,1647755250.6273706,1750101250.8747582,0.48230747296199816,0.058480045195231846,12.933565299999827
93,30,39,United Kingdom,0.06,1650925348.0886102,1750101250.8747582,0.4832353787872059,0.05666866573381208,13.038754399999561
93,40,39,United Kingdom,0.06,1652413140.7673237,1750101250.8747582,0.4836708642920395,0.05581854767465984,12.897460500000307
93,50,39,United Kingdom,0.06,1649897659.3662906,1750101250.8747582,0.4829345683662014,0.057255882457305035,13.064894699999968
93,60,39,United Kingdom,0.06,1647686260.3943987,1750101250.8747582,0.4822872791225848,0.05851946590471218,12.978224599999521
93,70,39,United Kingdom,0.06,1643393548.186,1750101250.8747582,0.48103077748097417,0.060972302394174116,12.918082899999717
93,80,39,United Kingdom,0.06,1641292057.0391169,1750101250.8747582,0.4804156588921429,0.062173085003656196,12.992780200000198
93,90,39,United Kingdom,0.06,1643305467.5968254,1750101250.8747582,0.48100499578410766,0.061022631247508015,13.611791999999696
93,100,39,United Kingdom,0.06,1648199959.131601,1750101250.8747582,0.48243764170811415,0.05822594075184137,11.689778199999637
93,110,39,United Kingdom,0.06,1648957597.4241693,1750101250.8747582,0.48265940680955666,0.05779302963187645,11.721898199999487
93,120,39,United Kingdom,0.06,1648592301.9978569,1750101250.8747582,0.4825524827297321,0.05800175779896385,11.85555900000054
93,130,39,United Kingdom,0.06,1649551893.410971,1750101250.8747582,0.4828333606752637,0.05745345157231871,11.777968899999905
93,140,39,United Kingdom,0.06,1651705088.1493459,1750101250.8747582,0.4834636132037659,0.05622312576271272,12.29626399999961
93,150,39,United Kingdom,0.06,1651216738.2941844,1750101250.8747582,0.48332067038232773,0.05650216667815537,12.783040000000256
93,160,39,United Kingdom,0.06,1650412265.7251527,1750101250.8747582,0.4830851966178295,0.056961838693491404,11.791955199999393
93,170,39,United Kingdom,0.06,1650630781.3037095,1750101250.8747582,0.4831491573889795,0.05683697987263887,11.913114599999972
104,0,39,China,0.08,1324974498.2735722,1508299714.1270206,0.3878276836065953,0.12154428866914826,12.059417899999971
104,10,39,China,0.08,1325254096.6908858,1508299714.1270206,0.3879095236772292,0.12135891542091728,11.74503199999981
104,20,39,China,0.08,1325513166.684903,1508299714.1270206,0.3879853549598709,0.12118715248044158,12.167011500000626
104,30,39,China,0.08,1326866411.4990659,1508299714.1270206,0.38838145752811903,0.12028995360047878,10.84453080000003
104,40,39,China,0.08,1329262128.786337,1508299714.1270206,0.3890826978065616,0.11870159734420406,11.288583300000028
104,50,39,China,0.08,1332379996.4588797,1508299714.1270206,0.38999531567113915,0.11663445668022311,11.393710999999712
104,60,39,China,0.08,1333466264.501758,1508299714.1270206,0.39031327259740023,0.1159142629198556,11.992532799999935
104,70,39,China,0.08,1333785940.8946507,1508299714.1270206,0.39040684372282247,0.11570231804583722,12.352630399999725
104,80,39,China,0.08,1333223946.5652497,1508299714.1270206,0.39024234473868685,0.11607491927630705,12.08703179999975
104,90,39,China,0.08,1330633546.8220043,1508299714.1270206,0.38948411978164277,0.11779234965104173,11.853988699999718
104,100,39,China,0.08,1326358692.4884763,1508299714.1270206,0.3882328452430852,0.12062657039211125,11.89863029999924
104,110,39,China,0.08,1316998626.6230536,1508299714.1270206,0.3854930999364985,0.12683227724052776,11.96237850000034
104,120,39,China,0.08,1307070105.6045887,1508299714.1270206,0.3825869645254036,0.13341486883387782,11.850196200000028
104,130,39,China,0.08,1301770867.6810384,1508299714.1270206,0.3810358469971427,0.13692825405427977,12.182284299999992
104,140,39,China,0.08,1302467818.1883776,1508299714.1270206,0.38123984843354924,0.13646617712035777,11.732739600000059
104,150,39,China,0.08,1309316970.5886931,1508299714.1270206,0.38324463487551025,0.1319252013871099,11.923699699999815
104,160,39,China,0.08,1317436121.1078265,1508299714.1270206,0.3856211570974788,0.12654221918331587,11.993401099999573
104,170,39,China,0.08,1322622155.7314634,1508299714.1270206,0.38713913936642763,0.1231038875473263,11.900855900000352
107,0,39,Vietnam,0.07,665692544.2934431,764341657.493807,0.19485205019712068,0.12906415898333157,12.089081699999952
107,10,39,Vietnam,0.07,681810722.6482835,764341657.493807,0.19956993403825182,0.10797649720693417,12.07906550000007
107,20,39,Vietnam,0.07,695072103.7445427,764341657.493807,0.20345161683191157,0.0906264274230343,12.24175219999961
107,30,39,Vietnam,0.07,697633736.7401453,764341657.493807,0.2042014215958744,0.08727500339624251,12.761735800000679
107,40,39,Vietnam,0.07,680913249.1620384,764341657.493807,0.19930723836846928,0.1091506756354497,10.804294999999911
107,50,39,Vietnam,0.07,631080054.0446467,764341657.493807,0.18472077451254149,0.1743482147579271,11.611994500000037
107,60,39,Vietnam,0.07,537345902.0384786,764341657.493807,0.15728424717201692,0.29698205407202677,12.032785899999908
107,70,39,Vietnam,0.07,414464776.3373459,764341657.493807,0.12131623239004388,0.4577493294080938,10.499287200000254
107,80,39,Vietnam,0.07,315953502.82635283,764341657.493807,0.09248141401075777,0.5866331505961222,10.425413099999787
107,90,39,Vietnam,0.07,308583001.94912964,764341657.493807,0.09032402586030021,0.5962760907721035,11.50936030000048
107,100,39,Vietnam,0.07,399952279.6946209,764341657.493807,0.11706834085429718,0.4767362529918612,11.740634499999942
107,110,39,Vietnam,0.07,522743147.71930236,764341657.493807,0.15300993669339139,0.3160870631684263,11.99668820000079
107,120,39,Vietnam,0.07,614376361.4321901,764341657.493807,0.17983150726852537,0.19620191388408265,11.568200100000468
107,130,39,Vietnam,0.07,660310856.9711226,764341657.493807,0.19327679925392888,0.13610510365716558,11.939141000000745
107,140,39,Vietnam,0.07,671886620.0466899,764341657.493807,0.19666509192327886,0.12096035397346663,12.307199400000172
107,150,39,Vietnam,0.07,665970956.1536735,764341657.493807,0.19493354295564733,0.12869990844497503,10.423206899999968
107,160,39,Vietnam,0.07,657684430.670582,764341657.493807,0.19250802911561352,0.13954129776590005,11.336967100000038
107,170,39,Vietnam,0.07,656783772.9835372,764341657.493807,0.19224440141187718,0.14071964213351965,13.581848900000296
105,0,40,China,0.08,1024110658.6151942,1240161228.1085632,0.2922690235773956,0.1742116787692834,13.396476800000528
105,10,40,China,0.08,1018893860.058807,1240161228.1085632,0.29078021120399744,0.17841822743259195,12.992157499999848
105,20,40,China,0.08,1018412886.3734992,1240161228.1085632,0.29064294702440047,0.17880605900997598,13.143164500000239
105,30,40,China,0.08,1020430780.6090968,1240161228.1085632,0.29121883008250476,0.17717893651181885,13.319198000000142
105,40,40,China,0.08,1021114702.6164261,1240161228.1085632,0.2914140133037746,0.17662745821058828,13.52430639999966
105,50,40,China,0.08,1018128128.4929084,1240161228.1085632,0.290561680505967,0.17903567260709277,14.287599299999783
105,60,40,China,0.08,1001998167.7143711,1240161228.1085632,0.2859583811970237,0.19204201437374996,13.792519099999481
105,70,40,China,0.08,951655564.6201247,1240161228.1085632,0.2715911999486657,0.2326356097492695,13.75076850000005
105,80,40,China,0.08,892489436.4150119,1240161228.1085632,0.25470588938784583,0.2803440260939332,13.52312989999973
105,90,40,China,0.08,888076140.0462515,1240161228.1085632,0.253446386999501,0.2839026733639267,13.677783099999942
105,100,40,China,0.08,934584945.7140363,1240161228.1085632,0.2667194479777501,0.24640044815832352,13.067742899999757
105,110,40,China,0.08,987567478.2579689,1240161228.1085632,0.28184003374942035,0.20367815419922347,12.977994200000467
105,120,40,China,0.08,1026192977.0207633,1240161228.1085632,0.29286329252875665,0.17253260804978918,12.908963899999435
105,130,40,China,0.08,1045700337.6722089,1240161228.1085632,0.2984304616644432,0.15680291080615144,13.025105300000178
105,140,40,China,0.08,1048166940.1342098,1240161228.1085632,0.2991344007232334,0.15481397387916593,13.051031099999818
105,150,40,China,0.08,1042860504.2090404,1240161228.1085632,0.2976200069089727,0.15909280134522247,13.918594999999186
105,160,40,China,0.08,1035991268.1947834,1240161228.1085632,0.2956596085030775,0.16463178761455907,13.4612216000005
105,170,40,China,0.08,1030558965.1246605,1240161228.1085632,0.2941092936999602,0.1690121076463408,13.472498299999643
103,0,41,China,0.08,1354235995.3169053,1541935062.6547377,0.3770564637812967,0.12172955391174023,13.13632729999972
103,10,41,China,0.08,1348694330.4001744,1541935062.6547377,0.3755135121951705,0.12532352168051894,13.64977060000001
103,20,41,China,0.08,1345940742.5936825,1541935062.6547377,0.37474683778641343,0.12710932179180962,13.658976900000198
103,30,41,China,0.08,1347205670.8111348,1541935062.6547377,0.3750990285140703,0.12628897063170663,11.684202999999798
103,40,41,China,0.08,1348026923.0328708,1541935062.6547377,0.3753276876692479,0.12575635921270042,12.290216899999905
103,50,41,China,0.08,1336322281.5092893,1541935062.6547377,0.37206879427254963,0.13334723758823314,13.183212699999785
103,60,41,China,0.08,1288690547.0376499,1541935062.6547377,0.3588068122947015,0.16423811984732917,12.966564899999867
103,70,41,China,0.08,1196678887.163227,1541935062.6547377,0.333188241219297,0.22391096995815488,13.065564700000323
103,80,41,China,0.08,1132130882.9297976,1541935062.6547377,0.31521630552672836,0.26577265777936415,12.593441700000767
103,90,41,China,0.08,1155683420.0231369,1541935062.6547377,0.3217739781777305,0.25049799565916503,12.152687100000549
103,100,41,China,0.08,1225550217.7555878,1541935062.6547377,0.34122681193774024,0.20518688014943545,12.634578999999576
103,110,41,China,0.08,1301076090.7935255,1541935062.6547377,0.3622552875580592,0.15620565203733497,12.949623499999689
103,120,41,China,0.08,1358627894.5267277,1541935062.6547377,0.37827928904296904,0.11888125029883652,12.679891900000257
103,130,41,China,0.08,1386973975.9716644,1541935062.6547377,0.38617161598498284,0.10049780333568521,12.404357500000515
103,140,41,China,0.08,1390401202.053328,1541935062.6547377,0.3871258497754004,0.09827512472575531,12.446916499999134
103,150,41,China,0.08,1384058729.9998102,1541935062.6547377,0.3853599315067965,0.1023884445452022,12.508243700000094
103,160,41,China,0.08,1373792613.85329,1541935062.6547377,0.38250156305081023,0.10904638779791288,12.496469900000193
103,170,41,China,0.08,1362852994.8114417,1541935062.6547377,0.379455672906627,0.11614112175059554,12.311097599999812
102,0,45,United Kingdom,0.06,1283765710.4820833,1653232174.3064523,0.3256635490822129,0.22348129292811755,13.757365299999947
102,10,45,United Kingdom,0.06,1277102897.889335,1653232174.3064523,0.32397333787147004,0.22751146648528506,14.844788599999447
102,20,45,United Kingdom,0.06,1273196554.2373178,1653232174.3064523,0.32298238311448957,0.22987431891020588,14.036129099999926
102,30,45,United Kingdom,0.06,1268720318.5957341,1653232174.3064523,0.3218468591059701,0.23258188516203104,15.89005189999989
102,40,45,United Kingdom,0.06,1258210489.148379,1653232174.3064523,0.3191807430614863,0.23893902580488358,16.1148161000001
102,50,45,United Kingdom,0.06,1258001486.2881732,1653232174.3064523,0.3191277235637172,0.2390654465602101,16.19544339999993
102,60,45,United Kingdom,0.06,1262144169.1470985,1653232174.3064523,0.320178632457407,0.23655963828759813,15.892542399999911
102,70,45,United Kingdom,0.06,1264334172.028089,1653232174.3064523,0.3207341887438075,0.23523495872048938,16.735932800000228
102,80,45,United Kingdom,0.06,1270288725.4750657,1653232174.3064523,0.3222447299530862,0.23163319392331283,13.05880359999992
102,90,45,United Kingdom,0.06,1275515742.0404155,1653232174.3064523,0.32357071081694966,0.22847149852046197,13.6447091
102,100,45,United Kingdom,0.06,1275260735.1155,1653232174.3064523,0.3235060210846017,0.22862574601750366,14.204504099999212
102,110,45,United Kingdom,0.06,1281422259.9783118,1653232174.3064523,0.32506906645822214,0.22489878923637482,14.596806399999878
102,120,45,United Kingdom,0.06,1289450720.9580948,1653232174.3064523,0.3271057130791717,0.22004256812928738,14.476930799999536
102,130,45,United Kingdom,0.06,1295271190.27291,1653232174.3064523,0.3285822400489371,0.2165219075679497,12.249820899999577
102,140,45,United Kingdom,0.06,1300859381.5384638,1653232174.3064523,0.3299998431097067,0.2131417463586519,11.630934400000115
102,150,45,United Kingdom,0.06,1299534306.8620522,1653232174.3064523,0.329663700370891,0.21394325185618887,11.672058800000741
102,160,45,United Kingdom,0.06,1291412569.4985633,1653232174.3064523,0.32760339155214696,0.21885589358293006,13.741703999999118
102,170,45,United Kingdom,0.06,1288541465.683068,1653232174.3064523,0.32687505471412176,0.2205925545674646,13.510975199999848
101,0,47,China,0.1,2294228155.8617725,2430788203.9229817,0.5572301942732373,0.05617932810469407,14.152753500000472
101,10,47,China,0.1,2296623140.1402483,2430788203.9229817,0.557811896468534,0.055194057452725896,14.498833200000263
101,20,47,China,0.1,2277106029.8275576,2430788203.9229817,0.5530715121508689,0.06322318573350026,15.208562600000732
101,30,47,China,0.1,2191839309.9684625,2430788203.9229817,0.5323616316837808,0.09830099289147703,15.148609699999724
101,40,47,China,0.1,2047282188.9130332,2430788203.9229817,0.4972510902829674,0.1577702304096337,13.787517000000662
101,50,47,China,0.1,1983919462.0154955,2430788203.9229817,0.4818613285765801,0.18383697155774292,14.324948899999981
101,60,47,China,0.1,2073443501.7669969,2430788203.9229817,0.5036052418553864,0.147007749000623,15.27574579999964
101,70,47,China,0.1,2182453317.502927,2430788203.9229817,0.53008192886013,0.10216228876677702,15.305832200000623
101,80,47,China,0.1,2220753134.248209,2430788203.9229817,0.5393843229010514,0.08640615802553384,15.06520940000064
101,90,47,China,0.1,2227810598.05707,2430788203.9229817,0.5410984645042917,0.08350279367751251,15.253001099999892
101,100,47,China,0.1,2232113630.9360933,2430788203.9229817,0.5421436002467923,0.08173257244964947,16.702570200000082
101,110,47,China,0.1,2209378010.3616095,2430788203.9229817,0.5366214928499002,0.09108576107290817,14.344691799999964
101,120,47,China,0.1,2112734802.586819,2430788203.9229817,0.5131484510314823,0.13084373242508962,15.197601899999427
101,130,47,China,0.1,1955697772.9489086,2430788203.9229817,0.47500674559139916,0.1954470694762044,14.754507800000283
101,140,47,China,0.1,1852751818.4767613,2430788203.9229817,0.4500028705131549,0.23779792271220648,14.75685760000033
101,150,47,China,0.1,1943938472.6975348,2430788203.9229817,0.47215060543513426,0.2002847185286376,15.039079300000594
101,160,47,China,0.1,2135204288.0938315,2430788203.9229817,0.5186059186082366,0.12160002889273344,14.980350300000282
101,170,47,China,0.1,2255047688.044248,2430788203.9229817,0.5477139046061033,0.07229774918074347,15.335114700000304
98,0,48,China,0.08,1034698087.0005236,1209906602.7108037,0.24607545828589317,0.1448116039020899,15.752519699999539
98,10,48,China,0.08,1033743718.2925565,1209906602.7108037,0.2458484870368523,0.14560039925689564,16.02789819999998
98,20,48,China,0.08,1030478939.4955542,1209906602.7108037,0.24507204611290767,0.1482987718334958,15.702219599999808
98,30,48,China,0.08,1026789123.2261685,1209906602.7108037,0.2441945213152037,0.151348442164345,15.6823045000001
98,40,48,China,0.08,1028985304.2235616,1209906602.7108037,0.24471682463459896,0.14953327643793887,16.097431599999254
98,50,48,China,0.08,1030881445.6305209,1209906602.7108037,0.24516777150649757,0.14796609645668166,15.80342920000021
98,60,48,China,0.08,1030517835.069723,1209906602.7108037,0.24508129639215254,0.14826662424947432,15.477433700000802
98,70,48,China,0.08,1024390948.7656336,1209906602.7108037,0.24362417921557114,0.15333055752363126,15.67904229999931
98,80,48,China,0.08,1019249602.8738791,1209906602.7108037,0.24240144664999028,0.15757993171518891,15.888025899999775
98,90,48,China,0.08,1019722432.0707805,1209906602.7108037,0.24251389651607222,0.1571891336190036,15.366900300000452
98,100,48,China,0.08,1023645118.5465666,1209906602.7108037,0.2434468033073075,0.15394699371581,15.45096730000023
98,110,48,China,0.08,1028118249.8940856,1209906602.7108037,0.24451061879140165,0.15024990557900925,15.43651200000022
98,120,48,China,0.08,1032902965.1526567,1209906602.7108037,0.24564853623303287,0.1462952901997305,15.876504299999397
98,130,48,China,0.08,1032437594.2204162,1209906602.7108037,0.24553786011710813,0.14667992396501273,15.154222800000753
98,140,48,China,0.08,1021902686.9750158,1209906602.7108037,0.24303241223720884,0.15538713096908802,15.552093799999966
98,150,48,China,0.08,1017198605.3799096,1209906602.7108037,0.2419136713707928,0.15927510181292553,15.65866510000069
98,160,48,China,0.08,1023721072.6124378,1209906602.7108037,0.24346486696452574,0.15388421691493873,15.452056099999936
98,170,48,China,0.08,1029820108.2726847,1209906602.7108037,0.24491536060518568,0.14884330247858313,14.91698499999984
99,0,48,Sweden,0.07,925961216.8517501,1798220615.7509475,0.22021528178551897,0.48506806743228037,13.031876300000476
99,10,48,Sweden,0.07,925276318.4934261,1798220615.7509475,0.2200523969019754,0.485448943033597,13.353046300000642
99,20,48,Sweden,0.07,930443380.3946306,1798220615.7509475,0.2212812453373836,0.48257551256797715,15.563789299999371
99,30,48,Sweden,0.07,938884891.9286747,1798220615.7509475,0.22328883464818178,0.477881143334245,15.876431599999705
99,40,48,Sweden,0.07,947622231.1225579,1798220615.7509475,0.225366778710654,0.4730222627734555,15.246683299999859
99,50,48,Sweden,0.07,950679994.8031019,1798220615.7509475,0.2260939865874957,0.47132182421004426,15.591002799999842
99,60,48,Sweden,0.07,947054661.7434288,1798220615.7509475,0.22523179740853996,0.4733378911085761,15.195455400000355
99,70,48,Sweden,0.07,941809714.0896422,1798220615.7509475,0.22398442591553513,0.47625463425335224,15.13148850000016
99,80,48,Sweden,0.07,938816886.5464447,1798220615.7509475,0.2232726613742496,0.4779189614871648,15.763449400000354
99,90,48,Sweden,0.07,939781667.0553894,1798220615.7509475,0.2235021087936143,0.47738244194084545,15.291994900000645
99,100,48,Sweden,0.07,940827931.0561241,1798220615.7509475,0.22375093489728978,0.4768006089935584,15.788011200000255
99,110,48,Sweden,0.07,940172725.616148,1798220615.7509475,0.22359511168572774,0.47716497220585674,16.023494499999288
99,120,48,Sweden,0.07,938338699.7626209,1798220615.7509475,0.22315893734841633,0.4781848836880534,15.943465199999991
99,130,48,Sweden,0.07,936947927.1617568,1798220615.7509475,0.2228281790243904,0.4789582996908965,15.372028799999498
99,140,48,Sweden,0.07,937265469.042055,1798220615.7509475,0.22290369792666834,0.4787817129709374,15.434658900000613
99,150,48,Sweden,0.07,938095707.5573885,1798220615.7509475,0.22310114810630435,0.47832001293921644,15.575596600000608
99,160,48,Sweden,0.07,936242092.7158545,1798220615.7509475,0.22266031504848138,0.4793508179613021,16.372936099999606
99,170,48,Sweden,0.07,930062210.7380682,1798220615.7509475,0.22119059425848275,0.48278748303101354,15.738667499999792
100,0,48,Netherlands,0.06,1486344447.2546537,1830614308.1513212,0.3534875492900147,0.18806247682196617,15.642647099999522
100,10,48,Netherlands,0.06,1500343435.3846776,1830614308.1513212,0.35681683680191156,0.1804153235861974,17.33204990000013
100,20,48,Netherlands,0.06,1509966288.1134653,1830614308.1513212,0.3591053767393135,0.17515869870025655,16.354142400000455
100,30,48,Netherlands,0.06,1510615449.675271,1830614308.1513212,0.3592597625749788,0.17480408464588412,16.358297499999935
100,40,48,Netherlands,0.06,1506714986.1550484,1830614308.1513212,0.3583321409234799,0.17693477023205853,16.28550989999985
100,50,48,Netherlands,0.06,1504920847.8627543,1830614308.1513212,0.3579054527831893,0.177914844671718,16.099613300000783
100,60,48,Netherlands,0.06,1494008039.2009473,1830614308.1513212,0.35531013108850534,0.1838761269654348,16.534147700000176
100,70,48,Netherlands,0.06,1483751545.1562085,1830614308.1513212,0.35287089639369495,0.1894788877430977,17.509420899999895
100,80,48,Netherlands,0.06,1470865827.376787,1830614308.1513212,0.34980637066609277,0.19651790067009403,16.433160900000075
100,90,48,Netherlands,0.06,1450826485.810453,1830614308.1513212,0.34504054552189234,0.2074646858433024,16.09116670000003
100,100,48,Netherlands,0.06,1439703641.9797552,1830614308.1513212,0.3423952725408474,0.21354070293831265,16.003056900000047
100,110,48,Netherlands,0.06,1430661272.999248,1830614308.1513212,0.340244785245255,0.2184802300359888,17.10147119999965
100,120,48,Netherlands,0.06,1417801788.6031065,1830614308.1513212,0.3371864984311041,0.22550491259139172,17.168147400000635
100,130,48,Netherlands,0.06,1416632658.655717,1830614308.1513212,0.33690845192535124,0.2261435670267819,16.192348999999922
100,140,48,Netherlands,0.06,1429470001.093642,1830614308.1513212,0.3399614728628334,0.21913097984183352,16.66027850000046
100,150,48,Netherlands,0.06,1438192679.3966749,1830614308.1513212,0.34203593022181195,0.2143660884803967,17.047823399999288
100,160,48,Netherlands,0.06,1451830152.5619874,1830614308.1513212,0.3452792410012337,0.20691641811313918,16.887322100000347
100,170,48,Netherlands,0.06,1471151756.586544,1830614308.1513212,0.34987437133431887,0.19636170763233401,17.673892599999817
97,0,49,China,0.09,1122741457.566661,1437519074.2399766,0.2615649654194998,0.21897282777951327,16.78032600000006
97,10,49,China,0.09,1101188373.0728948,1437519074.2399766,0.2565437454740692,0.2339660789161365,14.44719410000016
97,20,49,China,0.09,1123027320.1459637,1437519074.2399766,0.2616315627960963,0.21877396949343875,13.18838979999964
97,30,49,China,0.09,1149856476.1043375,1437519074.2399766,0.2678819485845535,0.20011045647357953,12.891994800000248
97,40,49,China,0.09,1147984930.5689373,1437519074.2399766,0.2674459348077852,0.2014123839185351,12.871472799999538
97,50,49,China,0.09,1125179006.913818,1437519074.2399766,0.26213284104785617,0.21727716377697073,12.869237100000646
97,60,49,China,0.09,1093086698.8264377,1437519074.2399766,0.2546562992326991,0.23960195143542148,12.958136599999307
97,70,49,China,0.09,1074907561.9690955,1437519074.2399766,0.25042110753170616,0.2522481397073605,12.908392800000001
97,80,49,China,0.09,1101512777.381469,1437519074.2399766,0.25661932191349107,0.2337404093480678,13.984552599999915
97,90,49,China,0.09,1132921677.2301066,1437519074.2399766,0.26393665017941165,0.21189102980836075,16.41192470000078
97,100,49,China,0.09,1139561616.3737037,1437519074.2399766,0.2654835561396197,0.20727200299850246,17.215455600000496
97,110,49,China,0.09,1129380805.7721415,1437519074.2399766,0.2631117337089138,0.21435421205158575,16.47468140000001
97,120,49,China,0.09,1102292843.1738112,1437519074.2399766,0.25680105376335177,0.23319776208423612,16.430025300000125
97,130,49,China,0.09,1075073816.4417624,1437519074.2399766,0.25045983981962594,0.2521324859566408,15.495157300000756
97,140,49,China,0.09,1096340698.781187,1437519074.2399766,0.2554143832776971,0.2373383293290715,17.36973239999952
97,150,49,China,0.09,1130665900.0468814,1437519074.2399766,0.26341112199396177,0.2134602452877573,17.68274139999994
97,160,49,China,0.09,1139792697.500919,1437519074.2399766,0.26553739108678576,0.20711125304300182,18.27914249999958
97,170,49,China,0.09,1137628091.8766782,1437519074.2399766,0.26503310313034156,0.20861704567075204,17.07171610000023
94,0,50,China,0.07,1422783121.8826294,1609684465.999515,0.3248363291969473,0.11611054716915058,18.091378000000077
94,10,50,China,0.07,1421229098.017953,1609684465.999515,0.3244815292278431,0.11707596859024352,17.486911099999816
94,20,50,China,0.07,1418128931.8309426,1609684465.999515,0.3237737287285257,0.11900191510491358,17.38600779999979
94,30,50,China,0.07,1415411439.812719,1609684465.999515,0.32315329676089477,0.12069012920874797,18.07623700000022
94,40,50,China,0.07,1406447190.0083313,1609684465.999515,0.32110666438546376,0.1262590776540705,18.279408200000034
94,50,50,China,0.07,1390053708.969738,1609684465.999515,0.31736386049537396,0.1364433599683152,18.30429170000025
94,60,50,China,0.07,1379932388.5442626,1609684465.999515,0.31505305674526546,0.142731126694815,16.956744799999797
94,70,50,China,0.07,1379691717.649617,1609684465.999515,0.314998109052424,0.14288064102493947,15.36869039999965
94,80,50,China,0.07,1383090160.484274,1609684465.999515,0.31577400924298493,0.14076939319566584,16.014312400000563
94,90,50,China,0.07,1384405661.417388,1609684465.999515,0.3160743519217781,0.13995215170461547,15.36022370000046
94,100,50,China,0.07,1371513108.2439396,1609684465.999515,0.31313084663103646,0.1479615184132908,15.433451000000787
94,110,50,China,0.07,1330335348.9024658,1609684465.999515,0.30372953171289174,0.17354277996563172,15.31089400000019
94,120,50,China,0.07,1274095807.1521528,1609684465.999515,0.29088945368770613,0.20848101968790658,28.643257100000483
94,130,50,China,0.07,1253969879.1463785,1609684465.999515,0.2862944929557942,0.22098404648035144,22.2074190000003
94,140,50,China,0.07,1303795079.947538,1609684465.999515,0.29767010957706347,0.19003065042442258,29.9144481000003
94,150,50,China,0.07,1359652943.702615,1609684465.999515,0.31042304650744634,0.15532952425036037,32.456698199999664
94,160,50,China,0.07,1392900459.6429145,1609684465.999515,0.31801380357144166,0.1346748452480039,34.999656900000446
94,170,50,China,0.07,1412041561.332939,1609684465.999515,0.32238391811254313,0.12278363172489962,34.765669600000365
95,0,50,Sweden,0.07,2085496250.2452781,2313774825.147029,0.4761406964030315,0.09866067018308268,30.003899599999386
95,10,50,Sweden,0.07,2086772537.897637,2313774825.147029,0.47643208627799927,0.09810906609504111,30.57200929999999
95,20,50,Sweden,0.07,2083915672.7289534,2313774825.147029,0.47577983395638207,0.09934378657761961,32.62190380000084
95,30,50,Sweden,0.07,2085028822.0557384,2313774825.147029,0.47603397763829647,0.09886268992349106,38.19230280000011
95,40,50,Sweden,0.07,2087670643.47018,2313774825.147029,0.4766371332123699,0.09772091009870898,38.30248129999927
95,50,50,Sweden,0.07,2086886796.4023669,2313774825.147029,0.47645817269460433,0.09805968423493606,35.90087089999997
95,60,50,Sweden,0.07,2070777990.6356041,2313774825.147029,0.4727803631588137,0.10502181624177,37.120481500000096
95,70,50,Sweden,0.07,2053271303.4715385,2313774825.147029,0.46878340261907275,0.11258810444483795,36.267696500000056
95,80,50,Sweden,0.07,2042182597.8432505,2313774825.147029,0.46625173466740877,0.11738057841757357,34.15265040000031
95,90,50,Sweden,0.07,2049225334.8387182,2313774825.147029,0.46785966548829183,0.1143367485172201,36.47590289999971
95,100,50,Sweden,0.07,2062514466.5619743,2313774825.147029,0.4708937138269348,0.10859326320532867,35.51305619999948
95,110,50,Sweden,0.07,2070139835.1786153,2313774825.147029,0.4726346655658939,0.10529762331255886,37.483376100000896
95,120,50,Sweden,0.07,2075588074.2165327,2313774825.147029,0.4738785557571992,0.10294292614034325,33.542333000001236
95,130,50,Sweden,0.07,2083868668.3800678,2313774825.147029,0.4757691023698785,0.09936410158337326,33.933215400000336
95,140,50,Sweden,0.07,2088158519.1866298,2313774825.147029,0.47674852036224424,0.09751005305629183,40.98731090000001
95,150,50,Sweden,0.07,2089060473.1913188,2313774825.147029,0.47695444593409103,0.0971202337900062,40.82756809999955
95,160,50,Sweden,0.07,2087781611.7020524,2313774825.147029,0.4766624684251261,0.09767295027536477,45.94128060000003
95,170,50,Sweden,0.07,2088422973.4135606,2313774825.147029,0.47680889803962573,0.09739575748005137,39.63270190000003
96,0,50,United Kingdom,0.06,1537280671.044044,1970862479.5708106,0.35097732215617444,0.21999597283986375,30.642557000001034
96,10,50,United Kingdom,0.06,1531140221.1158059,1970862479.5708106,0.3495753929488141,0.22311158846088633,42.50903440000002
96,20,50,United Kingdom,0.06,1524873256.2107341,1970862479.5708106,0.3481445790435466,0.22629139677832738,42.50757820000035
96,30,50,United Kingdom,0.06,1532644085.6341214,1970862479.5708106,0.3499187410123565,0.22234853952474593,34.022905900001206
96,40,50,United Kingdom,0.06,1539362599.4957187,1970862479.5708106,0.35145264828669376,0.2189396188459879,42.96662180000021
96,50,50,United Kingdom,0.06,1545186857.1087651,1970862479.5708106,0.3527823874677546,0.2159844366993803,33.513697200000024
96,60,50,United Kingdom,0.06,1548101403.5389576,1970862479.5708106,0.3534478090271593,0.21450561894299014,37.10406469999907
96,70,50,United Kingdom,0.06,1542304264.170007,1970862479.5708106,0.35212426122602897,0.21744704150749755,36.82530990000123
96,80,50,United Kingdom,0.06,1531098622.515076,1970862479.5708106,0.3495658955513872,0.22313269526116344,33.16256070000054
96,90,50,United Kingdom,0.06,1519350506.8902266,1970862479.5708106,0.34688367737219783,0.2290935960072204,40.14303640000071
96,100,50,United Kingdom,0.06,1511313533.825308,1970862479.5708106,0.34504875201491053,0.2331714924349147,39.793784000001324
96,110,50,United Kingdom,0.06,1502410367.2996314,1970862479.5708106,0.34301606559352316,0.23768888855867445,36.3056360999999
96,120,50,United Kingdom,0.06,1509234003.0150182,1970862479.5708106,0.34457397329110007,0.2342266298845569,35.47095150000132
96,130,50,United Kingdom,0.06,1518547835.4842534,1970862479.5708106,0.34670041906033183,0.22950086511619852,42.58512930000143
96,140,50,United Kingdom,0.06,1531227767.4327574,1970862479.5708106,0.34959538069241036,0.22306716815360514,36.37359610000021
96,150,50,United Kingdom,0.06,1546808599.8232589,1970862479.5708106,0.35315264836147464,0.21516157730086616,42.65418200000022
96,160,50,United Kingdom,0.06,1545150805.4347036,1970862479.5708106,0.35277415649194144,0.21600272903303383,49.67457959999956
96,170,50,United Kingdom,0.06,1537245735.40418,1970862479.5708106,0.35096934598268953,0.2200136989066117,48.87584009999955
92,0,54,China,0.08,1846276723.6351027,2139248957.2445912,0.39030033900623684,0.1369509764711277,46.388104000001476
92,10,54,China,0.08,1817785968.9405422,2139248957.2445912,0.3842774329740703,0.15026908729599278,50.090769999998884
92,20,54,China,0.08,1781266884.5126731,2139248957.2445912,0.3765573491697686,0.1673400711589026,17.342411199999333
92,30,54,China,0.08,1742285993.2031813,2139248957.2445912,0.3683168428046637,0.18556183594110928,29.34963290000087
92,40,54,China,0.08,1712977204.9024515,2139248957.2445912,0.3621210056025815,0.19926233966297635,35.72868019999987
92,50,54,China,0.08,1692869244.8205984,2139248957.2445912,0.3578702107264921,0.20866188150393755,37.797861699998975
92,60,54,China,0.08,1684597223.5722003,2139248957.2445912,0.35612151690601224,0.21252866906056334,33.26680520000082
92,70,54,China,0.08,1696344802.4901123,2139248957.2445912,0.35860493879801125,0.2070372189522771,33.451725400000214
92,80,54,China,0.08,1728312069.8929768,2139248957.2445912,0.3653627747955726,0.19209399913926425,37.419986199998675
92,90,54,China,0.08,1768997992.6273687,2139248957.2445912,0.37396372243940657,0.17307521098157527,37.37371080000048
92,100,54,China,0.08,1807513996.6560633,2139248957.2445912,0.38210595227804484,0.15507075951356838,40.165325899999516
92,110,54,China,0.08,1838269480.5419996,2139248957.2445912,0.3886076189205986,0.14069399247961356,26.456668999999238
92,120,54,China,0.08,1861147967.6637943,2139248957.2445912,0.39344409937083424,0.12999935731603596,15.642886400000862
92,130,54,China,0.08,1874675228.1021605,2139248957.2445912,0.39630374346823954,0.123675988363322,33.18462399999953
92,140,54,China,0.08,1881043798.0507905,2139248957.2445912,0.397650050323607,0.12069897630165294,35.42979180000111
92,150,54,China,0.08,1880675486.203277,2139248957.2445912,0.3975721897098083,0.12087114506502485,34.122037199998886
92,160,54,China,0.08,1875025002.698063,2139248957.2445912,0.3963776853327547,0.12351248490818746,34.24666939999952
92,170,54,China,0.08,1863625988.2685745,2139248957.2445912,0.393967949490228,0.12884099723064787,35.38050099999964
88,0,55,China,0.08,1434828675.5475984,1680467597.2533987,0.29780586873134046,0.14617295930446927,36.486188000000766
88,10,55,China,0.08,1454373259.4115188,1680467597.2533987,0.30186244487578223,0.13454251555425079,39.611921199999415
88,20,55,China,0.08,1462217917.0080078,1680467597.2533987,0.3034906427995035,0.12987437579998806,42.34494430000086
88,30,55,China,0.08,1470870661.6694303,1680467597.2533987,0.3052865632356642,0.12472536568187287,46.87259820000145
88,40,55,China,0.08,1467088201.74047,1680467597.2533987,0.3045014947572582,0.12697620344580385,41.5887659
88,50,55,China,0.08,1462424190.5796502,1680467597.2533987,0.3035334559110939,0.129751628076688,47.54330409999966
88,60,55,China,0.08,1458238008.3655336,1680467597.2533987,0.3026645928529543,0.13224270985711542,57.75432010000077
88,70,55,China,0.08,1454626929.6425934,1680467597.2533987,0.30191509540111944,0.13439156338386132,41.47385750000103
88,80,55,China,0.08,1448578008.1808803,1680467597.2533987,0.3006596114945787,0.13799111000505151,31.317261700000017
88,90,55,China,0.08,1432623119.223201,1680467597.2533987,0.2973480944838524,0.14748542514909618,34.145575700000336
88,100,55,China,0.08,1434330500.7120607,1680467597.2533987,0.2977024700523165,0.14646940943320244,34.61188410000068
88,110,55,China,0.08,1438679293.693965,1680467597.2533987,0.2986050837887017,0.14388156246191178,31.315215099999477
88,120,55,China,0.08,1432926420.5308886,1680467597.2533987,0.29741104618739905,0.14730493889147167,34.33998839999913
88,130,55,China,0.08,1430090166.8476338,1680467597.2533987,0.29682236754828434,0.1489927153698104,38.45060879999983
88,140,55,China,0.08,1414865355.9327567,1680467597.2533987,0.29366238188724714,0.1580525811713058,44.89627649999966
88,150,55,China,0.08,1376302031.2624278,1680467597.2533987,0.2856583709552569,0.18100055394588221,44.671024000001125
88,160,55,China,0.08,1365085433.7717068,1680467597.2533987,0.2833303100397897,0.18767524229396682,48.193607000001066
88,170,55,China,0.08,1394242767.4240627,1680467597.2533987,0.28938206048652193,0.17032451580568972,37.02800389999902
89,0,55,China,0.08,1750079426.7294278,2051533459.439936,0.3632377390472038,0.14694083166101732,32.1864115999997
89,10,55,China,0.08,1746946026.462698,2051533459.439936,0.36258738614833913,0.1484681770973356,31.136673999999402
89,20,55,China,0.08,1749711082.5162988,2051533459.439936,0.3631612873632833,0.14712037745951947,33.02816560000065
89,30,55,China,0.08,1747043156.47293,2051533459.439936,0.3626075459678144,0.1484208320200301,31.78957690000061
89,40,55,China,0.08,1746518708.9605243,2051533459.439936,0.36249869426328857,0.14867646885110025,33.80878860000121
89,50,55,China,0.08,1746469595.0972226,2051533459.439936,0.362488500435289,0.14870040892532901,35.03413129999899
89,60,55,China,0.08,1745822232.510762,2051533459.439936,0.36235413709231257,0.1490159595118826,37.33638450000035
89,70,55,China,0.08,1748934577.5671232,2051533459.439936,0.36300011987694547,0.14749887723275135,36.64842099999987
89,80,55,China,0.08,1751465348.252911,2051533459.439936,0.3635253939918869,0.14626527771520859,38.71284990000095
89,90,55,China,0.08,1758110397.1570807,2051533459.439936,0.36490460713098394,0.14302621335893742,36.9712025000008
89,100,55,China,0.08,1764570857.5758762,2051533459.439936,0.3662455080066161,0.13987712486171192,42.700045199999295
89,110,55,China,0.08,1766892040.0467784,2051533459.439936,0.3667272810391819,0.13874568707783297,35.1826132999995
89,120,55,China,0.08,1772017543.6906312,2051533459.439936,0.36779110495862,0.13624731025620807,34.92902679999861
89,130,55,China,0.08,1776627349.0934417,2051533459.439936,0.3687478931285682,0.1340003055185573,31.453457899999194
89,140,55,China,0.08,1773987248.4296389,2051533459.439936,0.36819992702981297,0.1352871968688566,31.950204000000667
89,150,55,China,0.08,1762137170.0362425,2051533459.439936,0.36574038398427616,0.14106340214538737,34.72230759999911
89,160,55,China,0.08,1752049602.098929,2051533459.439936,0.36364665880010977,0.14598048886941645,39.296596500000305
89,170,55,China,0.08,1751036218.113895,2051533459.439936,0.36343632588499275,0.1464744530211445,39.74830429999929
90,0,55,China,0.09,1457195664.466874,1674699153.716936,0.3024482491629045,0.1298761564232721,38.37797649999993
90,10,55,China,0.09,1462221987.7044256,1674699153.716936,0.3034914876929069,0.12687482736282807,38.44629359999999
90,20,55,China,0.09,1468937977.0067744,1674699153.716936,0.30488542486649534,0.12286456122789693,35.98509989999911
90,30,55,China,0.09,1471663629.2213671,1674699153.716936,0.3054511476175523,0.12123701385107812,35.18201570000019
90,40,55,China,0.09,1482349704.8185947,1674699153.716936,0.3076690960603144,0.11485612115550936,35.98174449999897
90,50,55,China,0.09,1489810772.920404,1674699153.716936,0.30921767806567124,0.1104009519478044,39.15708910000103
90,60,55,China,0.09,1461797739.1153085,1674699153.716936,0.3034034327761122,0.127128155602814,41.48319650000121
90,70,55,China,0.09,1368648867.1675072,1674699153.716936,0.28406991846565116,0.18274941255577817,36.88930459999938
90,80,55,China,0.09,1240060505.5107098,1674699153.716936,0.257380760795083,0.2595323746605837,37.32195630000024
90,90,55,China,0.09,1187640990.0045896,1674699153.716936,0.24650082814541086,0.29083322973642045,39.39344660000097
90,100,55,China,0.09,1274928426.1145477,1674699153.716936,0.26461777212838267,0.23871196609558873,44.67773230000057
90,110,55,China,0.09,1411738396.1621664,1674699153.716936,0.2930133657455721,0.15701969931204512,47.0117134000011
90,120,55,China,0.09,1490288836.7781641,1674699153.716936,0.30931690261066086,0.11011548941759464,29.435823800000435
90,130,55,China,0.09,1506984796.5844579,1674699153.716936,0.3127822325829095,0.10014596159569443,27.431569300000774
90,140,55,China,0.09,1496200008.2391417,1674699153.716936,0.310543795815513,0.10658579786203498,34.72511689999919
90,150,55,China,0.09,1481861704.6832502,1674699153.716936,0.3075678091912101,0.11514751685739492,31.017552200000864
90,160,55,China,0.09,1476446454.6102567,1674699153.716936,0.3064438469510703,0.11838108275546955,36.6900431999984
90,170,55,China,0.09,1469174606.1123066,1674699153.716936,0.30493453842098517,0.12272326474189407,32.61140519999935
91,0,55,China,0.09,1311436018.3594544,1596742972.7613742,0.2721951055125476,0.17868057619099204,38.54701660000137
91,10,55,China,0.09,1245854825.2878478,1596742972.7613742,0.25858340084845327,0.21975242945125212,29.697733299999527
91,20,55,China,0.09,1209319058.2071471,1596742972.7613742,0.25100021963618663,0.24263386228293476,34.200924400000076
91,30,55,China,0.09,1245480807.536861,1596742972.7613742,0.2585057715933709,0.21998666737017028,34.64409449999948
91,40,55,China,0.09,1321525229.467226,1596742972.7613742,0.2742891717449618,0.1723619568014709,35.811581100000694
91,50,55,China,0.09,1373089367.0792234,1596742972.7613742,0.2849915664340439,0.1400686331472428,34.31039319999945
91,60,55,China,0.09,1376767744.7235487,1596742972.7613742,0.28575503211364645,0.13776495766090957,38.17364849999831
91,70,55,China,0.09,1337027906.43807,1596742972.7613742,0.2775068298958219,0.16265301977447147,37.30492780000168
91,80,55,China,0.09,1255371915.3956335,1596742972.7613742,0.2605587205055279,0.2137921150674493,37.410327400000824
91,90,55,China,0.09,1188214234.04289,1596742972.7613742,0.24661980781297013,0.25585128332331597,31.07532910000009
91,100,55,China,0.09,1203292525.9025629,1596742972.7613742,0.24974938271120026,0.24640812802725934,40.66968790000101
91,110,55,China,0.09,1277402000.8169386,1596742972.7613742,0.26513117493087146,0.19999522615225537,38.91683439999906
91,120,55,China,0.09,1345718568.1516416,1596742972.7613742,0.27931062020582015,0.15721027672701526,39.42072720000033
91,130,55,China,0.09,1380214233.2282438,1596742972.7613742,0.28647036804239184,0.1356065085156881,39.566550699999425
91,140,55,China,0.09,1392354525.7376585,1596742972.7613742,0.28899014647938115,0.12800334838502567,32.42707209999935
91,150,55,China,0.09,1390597755.9673276,1596742972.7613742,0.28862552012605386,0.1291035691471016,34.29663110000001
91,160,55,China,0.09,1381574865.4869049,1596742972.7613742,0.2867527740736623,0.13475437872280854,27.393117699999493
91,170,55,China,0.09,1358964706.4746218,1596742972.7613742,0.2820599224729394,0.14891455315162191,31.31330920000073
85,0,56,China,0.08,1859137078.5360258,2106057646.5528092,0.37898260733366473,0.11724302438774292,31.872150400000464
85,10,56,China,0.08,1859058071.575057,2106057646.5528092,0.3789665018703231,0.11728053853703416,33.723331499999404
85,20,56,China,0.08,1861441361.3916993,2106057646.5528092,0.37945233231239794,0.11614890293316393,33.830363600000055
85,30,56,China,0.08,1870046933.847374,2106057646.5528092,0.3812065667497093,0.11206279803961545,36.10215169999901
85,40,56,China,0.08,1879207703.663883,2106057646.5528092,0.3830739774265906,0.10771307388486435,35.04818599999999
85,50,56,China,0.08,1880417783.627034,2106057646.5528092,0.38332065060890286,0.1071385027352419,31.24853169999915
85,60,56,China,0.08,1849579232.5403347,2106057646.5528092,0.3770342532086462,0.12178128857596936,41.180856799999674
85,70,56,China,0.08,1761566436.2466543,2106057646.5528092,0.35909296237904725,0.16357159590100367,40.504872699999396
85,80,56,China,0.08,1695786522.9041727,2106057646.5528092,0.3456838150081891,0.19480526770963155,24.538408399999753
85,90,56,China,0.08,1727273596.2829485,2106057646.5528092,0.352102412810451,0.17985454998815142,17.61675439999999
85,100,56,China,0.08,1789402569.1852555,2106057646.5528092,0.3647673208547895,0.15035442068067514,14.440468500000861
85,110,56,China,0.08,1849654496.673682,2106057646.5528092,0.37704959570158225,0.12174555159912522,13.0040654000004
85,120,56,China,0.08,1891222788.497436,2106057646.5528092,0.38552323640277153,0.10200806155853066,13.179547700001422
85,130,56,China,0.08,1907310600.7825453,2106057646.5528092,0.3888027154237087,0.09436923348018164,12.915477500000634
85,140,56,China,0.08,1901833699.4830983,2106057646.5528092,0.3876862564177875,0.0969697801976049,12.759007100001327
85,150,56,China,0.08,1889341294.2854967,2106057646.5528092,0.3851396963236906,0.10290143416635979,12.896166500000618
85,160,56,China,0.08,1879061948.3510747,2106057646.5528092,0.3830442654009856,0.10778228154071691,12.980801399999109
85,170,56,China,0.08,1866549193.727593,2106057646.5528092,0.38049355710363525,0.11372359784037404,12.857180299999527
86,0,56,Vietnam,0.07,1011293073.7074685,1097516226.1449528,0.2061507407264083,0.07856207533290398,12.78338040000017
86,10,56,Vietnam,0.07,1035838011.018909,1097516226.1449528,0.21115419337469607,0.05619799840471583,12.7321778000005
86,20,56,Vietnam,0.07,1047140119.6557585,1097516226.1449528,0.2134581131066044,0.04590010178358942,12.697852300001614
86,30,56,Vietnam,0.07,1045894450.6723434,1097516226.1449528,0.21320418515010262,0.04703509091062088,13.076514999998835
86,40,56,Vietnam,0.07,1033809765.3698075,1097516226.1449528,0.21074073821139258,0.058046030899165366,17.464654999999766
86,50,56,Vietnam,0.07,1009629188.6824783,1097516226.1449528,0.20581155998908968,0.08007812127860688,17.1024608000007
86,60,56,Vietnam,0.07,968209483.1528904,1097516226.1449528,0.19736820840526959,0.11781761391014217,17.266055600000982
86,70,56,Vietnam,0.07,900730039.051012,1097516226.1449528,0.1836126139618012,0.17930139200324724,16.995295200000328
86,80,56,Vietnam,0.07,796611791.131965,1097516226.1449528,0.16238824835534185,0.27416855245040017,16.216723399998955
86,90,56,Vietnam,0.07,667519403.101227,1097516226.1449528,0.13607293768371392,0.39179085721046514,16.246146499999668
86,100,56,Vietnam,0.07,560949638.6780438,1097516226.1449528,0.11434883371617006,0.4888917126552284,16.196367700000337
86,110,56,Vietnam,0.07,519721501.4715333,1097516226.1449528,0.10594453307883507,0.5264566581424812,16.36288500000046
86,120,56,Vietnam,0.07,556217039.4777591,1097516226.1449528,0.11338409969784718,0.4932038121828209,16.48092329999963
86,130,56,Vietnam,0.07,655639679.6130388,1097516226.1449528,0.13365127193677406,0.40261504659845804,16.465930700000172
86,140,56,Vietnam,0.07,772430183.4441477,1097516226.1449528,0.15745885996496814,0.2962015822241427,16.734442500001023
86,150,56,Vietnam,0.07,868048674.3252928,1097516226.1449528,0.17695056146552773,0.20907896061424916,16.125586000000112
86,160,56,Vietnam,0.07,933696283.1733398,1097516226.1449528,0.19033273874211917,0.14926425602565685,16.16928320000079
86,170,56,Vietnam,0.07,978560010.787047,1097516226.1449528,0.19947814962227803,0.10838674866406466,16.21863359999952
87,0,56,United Kingdom,0.06,2211689112.779296,2505505643.3879695,0.45084986806492494,0.11726835714142393,16.563605800000005
87,10,56,United Kingdom,0.06,2216788177.3167243,2505505643.3879695,0.45188930555216983,0.11523321323708478,16.164499300000898
87,20,56,United Kingdom,0.06,2217921102.529995,2505505643.3879695,0.45212025084189394,0.11478103895591306,16.139016600000105
87,30,56,United Kingdom,0.06,2217914933.6660175,2505505643.3879695,0.45211899332722144,0.11478350107927475,16.266748899999584
87,40,56,United Kingdom,0.06,2219813193.1427507,2505505643.3879695,0.4525059509831113,0.1140258657964556,17.144294399999126
87,50,56,United Kingdom,0.06,2222180671.322388,2505505643.3879695,0.45298855824412676,0.11308095546033833,15.851228799998353
87,60,56,United Kingdom,0.06,2223532734.1128364,2505505643.3879695,0.4532641744359174,0.11254131876304481,16.11412940000082
87,70,56,United Kingdom,0.06,2222043284.2740445,2505505643.3879695,0.45296055207804237,0.11313578952096247,16.43532369999957
87,80,56,United Kingdom,0.06,2222722527.9428906,2505505643.3879695,0.4530990149916199,0.11286468908635014,16.527450300000055
87,90,56,United Kingdom,0.06,2223928875.8194656,2505505643.3879695,0.45334492739307436,0.11238321027597167,16.484359099998983
87,100,56,United Kingdom,0.06,2223977896.9939666,2505505643.3879695,0.453354920293943,0.11236364489417726,15.962148599999637
87,110,56,United Kingdom,0.06,2220992988.406265,2505505643.3879695,0.45274645066990066,0.11355498469242475,16.25112590000026
87,120,56,United Kingdom,0.06,2218405230.53518,2505505643.3879695,0.4522189396883521,0.1145878132864907,17.251364299998386
87,130,56,United Kingdom,0.06,2215291073.641567,2505505643.3879695,0.4515841229699868,0.1158307388020772,17.414055299999745
87,140,56,United Kingdom,0.06,2211375947.355259,2505505643.3879695,0.45078602971201465,0.11739334804889343,17.546288900000945
87,150,56,United Kingdom,0.06,2207357615.734007,2505505643.3879695,0.44996689818452523,0.11899714871557979,17.1722318000011
87,160,56,United Kingdom,0.06,2203157667.1822453,2505505643.3879695,0.44911074428861814,0.12067343651913963,16.991194300000643
87,170,56,United Kingdom,0.06,2205930227.210169,2505505643.3879695,0.4496759269427122,0.11956684949737803,16.90048829999978
84,0,57,United Kingdom,0.06,1941098702.6971483,2282954657.7323666,0.38874843841567497,0.14974277035128677,17.264926900001228
84,10,57,United Kingdom,0.06,1937995623.3176317,2282954657.7323666,0.38812697735272605,0.1511020086388307,16.700890599999184
84,20,57,United Kingdom,0.06,1941173062.0857763,2282954657.7323666,0.38876333054669876,0.14971019879390776,16.863142500000322
84,30,57,United Kingdom,0.06,1948564096.339988,2282954657.7323666,0.3902435504966731,0.14647271257000127,16.414687700000286
84,40,57,United Kingdom,0.06,1955197790.5172474,2282954657.7323666,0.39157209615421923,0.14356696314795686,16.365938499999174
84,50,57,United Kingdom,0.06,1958013768.8066654,2282954657.7323666,0.39213605880130287,0.14233348342032395,16.345066400001087
84,60,57,United Kingdom,0.06,1963163966.4399514,2282954657.7323666,0.39316750108947196,0.14007754828125218,16.462619500000073
84,70,57,United Kingdom,0.06,1966892339.6293302,2282954657.7323666,0.3939141912259333,0.13844441326617393,16.577044800000294
84,80,57,United Kingdom,0.06,1969368007.3280017,2282954657.7323666,0.39440999906432783,0.1373599993947523,16.406956500000888
84,90,57,United Kingdom,0.06,1967368842.5855894,2282954657.7323666,0.39400962160249725,0.13823569122491686,16.37557370000104
84,100,57,United Kingdom,0.06,1972112108.4590254,2282954657.7323666,0.3949595667025205,0.13615800393604735,16.478937199999564
84,110,57,United Kingdom,0.06,1975859912.3173468,2282954657.7323666,0.3957101482651099,0.1345163577274257,16.487350600000354
84,120,57,United Kingdom,0.06,1969324311.2775154,2282954657.7323666,0.3944012479527188,0.13737913952543265,16.480543199999374
84,130,57,United Kingdom,0.06,1965414073.0500903,2282954657.7323666,0.3936181352739907,0.13909193667371642,16.756652800000666
84,140,57,United Kingdom,0.06,1961305474.1478903,2282954657.7323666,0.3927952964327266,0.1408916215199678,16.926063700000668
84,150,57,United Kingdom,0.06,1958038950.9332263,2282954657.7323666,0.39214110208548153,0.14232245292242263,17.846785400000954
84,160,57,United Kingdom,0.06,1952053253.1100714,2282954657.7323666,0.39094233219379787,0.14494436124761928,17.407755899999756
84,170,57,United Kingdom,0.06,1944926808.9146037,2282954657.7323666,0.38951510232207875,0.1480659493927585,17.37793039999997
82,0,58,China,0.08,1837549021.2456982,2075226060.272937,0.36166529311244255,0.1145306738273994,17.261632100000497
82,10,58,China,0.08,1838466765.7660892,2075226060.272937,0.36184592303694085,0.11408843549107556,17.25921449999987
82,20,58,China,0.08,1837797652.4589021,2075226060.272937,0.3617142285582786,0.11441086460855641,17.089332999999897
82,30,58,China,0.08,1836240595.6253734,2075226060.272937,0.3614077695688422,0.11516117170200336,17.12769440000011
82,40,58,China,0.08,1832383724.2602756,2075226060.272937,0.36064866246659494,0.11701970241291325,17.31247020000046
82,50,58,China,0.08,1823761717.0441196,2075226060.272937,0.35895168419227674,0.12117443397744555,17.1991567999994
82,60,58,China,0.08,1810025304.4039698,2075226060.272937,0.35624809171862104,0.12779367074548384,17.235731900000246
82,70,58,China,0.08,1800336180.516844,2075226060.272937,0.354341084182972,0.13246261938322954,17.240408900001057
82,80,58,China,0.08,1791909307.496621,2075226060.272937,0.3526825121037279,0.13652332061551592,17.078096600000208
82,90,58,China,0.08,1767073410.3044355,2075226060.272937,0.3477943257566595,0.14849112386723443,17.13695429999825
82,100,58,China,0.08,1740344106.519453,2075226060.272937,0.3425334802628431,0.16137131282431938,17.163712899999155
82,110,58,China,0.08,1715202577.2795525,2075226060.272937,0.3375851395999749,0.17348639258415718,17.276498600000195
82,120,58,China,0.08,1718987175.3881514,2075226060.272937,0.338330021923349,0.17166268856412326,17.82325310000124
82,130,58,China,0.08,1759711201.806465,2075226060.272937,0.3463453003083107,0.15203878965599302,16.974837199999456
82,140,58,China,0.08,1790364371.366852,2075226060.272937,0.35237843870391516,0.13726778704225578,16.815055899998697
82,150,58,China,0.08,1815576217.376678,2075226060.272937,0.3573406190711459,0.12511882337392655,16.850776199999018
82,160,58,China,0.08,1830083547.2498639,2075226060.272937,0.36019594301091634,0.11812810069994575,17.07046850000006
82,170,58,China,0.08,1835511937.0344262,2075226060.272937,0.3612643554232456,0.1155122942157845,16.856827700001304
83,0,58,United Kingdom,0.06,1497008115.4392173,2331516876.78553,0.2946402368601829,0.3579252501473859,17.014488200000415
83,10,58,United Kingdom,0.06,1496926383.8818264,2331516876.78553,0.29462415050421714,0.3579603052474389,16.767970400000195
83,20,58,United Kingdom,0.06,1505392569.3342898,2331516876.78553,0.2962904600327291,0.3543291132381682,16.98057929999959
83,30,58,United Kingdom,0.06,1517096491.749359,2331516876.78553,0.29859401900278676,0.34930923860993673,16.4300848999992
83,40,58,United Kingdom,0.06,1509054354.0710423,2331516876.78553,0.2970111703021261,0.3527585542715091,17.64236179999898
83,50,58,United Kingdom,0.06,1498643111.4367256,2331516876.78553,0.294962035788995,0.3572239916603521,14.098226500000237
83,60,58,United Kingdom,0.06,1495204090.5361023,2331516876.78553,0.29428516976383684,0.35869900603183924,15.638046300000497
83,70,58,United Kingdom,0.06,1509148591.2481341,2331516876.78553,0.2970297180066395,0.35271813544459424,17.832687800000713
83,80,58,United Kingdom,0.06,1514426887.104707,2331516876.78553,0.2980685890223404,0.35045424625334376,17.60580189999928
83,90,58,United Kingdom,0.06,1510993619.2420185,2331516876.78553,0.2973928553066483,0.351926793116235,17.241422499999317
83,100,58,United Kingdom,0.06,1509050034.3110192,2331516876.78553,0.2970103200895566,0.3527604070395787,16.96695379999983
83,110,58,United Kingdom,0.06,1513275017.1033816,2331516876.78553,0.2978418786615064,0.3509482894287521,17.062238399999842
83,120,58,United Kingdom,0.06,1519710911.0685792,2331516876.78553,0.29910858744067453,0.3481879002463797,17.17019860000073
83,130,58,United Kingdom,0.06,1505669461.3314137,2331516876.78553,0.29634495774905795,0.35421035278660085,17.06257039999946
83,140,58,United Kingdom,0.06,1490298133.73729,2331516876.78553,0.2933195822975299,0.3608031970191145,17.222645899999407
83,150,58,United Kingdom,0.06,1481633323.1754725,2331516876.78553,0.29161417949446394,0.3645195803951438,17.092802299999676
83,160,58,United Kingdom,0.06,1492590128.6421528,2331516876.78553,0.2937706913561157,0.3598201482032626,17.13677060000009
83,170,58,United Kingdom,0.06,1497516027.6169243,2331516876.78553,0.2947402038295001,0.35770740391055866,17.028326600000582
81,0,59,China,0.1,2747577704.7200704,3051414979.392671,0.5316108862936442,0.09957258410426827,17.433153899999525
81,10,59,China,0.1,2761322443.912621,3051414979.392671,0.5342702662163573,0.09506820194537675,17.170381999998426
81,20,59,China,0.1,2777388247.784765,3051414979.392671,0.5373787338024852,0.08980316786097917,17.090355700000146
81,30,59,China,0.1,2765050410.3627563,3051414979.392671,0.5349915661254462,0.09384648465182226,17.602249699999447
81,40,59,China,0.1,2740381081.362685,3051414979.392671,0.5302184585873162,0.10193103859373842,17.960828799999945
81,50,59,China,0.1,2714208786.6998453,3051414979.392671,0.5251545520276769,0.11050813965655389,17.567680300000575
81,60,59,China,0.1,2672357206.4553356,3051414979.392671,0.5170569627844857,0.12422360626045693,17.47063469999921
81,70,59,China,0.1,2569824719.431703,3051414979.392671,0.49721862073982337,0.1578252263993342,17.42259229999945
81,80,59,China,0.1,2428851485.4469986,3051414979.392671,0.46994262933344916,0.20402452572005872,17.444291100000555
81,90,59,China,0.1,2389193223.9196553,3051414979.392671,0.46226941102075214,0.21702120489846288,17.35957469999994
81,100,59,China,0.1,2471479613.620952,3051414979.392671,0.4781904677697067,0.1900545713015883,18.59045640000113
81,110,59,China,0.1,2561659756.708061,3051414979.392671,0.4956388353664696,0.16050102198229582,18.44052499999998
81,120,59,China,0.1,2631336763.2750487,3051414979.392671,0.5091201848299375,0.13766669527237863,18.17827209999996
81,130,59,China,0.1,2701380424.861627,3051414979.392671,0.5226724759812761,0.11471220954703186,17.42969649999941
81,140,59,China,0.1,2741112006.493574,3051414979.392671,0.53035988052271,0.1016915021374304,17.399155099999916
81,150,59,China,0.1,2731880460.8772364,3051414979.392671,0.52857372898329,0.10471683486951758,17.306501900000512
81,160,59,China,0.1,2707464600.060942,3051414979.392671,0.5238496633505422,0.11271832302540051,17.427514800001518
81,170,59,China,0.1,2722625200.060027,3051414979.392671,0.5267829889443594,0.10774993947171474,17.374331600000005
77,0,60,China,0.07,1537784158.016444,1743150326.6294053,0.29257689459978004,0.11781322900019871,17.88171390000025
77,10,60,China,0.07,1531588815.7830293,1743150326.6294053,0.2913981765188412,0.12136733568782679,17.904539699999077
77,20,60,China,0.07,1525981861.2993505,1743150326.6294053,0.2903314043568018,0.12458389962842539,17.905926199999158
77,30,60,China,0.07,1515657974.6244178,1743150326.6294053,0.2883671945632454,0.13050644487149413,17.886283099998764
77,40,60,China,0.07,1477696510.9125519,1743150326.6294053,0.2811446938570304,0.152283949158958,17.840366899999935
77,50,60,China,0.07,1390070203.6789641,1743150326.6294053,0.26447302200893535,0.20255288230543192,18.03997309999977
77,60,60,China,0.07,1343126891.2635145,1743150326.6294053,0.25554164597859863,0.22948303956055532,17.99430349999966
77,70,60,China,0.07,1406641961.8446784,1743150326.6294053,0.2676259440343757,0.19304609570616152,18.052700500000356
77,80,60,China,0.07,1485495054.6103215,1743150326.6294053,0.28262843504762586,0.1478101274933022,17.583719599999313
77,90,60,China,0.07,1517653862.2382858,1743150326.6294053,0.28874692964959775,0.12936145606394403,17.585495200000878
77,100,60,China,0.07,1499398784.932257,1743150326.6294053,0.28527374142546746,0.13983391906793938,17.64390959999946
77,110,60,China,0.07,1482959863.981654,1743150326.6294053,0.2821460928427804,0.14926450041222863,17.603979600000457
77,120,60,China,0.07,1494996227.6777945,1743150326.6294053,0.28443611637705374,0.14235955164661396,17.564549100001386
77,130,60,China,0.07,1524783716.2320302,1743150326.6294053,0.29010344677169525,0.12527124428769934,18.063952600001357
77,140,60,China,0.07,1545682716.0239542,1743150326.6294053,0.2940796643881191,0.11328203172659178,17.340859300000375
77,150,60,China,0.07,1558593992.232337,1743150326.6294053,0.29653614768499564,0.10587516841070761,16.169467599998825
77,160,60,China,0.07,1562724866.3439481,1743150326.6294053,0.29732208263773746,0.10350539338413335,18.43786629999886
77,170,60,China,0.07,1554971685.551832,1743150326.6294053,0.2958469721369543,0.10795319153078424,19.653717099999994
78,0,60,China,0.07,1654356961.5278986,1963657058.6252286,0.314755890701655,0.1575122782966357,20.73055100000056
78,10,60,China,0.07,1641084481.008207,1963657058.6252286,0.3122306851233271,0.16427134066009322,20.675483900000472
78,20,60,China,0.07,1632236099.550853,1963657058.6252286,0.3105472031108929,0.16877741335669172,20.850766499999736
78,30,60,China,0.07,1631599816.3010187,1963657058.6252286,0.3104261446539229,0.169101443078195,19.217946600001596
78,40,60,China,0.07,1642782951.4283476,1963657058.6252286,0.3125538339856065,0.16340638798789411,20.482576000000336
78,50,60,China,0.07,1651337531.6929605,1963657058.6252286,0.31418141774980224,0.15904993469222442,20.774782599999526
78,60,60,China,0.07,1661255472.4824626,1963657058.6252286,0.3160683927858567,0.15399918474281843,20.560731300000043
78,70,60,China,0.07,1646038848.5326853,1963657058.6252286,0.313173296905001,0.16174830971499182,20.90366929999982
78,80,60,China,0.07,1602580912.8166082,1963657058.6252286,0.3049050442953973,0.183879432624255,20.481378599999516
78,90,60,China,0.07,1547167048.915384,1963657058.6252286,0.29436207171145057,0.21209915849635802,19.18574559999979
78,100,60,China,0.07,1520815691.9728937,1963657058.6252286,0.2893484954286327,0.22551868958338966,18.173499799999263
78,110,60,China,0.07,1549550666.6619127,1963657058.6252286,0.29481557584891793,0.21088529188148314,20.05437090000123
78,120,60,China,0.07,1609815982.7636907,1963657058.6252286,0.30628157967345715,0.18019494509355152,17.703239599999506
78,130,60,China,0.07,1656591402.4409418,1963657058.6252286,0.31518101264097065,0.1563743805648354,19.41686219999974
78,140,60,China,0.07,1682088088.5062537,1963657058.6252286,0.320031980309409,0.14339009394853475,20.771846199999345
78,150,60,China,0.07,1685996845.5730145,1963657058.6252286,0.3207756555504213,0.1413995441987239,20.63078730000052
78,160,60,China,0.07,1676535927.8501916,1963657058.6252286,0.31897563315262395,0.14621755337261017,20.415487000000212
78,170,60,China,0.07,1666042379.0465832,1963657058.6252286,0.31697914365422053,0.1515614339435664,20.47644500000024
79,0,60,China,0.07,1593212928.2911453,1790248574.6238258,0.30312270325173996,0.11006049613757261,19.402297899998302
79,10,60,China,0.07,1593032888.8912187,1790248574.6238258,0.30308844918021666,0.11016106284237477,19.487804599999436
79,20,60,China,0.07,1593714144.5425901,1790248574.6238258,0.30321806403017315,0.10978052593759627,19.111752999999226
79,30,60,China,0.07,1591510394.810083,1790248574.6238258,0.3027987813565607,0.11101150009601463,19.954829000000245
79,40,60,China,0.07,1588957035.9606493,1790248574.6238258,0.302312982488708,0.11243775949128892,20.101857600000585
79,50,60,China,0.07,1575707849.4904273,1790248574.6238258,0.2997922088071589,0.11983851191082708,21.12275149999914
79,60,60,China,0.07,1564648831.3482432,1790248574.6238258,0.2976881338181589,0.12601587649524396,21.123195099999066
79,70,60,China,0.07,1557379385.7245305,1790248574.6238258,0.2963050581667676,0.13007645541526364,20.497141300000294
79,80,60,China,0.07,1547123211.1929085,1790248574.6238258,0.2943537312010861,0.13580536629222215,19.123295100000178
79,90,60,China,0.07,1512244863.7821453,1790248574.6238258,0.28771782035428944,0.15528777108513872,18.4314435999986
79,100,60,China,0.07,1499998612.0007918,1790248574.6238258,0.2853878637748843,0.1621283025928522,18.358598200000415
79,110,60,China,0.07,1546484531.4994078,1790248574.6238258,0.2942322167997351,0.13616212104826766,17.382606399998622
79,120,60,China,0.07,1586774277.200863,1790248574.6238258,0.3018976935313666,0.11365700847756169,18.70806420000008
79,130,60,China,0.07,1597515586.3682687,1790248574.6238258,0.30394132160735704,0.10765711029601288,18.483551600000283
79,140,60,China,0.07,1594406672.2062085,1790248574.6238258,0.3033498234791112,0.10939369269363525,17.739133699999
79,150,60,China,0.07,1593463584.9863853,1790248574.6238258,0.30317039288173236,0.10992048390754322,17.971728900000016
79,160,60,China,0.07,1594065227.0148118,1790248574.6238258,0.3032848605431529,0.10958441771151074,17.78664480000043
79,170,60,China,0.07,1594206070.017286,1790248574.6238258,0.3033116571570179,0.10950574539501196,19.78779249999934
80,0,60,United Kingdom,0.06,2543304489.350211,2787779152.067824,0.4838859378520189,0.0876951327138933,19.727648500000214
80,10,60,United Kingdom,0.06,2540986389.2635117,2787779152.067824,0.48344489902273813,0.08852665485400976,19.933093499999814
80,20,60,United Kingdom,0.06,2543789383.300995,2787779152.067824,0.4839781931699001,0.08752119714571027,18.866703400000915
80,30,60,United Kingdom,0.06,2547690266.007027,2787779152.067824,0.4847203702448682,0.08612191747065466,20.381131399999504
80,40,60,United Kingdom,0.06,2543466016.14135,2787779152.067824,0.48391666973769976,0.08763719168545177,20.252864899999622
80,50,60,United Kingdom,0.06,2541192892.6060514,2787779152.067824,0.48348418809095345,0.08845258035553788,20.252483700000084
80,60,60,United Kingdom,0.06,2544382769.9529777,2787779152.067824,0.484091090173702,0.08730834432645353,20.096056300000782
80,70,60,United Kingdom,0.06,2545791014.992181,2787779152.067824,0.4843590211172338,0.08680319490019478,20.34513320000042
80,80,60,United Kingdom,0.06,2547041747.4784994,2787779152.067824,0.48459698391904477,0.08635454656110707,20.04891039999893
80,90,60,United Kingdom,0.06,2548403931.957232,2787779152.067824,0.4848561514378295,0.08586591944811564,20.39722140000049
80,100,60,United Kingdom,0.06,2546134828.568748,2787779152.067824,0.48442443465919865,0.08667986605748063,20.0764339999987
80,110,60,United Kingdom,0.06,2544230292.2368817,2787779152.067824,0.4840620799537446,0.08736303937501318,19.479093899999498
80,120,60,United Kingdom,0.06,2544846956.2945056,2787779152.067824,0.4841794056876913,0.08714183675314607,14.80053929999849
80,130,60,United Kingdom,0.06,2544245148.788018,2787779152.067824,0.4840649065426214,0.08735771020425535,13.775086499999816
80,140,60,United Kingdom,0.06,2544581263.4780865,2787779152.067824,0.4841288553040499,0.08723714301735357,14.029657700000826
80,150,60,United Kingdom,0.06,2545435805.410077,2787779152.067824,0.4842914393854789,0.08693061158664223,13.818803500000286
80,160,60,United Kingdom,0.06,2540447233.039447,2787779152.067824,0.48334231983246706,0.08872005475933042,13.829261799999585
80,170,60,United Kingdom,0.06,2539169155.0421395,2787779152.067824,0.4830991543078652,0.08917851216488182,14.02376860000004
76,0,61,China,0.07,1580071184.2137299,1746636091.7450562,0.29569413582860427,0.09536325758899901,14.02176690000124
76,10,61,China,0.07,1574523545.5799193,1746636091.7450562,0.29465595208846457,0.0985394421760631,14.090914300000804
76,20,61,China,0.07,1566068443.618208,1746636091.7450562,0.29307366637065047,0.1033802341427881,14.08460770000056
76,30,61,China,0.07,1558730292.1908462,1746636091.7450562,0.2917004065032649,0.10758153941870863,14.101372799999808
76,40,61,China,0.07,1556776057.1773257,1746636091.7450562,0.2913346914397271,0.10870039584378571,14.070186099999773
76,50,61,China,0.07,1557997643.6391776,1746636091.7450562,0.29156329883209403,0.1080010020389598,14.25205989999995
76,60,61,China,0.07,1560671886.7416468,1746636091.7450562,0.2920637560336939,0.10646992002645118,14.21051559999978
76,70,61,China,0.07,1567291743.2160408,1746636091.7450562,0.29330259435886685,0.10267985951775059,14.076329700001224
76,80,61,China,0.07,1567953477.4116485,1746636091.7450562,0.2934264311347497,0.10230099743037295,14.247573100001318
76,90,61,China,0.07,1556865284.3437948,1746636091.7450562,0.291351389389886,0.10864931069394208,14.083583400000862
76,100,61,China,0.07,1539409244.3671923,1746636091.7450562,0.28808467032846624,0.11864340165490597,14.069059400000697
76,110,61,China,0.07,1520736527.6320994,1746636091.7450562,0.2845902626753686,0.1293340754726198,15.765241199998854
76,120,61,China,0.07,1505657134.2808259,1746636091.7450562,0.2817683086834392,0.13796746706606144,16.113932000000204
76,130,61,China,0.07,1511957943.9677439,1746636091.7450562,0.28294744067066097,0.13436007012934584,16.27795160000096
76,140,61,China,0.07,1538998966.2031565,1746636091.7450562,0.28800789097296886,0.1188782978453459,16.099364000001515
76,150,61,China,0.07,1564755695.9786556,1746636091.7450562,0.29282799909773477,0.10413182037517885,16.693163800002367
76,160,61,China,0.07,1578198755.3620145,1746636091.7450562,0.29534372995022357,0.09643527760539784,17.211680700002034
76,170,61,China,0.07,1581851359.480773,1746636091.7450562,0.29602727739366214,0.09434405543495182,16.529346899998927
74,0,62,China,0.08,2201718046.150424,2434695034.783024,0.40538334919546765,0.09569041925341683,14.996742000002996
74,10,62,China,0.08,2193290594.0334296,2434695034.783024,0.4038316751424049,0.09915181872916079,14.307074000000284
74,20,62,China,0.08,2178389133.063529,2434695034.783024,0.40108799769176773,0.105272281767452,14.318362600002729
74,30,62,China,0.08,2152910627.4869246,2434695034.783024,0.39639686026788273,0.11573704438149945,14.49075879999873
74,40,62,China,0.08,2109086424.3362854,2434695034.783024,0.38832788782152844,0.13373691809239519,14.282106599999679
74,50,62,China,0.08,2021944613.7458093,2434695034.783024,0.372283218026552,0.16952859193471767,14.241402400002698
74,60,62,China,0.08,1868015866.9250736,2434695034.783024,0.343941645847156,0.23275160123224706,14.483521900001506
74,70,62,China,0.08,1698716959.2882693,2434695034.783024,0.31277009855801097,0.3022875822147244,14.303808199998457
74,80,62,China,0.08,1623482660.755434,2434695034.783024,0.2989178562298266,0.33318849483745866,14.331728600001952
74,90,62,China,0.08,1664574933.3166015,2434695034.783024,0.3064838218656285,0.31631070440616976,14.302957800002332
74,100,62,China,0.08,1770656203.4937675,2434695034.783024,0.32601565095996604,0.2727400441544148,14.275783900000533
74,110,62,China,0.08,1892375897.6083932,2434695034.783024,0.3484268481382371,0.22274622875836328,14.43603549999898
74,120,62,China,0.08,2010549204.89769,2434695034.783024,0.37018507970571696,0.174209017485072,14.343434499998693
74,130,62,China,0.08,2106744981.5234842,2434695034.783024,0.3878967781564818,0.13469861669503344,14.243548599999485
74,140,62,China,0.08,2165608709.171818,2434695034.783024,0.3987348484997455,0.11052157324302697,14.47776199999862
74,150,62,China,0.08,2193282666.4785814,2434695034.783024,0.40383021551012327,0.09915507480630184,14.259365800000523
74,160,62,China,0.08,2204003039.838828,2434695034.783024,0.40580406537023644,0.09475190594650991,14.253526299999066
74,170,62,China,0.08,2205605911.6117754,2434695034.783024,0.4060991883215082,0.09409355993189697,14.662297499999113
75,0,62,France,0.07,2100474162.0074883,2311922785.7190104,0.3867421862585595,0.09146007168477358,14.536523599999782
75,10,62,France,0.07,2100166483.1624694,2311922785.7190104,0.3866855360072303,0.091593155214604,14.740736100000504
75,20,62,France,0.07,2096809565.5274532,2311922785.7190104,0.3860674557238646,0.09304515770177711,14.615575799998624
75,30,62,France,0.07,2091872051.948353,2311922785.7190104,0.3851583539454178,0.09518083178639605,14.370501400000649
75,40,62,France,0.07,2096335422.121719,2311922785.7190104,0.38598015578909245,0.0932502438788169,14.40512569999919
75,50,62,France,0.07,2100719348.968013,2311922785.7190104,0.38678733041832614,0.09135401841948317,14.608157999999094
75,60,62,France,0.07,2092657985.4935396,2311922785.7190104,0.3853030611086941,0.09484088377859869,14.662497900000744
75,70,62,France,0.07,2091748871.8568134,2311922785.7190104,0.3851356738578608,0.09523411215211611,14.354246299997612
75,80,62,France,0.07,2083457708.141924,2311922785.7190104,0.3836090934124915,0.0988203753984948,14.331847099998413
75,90,62,France,0.07,2080052663.4693425,2311922785.7190104,0.38298215191289997,0.1002931947736118,14.314207200000965
75,100,62,France,0.07,2085642568.363674,2311922785.7190104,0.3840113728759158,0.09787533509038152,14.6363076000016
75,110,62,France,0.07,2088412791.30636,2311922785.7190104,0.38452143012711004,0.09667710175845623,14.384630900000047
75,120,62,France,0.07,2094678051.0120025,2311922785.7190104,0.38567499834511754,0.0939671238368995,14.335704299999634
75,130,62,France,0.07,2101336174.9942522,2311922785.7190104,0.3869009012730616,0.09108721624509855,14.507008000000496
75,140,62,France,0.07,2105087550.4955728,2311922785.7190104,0.38759160968028666,0.0894645947957607,14.334387400002015
75,150,62,France,0.07,2101635385.5396016,2311922785.7190104,0.38695599232943023,0.09095779559697068,14.341940300000715
75,160,62,France,0.07,2102564743.8133354,2311922785.7190104,0.3871271070506215,0.09055581060012105,14.30015309999726
75,170,62,France,0.07,2101744432.5764291,2311922785.7190104,0.3869760702195517,0.09091062834834925,14.331891800000449
73,0,67,United Kingdom,0.06,2739855171.6880507,3090388782.4186196,0.4668191868888521,0.1134270266332743,15.895662300001277
73,10,67,United Kingdom,0.06,2743432884.272581,3090388782.4186196,0.46742876103601533,0.11226933650545473,15.973962299998675
73,20,67,United Kingdom,0.06,2751047831.346409,3090388782.4186196,0.4687262031190637,0.10980526236787387,15.829408900000999
73,30,67,United Kingdom,0.06,2745661173.4443274,3090388782.4186196,0.4678084191106671,0.11154829804439666,16.017936899999768
73,40,67,United Kingdom,0.06,2737781854.371384,3090388782.4186196,0.46646593306947864,0.11409791869982003,15.79707100000087
73,50,67,United Kingdom,0.06,2733101053.7277594,3090388782.4186196,0.4656684137067674,0.11561255034430894,15.822336900000664
73,60,67,United Kingdom,0.06,2728391054.275913,3090388782.4186196,0.4648659194227344,0.1171366302525205,15.809121599999344
73,70,67,United Kingdom,0.06,2722318710.66302,3090388782.4186196,0.463831307616544,0.11910154277337823,15.782014299998991
73,80,67,United Kingdom,0.06,2721812019.405948,3090388782.4186196,0.46374497706773465,0.1192654998974639,15.85617739999725
73,90,67,United Kingdom,0.06,2730954458.5184546,3090388782.4186196,0.46530267472883097,0.11630715395584057,15.98107280000113
73,100,67,United Kingdom,0.06,2735130122.4339128,3090388782.4186196,0.4660141284048785,0.114955976414939,15.801413599998341
73,110,67,United Kingdom,0.06,2740682182.867027,3090388782.4186196,0.4669600938572594,0.11315941914528412,16.016078299999208
73,120,67,United Kingdom,0.06,2739196543.213669,3090388782.4186196,0.4667069691292968,0.11364014819200144,15.92193159999806
73,130,67,United Kingdom,0.06,2737701075.8834867,3090388782.4186196,0.4664521699522059,0.11412405731653938,15.819672100002208
73,140,67,United Kingdom,0.06,2740307514.058802,3090388782.4186196,0.466896257421591,0.11328065593282237,15.785623399999167
73,150,67,United Kingdom,0.06,2734929675.586226,3090388782.4186196,0.4659799760761647,0.11502083778410624,15.8095977999983
73,160,67,United Kingdom,0.06,2730503423.6508837,3090388782.4186196,0.4652258269697546,0.11645310156933725,16.205148699998972
73,170,67,United Kingdom,0.06,2738681261.7574825,3090388782.4186196,0.46661917497401395,0.11380688496606615,15.797906700001477
72,0,68,China,0.07,2142493997.454445,2501598907.9798503,0.35967197110100135,0.1435501548149452,16.050005599998258
72,10,68,China,0.07,2150374395.284104,2501598907.9798503,0.3609948957970897,0.14040001039949904,16.270459100000153
72,20,68,China,0.07,2137433462.211988,2501598907.9798503,0.35882243187818763,0.14557307512655646,16.084774999999354
72,30,68,China,0.07,2083477262.7249978,2501598907.9798503,0.3497645149618919,0.16714176038416323,16.102770900000905
72,40,68,China,0.07,2042704887.3269308,2501598907.9798503,0.3429198373836507,0.1834402866059357,16.068311700000777
72,50,68,China,0.07,2045611676.7690072,2501598907.9798503,0.3434078157347917,0.18227831398402414,16.098462399997516
72,60,68,China,0.07,2071351388.0228777,2501598907.9798503,0.347728879267875,0.1719890101424837,16.289359799997328
72,70,68,China,0.07,2086627519.5567305,2501598907.9798503,0.3502933654909902,0.1658824630516917,16.080878000000666
72,80,68,China,0.07,2110092845.689083,2501598907.9798503,0.35423261578180953,0.15650233178544412,16.33844930000123
72,90,68,China,0.07,2120732039.4911397,2501598907.9798503,0.3560186743706587,0.15224937429968627,16.05260249999992
72,100,68,China,0.07,2115047202.162111,2501598907.9798503,0.35506433020449085,0.15452185583575287,16.07910400000037
72,110,68,China,0.07,2089764037.874075,2501598907.9798503,0.35081990966191157,0.16462865761256262,16.032247299997834
72,120,68,China,0.07,2041887287.0481627,2501598907.9798503,0.3427825824348917,0.18376711768831266,16.13946600000054
72,130,68,China,0.07,1992814328.6872776,2501598907.9798503,0.33454444142614786,0.20338375495352226,16.34732150000127
72,140,68,China,0.07,1999959658.671284,2501598907.9798503,0.3357439663361677,0.20052744974759434,16.21192449999944
72,150,68,China,0.07,2047127706.6118855,2501598907.9798503,0.34366231980457385,0.18167228963773813,16.215441100001044
72,160,68,China,0.07,2089215816.6033869,2501598907.9798503,0.35072787681362255,0.16484780596162021,16.363463100002264
72,170,68,China,0.07,2119927244.2857323,2501598907.9798503,0.35588356907831925,0.1525710866264866,16.09882899999866
71,0,69,Taiwan,0.1,2599191809.988736,2805849993.7249866,0.4300165128033777,0.0736526130044092,16.42379609999989
71,10,69,Taiwan,0.1,2592377511.054486,2805849993.7249866,0.42888913888135893,0.0760812171527029,16.41907739999806
71,20,69,Taiwan,0.1,2607799622.9919586,2805849993.7249866,0.43144060998477246,0.07058480359817829,16.439100299998245
71,30,69,Taiwan,0.1,2610443342.92206,2805849993.7249866,0.4318779933363212,0.06964258646753559,16.77192990000185
71,40,69,Taiwan,0.1,2608697562.6759357,2805849993.7249866,0.43158916727482227,0.07026477947501229,16.44733560000168
71,50,69,Taiwan,0.1,2630061942.7078233,2805849993.7249866,0.43512374143137833,0.06265055202890259,16.883320100001583
71,60,69,Taiwan,0.1,2642345019.065771,2805849993.7249866,0.43715588297693253,0.05827288523081369,16.464892500000133
71,70,69,Taiwan,0.1,2631869227.4593067,2805849993.7249866,0.43542274294542166,0.06200643892395213,16.424457400000392
71,80,69,Taiwan,0.1,2583978963.321905,2805849993.7249866,0.4274996630471023,0.07907444478474424,16.43736660000286
71,90,69,Taiwan,0.1,2515432343.917333,2805849993.7249866,0.4161591463035757,0.10350433931149011,16.44656319999922
71,100,69,Taiwan,0.1,2537277758.013812,2805849993.7249866,0.4197733038868725,0.09571867217128871,16.634967599999072
71,110,69,Taiwan,0.1,2576369699.3967543,2805849993.7249866,0.4262407682146705,0.08178637305680735,16.53562680000323
71,120,69,Taiwan,0.1,2608263892.2714458,2805849993.7249866,0.431517419805348,0.0704193388439949,16.47476210000241
71,130,69,Taiwan,0.1,2628313741.6247377,2805849993.7249866,0.43483451486081953,0.06327360781841208,16.745455399999628
71,140,69,Taiwan,0.1,2616202646.1494555,2805849993.7249866,0.43283082624403674,0.06758998093257268,16.43398800000068
71,150,69,Taiwan,0.1,2591095435.3456984,2805849993.7249866,0.4286770292081428,0.07653814667910476,16.40051890000177
71,160,69,Taiwan,0.1,2612624897.4253135,2805849993.7249866,0.4322389149337095,0.06886508428169803,16.416265899999416
71,170,69,Taiwan,0.1,2609563563.0368733,2805849993.7249866,0.43173244044683895,0.06995613847037045,16.400973499999964
70,0,70,China,0.07,1653796929.4034276,1996818861.891424,0.2696994340188238,0.1717842008779302,16.779929299998912
70,10,70,China,0.07,1654791545.3984623,1996818861.891424,0.2698616349312561,0.17128610061755276,16.628174199999194
70,20,70,China,0.07,1652956968.010785,1996818861.891424,0.2695624540135005,0.17220485064675645,16.828460999997333
70,30,70,China,0.07,1653558030.9402657,1996818861.891424,0.2696604747130244,0.1719038404044397,16.624135699999897
70,40,70,China,0.07,1644128168.754361,1996818861.891424,0.2681226628757927,0.17662628286823565,16.62606379999852
70,50,70,China,0.07,1631945343.8102195,1996818861.891424,0.26613590081706123,0.18272739958775702,16.80992519999927
70,60,70,China,0.07,1621126844.9383101,1996818861.891424,0.26437163159463634,0.18814526651518673,16.740959399998246
70,70,70,China,0.07,1617876498.8474157,1996818861.891424,0.26384156863134633,0.18977302862867942,16.825987199998053
70,80,70,China,0.07,1608015286.633141,1996818861.891424,0.26223341269294537,0.19471148969917126,16.667563700000755
70,90,70,China,0.07,1599990846.2610924,1996818861.891424,0.2609247955416002,0.198730101765189,17.35929340000075
70,100,70,China,0.07,1612524455.6547534,1996818861.891424,0.2629687631530909,0.1924533134030293,16.855215300001873
70,110,70,China,0.07,1629479269.4494548,1996818861.891424,0.2657337360485086,0.18396240112336393,16.769372400001885
70,120,70,China,0.07,1635589502.9398263,1996818861.891424,0.26673018638940416,0.18090241726254255,16.797389600000315
70,130,70,China,0.07,1628993556.115161,1996818861.891424,0.26565452643756704,0.18420564468619455,16.830618899999536
70,140,70,China,0.07,1624586617.324037,1996818861.891424,0.26493584757404387,0.18641262443544906,16.868407999998453
70,150,70,China,0.07,1638255698.139067,1996818861.891424,0.2671649866502066,0.17956719590114414,16.617146100001264
70,160,70,China,0.07,1650773811.4495459,1996818861.891424,0.26920642717702964,0.17329816792400377,16.655389400002605
70,170,70,China,0.07,1653727740.3382897,1996818861.891424,0.26968815074009944,0.17181885052315257,16.740641200001846
69,0,71,France,0.07,2611281517.527073,2923557420.34691,0.4198471794853484,0.10681367181178276,16.98051349999878
69,10,71,France,0.07,2614774951.704554,2923557420.34691,0.4204088609724989,0.10561874601584385,17.01604519999819
69,20,71,France,0.07,2618611368.345411,2923557420.34691,0.4210256878811195,0.10430650339862803,16.938071499997022
69,30,71,France,0.07,2613030387.093953,2923557420.34691,0.4201283663087583,0.10621547266073866,17.226716599998326
69,40,71,France,0.07,2616569577.1183457,2923557420.34691,0.42069740451449383,0.10500489612143038,16.968181799999
69,50,71,France,0.07,2629477626.735974,2923557420.34691,0.4227727871142797,0.10058971018124918,16.91931620000105
69,60,71,France,0.07,2629074915.582924,2923557420.34691,0.42270803839200655,0.10072745714330548,17.150196400001732
69,70,71,France,0.07,2630550611.270577,2923557420.34691,0.42294530376078476,0.1002226968545618,16.961497500000405
69,80,71,France,0.07,2633958042.814402,2923557420.34691,0.4234931575687186,0.09905718817663721,17.19473420000213
69,90,71,France,0.07,2627506224.1298637,2923557420.34691,0.4224558209739957,0.10126402654404398,17.003594599998905
69,100,71,France,0.07,2624440589.838866,2923557420.34691,0.42196292202695773,0.10231262380081815,16.983301100000972
69,110,71,France,0.07,2626854292.9642587,2923557420.34691,0.42235100214873283,0.1014870189713751,17.134291700000176
69,120,71,France,0.07,2620863077.0698314,2923557420.34691,0.42138772221201226,0.1035363085980233,17.035355799998797
69,130,71,France,0.07,2616961091.5297723,2923557420.34691,0.4207603530017641,0.10487097899406297,17.147566100000404
69,140,71,France,0.07,2614311033.2312155,2923557420.34691,0.4203342712121705,0.10577742888285713,16.95650310000201
69,150,71,France,0.07,2605767466.978022,2923557420.34691,0.4189606191681173,0.10869974749159497,16.956636000002618
69,160,71,France,0.07,2607936509.809222,2923557420.34691,0.4193093623077404,0.10795782848015215,16.96704619999946
69,170,71,France,0.07,2614757674.5600963,2923557420.34691,0.4204060831179009,0.10562465564646631,16.942733700001554
68,0,72,Denmark,0.06,3409098786.3011694,3720493402.341916,0.540509066828572,0.08369712894658946,17.382922900000267
68,10,72,Denmark,0.06,3405964248.8160725,3720493402.341916,0.5400120891704834,0.08453963480431356,17.219365000000835
68,20,72,Denmark,0.06,3395960432.7591524,3720493402.341916,0.5384259945394394,0.08722847603451787,17.868715799999336
68,30,72,Denmark,0.06,3383872475.730509,3720493402.341916,0.5365094615250046,0.09047749591479361,17.58387909999874
68,40,72,Denmark,0.06,3378653614.901363,3720493402.341916,0.5356820165685824,0.09188022944090625,17.605184399999416
68,50,72,Denmark,0.06,3383774633.2039886,3720493402.341916,0.536493948694189,0.09050379418116297,17.536184599997796
68,60,72,Denmark,0.06,3390272668.0343513,3720493402.341916,0.5375242053580592,0.08875724227859207,17.544310599998425
68,70,72,Denmark,0.06,3391029569.1898637,3720493402.341916,0.5376442112490271,0.08855380120944895,18.404660200001672
68,80,72,Denmark,0.06,3389163275.367691,3720493402.341916,0.5373483123046187,0.08905542656403173,18.130637499998556
68,90,72,Denmark,0.06,3396486420.5014586,3720493402.341916,0.5385093893489121,0.0870871002315195,18.10462479999842
68,100,72,Denmark,0.06,3394390477.641004,3720493402.341916,0.5381770797883377,0.08765045101158948,18.099086299996998
68,110,72,Denmark,0.06,3392340754.6979556,3720493402.341916,0.5378520983475957,0.08820137873041255,18.18249150000338
68,120,72,Denmark,0.06,3386550175.4435563,3720493402.341916,0.5369340080294832,0.08975777962357213,18.019394400002056
68,130,72,Denmark,0.06,3385653400.6741652,3720493402.341916,0.5367918253225148,0.08999881614008001,18.248089199998503
68,140,72,Denmark,0.06,3397604333.462943,3720493402.341916,0.5386866332862352,0.08678662584799264,17.92838930000289
68,150,72,Denmark,0.06,3405166102.7832108,3720493402.341916,0.5398855439471097,0.08475416173570371,17.86956949999876
68,160,72,Denmark,0.06,3407675127.4828057,3720493402.341916,0.5402833472036412,0.08407978217679477,17.629633600001398
68,170,72,Denmark,0.06,3406753074.3475475,3720493402.341916,0.5401371566380562,0.08432761305177436,17.5078723000006
67,0,73,United Kingdom,0.06,2345259423.9545393,3215495511.757107,0.36674476511455234,0.27063825299106925,17.480732399999397
67,10,73,United Kingdom,0.06,2325727069.791545,3215495511.757107,0.36369035306679565,0.2767126990885918,17.638445099997625
67,20,73,United Kingdom,0.06,2312663396.881502,3215495511.757107,0.36164749435189564,0.2807754237486876,17.640803100002813
67,30,73,United Kingdom,0.06,2336748922.1978865,3215495511.757107,0.3654139179017149,0.2732849684741216,17.40818450000006
67,40,73,United Kingdom,0.06,2349306601.287767,3215495511.757107,0.36737765079248247,0.2693796048858458,17.398200200001156
67,50,73,United Kingdom,0.06,2351227750.83899,3215495511.757107,0.3676780745041268,0.26878213878950113,17.43711930000063
67,60,73,United Kingdom,0.06,2349484042.27739,3215495511.757107,0.367405398492117,0.26932442179229943,17.466406600000482
67,70,73,United Kingdom,0.06,2343901804.8836355,3215495511.757107,0.36653246464058853,0.2710604644561264,17.415453400000843
67,80,73,United Kingdom,0.06,2339946067.9085836,3215495511.757107,0.3659138781367023,0.2722906751532299,17.416910600000847
67,90,73,United Kingdom,0.06,2330936983.382123,3215495511.757107,0.36450506401797134,0.2750924469154731,17.691150900001958
67,100,73,United Kingdom,0.06,2363155804.7899437,3215495511.757107,0.36954334846905984,0.2650725848786529,17.504879099997197
67,110,73,United Kingdom,0.06,2354765878.762648,3215495511.757107,0.36823135653384753,0.2676818020262492,17.649120199999743
67,120,73,United Kingdom,0.06,2344698963.111898,3215495511.757107,0.366657121897776,0.2708125529832764,17.434956000000966
67,130,73,United Kingdom,0.06,2348972481.1500955,3215495511.757107,0.36732540206888337,0.2694835142635606,17.41858879999927
67,140,73,United Kingdom,0.06,2325488261.1716714,3215495511.757107,0.36365300887778684,0.2767869671505438,17.392607900001167
67,150,73,United Kingdom,0.06,2346903103.1001267,3215495511.757107,0.3670017988209368,0.2701270785423482,17.404796599999827
67,160,73,United Kingdom,0.06,2355690512.0438957,3215495511.757107,0.36837594796457995,0.2673942465692856,17.817283100001077
67,170,73,United Kingdom,0.06,2343433224.7051487,3215495511.757107,0.36645918945160894,0.27120619010767016,17.438821200001257
66,0,74,China,0.08,2178765699.415138,2648582836.369235,0.3361047913450478,0.17738434701862607,17.724824400000216
66,10,74,China,0.08,2125384546.9639142,2648582836.369235,0.32787000909600056,0.1975389563886695,17.71984750000047
66,20,74,China,0.08,2015089619.5724626,2648582836.369235,0.3108554886419324,0.23918195349524576,17.74092659999951
66,30,74,China,0.08,1914231245.316633,2648582836.369235,0.2952966872326041,0.2772620818079738,17.70862059999854
66,40,74,China,0.08,1904763476.4814405,2648582836.369235,0.2938361527337777,0.28083673641389545,17.70770320000156
66,50,74,China,0.08,1981066503.5644157,2648582836.369235,0.3056069516790719,0.2520277348470146,18.175757000000885
66,60,74,China,0.08,2088565848.7162025,2648582836.369235,0.3221902148457674,0.21144023889421648,17.767393500002072
66,70,74,China,0.08,2175200856.7353454,2648582836.369235,0.33555486497830206,0.17873029045329666,17.74394839999877
66,80,74,China,0.08,2235210329.214308,2648582836.369235,0.34481215741304266,0.1560730899100713,17.72253169999749
66,90,74,China,0.08,2271679794.4893937,2648582836.369235,0.35043807763936097,0.14230366394600386,17.87176080000063
66,100,74,China,0.08,2287763608.657392,2648582836.369235,0.3529192287821474,0.13623105260565155,17.73760349999793
66,110,74,China,0.08,2284992545.7042933,2648582836.369235,0.35249175393439053,0.13727729624774107,17.760450100002345
66,120,74,China,0.08,2276875158.665805,2648582836.369235,0.3512395345344016,0.14034210015986487,18.146189800001594
66,130,74,China,0.08,2258709541.6671977,2648582836.369235,0.3484372364659999,0.14720071781348873,17.711532799999986
66,140,74,China,0.08,2235801567.3972845,2648582836.369235,0.3449033640931267,0.1558498617841248,17.7734961999995
66,150,74,China,0.08,2216460792.023358,2648582836.369235,0.34191978156598757,0.16315217270615723,17.73458430000028
66,160,74,China,0.08,2203762121.307234,2648582836.369235,0.3399608356946862,0.16794668792454162,17.720311400000355
66,170,74,China,0.08,2196150366.462217,2648582836.369235,0.3387866170650094,0.17082058514251627,17.843274000002566
63,0,75,China,0.07,1961185295.5591142,2387355271.0728774,0.29850613326622744,0.17851133456238477,18.610925999997562
63,10,75,China,0.07,1968157220.2436378,2387355271.0728774,0.29956730901729645,0.17559097965375384,18.49640079999881
63,20,75,China,0.07,1973197214.7432978,2387355271.0728774,0.30033443146777744,0.17347985921821218,18.16628049999781
63,30,75,China,0.07,1976731925.648138,2387355271.0728774,0.30087243921585055,0.17199926227997278,18.182933299998695
63,40,75,China,0.07,1970684340.5727258,2387355271.0728774,0.29995195442507244,0.1745324357664202,18.213085800001863
63,50,75,China,0.07,1965677437.952255,2387355271.0728774,0.2991898687902976,0.17662969488873786,18.112329200001113
63,60,75,China,0.07,1963603864.25375,2387355271.0728774,0.2988742563552131,0.1774982600845552,18.07248780000009
63,70,75,China,0.07,1953649954.4261434,2387355271.0728774,0.297359201586932,0.18166768972421388,18.337980099997367
63,80,75,China,0.07,1961489139.8841765,2387355271.0728774,0.29855238049987465,0.17838406220843564,18.362699600002088
63,90,75,China,0.07,1960462881.6832144,2387355271.0728774,0.2983961768163188,0.178813934633959,18.07668289999856
63,100,75,China,0.07,1959660563.1141095,2387355271.0728774,0.29827405831264986,0.17915000466879064,18.305146599999716
63,110,75,China,0.07,1966140545.6668444,2387355271.0728774,0.29926035702691695,0.17643571131193186,18.22626659999878
63,120,75,China,0.07,1971038333.2488968,2387355271.0728774,0.3000058345888732,0.17438415759414297,18.158238200001506
63,130,75,China,0.07,1968362500.3431432,2387355271.0728774,0.29959855408571434,0.17550499324779542,18.132714600000327
63,140,75,China,0.07,1950060963.9513154,2387355271.0728774,0.2968129321082672,0.18317102293913798,18.48656320000009
63,150,75,China,0.07,1955390266.93038,2387355271.0728774,0.29762408933491324,0.18093871883105703,18.13501990000077
63,160,75,China,0.07,1967792332.1592522,2387355271.0728774,0.299511770496081,0.17574382162445126,18.114262000002782
63,170,75,China,0.07,1969879401.5866694,2387355271.0728774,0.29982943707559656,0.17486960342462743,18.133593000002293
64,0,75,Vietnam,0.07,1142837457.4823895,1312338555.0622087,0.1739478626305007,0.12915958075451373,18.051792399997794
64,10,75,Vietnam,0.07,1126887509.3109682,1312338555.0622087,0.1715201688448962,0.14131341720921212,18.04118550000203
64,20,75,Vietnam,0.07,1099757331.0321062,1312338555.0622087,0.16739076575831144,0.16198657214641196,18.100037600001087
64,30,75,Vietnam,0.07,1069732531.0177758,1312338555.0622087,0.16282078097683042,0.18486542448105753,18.501858400002675
64,40,75,Vietnam,0.07,1051512689.6726383,1312338555.0622087,0.1600475935574792,0.19874891611121373,18.127216200002294
64,50,75,Vietnam,0.07,1051333986.4948473,1312338555.0622087,0.16002039368262516,0.19888508766321278,18.13561959999788
64,60,75,Vietnam,0.07,1042016292.9127458,1312338555.0622087,0.15860217548139205,0.20598515612204105,18.17295279999962
64,70,75,Vietnam,0.07,989378885.1988713,1312338555.0622087,0.15059039348536854,0.24609478142477356,18.08558819999962
64,80,75,Vietnam,0.07,909465951.5060524,1312338555.0622087,0.13842708546515256,0.30698831639298974,18.07424119999996
64,90,75,Vietnam,0.07,868048256.893285,1312338555.0622087,0.13212302235818646,0.3385485372315858,18.255404700001236
64,100,75,Vietnam,0.07,881613727.4594706,1312338555.0622087,0.13418778195730147,0.328211669116374,18.363649599999917
64,110,75,Vietnam,0.07,912563198.9604951,1312338555.0622087,0.13889850821316516,0.30462821850323757,18.058603100002074
64,120,75,Vietnam,0.07,951712837.0510066,1312338555.0622087,0.14485735723759613,0.2747962533144562,18.072611999999936
64,130,75,Vietnam,0.07,1005218344.6590197,1312338555.0622087,0.1530012701155281,0.2340251372014522,18.049456400000054
64,140,75,Vietnam,0.07,1061191601.8889544,1312338555.0622087,0.16152079176392,0.19137359959781808,18.157745700002124
64,150,75,Vietnam,0.07,1104288527.3708131,1312338555.0622087,0.1680804455663338,0.15853380736919168,18.05418429999918
64,160,75,Vietnam,0.07,1128412691.756587,1312338555.0622087,0.17175231229171797,0.14015123048556857,18.238549100002274
64,170,75,Vietnam,0.07,1139661584.74262,1312338555.0622087,0.17346447256356468,0.1315795909931209,18.263628400000016
65,0,75,Netherlands,0.06,3104523262.006713,3752465984.155007,0.47253017686555754,0.17267117806910645,18.06970310000179
65,10,75,Netherlands,0.06,3097897712.0088406,3752465984.155007,0.4715217217669468,0.17443683031641505,18.118169900000794
65,20,75,Netherlands,0.06,3094135191.1222568,3752465984.155007,0.47094903974463576,0.17543950986167176,18.10591430000204
65,30,75,Netherlands,0.06,3088666643.518596,3752465984.155007,0.47011668851120186,0.1768968308944944,18.05786359999911
65,40,75,Netherlands,0.06,3088498756.6014724,3752465984.155007,0.47009113494695165,0.17694157131794733,18.150095099997998
65,50,75,Netherlands,0.06,3085935005.2237005,3752465984.155007,0.4697009140370929,0.17762478907091228,18.53641190000053
65,60,75,Netherlands,0.06,3084887437.617239,3752465984.155007,0.4695414669128218,0.17790395685308139,18.04597510000167
65,70,75,Netherlands,0.06,3083696209.708703,3752465984.155007,0.4693601536847341,0.17822140887358362,18.01531840000098
65,80,75,Netherlands,0.06,3085582784.578635,3752465984.155007,0.4696473035888334,0.1777186528518373,18.005459300002258
65,90,75,Netherlands,0.06,3086234203.2575135,3752465984.155007,0.4697464540726809,0.1775450553611128,18.052199700003257
65,100,75,Netherlands,0.06,3090488071.9752703,3752465984.155007,0.4703939226750792,0.1764114358331227,18.021505700002308
65,110,75,Netherlands,0.06,3094033894.2061396,3752465984.155007,0.4709336216447701,0.17546650462099667,18.070522199999687
65,120,75,Netherlands,0.06,3102220959.875081,3752465984.155007,0.47217975036150395,0.17328472184041668,18.463682800000242
65,130,75,Netherlands,0.06,3110914819.641306,3752465984.155007,0.4735030166881744,0.17096788277966699,18.08719420000125
65,140,75,Netherlands,0.06,3116742787.701962,3752465984.155007,0.47439007423165325,0.1694147792777925,18.08777689999988
65,150,75,Netherlands,0.06,3116940994.855791,3752465984.155007,0.4744202427482178,0.16936195877131327,18.049641800000245
65,160,75,Netherlands,0.06,3113401520.498657,3752465984.155007,0.47388150996935424,0.17030519832953434,18.09329760000037
65,170,75,Netherlands,0.06,3104795871.428128,3752465984.155007,0.47257166992817773,0.17259852999646144,18.11567980000109
62,0,79,Taiwan,0.1,2741550681.878872,3016199424.99791,0.39615494507237614,0.09105788590859784,19.548965300000418
62,10,79,Taiwan,0.1,2802025464.3225455,3016199424.99791,0.40489357036046264,0.07100789122241574,19.561703000003035
62,20,79,Taiwan,0.1,2804381464.245111,3016199424.99791,0.40523401309824736,0.0702267757885226,20.269800699999905
62,30,79,Taiwan,0.1,2806640057.8891215,3016199424.99791,0.40556038059781535,0.06947795473070674,19.769263000001956
62,40,79,Taiwan,0.1,2802575406.5140424,3016199424.99791,0.4049730371819609,0.07082556170304145,19.40354130000196
62,50,79,Taiwan,0.1,2791585098.253687,3016199424.99791,0.4033849341445129,0.07446932218163219,19.611860799999704
62,60,79,Taiwan,0.1,2764691553.361093,3016199424.99791,0.39949880835805635,0.08338569046607097,19.58666710000034
62,70,79,Taiwan,0.1,2729671798.567125,3016199424.99791,0.39443844265752337,0.09499624728261584,19.65522069999861
62,80,79,Taiwan,0.1,2724427837.088964,3016199424.99791,0.3936806885568701,0.09673484634032387,19.410988300001918
62,90,79,Taiwan,0.1,2788136008.8783703,3016199424.99791,0.4028865396333117,0.07561284384227936,19.366675499997655
62,100,79,Taiwan,0.1,2802377671.4215436,3016199424.99791,0.4049444643982347,0.07089111940153446,19.504706800002168
62,110,79,Taiwan,0.1,2794682868.0877633,3016199424.99791,0.4038325628703201,0.07344227807824749,19.429239299999608
62,120,79,Taiwan,0.1,2785189703.033077,3016199424.99791,0.4024607975020341,0.07658967111068703,19.38784940000187
62,130,79,Taiwan,0.1,2771900432.936681,3016199424.99791,0.40054049374843664,0.08099563644118078,19.762741400001687
62,140,79,Taiwan,0.1,2787276804.6997266,3016199424.99791,0.4027623843563561,0.07589770702855368,19.391445500001282
62,150,79,Taiwan,0.1,2792868490.167323,3016199424.99791,0.4035703846840245,0.07404382249384643,19.403036300001986
62,160,79,Taiwan,0.1,2787084582.683546,3016199424.99791,0.4027346082139105,0.07596143690483023,19.529523500001233
62,170,79,Taiwan,0.1,2763064620.7024636,3016199424.99791,0.3992637160716814,0.08392508870517466,19.4133597
57,0,80,Vietnam,0.07,762416987.8219436,1404804413.6870246,0.10879237839924995,0.4572789063063109,19.675826799997594
57,10,80,Vietnam,0.07,789393063.8483328,1404804413.6870246,0.11264170431625753,0.43807617903441387,19.88637000000017
57,20,80,Vietnam,0.07,829928383.2466445,1404804413.6870246,0.11842585377377918,0.40922140109993727,19.63961990000098
57,30,80,Vietnam,0.07,868470785.3957725,1404804413.6870246,0.1239256257699447,0.3817852670918085,19.81935109999904
57,40,80,Vietnam,0.07,889416527.6501625,1404804413.6870246,0.12691445885418984,0.3668751898950718,19.879296399998566
57,50,80,Vietnam,0.07,867263722.6894165,1404804413.6870246,0.12375338508696013,0.3826445060681354,19.593437800001993
57,60,80,Vietnam,0.07,781252263.5799402,1404804413.6870246,0.11148006044234307,0.44387114962895124,19.57790609999938
57,70,80,Vietnam,0.07,646908574.5480992,1404804413.6870246,0.0923100134914525,0.5395027462575844,19.822714099998848
57,80,80,Vietnam,0.07,541429618.8408139,1404804413.6870246,0.0772587926428102,0.6145871883903131,19.781934499998897
57,90,80,Vietnam,0.07,551151013.3605143,1404804413.6870246,0.07864597793386334,0.6076670830539511,19.55212329999995
57,100,80,Vietnam,0.07,662424369.2136136,1404804413.6870246,0.09452402528733071,0.52845793851471,19.544136000000435
57,110,80,Vietnam,0.07,779950470.0940717,1404804413.6870246,0.11129430223945087,0.4447978220348642,19.513555699999415
57,120,80,Vietnam,0.07,841318802.5118477,1404804413.6870246,0.12005119898856274,0.40111321240532166,19.54698570000255
57,130,80,Vietnam,0.07,844556793.3682113,1404804413.6870246,0.12051324106281554,0.39880827171406547,19.757679300000746
57,140,80,Vietnam,0.07,815253246.5972793,1404804413.6870246,0.11633179888659807,0.41966779243127506,19.708029099998384
57,150,80,Vietnam,0.07,775478807.6440188,1404804413.6870246,0.11065622255194332,0.44798094304906766,19.548545000001468
57,160,80,Vietnam,0.07,749878631.1521716,1404804413.6870246,0.10700322933107471,0.4662042460529765,19.63584719999926
57,170,80,Vietnam,0.07,752412127.6372921,1404804413.6870246,0.10736474424048119,0.46440079465402256,19.5566773999999
59,0,80,Denmark,0.06,2937067262.0171514,3995752497.4843874,0.41910206364399993,0.2649526556346406,20.25050000000192
59,10,80,Denmark,0.06,2941463506.691227,3995752497.4843874,0.4197293816625609,0.2638524261592556,20.111915900000895
59,20,80,Denmark,0.06,2932889830.570082,3995752497.4843874,0.4185059689740414,0.26599812365341785,20.133425699998043
59,30,80,Denmark,0.06,2916890020.3777027,3995752497.4843874,0.4162228910356311,0.2700023281687006,19.733213699997577
59,40,80,Denmark,0.06,2926573059.256123,3995752497.4843874,0.41760460320435544,0.2675789951708444,19.859262599999056
59,50,80,Denmark,0.06,2925666935.77699,3995752497.4843874,0.41747530476269834,0.26780576684394064,19.585336299998744
59,60,80,Denmark,0.06,2933182938.6545534,3995752497.4843874,0.41854779375778445,0.2659247687385036,19.668219499999395
59,70,80,Denmark,0.06,2930752084.42144,3995752497.4843874,0.4182009252884475,0.2665331282989728,19.539436499999283
59,80,80,Denmark,0.06,2928151089.9110336,3995752497.4843874,0.41782977881150596,0.26718406814373147,20.106403800000408
59,90,80,Denmark,0.06,2952914500.375445,3995752497.4843874,0.4213633704873637,0.26098663462401234,19.619683999997505
59,100,80,Denmark,0.06,2943177900.5023828,3995752497.4843874,0.41997401548264596,0.26342337210442235,19.618899700002657
59,110,80,Denmark,0.06,2936124139.6805916,3995752497.4843874,0.4189674856850159,0.26518868685458064,19.58351749999929
59,120,80,Denmark,0.06,2934253449.664595,3995752497.4843874,0.41870054932428585,0.2656568564965127,19.601373800000147
59,130,80,Denmark,0.06,2924913880.242251,3995752497.4843874,0.41736784820808376,0.26799423085296353,19.69534829999975
59,140,80,Denmark,0.06,2926981249.0889606,3995752497.4843874,0.41766284947045673,0.2674768392357372,19.84626059999937
59,150,80,Denmark,0.06,2911284220.649927,3995752497.4843874,0.41542297669091427,0.2714052678480989,19.686754499998642
59,160,80,Denmark,0.06,2926855397.326625,3995752497.4843874,0.41764489117103665,0.2675083356215656,19.570909000001848
59,170,80,Denmark,0.06,2928787056.6753373,3995752497.4843874,0.4179205274936269,0.2670249074437872,19.56991669999843
60,0,80,Denmark,0.06,3721178727.18792,4092276309.4866323,0.5309901151809246,0.09068243545491816,19.67936539999937
60,10,80,Denmark,0.06,3717914953.3231616,4092276309.4866323,0.5305243940244238,0.09147998029742856,19.66053109999848
60,20,80,Denmark,0.06,3710711637.8249755,4092276309.4866323,0.5294965236622396,0.0932402024704738,19.849445699997887
60,30,80,Denmark,0.06,3699025604.7679696,4092276309.4866323,0.5278289961141509,0.09609583395115254,19.852510299999267
60,40,80,Denmark,0.06,3693444300.3794794,4092276309.4866323,0.527032577108944,0.09745969698639083,19.692985599998792
60,50,80,Denmark,0.06,3689447895.663131,4092276309.4866323,0.5264623138788714,0.09843626953773195,19.724044999999023
60,60,80,Denmark,0.06,3689000016.5228386,4092276309.4866323,0.526398404184195,0.0985457145278599,19.92821339999864
60,70,80,Denmark,0.06,3690271483.650765,4092276309.4866323,0.5265798349958283,0.0982350152906215,20.359694300001138
60,80,80,Denmark,0.06,3691120126.647948,4092276309.4866323,0.5267009313139195,0.09802763853181966,20.265371200002846
60,90,80,Denmark,0.06,3697376527.5567913,4092276309.4866323,0.5275936825851586,0.09649880703665888,20.199118800002907
60,100,80,Denmark,0.06,3695054295.237679,4092276309.4866323,0.5272623138181619,0.09706627417315915,20.0418548000016
60,110,80,Denmark,0.06,3694129750.448942,4092276309.4866323,0.5271303867649746,0.09729219850446434,19.655459400000836
60,120,80,Denmark,0.06,3700046214.2849755,4092276309.4866323,0.527974631033815,0.09584643497615176,19.676436199999443
60,130,80,Denmark,0.06,3701835431.1842055,4092276309.4866323,0.5282299416644128,0.09540921696741607,19.681568299998617
60,140,80,Denmark,0.06,3702939728.533815,4092276309.4866323,0.5283875183410124,0.09513936780130541,19.852329099998315
60,150,80,Denmark,0.06,3706734034.559186,4092276309.4866323,0.5289289432875551,0.09421218064715964,19.888125800000125
60,160,80,Denmark,0.06,3713845999.0991144,4092276309.4866323,0.5299437784102617,0.09247428124788358,19.69371289999981
60,170,80,Denmark,0.06,3716551288.3813715,4092276309.4866323,0.530329807132045,0.09181320924842311,19.772655400000076
61,0,80,Denmark,0.06,3299292510.0021214,4022153857.47902,0.4707894563359192,0.1797199642506886,19.667469800002436
61,10,80,Denmark,0.06,3288248578.9244704,4022153857.47902,0.4692135529287201,0.1824657396409351,19.625369299999875
61,20,80,Denmark,0.06,3279735692.7474456,4022153857.47902,0.4679988146043729,0.18458223902874332,19.660654900002555
61,30,80,Denmark,0.06,3284613942.323282,4022153857.47902,0.4686949118611989,0.18336939393412685,20.34011449999889
61,40,80,Denmark,0.06,3280432982.427307,4022153857.47902,0.4680983137025267,0.18440887676947396,19.690555699999095
61,50,80,Denmark,0.06,3272562580.334453,4022153857.47902,0.46697525404315826,0.1863656398301956,19.63915840000118
61,60,80,Denmark,0.06,3262079169.879054,4022153857.47902,0.4654793336014632,0.18897205689599372,19.649719400000322
61,70,80,Denmark,0.06,3268971491.883165,4022153857.47902,0.46646282703812286,0.18725846705126542,19.69443870000032
61,80,80,Denmark,0.06,3265859683.8233504,4022153857.47902,0.4660187904999073,0.18803213413862166,19.60576409999703
61,90,80,Denmark,0.06,3270350675.210322,4022153857.47902,0.46665962831197516,0.1869155703406902,19.953305700000783
61,100,80,Denmark,0.06,3275035307.8291306,4022153857.47902,0.4673280975783577,0.18575086287677808,19.597451300000102
61,110,80,Denmark,0.06,3267318324.7753196,4022153857.47902,0.4662269299051541,0.1876694824341731,19.575580799999443
61,120,80,Denmark,0.06,3268886621.860765,4022153857.47902,0.46645071658972104,0.18727956769172008,19.601884299998346
61,130,80,Denmark,0.06,3277605344.472965,4022153857.47902,0.4676948265515075,0.18511189262976596,19.58451700000296
61,140,80,Denmark,0.06,3276965004.9043307,4022153857.47902,0.4676034538961659,0.1852710957809441,19.67134900000019
61,150,80,Denmark,0.06,3293593474.599203,4022153857.47902,0.4699762378138132,0.1811368755884588,19.830873599999904
61,160,80,Denmark,0.06,3294608673.716913,4022153857.47902,0.47012110070161434,0.18088447372774372,19.803975700000592
61,170,80,Denmark,0.06,3283324616.946822,4022153857.47902,0.46851093278350775,0.18368994989049886,19.5955455000003
58,0,81,France,0.07,2344273668.696658,2698141301.6346936,0.33038413505505637,0.1311523724586409,20.061238700000104
58,10,81,France,0.07,2340760942.282826,2698141301.6346936,0.32988907806004086,0.13245427848250405,20.152199900003325
58,20,81,France,0.07,2343808027.8415565,2698141301.6346936,0.33031851116770344,0.1313249508387352,22.44936240000243
58,30,81,France,0.07,2341425317.5460606,2698141301.6346936,0.32998271006624674,0.13220804406074413,21.297778999996808
58,40,81,France,0.07,2331219260.026938,2698141301.6346936,0.3285443457955547,0.13599066934910065,21.47978630000216
58,50,81,France,0.07,2328579009.89413,2698141301.6346936,0.3281722489844594,0.1369692134050432,20.134396800000104
58,60,81,France,0.07,2333479069.6739464,2698141301.6346936,0.3288628262125749,0.1351531262428003,20.19856410000284
58,70,81,France,0.07,2337905742.350105,2698141301.6346936,0.3294866878558691,0.13351248841798494,20.289098499997635
58,80,81,France,0.07,2348780241.165668,2698141301.6346936,0.33101925716862113,0.12948212173223175,20.547585500000423
58,90,81,France,0.07,2352613514.432949,2698141301.6346936,0.3315594896038318,0.1280614128668515,20.83576869999888
58,100,81,France,0.07,2350262509.292193,2698141301.6346936,0.33122815678620454,0.128932755349668,20.61471299999903
58,110,81,France,0.07,2351491529.7436686,2698141301.6346936,0.33140136559891603,0.12847724901620391,21.22311919999993
58,120,81,France,0.07,2354273189.6893716,2698141301.6346936,0.331793391635573,0.12744629487602685,20.37740059999851
58,130,81,France,0.07,2354731660.506267,2698141301.6346936,0.3318580050321702,0.12727637389501012,20.562016500000027
58,140,81,France,0.07,2355796116.254008,2698141301.6346936,0.33200802134477814,0.12688185943904154,20.528231199998118
58,150,81,France,0.07,2355554258.4928327,2698141301.6346936,0.33197393574790474,0.12697149809548575,20.636234199999308
58,160,81,France,0.07,2350996631.921853,2698141301.6346936,0.3313316184567694,0.12866067077455126,20.283057000000554
58,170,81,France,0.07,2346497356.47594,2698141301.6346936,0.33069752473024694,0.1303282170380427,20.387153699997725
56,0,83,Vietnam,0.07,1848721041.1361344,2190888400.068988,0.2542665237850215,0.15617744788921203,21.505702700000256
56,10,83,Vietnam,0.07,1889764654.313966,2190888400.068988,0.2599115165200481,0.13744367159255572,21.323748499999056
56,20,83,Vietnam,0.07,1895491968.1548564,2190888400.068988,0.26069923091748587,0.13482952025526712,21.170312599999306
56,30,83,Vietnam,0.07,1894680898.885494,2190888400.068988,0.26058767933177834,0.1351997213432536,21.317320699999982
56,40,83,Vietnam,0.07,1883084797.8691404,2190888400.068988,0.258992792797098,0.1404925975189586,21.520656799999415
56,50,83,Vietnam,0.07,1882774177.3144577,2190888400.068988,0.25895007114959256,0.14063437587456673,21.380849400000443
56,60,83,Vietnam,0.07,1885774077.0171764,2190888400.068988,0.25936266669653635,0.13926511411635747,21.56973189999917
56,70,83,Vietnam,0.07,1906147248.676832,2190888400.068988,0.26216472034395555,0.1299660682776858,21.55931630000123
56,80,83,Vietnam,0.07,1914794297.1513357,2190888400.068988,0.2633540046695461,0.1260192453933109,21.629802200000995
56,90,83,Vietnam,0.07,1912038545.1077614,2190888400.068988,0.2629749883242231,0.1272770694082117,21.392433699998946
56,100,83,Vietnam,0.07,1919519876.5334544,2190888400.068988,0.2640039440685281,0.12386232157100674,21.04230930000267
56,110,83,Vietnam,0.07,1924813912.3520536,2190888400.068988,0.2647320669461481,0.12144593385430126,21.158742700001312
56,120,83,Vietnam,0.07,1920632211.7073736,2190888400.068988,0.2641569306963984,0.12335461192505481,20.70779599999878
56,130,83,Vietnam,0.07,1906995414.4365594,2190888400.068988,0.26228137404915,0.12957893502174234,20.576542500002688
56,140,83,Vietnam,0.07,1839728691.2368276,2190888400.068988,0.25302974792826477,0.16028187872148245,20.777670799998305
56,150,83,Vietnam,0.07,1664919255.7176538,2190888400.068988,0.22898707923717523,0.24007117128137248,20.63732919999893
56,160,83,Vietnam,0.07,1558349599.6975515,2190888400.068988,0.21432986737326726,0.2887133823664951,20.556638800000655
56,170,83,Vietnam,0.07,1711636591.075114,2190888400.068988,0.23541241556295237,0.21874770480266495,20.545070100000885
55,0,88,United Kingdom,0.06,3209910338.279354,4015120596.853368,0.416395591827438,0.20054447659805122,22.716425399998116
55,10,88,United Kingdom,0.06,3210963225.472611,4015120596.853368,0.4165321743296766,0.20028224607026035,22.537583799999993
55,20,88,United Kingdom,0.06,3209427984.8730507,4015120596.853368,0.41633302003853395,0.20066461082432613,22.65293179999935
55,30,88,United Kingdom,0.06,3201974379.8443017,4015120596.853368,0.41536612440902626,0.20252099467356602,22.418203400000493
55,40,88,United Kingdom,0.06,3196733666.5929513,4015120596.853368,0.4146862892529254,0.20382623896821,22.159875699999247
55,50,88,United Kingdom,0.06,3189587831.8730493,4015120596.853368,0.4137593181653499,0.20560596999932826,22.241620999997394
55,60,88,United Kingdom,0.06,3159037661.9520974,4015120596.853368,0.4097962928020052,0.21321475015524535,22.538215799999307
55,70,88,United Kingdom,0.06,3168222561.7551847,4015120596.853368,0.41098777523806357,0.210927172589011,22.59385960000145
55,80,88,United Kingdom,0.06,3173455318.4240775,4015120596.853368,0.41166657825135916,0.20962390994903107,22.68915250000282
55,90,88,United Kingdom,0.06,3182637816.0051584,4015120596.853368,0.41285774906667166,0.20733693067665823,22.159255600003235
55,100,88,United Kingdom,0.06,3184886267.8104544,4015120596.853368,0.4131494224536185,0.20677693459408528,22.15340819999983
55,110,88,United Kingdom,0.06,3194667177.887178,4015120596.853368,0.41441822046066545,0.2043409155902255,22.25026440000147
55,120,88,United Kingdom,0.06,3206072309.9150934,4015120596.853368,0.41589771558674415,0.20150037026841036,23.1515382999969
55,130,88,United Kingdom,0.06,3201775407.960933,4015120596.853368,0.41534031340298533,0.2025705503166828,23.21397480000087
55,140,88,United Kingdom,0.06,3197019644.496821,4015120596.853368,0.41472338684319493,0.2037550137342547,22.46858880000218
55,150,88,United Kingdom,0.06,3194499014.2507973,4015120596.853368,0.4143964059582292,0.20438279817689362,22.091796500000783
55,160,88,United Kingdom,0.06,3190579428.0079284,4015120596.853368,0.41388794987649546,0.20535900453192582,22.12483179999981
55,170,88,United Kingdom,0.06,3195350768.1132393,4015120596.853368,0.41450689706740856,0.2041706616191251,22.2642205000011
54,0,89,Netherlands,0.06,3017967579.4584327,3938899765.8672514,0.38709758086532664,0.23380442284650305,22.83656989999872
54,10,89,Netherlands,0.06,3031790750.681097,3938899765.8672514,0.38887060062094003,0.23029502376444216,22.35465159999876
54,20,89,Netherlands,0.06,3027077174.8333616,3938899765.8672514,0.388266016986476,0.2314916969797855,22.798616399999446
54,30,89,Netherlands,0.06,3029607477.546275,3938899765.8672514,0.3885905645613713,0.23084930878426957,22.418439499997476
54,40,89,Netherlands,0.06,3031443934.0172577,3938899765.8672514,0.3888261164149168,0.23038307288588586,22.738060399999085
54,50,89,Netherlands,0.06,3017895858.686523,3938899765.8672514,0.38708838164877674,0.2338226311727294,22.449640799997724
54,60,89,Netherlands,0.06,3016537343.4241333,3938899765.8672514,0.3869141326027568,0.23416752831232202,22.73133609999786
54,70,89,Netherlands,0.06,3029792616.5733347,3938899765.8672514,0.38861431129410173,0.2308023060581114,22.432015700000193
54,80,89,Netherlands,0.06,3023999818.5730095,3938899765.8672514,0.387871301956417,0.23227297003654593,22.535683999998582
54,90,89,Netherlands,0.06,3012157483.4743257,3938899765.8672514,0.38635235281339153,0.23527947840248717,22.428519200002484
54,100,89,Netherlands,0.06,3022972898.073619,3938899765.8672514,0.38773958468955144,0.23253368256045667,22.606081599999015
54,110,89,Netherlands,0.06,3008426405.189751,3938899765.8672514,0.3858737885677686,0.236226717100183,22.64917119999882
54,120,89,Netherlands,0.06,3012705397.1623282,3938899765.8672514,0.3864226305939059,0.2351403751704754,22.4385414999997
54,130,89,Netherlands,0.06,3036393292.2056856,3938899765.8672514,0.38946094251265784,0.22912653972113847,22.405725699998584
54,140,89,Netherlands,0.06,3021642672.190923,3938899765.8672514,0.38756896416178277,0.23287139764887368,22.41648730000088
54,150,89,Netherlands,0.06,3021428859.0977263,3938899765.8672514,0.3875415395692533,0.23292568008963282,22.637513099998614
54,160,89,Netherlands,0.06,3034131628.1233435,3938899765.8672514,0.38917085169095267,0.22970072647804474,22.40480799999932
54,170,89,Netherlands,0.06,3018575327.2924576,3938899765.8672514,0.38717553323231974,0.2336501290410878,22.611920499999542
52,0,90,China,0.1,4338411733.037512,4767791378.489225,0.5502805343781725,0.09005839630251848,23.124798600001668
52,10,90,China,0.1,4312091562.230647,4767791378.489225,0.5469421058131212,0.09557880789720634,23.032268299997668
52,20,90,China,0.1,4262752263.5069366,4767791378.489225,0.5406839502165064,0.10592726797167897,22.863616799997544
52,30,90,China,0.1,4231123563.098927,4767791378.489225,0.5366721921738873,0.1125610943909112,23.04597940000167
52,40,90,China,0.1,4226053862.150212,4767791378.489225,0.5360291555238726,0.11362441712176477,22.993775500002812
52,50,90,China,0.1,4217471705.3412404,4767791378.489225,0.5349406018951345,0.11542444487627,22.781944999998814
52,60,90,China,0.1,4125664173.80124,4767791378.489225,0.5232958109844292,0.13468022270963056,22.74936819999857
52,70,90,China,0.1,3942305554.6389318,4767791378.489225,0.5000387562961608,0.1731379916442288,22.77891290000116
52,80,90,China,0.1,3724722463.1667976,4767791378.489225,0.4724406980170976,0.21877402606758897,22.945145599998796
52,90,90,China,0.1,3591266013.8122025,4767791378.489225,0.4555131930253935,0.24676527794087955,22.969016700000793
52,100,90,China,0.1,3615570238.655678,4767791378.489225,0.4585959206818465,0.24166769230549953,23.16813120000006
52,110,90,China,0.1,3778113690.062113,4767791378.489225,0.4792127968115313,0.2075757116580702,22.885288800000126
52,120,90,China,0.1,3964113465.316968,4767791378.489225,0.5028048535409649,0.16856398474106885,22.833998499998415
52,130,90,China,0.1,4120569440.55399,4767791378.489225,0.522649599258497,0.13574879573282028,22.998883399999613
52,140,90,China,0.1,4232158021.646607,4767791378.489225,0.5368034020353383,0.11234412630955869,22.879375399999844
52,150,90,China,0.1,4269368585.6762195,4767791378.489225,0.5415231590152485,0.10453955579133196,23.46217969999998
52,160,90,China,0.1,4291398785.735946,4767791378.489225,0.5443174512602671,0.09991892575304631,22.85117569999784
52,170,90,China,0.1,4326758353.468833,4767791378.489225,0.5488024294100499,0.09250258453215773,22.8009318000004
53,0,90,United Kingdom,0.06,3754220531.3450427,4070276390.5483284,0.47618220844051784,0.07764972912827381,23.07886160000271
53,10,90,United Kingdom,0.06,3754492775.836146,4070276390.5483284,0.47621673970524425,0.07758284313209542,23.200792899999215
53,20,90,United Kingdom,0.06,3755539349.0931997,4070276390.5483284,0.4763494861863521,0.07732571728691102,23.139817100000073
53,30,90,United Kingdom,0.06,3753595679.262433,4070276390.5483284,0.47610295272227715,0.07780324501335242,22.859732699998858
53,40,90,United Kingdom,0.06,3748734656.2204485,4070276390.5483284,0.4754863846043187,0.07899751846693716,22.85219710000092
53,50,90,United Kingdom,0.06,3745202067.165836,4070276390.5483284,0.47503831394797513,0.07986541752726037,22.887144600001193
53,60,90,United Kingdom,0.06,3743963275.97247,4070276390.5483284,0.4748811867037633,0.08016976815962594,22.99693809999735
53,70,90,United Kingdom,0.06,3732954768.5000277,4070276390.5483284,0.47348487677575185,0.08287437748247321,23.11915819999922
53,80,90,United Kingdom,0.06,3732102656.9818,4070276390.5483284,0.473376795659792,0.08308372727508344,22.91180440000244
53,90,90,United Kingdom,0.06,3736631752.043924,4070276390.5483284,0.47395126230897056,0.08197100306975899,22.888104999998177
53,100,90,United Kingdom,0.06,3731006856.8543563,4070276390.5483284,0.47323780528340387,0.08335294735310772,22.876676600000792
53,110,90,United Kingdom,0.06,3731568287.8406677,4070276390.5483284,0.4733090167225606,0.08321501298884312,23.072622199997568
53,120,90,United Kingdom,0.06,3742884924.0636096,4070276390.5483284,0.47474440944490226,0.08043470149716643,22.78035430000091
53,130,90,United Kingdom,0.06,3743113792.2538886,4070276390.5483284,0.4747734388957241,0.08037847234506008,22.995946999999433
53,140,90,United Kingdom,0.06,3744219045.5464606,4070276390.5483284,0.4749136283037114,0.08010692977975947,22.792159900000115
53,150,90,United Kingdom,0.06,3751747248.430748,4070276390.5483284,0.4758684992936007,0.07825737408330388,22.80832360000204
53,160,90,United Kingdom,0.06,3754529248.6245065,4070276390.5483284,0.4762213658833722,0.07757388236755243,22.85042220000105
53,170,90,United Kingdom,0.06,3755392957.023436,4070276390.5483284,0.47633091793803095,0.07736168341198882,22.993211500001053
51,0,91,United Kingdom,0.06,3503157309.8957353,4075390482.518766,0.43945472802144303,0.14041186361837063,23.323265700000775
51,10,91,United Kingdom,0.06,3502681159.4758124,4075390482.518766,0.43939499717444586,0.14052869915154598,23.117240800002037
51,20,91,United Kingdom,0.06,3500155984.3776946,4075390482.518766,0.43907822574861943,0.14114831464825717,23.100995700002386
51,30,91,United Kingdom,0.06,3498986021.4506063,4075390482.518766,0.4389314593620611,0.14143539460589724,23.17871070000183
51,40,91,United Kingdom,0.06,3494529136.499599,4075390482.518766,0.4383723639544883,0.14252900391036144,23.393364700001257
51,50,91,United Kingdom,0.06,3490900055.455712,4075390482.518766,0.437917112681985,0.14341949061573456,23.354473600000347
51,60,91,United Kingdom,0.06,3490818814.6902847,4075390482.518766,0.43790692140728144,0.1434394250896888,23.12830319999921
51,70,91,United Kingdom,0.06,3483540302.5885234,4075390482.518766,0.436993866048036,0.14522539189041186,23.1161417000003
51,80,91,United Kingdom,0.06,3480419042.134088,4075390482.518766,0.43660231849742687,0.1459912719865214,23.137976299996808
51,90,91,United Kingdom,0.06,3482974953.4205456,4075390482.518766,0.4369229456345709,0.14536411458959933,23.474383200002194
51,100,91,United Kingdom,0.06,3480221213.527993,4075390482.518766,0.4365775018224689,0.1460398142322138,23.371052100003
51,110,91,United Kingdom,0.06,3482104569.353726,4075390482.518766,0.43681376001727706,0.14557768530645532,23.368431200000487
51,120,91,United Kingdom,0.06,3487874613.470054,4075390482.518766,0.43753758511090046,0.14416185923013733,23.16225570000097
51,130,91,United Kingdom,0.06,3486841805.5202613,4075390482.518766,0.43740802417585695,0.144415284749538,23.125941899997997
51,140,91,United Kingdom,0.06,3484174059.5381474,4075390482.518766,0.4370733678983074,0.14506988361400436,23.290220099999715
51,150,91,United Kingdom,0.06,3492050524.509058,4075390482.518766,0.43806143365310074,0.14313719397243593,23.35197479999988
51,160,91,United Kingdom,0.06,3493562370.510088,4075390482.518766,0.43825108767500726,0.14276622436657488,23.344793400003255
51,170,91,United Kingdom,0.06,3496276846.3809032,4075390482.518766,0.438591605998909,0.14210015914351,23.173403400000097
50,0,100,China,0.08,2808468791.508863,3207037683.317323,0.32060146021790675,0.12427945386540801,26.40217019999909
50,10,100,China,0.08,2805312088.7572603,3207037683.317323,0.3202411060225183,0.1252637587172105,26.441925499999343
50,20,100,China,0.08,2797608791.2610207,3207037683.317323,0.31936173416221697,0.12766575652855877,26.17683290000059
50,30,100,China,0.08,2787896471.391528,3207037683.317323,0.318253021848348,0.13069419611316827,26.333084300000337
50,40,100,China,0.08,2781369210.9720817,3207037683.317323,0.31750790079589974,0.1327294888237593,26.166603400000895
50,50,100,China,0.08,2769226843.5109334,3207037683.317323,0.31612178578891936,0.1365156518377805,26.062995400003274
50,60,100,China,0.08,2744670694.454684,3207037683.317323,0.31331857242633376,0.14417260865621395,26.343426100000215
50,70,100,China,0.08,2746989522.0261765,3207037683.317323,0.31358327877011144,0.14344956521224228,26.84188450000147
50,80,100,China,0.08,2754519059.516518,3207037683.317323,0.3144428150133012,0.141101748244107,26.139951799999835
50,90,100,China,0.08,2735778442.9618382,3207037683.317323,0.31230347522395413,0.14694533924778203,26.208091699998477
50,100,100,China,0.08,2709054800.7495227,3207037683.317323,0.3092528311357903,0.15527815128529848,26.11396340000283
50,110,100,China,0.08,2671962810.372141,3207037683.317323,0.3050185856589202,0.1668439618681708,26.29250999999931
50,120,100,China,0.08,2608669769.1308546,3207037683.317323,0.2977933526405085,0.18657963306733696,26.280528100000083
50,130,100,China,0.08,2623500797.773307,3207037683.317323,0.29948639243987524,0.18195510722543567,26.209085499998764
50,140,100,China,0.08,2685989203.0652466,3207037683.317323,0.3066197720394117,0.16247033296880692,26.022313500001474
50,150,100,China,0.08,2749801210.9684024,3207037683.317323,0.3139042478274432,0.1425728405772771,27.044654700002866
50,160,100,China,0.08,2781902154.5517616,3207037683.317323,0.3175687391040824,0.13256330942946895,26.147855499999423
50,170,100,China,0.08,2794760844.0081716,3207037683.317323,0.3190366260283301,0.12855378702089248,26.238480100000743
49,0,101,France,0.06,3083258308.0960197,4351638137.835662,0.34848527375740534,0.29147180660809396,26.73325929999919
49,10,101,France,0.06,3089159241.429146,4351638137.835662,0.3491522267540515,0.29011578086647266,26.30915819999791
49,20,101,France,0.06,3112118372.204431,4351638137.835662,0.35174718253587767,0.284839806613084,26.531783300000825
49,30,101,France,0.06,3085756238.8366914,4351638137.835662,0.34876760238219306,0.2908977858229204,26.473662100001093
49,40,101,France,0.06,3059971959.829009,4351638137.835662,0.3458533342182071,0.29682297495652477,26.391572600001382
49,50,101,France,0.06,3056746736.7976727,4351638137.835662,0.345488803381445,0.29756412643309044,26.297269999999116
49,60,101,France,0.06,3059111205.160698,4351638137.835662,0.34575604742084837,0.2970207751046638,26.285617499997898
49,70,101,France,0.06,3025596298.3717446,4351638137.835662,0.34196802504314666,0.3047224510545906,26.464080300000205
49,80,101,France,0.06,2994154816.557357,4351638137.835662,0.3384143515255388,0.31194765701577043,26.514320099999168
49,90,101,France,0.06,2976044371.3971562,4351638137.835662,0.3363674184408378,0.3161094104949345,26.26511759999994
49,100,101,France,0.06,2931233797.02982,4351638137.835662,0.3313027032223224,0.3264068141273108,26.28735400000005
49,110,101,France,0.06,2918925617.0201917,4351638137.835662,0.3299115711628229,0.3292352156670928,26.502218500001618
49,120,101,France,0.06,2992643116.147943,4351638137.835662,0.3382434915850562,0.31229504353126913,26.296153300001606
49,130,101,France,0.06,3064748042.4879203,4351638137.835662,0.3463931509661287,0.29572543823411557,26.489883800000825
49,140,101,France,0.06,3092615329.425774,4351638137.835662,0.34954285110377664,0.28932157696275673,26.254425499999343
49,150,101,France,0.06,3095434793.055036,4351638137.835662,0.34986152098366063,0.28867366839592346,26.325514600001043
49,160,101,France,0.06,3117968071.7265196,4351638137.835662,0.35240834483097333,0.2834955543253701,26.461146699999517
49,170,101,France,0.06,3099680985.2692666,4351638137.835662,0.35034144686347335,0.2876978997130195,26.42417249999926
41,0,102,China,0.09,3851869792.5892034,4238310422.367512,0.43108937601723557,0.09117799105485148,27.11187340000106
41,10,102,China,0.09,3773100742.2000537,4238310422.367512,0.42227378706688756,0.10976300313264767,26.99142750000101
41,20,102,China,0.09,3527150560.132838,4238310422.367512,0.39474780196669773,0.1677932457428217,27.163699599997926
41,30,102,China,0.09,3180408769.5178733,4238310422.367512,0.35594153119324395,0.24960457055401267,26.865744499998982
41,40,102,China,0.09,3377775141.8525105,4238310422.367512,0.37803016629202596,0.20303734147776473,27.11557560000074
41,50,102,China,0.09,3673111117.473759,4238310422.367512,0.4110832569471035,0.13335486280356826,27.054412599998614
41,60,102,China,0.09,3765628475.2969356,4238310422.367512,0.42143751402284624,0.11152603277381873,26.823939100002463
41,70,102,China,0.09,3823119979.8704896,4238310422.367512,0.4278717857317676,0.09796131031504247,27.52835150000101
41,80,102,China,0.09,3861117865.414437,4238310422.367512,0.43212439177796097,0.08899597230123987,27.483366799999203
41,90,102,China,0.09,3867794670.8083005,4238310422.367512,0.4328716392255686,0.08742062629575922,27.259844399999565
41,100,102,China,0.09,3856368849.734674,4238310422.367512,0.4315928966038448,0.0901164696708285,26.971656199999416
41,110,102,China,0.09,3830405834.9942646,4238310422.367512,0.4286871961449396,0.09624226324257601,27.080871000001935
41,120,102,China,0.09,3816772488.8145056,4238310422.367512,0.42716139412822385,0.09945895688252498,27.05625599999985
41,130,102,China,0.09,3810215971.2832317,4238310422.367512,0.42642760892685466,0.1010059217996467,27.128971999998612
41,140,102,China,0.09,3829504540.5642934,4238310422.367512,0.42858632605473784,0.09645491742316993,26.912527299999056
41,150,102,China,0.09,3826242791.070293,4238310422.367512,0.42822128112076874,0.09722450463339094,27.115600599998288
41,160,102,China,0.09,3825119323.1049438,4238310422.367512,0.42809554605436295,0.09748957912142751,27.232777299999725
41,170,102,China,0.09,3844542426.534919,4238310422.367512,0.43026931982886996,0.09290683234396865,26.93608519999907
48,0,102,United Kingdom,0.06,4213968426.9570546,4700808164.824426,0.4716143373351525,0.10356511493286058,26.999349699999584
48,10,102,United Kingdom,0.06,4210151451.3559017,4700808164.824426,0.4711871532093184,0.10437709778077062,27.12057629999981
48,20,102,United Kingdom,0.06,4227233138.5981703,4700808164.824426,0.47309888291232094,0.1007433210676325,27.03296269999919
48,30,102,United Kingdom,0.06,4232642845.182235,4700808164.824426,0.47370432057281703,0.09959251754739003,27.235255999999936
48,40,102,United Kingdom,0.06,4233393731.4169564,4700808164.824426,0.4737883574421341,0.09943278198524978,27.082914800001163
48,50,102,United Kingdom,0.06,4235869237.3545966,4700808164.824426,0.47406540842450046,0.09890616914532066,27.04155090000131
48,60,102,United Kingdom,0.06,4244256721.433514,4700808164.824426,0.47500410974947554,0.0971219048688756,27.187589900000603
48,70,102,United Kingdom,0.06,4232754616.187581,4700808164.824426,0.47371682963868533,0.09956874057087295,27.29345490000196
48,80,102,United Kingdom,0.06,4224345511.593307,4700808164.824426,0.47277570861237656,0.10135760416611565,27.28017650000038
48,90,102,United Kingdom,0.06,4199465592.660826,4700808164.824426,0.4699912248926522,0.10665029386118856,27.389025600001332
48,100,102,United Kingdom,0.06,4204241076.428739,4700808164.824426,0.47052568229348407,0.10563440816654412,27.284921700000268
48,110,102,United Kingdom,0.06,4165660590.6228952,4700808164.824426,0.4662078734245339,0.11384161093957726,27.400426799998968
48,120,102,United Kingdom,0.06,4136310782.4207892,4700808164.824426,0.46292313349682035,0.12008517740155863,27.38225439999951
48,130,102,United Kingdom,0.06,4132222019.34427,4700808164.824426,0.46246553175578275,0.12095497743022493,27.60881739999968
48,140,102,United Kingdom,0.06,4159792092.5140615,4700808164.824426,0.4655510892329284,0.11509001289580834,27.194297900001402
48,150,102,United Kingdom,0.06,4185798139.6390953,4700808164.824426,0.46846160574347473,0.10955776265006677,27.215936199998396
48,160,102,United Kingdom,0.06,4212165721.209169,4700808164.824426,0.4714125840730111,0.10394860340647563,27.407518199997867
48,170,102,United Kingdom,0.06,4213215006.060456,4700808164.824426,0.47153001679430295,0.103725389692047,27.287589599996863
47,0,104,China,0.09,3300333830.6097684,3682815159.538651,0.36226003585021166,0.10385569526568265,28.008311699999467
47,10,104,China,0.09,3316871456.859459,3682815159.538651,0.36407528284811413,0.09936521026079248,28.058962099999917
47,20,104,China,0.09,3330500754.074874,3682815159.538651,0.3655712980851416,0.09566442794482027,29.289161400000012
47,30,104,China,0.09,3339193693.4635606,3682815159.538651,0.3665254756611741,0.09330402183913464,31.245445800002926
47,40,104,China,0.09,3351660173.0815096,3682815159.538651,0.3678938546146722,0.08991898102717309,32.66980160000094
47,50,104,China,0.09,3360942645.546772,3682815159.538651,0.3689127420911016,0.08739849817284889,30.137179900000774
47,60,104,China,0.09,3369291582.231549,3682815159.538651,0.369829160325732,0.08513149960704994,30.203875699997297
47,70,104,China,0.09,3373818347.949067,3682815159.538651,0.3703260392462534,0.08390234052047622,30.23026850000315
47,80,104,China,0.09,3343373358.0622344,3682815159.538651,0.36698425514381744,0.09216911160942944,35.23562089999905
47,90,104,China,0.09,3211167760.3662577,3682815159.538651,0.352472752059872,0.12806708421159996,30.76068949999899
47,100,104,China,0.09,2954493124.1041203,3682815159.538651,0.3242989467097076,0.19776231059225036,30.49577270000009
47,110,104,China,0.09,2942746747.4152856,3682815159.538651,0.32300960961267183,0.20095182083916324,30.185031400000298
47,120,104,China,0.09,3197751951.6632185,3682815159.538651,0.3510001703177927,0.1317098976903844,30.13467060000039
47,130,104,China,0.09,3296165187.7015834,3682815159.538651,0.3618024661597277,0.10498761276020802,30.225531500000216
47,140,104,China,0.09,3289566954.8895173,3682815159.538651,0.3610782133484279,0.10677924023164828,30.38008709999849
47,150,104,China,0.09,3264971296.5655003,3682815159.538651,0.3583784791628798,0.11345773406273649,30.558147399999143
47,160,104,China,0.09,3254584752.849112,3682815159.538651,0.35723840367592113,0.11627800694270621,31.737222399999155
47,170,104,China,0.09,3277008988.386157,3682815159.538651,0.35969979236764105,0.11018912260677498,29.979828700001235
46,0,105,China,0.1,5757436221.218748,6041116171.670232,0.6259443597759021,0.04695820149623983,30.84619020000173
46,10,105,China,0.1,5767994030.80373,6041116171.670232,0.6270921973041672,0.04521054273832806,30.521867999999813
46,20,105,China,0.1,5754568197.758175,6041116171.670232,0.6256325503107387,0.04743295208521588,30.42607710000084
46,30,105,China,0.1,5716556436.838596,6041116171.670232,0.6214999387734939,0.05372512721302329,30.74074809999729
46,40,105,China,0.1,5650123192.054082,6041116171.670232,0.6142773637806134,0.06472197661910699,36.43003680000038
46,50,105,China,0.1,5585723426.371382,6041116171.670232,0.6072758671854079,0.075382219503477,43.22366450000118
46,60,105,China,0.1,5527486692.800863,6041116171.670232,0.6009444110459734,0.08502228135887041,44.63307630000054
46,70,105,China,0.1,5523771423.3351345,6041116171.670232,0.600540489599384,0.08563727854815664,46.171858099998644
46,80,105,China,0.1,5641054977.325961,6041116171.670232,0.6132914739428095,0.06622305927840862,43.50964770000064
46,90,105,China,0.1,5758892791.372498,6041116171.670232,0.6261027170441942,0.04671709205348817,45.232503699997324
46,100,105,China,0.1,5780082844.182592,6041116171.670232,0.6284064844729933,0.043209453364223195,43.70394909999959
46,110,105,China,0.1,5713859759.658213,6041116171.670232,0.6212067579537087,0.05417151445401524,40.873594000000594
46,120,105,China,0.1,5589472276.91026,6041116171.670232,0.6076834395423201,0.07476166356110683,41.27609949999896
46,130,105,China,0.1,5463636400.876421,6041116171.670232,0.5940026528458818,0.095591568575009,41.62766829999964
46,140,105,China,0.1,5398004474.35711,6041116171.670232,0.5868671966032953,0.10645577390631705,41.470364199998585
46,150,105,China,0.1,5453373598.925927,6041116171.670232,0.5928868883372393,0.0972903940335594,42.91496659999757
46,160,105,China,0.1,5604213813.700375,6041116171.670232,0.6092861289084991,0.07232146271556696,42.98855899999762
46,170,105,China,0.1,5710482651.035971,6041116171.670232,0.6208396011128474,0.05473053509296254,42.41026449999845
45,0,106,China,0.1,5340313174.726511,5986353365.723085,0.5751177279579683,0.10791881994399104,41.480578399998194
45,10,106,China,0.1,5319934999.618749,5986353365.723085,0.5729231282435975,0.11132292489116047,40.50753120000081
45,20,106,China,0.1,5287571878.991127,5986353365.723085,0.5694378262030593,0.11672907428637122,43.21166860000085
45,30,106,China,0.1,5259460059.341777,5986353365.723085,0.5664103622104955,0.12142505829064233,45.49605539999902
45,40,106,China,0.1,5221481006.414704,5986353365.723085,0.5623202600170915,0.1277693301046877,45.20716589999938
45,50,106,China,0.1,5173834152.255059,5986353365.723085,0.5571889971843563,0.13572857528263918,44.844309899999644
45,60,106,China,0.1,5112175210.794209,5986353365.723085,0.5505487217621057,0.14602849205900256,45.340576200000214
45,70,106,China,0.1,5016290707.682068,5986353365.723085,0.5402225712589459,0.1620456726787034,44.48226810000051
45,80,106,China,0.1,4865707466.021126,5986353365.723085,0.5240057148726119,0.18720009181526123,44.61377970000103
45,90,106,China,0.1,4703216450.416117,5986353365.723085,0.5065064670474839,0.21434366415020004,44.96278600000005
45,100,106,China,0.1,4647132714.780924,5986353365.723085,0.5004666057961709,0.22371226172686826,44.66035570000167
45,110,106,China,0.1,4744053197.057787,5986353365.723085,0.5109043246594498,0.20752202430590103,44.399604099999124
45,120,106,China,0.1,4913523258.4643955,5986353365.723085,0.5291551712828891,0.17921262607074714,44.935729299999366
45,130,106,China,0.1,5070910818.019527,5986353365.723085,0.5461048093843723,0.15292156873752852,44.67990160000045
45,140,106,China,0.1,5176747788.997251,5986353365.723085,0.5575027773108092,0.13524186215960932,44.976752299997315
45,150,106,China,0.1,5238136887.330507,5986353365.723085,0.5641139923462681,0.12498702176131928,44.677263599998696
45,160,106,China,0.1,5291610987.01989,5986353365.723085,0.5698728124213718,0.11605435500703663,44.525813799999014
45,170,106,China,0.1,5327001491.638872,5986353365.723085,0.5736841444428871,0.11014249139710963,44.66473920000135
44,0,108,China,0.07,3040376723.7483416,3480118067.2602973,0.32136571154113197,0.12635816803139083,45.94391910000195
44,10,108,China,0.07,3040040779.907734,3480118067.2602973,0.321330202510119,0.12645470034268455,46.04308400000082
44,20,108,China,0.07,3033212131.31303,3480118067.2602973,0.320608419088558,0.12841688911407872,45.958077300001605
44,30,108,China,0.07,3019790606.1738806,3480118067.2602973,0.31918977318766706,0.13227351836623372,46.1513148999984
44,40,108,China,0.07,3011131658.869848,3480118067.2602973,0.3182745284616362,0.1347616371991817,47.81248559999949
44,50,108,China,0.07,3012197007.549989,3480118067.2602973,0.31838713507842775,0.13445551290697336,45.80976179999925
44,60,108,China,0.07,3016449448.559366,3480118067.2602973,0.31883661514452966,0.13323358855636513,45.8082751999973
44,70,108,China,0.07,3015685209.8456645,3480118067.2602973,0.31875583564240495,0.13345318993164357,45.98467560000063
44,80,108,China,0.07,2999026824.404941,3480118067.2602973,0.31699505585203586,0.1382399198984914,46.08881409999958
44,90,108,China,0.07,2963234550.943597,3480118067.2602973,0.31321183736508507,0.14852470701478643,47.04618219999975
44,100,108,China,0.07,2932424819.3847423,3480118067.2602973,0.3099552701023954,0.15737777779094816,46.20922509999946
44,110,108,China,0.07,2927490052.1891637,3480118067.2602973,0.3094336686315284,0.15879576623277808,45.652100000002974
44,120,108,China,0.07,2938518639.680225,3480118067.2602973,0.3105993826822494,0.15562673941302324,45.964940099998785
44,130,108,China,0.07,2951886398.865615,3480118067.2602973,0.3120123455591086,0.15178555962342097,44.9145752000004
44,140,108,China,0.07,2972149252.5283146,3480118067.2602973,0.3141541151412475,0.14596309806577287,39.49539789999835
44,150,108,China,0.07,3000199419.0977125,3480118067.2602973,0.3171189982979994,0.13790297883209404,37.51810509999996
44,160,108,China,0.07,3022324322.8325963,3480118067.2602973,0.319457585281646,0.13154546356758995,47.36417589999837
44,170,108,China,0.07,3035488343.5347557,3480118067.2602973,0.32084901314209746,0.12776282733291683,58.981416899998294
44,0,108,China,0.07,3040376723.7483416,3480118067.2602973,0.32136571154113197,0.12635816803139083,58.84994970000116
44,10,108,China,0.07,3040040779.907734,3480118067.2602973,0.321330202510119,0.12645470034268455,58.82683460000044
44,20,108,China,0.07,3033212131.31303,3480118067.2602973,0.320608419088558,0.12841688911407872,59.94257290000314
44,30,108,China,0.07,3019790606.1738806,3480118067.2602973,0.31918977318766706,0.13227351836623372,58.816614400002436
44,40,108,China,0.07,3011131658.869848,3480118067.2602973,0.3182745284616362,0.1347616371991817,58.83491760000106
44,50,108,China,0.07,3012197007.549989,3480118067.2602973,0.31838713507842775,0.13445551290697336,57.81732670000201
44,60,108,China,0.07,3016449448.559366,3480118067.2602973,0.31883661514452966,0.13323358855636513,58.66424740000002
44,70,108,China,0.07,3015685209.8456645,3480118067.2602973,0.31875583564240495,0.13345318993164357,58.317230599997856
44,80,108,China,0.07,2999026824.404941,3480118067.2602973,0.31699505585203586,0.1382399198984914,59.02067779999925
44,90,108,China,0.07,2963234550.943597,3480118067.2602973,0.31321183736508507,0.14852470701478643,52.18204100000003
44,100,108,China,0.07,2932424819.3847423,3480118067.2602973,0.3099552701023954,0.15737777779094816,49.73346760000277
44,110,108,China,0.07,2927490052.1891637,3480118067.2602973,0.3094336686315284,0.15879576623277808,62.6322837000007
44,120,108,China,0.07,2938518639.680225,3480118067.2602973,0.3105993826822494,0.15562673941302324,66.52360319999934
44,130,108,China,0.07,2951886398.865615,3480118067.2602973,0.3120123455591086,0.15178555962342097,63.53494140000112
44,140,108,China,0.07,2972149252.5283146,3480118067.2602973,0.3141541151412475,0.14596309806577287,58.874056499997096
44,150,108,China,0.07,3000199419.0977125,3480118067.2602973,0.3171189982979994,0.13790297883209404,60.193704699999216
44,160,108,China,0.07,3022324322.8325963,3480118067.2602973,0.319457585281646,0.13154546356758995,60.473496700000396
44,170,108,China,0.07,3035488343.5347557,3480118067.2602973,0.32084901314209746,0.12776282733291683,60.42414680000002
33,0,109,China,0.07,3065291050.558519,3378747110.407148,0.3210266694481294,0.09277286805015032,61.79649669999708
33,10,109,China,0.07,3069739485.1268873,3378747110.407148,0.32149255216862377,0.09145627511702832,59.73237979999976
33,20,109,China,0.07,3068953063.2908387,3378747110.407148,0.3214101905335804,0.09168903057647844,59.91865660000258
33,30,109,China,0.07,3068156129.7153616,3378747110.407148,0.3213267280083953,0.09192489717123555,58.915774600001896
33,40,109,China,0.07,3065029870.130883,3378747110.407148,0.3209993161294964,0.09285016901974084,59.34044340000037
33,50,109,China,0.07,3049063005.118593,3378747110.407148,0.3193271129318622,0.09757584528095294,59.67460299999948
33,60,109,China,0.07,3028692246.815025,3378747110.407148,0.3171936918033414,0.10360493169609859,59.67691500000001
33,70,109,China,0.07,2987052906.308196,3378747110.407148,0.31283282081900593,0.11592883139802423,54.67811590000201
33,80,109,China,0.07,2913005043.7597938,3378747110.407148,0.3050778186669802,0.1378446067220553,52.161705299997266
33,90,109,China,0.07,2909298121.5789313,3378747110.407148,0.30468959423347697,0.13894173594177242,57.96503080000184
33,100,109,China,0.07,2979358439.706035,3378747110.407148,0.31202698250031785,0.11820614495560319,67.844132299997
33,110,109,China,0.07,3017482491.4856706,3378747110.407148,0.31601969874383884,0.1069226571615015,66.71390800000154
33,120,109,China,0.07,3023423381.3292184,3378747110.407148,0.3166418856907145,0.10516434567815644,60.458217100000184
33,130,109,China,0.07,2996256178.7990355,3378747110.407148,0.3137966757570939,0.11320496003680523,59.91697900000145
33,140,109,China,0.07,2941758316.914866,3378747110.407148,0.30808913712400676,0.129334566693754,61.9866746000007
33,150,109,China,0.07,2964236688.2650957,3378747110.407148,0.31044328769899626,0.12268169489965249,61.43697369999791
33,160,109,China,0.07,3022289424.992977,3378747110.407148,0.3165231269105795,0.10549996012315248,59.76228329999867
33,170,109,China,0.07,3051019451.8437138,3378747110.407148,0.3195320107917257,0.09699680025000217,59.022935099997994
33,0,109,China,0.07,3065291050.558519,3378747110.407148,0.3210266694481294,0.09277286805015032,58.299355499999365
33,10,109,China,0.07,3069739485.1268873,3378747110.407148,0.32149255216862377,0.09145627511702832,61.025176700000884
33,20,109,China,0.07,3068953063.2908387,3378747110.407148,0.3214101905335804,0.09168903057647844,67.395579
33,30,109,China,0.07,3068156129.7153616,3378747110.407148,0.3213267280083953,0.09192489717123555,66.59943560000102
33,40,109,China,0.07,3065029870.130883,3378747110.407148,0.3209993161294964,0.09285016901974084,58.245555699999386
33,50,109,China,0.07,3049063005.118593,3378747110.407148,0.3193271129318622,0.09757584528095294,56.01862709999841
33,60,109,China,0.07,3028692246.815025,3378747110.407148,0.3171936918033414,0.10360493169609859,55.163838000000396
33,70,109,China,0.07,2987052906.308196,3378747110.407148,0.31283282081900593,0.11592883139802423,55.44675289999941
33,80,109,China,0.07,2913005043.7597938,3378747110.407148,0.3050778186669802,0.1378446067220553,55.66329279999991
33,90,109,China,0.07,2909298121.5789313,3378747110.407148,0.30468959423347697,0.13894173594177242,56.103048100001615
33,100,109,China,0.07,2979358439.706035,3378747110.407148,0.31202698250031785,0.11820614495560319,55.61945769999875
33,110,109,China,0.07,3017482491.4856706,3378747110.407148,0.31601969874383884,0.1069226571615015,56.38641469999857
33,120,109,China,0.07,3023423381.3292184,3378747110.407148,0.3166418856907145,0.10516434567815644,54.78333139999813
33,130,109,China,0.07,2996256178.7990355,3378747110.407148,0.3137966757570939,0.11320496003680523,56.351194300001225
33,140,109,China,0.07,2941758316.914866,3378747110.407148,0.30808913712400676,0.129334566693754,54.086670999997295
33,150,109,China,0.07,2964236688.2650957,3378747110.407148,0.31044328769899626,0.12268169489965249,55.17376729999887
33,160,109,China,0.07,3022289424.992977,3378747110.407148,0.3165231269105795,0.10549996012315248,55.8967874000009
33,170,109,China,0.07,3051019451.8437138,3378747110.407148,0.3195320107917257,0.09699680025000217,50.38852389999738
42,0,111,Taiwan,0.1,5414416818.305044,5549830948.259708,0.5568325330438361,0.02439968554305727,69.05052779999824
42,10,111,Taiwan,0.1,5421573874.685363,5549830948.259708,0.5575685831055743,0.023110086553999248,68.34976480000114
42,20,111,Taiwan,0.1,5427369209.097332,5549830948.259708,0.558164590182374,0.02206585034824843,61.72965109999859
42,30,111,Taiwan,0.1,5420785740.2789135,5549830948.259708,0.5574875293388162,0.023252097078967846,57.47734629999832
42,40,111,Taiwan,0.1,5351733452.32966,5549830948.259708,0.5503860146786849,0.035694329751101074,56.78021590000208
42,50,111,Taiwan,0.1,5073313929.360458,5549830948.259708,0.521752635789261,0.08586153764713755,56.627275399998325
42,60,111,Taiwan,0.1,4491776619.302467,5549830948.259708,0.4619458450884927,0.19064622667272796,56.81303819999812
42,70,111,Taiwan,0.1,4193960382.418895,5549830948.259708,0.4313176583177933,0.24430844443396632,57.544771500000934
42,80,111,Taiwan,0.1,4572800477.164494,5549830948.259708,0.4702785467485801,0.17604688867173293,57.02231849999953
42,90,111,Taiwan,0.1,4979257928.665132,5549830948.259708,0.512079675085887,0.1028090810177731,57.65316689999963
42,100,111,Taiwan,0.1,5261935347.757794,5549830948.259708,0.5411509469494625,0.05187466126192385,56.21062470000106
42,110,111,Taiwan,0.1,5386260408.4953165,5549830948.259708,0.5539368555365622,0.029473067069850773,57.614933400000155
42,120,111,Taiwan,0.1,5414224325.51068,5549830948.259708,0.5568127365904274,0.024434369985909414,55.467297099999996
42,130,111,Taiwan,0.1,5415154835.629556,5549830948.259708,0.5569084326411572,0.024266705398005652,56.54096370000116
42,140,111,Taiwan,0.1,5410826671.431517,5549830948.259708,0.5564633131177256,0.02504657855781717,57.22393210000155
42,150,111,Taiwan,0.1,5405887481.564605,5549830948.259708,0.5559553541450291,0.025936549786303095,50.627088600002025
42,160,111,Taiwan,0.1,5405593625.757613,5549830948.259708,0.5559251332590412,0.025989498391356322,67.9455710000002
42,170,111,Taiwan,0.1,5409397836.805659,5549830948.259708,0.5563163680947035,0.025304034080188605,68.62102669999877
42,0,111,Taiwan,0.1,5414416818.305044,5549830948.259708,0.5568325330438361,0.02439968554305727,65.95534400000179
42,10,111,Taiwan,0.1,5421573874.685363,5549830948.259708,0.5575685831055743,0.023110086553999248,68.55946380000023
42,20,111,Taiwan,0.1,5427369209.097332,5549830948.259708,0.558164590182374,0.02206585034824843,67.57618899999943
42,30,111,Taiwan,0.1,5420785740.2789135,5549830948.259708,0.5574875293388162,0.023252097078967846,68.48490870000023
42,40,111,Taiwan,0.1,5351733452.32966,5549830948.259708,0.5503860146786849,0.035694329751101074,68.64977849999923
42,50,111,Taiwan,0.1,5073313929.360458,5549830948.259708,0.521752635789261,0.08586153764713755,67.54717579999851
42,60,111,Taiwan,0.1,4491776619.302467,5549830948.259708,0.4619458450884927,0.19064622667272796,62.61181200000283
42,70,111,Taiwan,0.1,4193960382.418895,5549830948.259708,0.4313176583177933,0.24430844443396632,61.37760929999786
42,80,111,Taiwan,0.1,4572800477.164494,5549830948.259708,0.4702785467485801,0.17604688867173293,48.62465230000089
42,90,111,Taiwan,0.1,4979257928.665132,5549830948.259708,0.512079675085887,0.1028090810177731,47.36679979999826
42,100,111,Taiwan,0.1,5261935347.757794,5549830948.259708,0.5411509469494625,0.05187466126192385,47.176869399998395
42,110,111,Taiwan,0.1,5386260408.4953165,5549830948.259708,0.5539368555365622,0.029473067069850773,46.80111340000076
42,120,111,Taiwan,0.1,5414224325.51068,5549830948.259708,0.5568127365904274,0.024434369985909414,47.08207039999979
42,130,111,Taiwan,0.1,5415154835.629556,5549830948.259708,0.5569084326411572,0.024266705398005652,47.12878730000011
42,140,111,Taiwan,0.1,5410826671.431517,5549830948.259708,0.5564633131177256,0.02504657855781717,46.91498390000197
42,150,111,Taiwan,0.1,5405887481.564605,5549830948.259708,0.5559553541450291,0.025936549786303095,47.33383010000034
42,160,111,Taiwan,0.1,5405593625.757613,5549830948.259708,0.5559251332590412,0.025989498391356322,46.85974150000402
42,170,111,Taiwan,0.1,5409397836.805659,5549830948.259708,0.5563163680947035,0.025304034080188605,47.06737819999398
43,0,111,Denmark,0.06,4321633511.071209,4882124541.076596,0.444447890809084,0.1148047382424597,68.35248499999943
43,10,111,Denmark,0.06,4322877024.256582,4882124541.076596,0.44457577689915073,0.11455003085535582,68.8384799000014
43,20,111,Denmark,0.06,4321284816.961891,4882124541.076596,0.44441203021122744,0.11487616085906523,68.88268840000092
43,30,111,Denmark,0.06,4315725389.934635,4882124541.076596,0.44384028445582246,0.11601489195461202,67.39689499999804
43,40,111,Denmark,0.06,4306486242.790472,4882124541.076596,0.4428901068318804,0.11790733592371358,63.82938479999939
43,50,111,Denmark,0.06,4292639021.6503744,4882124541.076596,0.441466023041916,0.12074364643230295,59.060324500002025
43,60,111,Denmark,0.06,4280784028.7847266,4882124541.076596,0.4402468251249256,0.12317189109626098,48.21291789999668
43,70,111,Denmark,0.06,4272676925.227572,4882124541.076596,0.4394130697712341,0.12483245986892218,47.578591500001494
43,80,111,Denmark,0.06,4275140171.4781585,4882124541.076596,0.43966639634272886,0.12432791594959738,47.52975189999779
43,90,111,Denmark,0.06,4282596909.9358616,4882124541.076596,0.4404332664790676,0.1228005607182909,47.08505679999871
43,100,111,Denmark,0.06,4288360597.3443036,4882124541.076596,0.44102601889673615,0.12161999120189528,47.488178499999776
43,110,111,Denmark,0.06,4296781986.158259,4882124541.076596,0.44189209615350894,0.11989504773863435,47.22388090000095
43,120,111,Denmark,0.06,4297744134.959573,4882124541.076596,0.4419910460076075,0.11969797189732424,47.39522609999767
43,130,111,Denmark,0.06,4294010361.983363,4882124541.076596,0.44160705520417987,0.12046275635638401,47.554081200003566
43,140,111,Denmark,0.06,4293703081.278972,4882124541.076596,0.4415754536672603,0.12052569631250468,47.143885900004534
43,150,111,Denmark,0.06,4296326755.053198,4882124541.076596,0.4418452790173596,0.11998829220653585,48.23648610000237
43,160,111,Denmark,0.06,4303585254.78587,4882124541.076596,0.4425917617740209,0.11850154198711783,47.86374739999883
43,170,111,Denmark,0.06,4313090360.202285,4882124541.076596,0.44356929122982075,0.11655462208852811,47.30719030000182
43,0,111,Denmark,0.06,4321633511.071209,4882124541.076596,0.444447890809084,0.1148047382424597,48.86176919999707
43,10,111,Denmark,0.06,4322877024.256582,4882124541.076596,0.44457577689915073,0.11455003085535582,47.14891570000327
43,20,111,Denmark,0.06,4321284816.961891,4882124541.076596,0.44441203021122744,0.11487616085906523,47.0317905999982
43,30,111,Denmark,0.06,4315725389.934635,4882124541.076596,0.44384028445582246,0.11601489195461202,47.11061840000184
43,40,111,Denmark,0.06,4306486242.790472,4882124541.076596,0.4428901068318804,0.11790733592371358,47.11386499999935
43,50,111,Denmark,0.06,4292639021.6503744,4882124541.076596,0.441466023041916,0.12074364643230295,47.804776500001026
43,60,111,Denmark,0.06,4280784028.7847266,4882124541.076596,0.4402468251249256,0.12317189109626098,47.01680589999887
43,70,111,Denmark,0.06,4272676925.227572,4882124541.076596,0.4394130697712341,0.12483245986892218,46.963380100001814
43,80,111,Denmark,0.06,4275140171.4781585,4882124541.076596,0.43966639634272886,0.12432791594959738,47.473245100001805
43,90,111,Denmark,0.06,4282596909.9358616,4882124541.076596,0.4404332664790676,0.1228005607182909,47.10404879999987
43,100,111,Denmark,0.06,4288360597.3443036,4882124541.076596,0.44102601889673615,0.12161999120189528,47.223600299999816
43,110,111,Denmark,0.06,4296781986.158259,4882124541.076596,0.44189209615350894,0.11989504773863435,52.37313549999817
43,120,111,Denmark,0.06,4297744134.959573,4882124541.076596,0.4419910460076075,0.11969797189732424,50.47123180000199
43,130,111,Denmark,0.06,4294010361.983363,4882124541.076596,0.44160705520417987,0.12046275635638401,44.08800269999483
43,140,111,Denmark,0.06,4293703081.278972,4882124541.076596,0.4415754536672603,0.12052569631250468,41.14708229999815
43,150,111,Denmark,0.06,4296326755.053198,4882124541.076596,0.4418452790173596,0.11998829220653585,41.11679659999936
43,160,111,Denmark,0.06,4303585254.78587,4882124541.076596,0.4425917617740209,0.11850154198711783,42.265050499998324
43,170,111,Denmark,0.06,4313090360.202285,4882124541.076596,0.44356929122982075,0.11655462208852811,41.25505780000094
37,0,114,China,0.08,3033229462.2920156,3487144575.164859,0.3037360272262292,0.13016813702121424,49.27382289999514
37,10,114,China,0.08,3037087532.3505626,3487144575.164859,0.30412235964417234,0.12906176761914703,48.691890900001454
37,20,114,China,0.08,3013067907.35724,3487144575.164859,0.3017171260271209,0.13594981727570216,49.15071899999748
37,30,114,China,0.08,2984530316.819048,3487144575.164859,0.29885948057548745,0.14413347296392184,49.151260500002536
37,40,114,China,0.08,2983937353.193516,3487144575.164859,0.29880010346005725,0.14430351570598512,48.83231300000625
37,50,114,China,0.08,3007189231.4394207,3487144575.164859,0.30112845784661346,0.13763563092383335,49.089433799999824
37,60,114,China,0.08,3029304813.820968,3487144575.164859,0.30334302790004086,0.13129359895330572,49.03620100000262
37,70,114,China,0.08,3044540442.028777,3487144575.164859,0.3048686655880775,0.1269245147701274,48.76566479999747
37,80,114,China,0.08,3048769502.6232896,3487144575.164859,0.3052921475830419,0.1257117573110213,50.68385379999381
37,90,114,China,0.08,3049096267.4987426,3487144575.164859,0.305324868571131,0.12561805173948287,55.03019650000351
37,100,114,China,0.08,3044204940.539905,3487144575.164859,0.30483506974884894,0.127020725719126,48.33923240000149
37,110,114,China,0.08,3034130801.308228,3487144575.164859,0.30382628387689536,0.12990966221560057,42.65755640000134
37,120,114,China,0.08,3009737966.983671,3487144575.164859,0.3013836785011286,0.13690473620773744,42.848860400001286
37,130,114,China,0.08,2970926600.1616387,3487144575.164859,0.2974972562847111,0.14803457782613308,43.853935200000706
37,140,114,China,0.08,2941528997.805619,3487144575.164859,0.29455349253040325,0.15646485701942697,42.87338240000099
37,150,114,China,0.08,2951623869.9070196,3487144575.164859,0.2955643545128394,0.15356997500814024,43.4541545999964
37,160,114,China,0.08,2981673214.012537,3487144575.164859,0.2985733811996853,0.14495279741260084,42.93676399999822
37,170,114,China,0.08,3012851495.980772,3487144575.164859,0.3016954554174449,0.1360118770417381,43.026426500000525
37,0,114,China,0.08,3033229462.2920156,3487144575.164859,0.3037360272262292,0.13016813702121424,43.18222080000123
37,10,114,China,0.08,3037087532.3505626,3487144575.164859,0.30412235964417234,0.12906176761914703,42.92588850000175
37,20,114,China,0.08,3013067907.35724,3487144575.164859,0.3017171260271209,0.13594981727570216,42.53024960000039
37,30,114,China,0.08,2984530316.819048,3487144575.164859,0.29885948057548745,0.14413347296392184,42.69063820000156
37,40,114,China,0.08,2983937353.193516,3487144575.164859,0.29880010346005725,0.14430351570598512,43.02201149999746
37,50,114,China,0.08,3007189231.4394207,3487144575.164859,0.30112845784661346,0.13763563092383335,42.43994279999606
37,60,114,China,0.08,3029304813.820968,3487144575.164859,0.30334302790004086,0.13129359895330572,43.29158179999649
37,70,114,China,0.08,3044540442.028777,3487144575.164859,0.3048686655880775,0.1269245147701274,42.983427300001495
37,80,114,China,0.08,3048769502.6232896,3487144575.164859,0.3052921475830419,0.1257117573110213,42.73856489999889
37,90,114,China,0.08,3049096267.4987426,3487144575.164859,0.305324868571131,0.12561805173948287,43.14385670000047
37,100,114,China,0.08,3044204940.539905,3487144575.164859,0.30483506974884894,0.127020725719126,42.595461400000204
37,110,114,China,0.08,3034130801.308228,3487144575.164859,0.30382628387689536,0.12990966221560057,42.53336570000101
37,120,114,China,0.08,3009737966.983671,3487144575.164859,0.3013836785011286,0.13690473620773744,42.64607799999794
37,130,114,China,0.08,2970926600.1616387,3487144575.164859,0.2974972562847111,0.14803457782613308,42.57250390000263
37,140,114,China,0.08,2941528997.805619,3487144575.164859,0.29455349253040325,0.15646485701942697,42.752154699999664
37,150,114,China,0.08,2951623869.9070196,3487144575.164859,0.2955643545128394,0.15356997500814024,42.6681557999982
37,160,114,China,0.08,2981673214.012537,3487144575.164859,0.2985733811996853,0.14495279741260084,42.72832709999784
37,170,114,China,0.08,3012851495.980772,3487144575.164859,0.3016954554174449,0.1360118770417381,42.38630310000008
39,0,114,Taiwan,0.1,4136762550.282998,4432568491.154821,0.41423962091274114,0.06673465767355953,42.876628199999686
39,10,114,Taiwan,0.1,4097008546.525419,4432568491.154821,0.4102588066295581,0.07570327346300709,43.12924339999881
39,20,114,Taiwan,0.1,4001397849.3480163,4432568491.154821,0.40068471614876394,0.09727331741567107,42.7461900000053
39,30,114,Taiwan,0.1,4046609268.7817864,4432568491.154821,0.40521201521887634,0.08707349319998452,43.46557880000182
39,40,114,Taiwan,0.1,4123292262.118044,4432568491.154821,0.4128907576421978,0.0697735928173332,43.099578599998495
39,50,114,Taiwan,0.1,4137227801.15138,4432568491.154821,0.41428620935986743,0.06662969576054897,43.266341600006854
39,60,114,Taiwan,0.1,4171570309.9560156,4432568491.154821,0.4177251371821693,0.058881928552176235,43.378885599995556
39,70,114,Taiwan,0.1,4073020541.2156625,4432568491.154821,0.40785673928699656,0.08111503536981682,43.10351470000023
39,80,114,Taiwan,0.1,3906559181.871829,4432568491.154821,0.3911879337771198,0.11866918928216057,42.71582170000329
39,90,114,Taiwan,0.1,3974530382.3383465,4432568491.154821,0.39799431049610934,0.10333469403360349,42.734313500004646
39,100,114,Taiwan,0.1,4043162615.178589,4432568491.154821,0.4048668804753053,0.08785106801018211,42.98433130000194
39,110,114,Taiwan,0.1,4030163860.1370673,4432568491.154821,0.40356523473294353,0.090783623946421,43.003537100004905
39,120,114,Taiwan,0.1,4103936987.604848,4432568491.154821,0.41095259428871744,0.07414019754139316,42.820477099994605
39,130,114,Taiwan,0.1,4180714161.271755,4432568491.154821,0.41864076757107216,0.0568190498095271,42.863877499999944
39,140,114,Taiwan,0.1,4129212020.5642657,4432568491.154821,0.41348353967037826,0.06843807855330442,42.50934470000357
39,150,114,Taiwan,0.1,4035170988.818553,4432568491.154821,0.40406662949797256,0.08965400154092916,42.76653439999791
39,160,114,Taiwan,0.1,4113945594.8809795,4432568491.154821,0.4119548180406332,0.07188222740599565,42.675760800004355
39,170,114,Taiwan,0.1,4133390381.7156863,4432568491.154821,0.4139019448165191,0.06749542844879762,42.515119499999855
39,0,114,Taiwan,0.1,4136762550.282998,4432568491.154821,0.41423962091274114,0.06673465767355953,42.5653816999984
39,10,114,Taiwan,0.1,4097008546.525419,4432568491.154821,0.4102588066295581,0.07570327346300709,42.35483650000242
39,20,114,Taiwan,0.1,4001397849.3480163,4432568491.154821,0.40068471614876394,0.09727331741567107,42.27220330000273
39,30,114,Taiwan,0.1,4046609268.7817864,4432568491.154821,0.40521201521887634,0.08707349319998452,42.68305639999744
39,40,114,Taiwan,0.1,4123292262.118044,4432568491.154821,0.4128907576421978,0.0697735928173332,42.58122320000257
39,50,114,Taiwan,0.1,4137227801.15138,4432568491.154821,0.41428620935986743,0.06662969576054897,42.4840097999986
39,60,114,Taiwan,0.1,4171570309.9560156,4432568491.154821,0.4177251371821693,0.058881928552176235,42.69559540000046
39,70,114,Taiwan,0.1,4073020541.2156625,4432568491.154821,0.40785673928699656,0.08111503536981682,42.647722999994585
39,80,114,Taiwan,0.1,3906559181.871829,4432568491.154821,0.3911879337771198,0.11866918928216057,42.314813400000276
39,90,114,Taiwan,0.1,3974530382.3383465,4432568491.154821,0.39799431049610934,0.10333469403360349,42.7314955000038
39,100,114,Taiwan,0.1,4043162615.178589,4432568491.154821,0.4048668804753053,0.08785106801018211,42.494008600006055
39,110,114,Taiwan,0.1,4030163860.1370673,4432568491.154821,0.40356523473294353,0.090783623946421,42.50099860000046
39,120,114,Taiwan,0.1,4103936987.604848,4432568491.154821,0.41095259428871744,0.07414019754139316,42.59114199999749
39,130,114,Taiwan,0.1,4180714161.271755,4432568491.154821,0.41864076757107216,0.0568190498095271,42.51439989999926
39,140,114,Taiwan,0.1,4129212020.5642657,4432568491.154821,0.41348353967037826,0.06843807855330442,42.71857860000455
39,150,114,Taiwan,0.1,4035170988.818553,4432568491.154821,0.40406662949797256,0.08965400154092916,42.514931600002456
39,160,114,Taiwan,0.1,4113945594.8809795,4432568491.154821,0.4119548180406332,0.07188222740599565,42.471619299998565
39,170,114,Taiwan,0.1,4133390381.7156863,4432568491.154821,0.4139019448165191,0.06749542844879762,42.77685539999948
40,0,114,United Kingdom,0.06,5249819082.46652,5566881902.585252,0.5256968559707723,0.05695519065556034,43.060718399996404
40,10,114,United Kingdom,0.06,5245134751.809186,5566881902.585252,0.5252277849684758,0.05779665464551115,42.844650300001376
40,20,114,United Kingdom,0.06,5247003224.042588,5566881902.585252,0.5254148866501029,0.05746101392848165,42.82703410000249
40,30,114,United Kingdom,0.06,5239556027.737347,5566881902.585252,0.524669152821572,0.05879878189905475,43.01012230000197
40,40,114,United Kingdom,0.06,5224355751.684362,5566881902.585252,0.5231470551634585,0.06152926483707527,42.95807039999636
40,50,114,United Kingdom,0.06,5198053064.31879,5566881902.585252,0.5205132043898493,0.06625411580856023,42.70576180000353
40,60,114,United Kingdom,0.06,5195607723.763668,5566881902.585252,0.5202683373151153,0.06669338155874378,43.01165890000266
40,70,114,United Kingdom,0.06,5211496753.115562,5566881902.585252,0.5218594041011337,0.06383917526697468,42.867077800001425
40,80,114,United Kingdom,0.06,5230103601.779849,5566881902.585252,0.5237226229451903,0.06049675683779162,42.70708709999599
40,90,114,United Kingdom,0.06,5240114554.2574005,5566881902.585252,0.5247250815366299,0.05869845167293759,42.952653200001805
40,100,114,United Kingdom,0.06,5235465848.610055,5566881902.585252,0.5242595778869317,0.059533516207931,42.78128260000085
40,110,114,United Kingdom,0.06,5224604087.301817,5566881902.585252,0.5231719225448427,0.061484655373141926,43.066991199993936
40,120,114,United Kingdom,0.06,5228259068.566032,5566881902.585252,0.5235379184256621,0.060828097298411064,42.63784859999578
40,130,114,United Kingdom,0.06,5218976825.539546,5566881902.585252,0.5226084300187801,0.062495501635150406,42.690009799996915
40,140,114,United Kingdom,0.06,5221061047.281278,5566881902.585252,0.5228171360331328,0.062121105019917064,42.963577800001076
40,150,114,United Kingdom,0.06,5219416853.144143,5566881902.585252,0.5226524927044924,0.06241645781631301,42.81762579999486
40,160,114,United Kingdom,0.06,5222567710.999206,5566881902.585252,0.5229680075902433,0.06185045733162531,42.99455029999808
40,170,114,United Kingdom,0.06,5240082771.280952,5566881902.585252,0.5247218989106137,0.05870416096891409,42.86687389999861
40,0,114,United Kingdom,0.06,5249819082.46652,5566881902.585252,0.5256968559707723,0.05695519065556034,42.664970199999516
40,10,114,United Kingdom,0.06,5245134751.809186,5566881902.585252,0.5252277849684758,0.05779665464551115,42.81239600000117
40,20,114,United Kingdom,0.06,5247003224.042588,5566881902.585252,0.5254148866501029,0.05746101392848165,42.703885800001444
40,30,114,United Kingdom,0.06,5239556027.737347,5566881902.585252,0.524669152821572,0.05879878189905475,42.272243499995966
40,40,114,United Kingdom,0.06,5224355751.684362,5566881902.585252,0.5231470551634585,0.06152926483707527,42.48518689999764
40,50,114,United Kingdom,0.06,5198053064.31879,5566881902.585252,0.5205132043898493,0.06625411580856023,42.92502950000198
40,60,114,United Kingdom,0.06,5195607723.763668,5566881902.585252,0.5202683373151153,0.06669338155874378,42.65789319999749
40,70,114,United Kingdom,0.06,5211496753.115562,5566881902.585252,0.5218594041011337,0.06383917526697468,42.403833600001235
40,80,114,United Kingdom,0.06,5230103601.779849,5566881902.585252,0.5237226229451903,0.06049675683779162,42.7055526999975
40,90,114,United Kingdom,0.06,5240114554.2574005,5566881902.585252,0.5247250815366299,0.05869845167293759,42.61395280000579
40,100,114,United Kingdom,0.06,5235465848.610055,5566881902.585252,0.5242595778869317,0.059533516207931,42.602362199999334
40,110,114,United Kingdom,0.06,5224604087.301817,5566881902.585252,0.5231719225448427,0.061484655373141926,42.68400069999916
40,120,114,United Kingdom,0.06,5228259068.566032,5566881902.585252,0.5235379184256621,0.060828097298411064,42.57172520000313
40,130,114,United Kingdom,0.06,5218976825.539546,5566881902.585252,0.5226084300187801,0.062495501635150406,42.59352299999591
40,140,114,United Kingdom,0.06,5221061047.281278,5566881902.585252,0.5228171360331328,0.062121105019917064,43.63736269999936
40,150,114,United Kingdom,0.06,5219416853.144143,5566881902.585252,0.5226524927044924,0.06241645781631301,42.55948720000015
40,160,114,United Kingdom,0.06,5222567710.999206,5566881902.585252,0.5229680075902433,0.06185045733162531,42.81781550000596
40,170,114,United Kingdom,0.06,5240082771.280952,5566881902.585252,0.5247218989106137,0.05870416096891409,57.75524020000012
38,0,115,China,0.08,3737802549.905002,4445894390.392346,0.37103459895820945,0.15926870463174808,43.46635149999929
38,10,115,China,0.08,3749415026.189233,4445894390.392346,0.37218731647699355,0.15665674958636386,42.88334459999896
38,20,115,China,0.08,3766150489.558578,4445894390.392346,0.3738485695412525,0.1528924983694409,43.3253218999962
38,30,115,China,0.08,3773236406.438483,4445894390.392346,0.37455195616820364,0.15129868703302726,43.14741079999658
38,40,115,China,0.08,3773284763.2447376,4445894390.392346,0.3745567563276492,0.1512878103000219,42.87364059999527
38,50,115,China,0.08,3766676941.724038,4445894390.392346,0.37390082804487174,0.15277408526304825,43.12928520000423
38,60,115,China,0.08,3743157760.534366,4445894390.392346,0.3715661862750016,0.15806417520321808,43.109406800002034
38,70,115,China,0.08,3700944368.044841,4445894390.392346,0.36737585547397666,0.1675590909125856,43.3409610000017
38,80,115,China,0.08,3645150423.7421,4445894390.392346,0.3618374452791443,0.18010863424481427,43.20297109999956
38,90,115,China,0.08,3600679731.696619,4445894390.392346,0.35742304265402214,0.19011127671459102,43.025701800004754
38,100,115,China,0.08,3578277475.3114386,4445894390.392346,0.35519927291159803,0.19515014053321708,43.398518000001786
38,110,115,China,0.08,3582193556.6560683,4445894390.392346,0.3555880044328041,0.19426930959105784,43.906493099995714
38,120,115,China,0.08,3611393469.761055,4445894390.392346,0.3584865465317704,0.18770147181963254,43.12676949999877
38,130,115,China,0.08,3646467719.3657293,4445894390.392346,0.3619682072032687,0.17981233939208988,44.27573519999714
38,140,115,China,0.08,3676637718.393167,4445894390.392346,0.3649630453040666,0.17302630347260523,60.589919300000474
38,150,115,China,0.08,3697115784.466957,4445894390.392346,0.366995809456716,0.16842024127777588,55.641624600000796
38,160,115,China,0.08,3707734352.654979,4445894390.392346,0.36804986625520936,0.1660318426214855,57.196050400001695
38,170,115,China,0.08,3723017737.899986,4445894390.392346,0.36956697815167616,0.16259420242966396,57.55740969999897
38,0,115,China,0.08,3737802549.905002,4445894390.392346,0.37103459895820945,0.15926870463174808,55.65679789999558
38,10,115,China,0.08,3749415026.189233,4445894390.392346,0.37218731647699355,0.15665674958636386,56.56680739999865
38,20,115,China,0.08,3766150489.558578,4445894390.392346,0.3738485695412525,0.1528924983694409,57.051423100005195
38,30,115,China,0.08,3773236406.438483,4445894390.392346,0.37455195616820364,0.15129868703302726,58.82742529999814
38,40,115,China,0.08,3773284763.2447376,4445894390.392346,0.3745567563276492,0.1512878103000219,59.60575080000126
38,50,115,China,0.08,3766676941.724038,4445894390.392346,0.37390082804487174,0.15277408526304825,59.675938499996846
38,60,115,China,0.08,3743157760.534366,4445894390.392346,0.3715661862750016,0.15806417520321808,57.69070659999852
38,70,115,China,0.08,3700944368.044841,4445894390.392346,0.36737585547397666,0.1675590909125856,58.57879459999822
38,80,115,China,0.08,3645150423.7421,4445894390.392346,0.3618374452791443,0.18010863424481427,57.07371819999389
38,90,115,China,0.08,3600679731.696619,4445894390.392346,0.35742304265402214,0.19011127671459102,58.06099990000075
38,100,115,China,0.08,3578277475.3114386,4445894390.392346,0.35519927291159803,0.19515014053321708,58.72201209999912
38,110,115,China,0.08,3582193556.6560683,4445894390.392346,0.3555880044328041,0.19426930959105784,60.60951979999663
38,120,115,China,0.08,3611393469.761055,4445894390.392346,0.3584865465317704,0.18770147181963254,60.69661650000489
38,130,115,China,0.08,3646467719.3657293,4445894390.392346,0.3619682072032687,0.17981233939208988,60.6894173000037
38,140,115,China,0.08,3676637718.393167,4445894390.392346,0.3649630453040666,0.17302630347260523,60.0954813999997
38,150,115,China,0.08,3697115784.466957,4445894390.392346,0.366995809456716,0.16842024127777588,60.190362299996195
38,160,115,China,0.08,3707734352.654979,4445894390.392346,0.36804986625520936,0.1660318426214855,57.735404600003676
38,170,115,China,0.08,3723017737.899986,4445894390.392346,0.36956697815167616,0.16259420242966396,57.1855482999963
36,0,116,United Kingdom,0.07,3915194231.5247855,4828701893.900678,0.3852930868686807,0.18918286579873142,60.0952552000017
36,10,116,United Kingdom,0.07,3916082943.633461,4828701893.900678,0.3853805447600241,0.18899881796803017,60.488966599994455
36,20,116,United Kingdom,0.07,3929716508.8677254,4828701893.900678,0.3867222198145691,0.1861753748286876,60.32744349999848
36,30,116,United Kingdom,0.07,3929834735.5386276,4828701893.900678,0.3867338544656971,0.18615089067673538,59.33146950000082
36,40,116,United Kingdom,0.07,3907608411.396893,4828701893.900678,0.38454656859125463,0.19075385118871263,59.10091320000356
36,50,116,United Kingdom,0.07,3909217570.3698974,4828701893.900678,0.3847049254418495,0.19042060241743583,57.01051179999922
36,60,116,United Kingdom,0.07,3932042995.1919937,4828701893.900678,0.38695116863407275,0.18569357115238133,59.65506499999901
36,70,116,United Kingdom,0.07,3950773812.132323,4828701893.900678,0.3887944626960639,0.18181451269072962,59.865532200004964
36,80,116,United Kingdom,0.07,3964929813.45427,4828701893.900678,0.39018755052888027,0.1788828756518335,61.966913600001135
36,90,116,United Kingdom,0.07,3966184406.33028,4828701893.900678,0.3903110146365021,0.17862305574503937,61.553935199997795
36,100,116,United Kingdom,0.07,3946795047.642565,4828701893.900678,0.3884029136792006,0.1826384949073133,61.51001019999967
36,110,116,United Kingdom,0.07,3928300877.361139,4828701893.900678,0.386582907943743,0.18646854503005675,61.03794740000012
36,120,116,United Kingdom,0.07,3938858617.076074,4828701893.900678,0.3876218919339547,0.1842820899647169,58.53759249999712
36,130,116,United Kingdom,0.07,3950631198.819019,4828701893.900678,0.3887804281627912,0.18184404719429548,59.941943199999514
36,140,116,United Kingdom,0.07,3961158761.8030148,4828701893.900678,0.3898164424699865,0.17966384157893256,59.099776199996995
36,150,116,United Kingdom,0.07,3955980300.7240033,4828701893.900678,0.3893068316725716,0.1807362749560173,59.16589709999971
36,160,116,United Kingdom,0.07,3922760522.0132484,4828701893.900678,0.3860376832401638,0.1876159248993522,59.64774049999687
36,170,116,United Kingdom,0.07,3913800211.7047653,4828701893.900678,0.3851559017974301,0.1894715603279549,61.162074899999425
36,0,116,United Kingdom,0.07,3915194231.5247855,4828701893.900678,0.3852930868686807,0.18918286579873142,59.14162380000198
36,10,116,United Kingdom,0.07,3916082943.633461,4828701893.900678,0.3853805447600241,0.18899881796803017,58.72533029999613
36,20,116,United Kingdom,0.07,3929716508.8677254,4828701893.900678,0.3867222198145691,0.1861753748286876,60.593385399995896
36,30,116,United Kingdom,0.07,3929834735.5386276,4828701893.900678,0.3867338544656971,0.18615089067673538,60.96450580000237
36,40,116,United Kingdom,0.07,3907608411.396893,4828701893.900678,0.38454656859125463,0.19075385118871263,60.77692649999517
36,50,116,United Kingdom,0.07,3909217570.3698974,4828701893.900678,0.3847049254418495,0.19042060241743583,60.67417690000002
36,60,116,United Kingdom,0.07,3932042995.1919937,4828701893.900678,0.38695116863407275,0.18569357115238133,57.75789059999806
36,70,116,United Kingdom,0.07,3950773812.132323,4828701893.900678,0.3887944626960639,0.18181451269072962,56.43424960000266
36,80,116,United Kingdom,0.07,3964929813.45427,4828701893.900678,0.39018755052888027,0.1788828756518335,45.81634579999809
36,90,116,United Kingdom,0.07,3966184406.33028,4828701893.900678,0.3903110146365021,0.17862305574503937,43.691181200003484
36,100,116,United Kingdom,0.07,3946795047.642565,4828701893.900678,0.3884029136792006,0.1826384949073133,44.768686700001126
36,110,116,United Kingdom,0.07,3928300877.361139,4828701893.900678,0.386582907943743,0.18646854503005675,57.995008300000336
36,120,116,United Kingdom,0.07,3938858617.076074,4828701893.900678,0.3876218919339547,0.1842820899647169,66.93783490000351
36,130,116,United Kingdom,0.07,3950631198.819019,4828701893.900678,0.3887804281627912,0.18184404719429548,70.69686510000611
36,140,116,United Kingdom,0.07,3961158761.8030148,4828701893.900678,0.3898164424699865,0.17966384157893256,69.99948959999892
36,150,116,United Kingdom,0.07,3955980300.7240033,4828701893.900678,0.3893068316725716,0.1807362749560173,70.55238839999947
36,160,116,United Kingdom,0.07,3922760522.0132484,4828701893.900678,0.3860376832401638,0.1876159248993522,70.47830350000004
36,170,116,United Kingdom,0.07,3913800211.7047653,4828701893.900678,0.3851559017974301,0.1894715603279549,69.89695579999534
35,0,120,China,0.07,3737352402.543666,4414586308.1997385,0.35553200176404737,0.153408237686545,64.17453340000066
35,10,120,China,0.07,3650135064.2951202,4414586308.1997385,0.3472350708043303,0.17316486541099257,64.22550220000267
35,20,120,China,0.07,3561984197.292315,4414586308.1997385,0.33884933383678795,0.19313295774142727,62.42783960000088
35,30,120,China,0.07,3543886004.758202,4414586308.1997385,0.3371276640751714,0.1972325927401806,59.19242349999695
35,40,120,China,0.07,3569379559.264063,4414586308.1997385,0.33955285000609425,0.1914577470975643,51.77826379999897
35,50,120,China,0.07,3619347548.3189034,4414586308.1997385,0.34430627362242233,0.18013890869088756,45.88608819999354
35,60,120,China,0.07,3668169546.8058887,4414586308.1997385,0.3489506798711842,0.16907966212087436,46.787061499999254
35,70,120,China,0.07,3698947139.4432282,4414586308.1997385,0.35187853305205746,0.16210786669348115,59.12991049999982
35,80,120,China,0.07,3698454419.88081,4414586308.1997385,0.3518316609475656,0.16221947841154932,69.22420620000048
35,90,120,China,0.07,3654899276.138934,4414586308.1997385,0.3476882873039321,0.17208566760825286,74.38780129999941
35,100,120,China,0.07,3559173510.4994645,4414586308.1997385,0.33858195495618953,0.19376963954955725,73.66447770000377
35,110,120,China,0.07,3465640531.8356686,4414586308.1997385,0.329684221065037,0.21495689745638896,73.83541220000188
35,120,120,China,0.07,3439850987.233711,4414586308.1997385,0.32723087778098464,0.2207987913058887,73.7783724999972
35,130,120,China,0.07,3491285657.6544704,4414586308.1997385,0.332123825880372,0.2091477176084,73.09241189999739
35,140,120,China,0.07,3579369702.93093,4414586308.1997385,0.3405032061387871,0.18919476185513937,73.54642089999834
35,150,120,China,0.07,3667697597.486022,4414586308.1997385,0.34890578362690466,0.16918656892638634,73.28017359999649
35,160,120,China,0.07,3727999758.2523584,4414586308.1997385,0.35464229054912083,0.15552681542823182,73.8077381999974
35,170,120,China,0.07,3758074881.6574745,4414586308.1997385,0.3575033182703077,0.1487141445899125,73.63936249999824
35,0,120,China,0.07,3737352402.543666,4414586308.1997385,0.35553200176404737,0.153408237686545,61.5257888000051
35,10,120,China,0.07,3650135064.2951202,4414586308.1997385,0.3472350708043303,0.17316486541099257,72.27173119999497
35,20,120,China,0.07,3561984197.292315,4414586308.1997385,0.33884933383678795,0.19313295774142727,73.0186057999963
35,30,120,China,0.07,3543886004.758202,4414586308.1997385,0.3371276640751714,0.1972325927401806,73.18899529999908
35,40,120,China,0.07,3569379559.264063,4414586308.1997385,0.33955285000609425,0.1914577470975643,73.04425020000053
35,50,120,China,0.07,3619347548.3189034,4414586308.1997385,0.34430627362242233,0.18013890869088756,72.99535019999894
35,60,120,China,0.07,3668169546.8058887,4414586308.1997385,0.3489506798711842,0.16907966212087436,72.41955510000116
35,70,120,China,0.07,3698947139.4432282,4414586308.1997385,0.35187853305205746,0.16210786669348115,73.02974910000194
35,80,120,China,0.07,3698454419.88081,4414586308.1997385,0.3518316609475656,0.16221947841154932,72.81338189999951
35,90,120,China,0.07,3654899276.138934,4414586308.1997385,0.3476882873039321,0.17208566760825286,73.08589439999923
35,100,120,China,0.07,3559173510.4994645,4414586308.1997385,0.33858195495618953,0.19376963954955725,73.02061929999763
35,110,120,China,0.07,3465640531.8356686,4414586308.1997385,0.329684221065037,0.21495689745638896,72.96691169999394
35,120,120,China,0.07,3439850987.233711,4414586308.1997385,0.32723087778098464,0.2207987913058887,72.92128429999866
35,130,120,China,0.07,3491285657.6544704,4414586308.1997385,0.332123825880372,0.2091477176084,73.00760440000158
35,140,120,China,0.07,3579369702.93093,4414586308.1997385,0.3405032061387871,0.18919476185513937,73.2690036999993
35,150,120,China,0.07,3667697597.486022,4414586308.1997385,0.34890578362690466,0.16918656892638634,73.20201360000647
35,160,120,China,0.07,3727999758.2523584,4414586308.1997385,0.35464229054912083,0.15552681542823182,72.79643750000105
35,170,120,China,0.07,3758074881.6574745,4414586308.1997385,0.3575033182703077,0.1487141445899125,73.30459950000659
35,0,120,China,0.07,3737352402.543666,4414586308.1997385,0.35553200176404737,0.153408237686545,74.71710760000133
35,10,120,China,0.07,3650135064.2951202,4414586308.1997385,0.3472350708043303,0.17316486541099257,73.1363765999995
35,20,120,China,0.07,3561984197.292315,4414586308.1997385,0.33884933383678795,0.19313295774142727,73.33737200000178
35,30,120,China,0.07,3543886004.758202,4414586308.1997385,0.3371276640751714,0.1972325927401806,73.22402239999792
35,40,120,China,0.07,3569379559.264063,4414586308.1997385,0.33955285000609425,0.1914577470975643,73.27776340000128
35,50,120,China,0.07,3619347548.3189034,4414586308.1997385,0.34430627362242233,0.18013890869088756,72.8004712999973
35,60,120,China,0.07,3668169546.8058887,4414586308.1997385,0.3489506798711842,0.16907966212087436,73.08922539999912
35,70,120,China,0.07,3698947139.4432282,4414586308.1997385,0.35187853305205746,0.16210786669348115,73.04915639999672
35,80,120,China,0.07,3698454419.88081,4414586308.1997385,0.3518316609475656,0.16221947841154932,73.08030789999611
35,90,120,China,0.07,3654899276.138934,4414586308.1997385,0.3476882873039321,0.17208566760825286,73.3223657999988
35,100,120,China,0.07,3559173510.4994645,4414586308.1997385,0.33858195495618953,0.19376963954955725,73.1773933000004
35,110,120,China,0.07,3465640531.8356686,4414586308.1997385,0.329684221065037,0.21495689745638896,73.3501929999984
35,120,120,China,0.07,3439850987.233711,4414586308.1997385,0.32723087778098464,0.2207987913058887,73.54277520000323
35,130,120,China,0.07,3491285657.6544704,4414586308.1997385,0.332123825880372,0.2091477176084,73.16926219999732
35,140,120,China,0.07,3579369702.93093,4414586308.1997385,0.3405032061387871,0.18919476185513937,73.48568710000109
35,150,120,China,0.07,3667697597.486022,4414586308.1997385,0.34890578362690466,0.16918656892638634,73.11563179999939
35,160,120,China,0.07,3727999758.2523584,4414586308.1997385,0.35464229054912083,0.15552681542823182,73.48050079999666
35,170,120,China,0.07,3758074881.6574745,4414586308.1997385,0.3575033182703077,0.1487141445899125,73.58546870000282
35,0,120,China,0.07,3737352402.543666,4414586308.1997385,0.35553200176404737,0.153408237686545,73.10294160000194
35,10,120,China,0.07,3650135064.2951202,4414586308.1997385,0.3472350708043303,0.17316486541099257,72.77218739999807
35,20,120,China,0.07,3561984197.292315,4414586308.1997385,0.33884933383678795,0.19313295774142727,73.13368829999672
35,30,120,China,0.07,3543886004.758202,4414586308.1997385,0.3371276640751714,0.1972325927401806,73.15757909999957
35,40,120,China,0.07,3569379559.264063,4414586308.1997385,0.33955285000609425,0.1914577470975643,73.2365162999995
35,50,120,China,0.07,3619347548.3189034,4414586308.1997385,0.34430627362242233,0.18013890869088756,73.26719890000095
35,60,120,China,0.07,3668169546.8058887,4414586308.1997385,0.3489506798711842,0.16907966212087436,73.0300930999947
35,70,120,China,0.07,3698947139.4432282,4414586308.1997385,0.35187853305205746,0.16210786669348115,73.49139269999432
35,80,120,China,0.07,3698454419.88081,4414586308.1997385,0.3518316609475656,0.16221947841154932,73.0580850999977
35,90,120,China,0.07,3654899276.138934,4414586308.1997385,0.3476882873039321,0.17208566760825286,73.48427690000244
35,100,120,China,0.07,3559173510.4994645,4414586308.1997385,0.33858195495618953,0.19376963954955725,73.27204319999873
35,110,120,China,0.07,3465640531.8356686,4414586308.1997385,0.329684221065037,0.21495689745638896,72.99911609999981
35,120,120,China,0.07,3439850987.233711,4414586308.1997385,0.32723087778098464,0.2207987913058887,73.33901460000197
35,130,120,China,0.07,3491285657.6544704,4414586308.1997385,0.332123825880372,0.2091477176084,73.38143760000094
35,140,120,China,0.07,3579369702.93093,4414586308.1997385,0.3405032061387871,0.18919476185513937,73.74298029999773
35,150,120,China,0.07,3667697597.486022,4414586308.1997385,0.34890578362690466,0.16918656892638634,73.74477929999557
35,160,120,China,0.07,3727999758.2523584,4414586308.1997385,0.35464229054912083,0.15552681542823182,73.2871451999963
35,170,120,China,0.07,3758074881.6574745,4414586308.1997385,0.3575033182703077,0.1487141445899125,73.46719350000058
34,0,125,China,0.1,6474040778.660732,7059378969.013085,0.5912366007909344,0.08291638583530875,77.22488339999836
34,10,125,China,0.1,6479309823.231588,7059378969.013085,0.5917177920759441,0.082169996585775,77.10759720000351
34,20,125,China,0.1,6519431064.423755,7059378969.013085,0.5953818323674662,0.07648660129445019,77.14385789999506
34,30,125,China,0.1,6497203067.419621,7059378969.013085,0.5933518783031618,0.07963531977261977,77.41769550000026
34,40,125,China,0.1,6482411672.353823,7059378969.013085,0.5920010659683856,0.08173060253484646,77.30860730000131
34,50,125,China,0.1,6523004944.241148,7059378969.013085,0.5957082140859495,0.0759803414898582,76.96626030000334
34,60,125,China,0.1,6535251342.723696,7059378969.013085,0.5968266066414334,0.07424557154248707,77.32448459999432
34,70,125,China,0.1,6460725843.731953,7059378969.013085,0.5900206249983518,0.08480251986880165,77.0928034000026
34,80,125,China,0.1,6295611963.869607,7059378969.013085,0.5749417318602381,0.10819181240956306,77.39819369999896
34,90,125,China,0.1,6017153335.697168,7059378969.013085,0.5495117201549925,0.14763701423180886,77.63944839999749
34,100,125,China,0.1,5759925260.179974,7059378969.013085,0.5260205717059336,0.18407479107397712,77.31878639999923
34,110,125,China,0.1,5787283767.502442,7059378969.013085,0.5285190655253372,0.18019930748787727,77.37568650000321
34,120,125,China,0.1,6158258819.585017,7059378969.013085,0.5623980657155266,0.127648643511491,77.53022870000132
34,130,125,China,0.1,6487589695.469908,7059378969.013085,0.5924739447917724,0.08099710697683579,76.91774160000205
34,140,125,China,0.1,6575923091.615019,7059378969.013085,0.6005409216086776,0.06848419379667538,77.4156296000001
34,150,125,China,0.1,6569042540.8559885,7059378969.013085,0.5999125608087661,0.06945886179356749,77.23491550000472
34,160,125,China,0.1,6551283454.064768,7059378969.013085,0.5982907263986089,0.07197453447089132,77.43911629999639
34,170,125,China,0.1,6520229496.614124,7059378969.013085,0.5954547485492351,0.0763734989671953,77.36108609999792
34,0,125,China,0.1,6474040778.660732,7059378969.013085,0.5912366007909344,0.08291638583530875,76.59018720000313
34,10,125,China,0.1,6479309823.231588,7059378969.013085,0.5917177920759441,0.082169996585775,76.6981919999962
34,20,125,China,0.1,6519431064.423755,7059378969.013085,0.5953818323674662,0.07648660129445019,76.90258990000439
34,30,125,China,0.1,6497203067.419621,7059378969.013085,0.5933518783031618,0.07963531977261977,76.90400009999576
34,40,125,China,0.1,6482411672.353823,7059378969.013085,0.5920010659683856,0.08173060253484646,76.88271720000193
34,50,125,China,0.1,6523004944.241148,7059378969.013085,0.5957082140859495,0.0759803414898582,76.59271110000554
34,60,125,China,0.1,6535251342.723696,7059378969.013085,0.5968266066414334,0.07424557154248707,76.51786249999714
34,70,125,China,0.1,6460725843.731953,7059378969.013085,0.5900206249983518,0.08480251986880165,76.9474801000033
34,80,125,China,0.1,6295611963.869607,7059378969.013085,0.5749417318602381,0.10819181240956306,76.8776685000048
34,90,125,China,0.1,6017153335.697168,7059378969.013085,0.5495117201549925,0.14763701423180886,76.77716350000264
34,100,125,China,0.1,5759925260.179974,7059378969.013085,0.5260205717059336,0.18407479107397712,77.0195803999959
34,110,125,China,0.1,5787283767.502442,7059378969.013085,0.5285190655253372,0.18019930748787727,76.66428420000011
34,120,125,China,0.1,6158258819.585017,7059378969.013085,0.5623980657155266,0.127648643511491,76.91873589999886
34,130,125,China,0.1,6487589695.469908,7059378969.013085,0.5924739447917724,0.08099710697683579,76.51857319999544
34,140,125,China,0.1,6575923091.615019,7059378969.013085,0.6005409216086776,0.06848419379667538,77.23663289999968
34,150,125,China,0.1,6569042540.8559885,7059378969.013085,0.5999125608087661,0.06945886179356749,76.89936429999943
34,160,125,China,0.1,6551283454.064768,7059378969.013085,0.5982907263986089,0.07197453447089132,76.68520480000007
34,170,125,China,0.1,6520229496.614124,7059378969.013085,0.5954547485492351,0.0763734989671953,77.02701740000339
34,0,125,China,0.1,6474040778.660732,7059378969.013085,0.5912366007909344,0.08291638583530875,76.97507699999551
34,10,125,China,0.1,6479309823.231588,7059378969.013085,0.5917177920759441,0.082169996585775,77.31954660000338
34,20,125,China,0.1,6519431064.423755,7059378969.013085,0.5953818323674662,0.07648660129445019,77.05485570000019
34,30,125,China,0.1,6497203067.419621,7059378969.013085,0.5933518783031618,0.07963531977261977,77.23932159999822
34,40,125,China,0.1,6482411672.353823,7059378969.013085,0.5920010659683856,0.08173060253484646,77.20837649999885
34,50,125,China,0.1,6523004944.241148,7059378969.013085,0.5957082140859495,0.0759803414898582,76.6140333000003
34,60,125,China,0.1,6535251342.723696,7059378969.013085,0.5968266066414334,0.07424557154248707,77.29512930000055
34,70,125,China,0.1,6460725843.731953,7059378969.013085,0.5900206249983518,0.08480251986880165,77.05480009999883
34,80,125,China,0.1,6295611963.869607,7059378969.013085,0.5749417318602381,0.10819181240956306,77.24105409999902
34,90,125,China,0.1,6017153335.697168,7059378969.013085,0.5495117201549925,0.14763701423180886,77.05048449999595
34,100,125,China,0.1,5759925260.179974,7059378969.013085,0.5260205717059336,0.18407479107397712,76.91419189999579
34,110,125,China,0.1,5787283767.502442,7059378969.013085,0.5285190655253372,0.18019930748787727,77.13535520000005
34,120,125,China,0.1,6158258819.585017,7059378969.013085,0.5623980657155266,0.127648643511491,77.17992190000223
34,130,125,China,0.1,6487589695.469908,7059378969.013085,0.5924739447917724,0.08099710697683579,77.35684570000012
34,140,125,China,0.1,6575923091.615019,7059378969.013085,0.6005409216086776,0.06848419379667538,77.29763490000187
34,150,125,China,0.1,6569042540.8559885,7059378969.013085,0.5999125608087661,0.06945886179356749,77.13289190000069
34,160,125,China,0.1,6551283454.064768,7059378969.013085,0.5982907263986089,0.07197453447089132,77.26208580000093
34,170,125,China,0.1,6520229496.614124,7059378969.013085,0.5954547485492351,0.0763734989671953,77.16016590000072
34,0,125,China,0.1,6474040778.660732,7059378969.013085,0.5912366007909344,0.08291638583530875,76.63139029999729
34,10,125,China,0.1,6479309823.231588,7059378969.013085,0.5917177920759441,0.082169996585775,77.12748559999454
34,20,125,China,0.1,6519431064.423755,7059378969.013085,0.5953818323674662,0.07648660129445019,77.05194389999815
34,30,125,China,0.1,6497203067.419621,7059378969.013085,0.5933518783031618,0.07963531977261977,76.91338659999747
34,40,125,China,0.1,6482411672.353823,7059378969.013085,0.5920010659683856,0.08173060253484646,76.86706190000405
34,50,125,China,0.1,6523004944.241148,7059378969.013085,0.5957082140859495,0.0759803414898582,76.83492689999548
34,60,125,China,0.1,6535251342.723696,7059378969.013085,0.5968266066414334,0.07424557154248707,77.0026269000009
34,70,125,China,0.1,6460725843.731953,7059378969.013085,0.5900206249983518,0.08480251986880165,76.98874849999993
34,80,125,China,0.1,6295611963.869607,7059378969.013085,0.5749417318602381,0.10819181240956306,77.06000249999488
34,90,125,China,0.1,6017153335.697168,7059378969.013085,0.5495117201549925,0.14763701423180886,77.10240789999807
34,100,125,China,0.1,5759925260.179974,7059378969.013085,0.5260205717059336,0.18407479107397712,76.68835560000298
34,110,125,China,0.1,5787283767.502442,7059378969.013085,0.5285190655253372,0.18019930748787727,76.91333390000364
34,120,125,China,0.1,6158258819.585017,7059378969.013085,0.5623980657155266,0.127648643511491,76.82180439999502
34,130,125,China,0.1,6487589695.469908,7059378969.013085,0.5924739447917724,0.08099710697683579,76.73949970000103
34,140,125,China,0.1,6575923091.615019,7059378969.013085,0.6005409216086776,0.06848419379667538,77.12400839999464
34,150,125,China,0.1,6569042540.8559885,7059378969.013085,0.5999125608087661,0.06945886179356749,77.20010670000192
34,160,125,China,0.1,6551283454.064768,7059378969.013085,0.5982907263986089,0.07197453447089132,76.80350360000011
34,170,125,China,0.1,6520229496.614124,7059378969.013085,0.5954547485492351,0.0763734989671953,77.07227150000108
32,0,128,China,0.09,3461332042.1430492,4015693787.9686227,0.30869470980870517,0.13804880927088883,79.39583820000553
32,10,128,China,0.09,3481764078.7650914,4015693787.9686227,0.3105169162711447,0.13296076279601607,79.46528189999663
32,20,128,China,0.09,3479903983.982707,4015693787.9686227,0.3103510259687774,0.13342396912612953,79.48431800000253
32,30,128,China,0.09,3447249057.6824193,4015693787.9686227,0.30743873588063814,0.14155579590986608,79.69655590000184
32,40,128,China,0.09,3371873103.674201,4015693787.9686227,0.30071642263076137,0.16032613996200756,79.87066589999449
32,50,128,China,0.09,3260744528.4886947,4015693787.9686227,0.2908055551234923,0.1879997079811771,79.69161009999516
32,60,128,China,0.09,3190345656.0788093,4015693787.9686227,0.2845271168734669,0.20553064438394933,79.49325569999928
32,70,128,China,0.09,3186480433.97105,4015693787.9686227,0.2841824017168816,0.20649317347900634,79.59825580000324
32,80,128,China,0.09,3214560585.1522183,4015693787.9686227,0.286686696021709,0.19950057078970287,79.48409269999684
32,90,128,China,0.09,3239917094.09864,4015693787.9686227,0.2889480855895619,0.19318621758319296,79.81117399999494
32,100,128,China,0.09,3220428042.729126,4015693787.9686227,0.2872099781258139,0.19803943906833332,79.81392000000051
32,110,128,China,0.09,3173120844.067586,4015693787.9686227,0.28299094285705495,0.20982001825573965,79.4273153000031
32,120,128,China,0.09,3166740480.8388963,4015693787.9686227,0.2824219178830351,0.21140887526665164,79.620857599999
32,130,128,China,0.09,3177484359.2317724,4015693787.9686227,0.28338009767692035,0.2087334027430579,79.74032699999952
32,140,128,China,0.09,3232061467.0518684,4015693787.9686227,0.28824749099706304,0.1951424491739352,79.64878409999801
32,150,128,China,0.09,3319587898.173564,4015693787.9686227,0.2960534298456732,0.17334635720498762,79.9640492000035
32,160,128,China,0.09,3385087403.823917,4015693787.9686227,0.3018949239997072,0.1570354756714914,79.90387790000386
32,170,128,China,0.09,3431407840.5360684,4015693787.9686227,0.3060259560980369,0.1455006228769552,79.69414269999834
32,0,128,China,0.09,3461332042.1430492,4015693787.9686227,0.30869470980870517,0.13804880927088883,78.78162240000529
32,10,128,China,0.09,3481764078.7650914,4015693787.9686227,0.3105169162711447,0.13296076279601607,79.13715170000069
32,20,128,China,0.09,3479903983.982707,4015693787.9686227,0.3103510259687774,0.13342396912612953,79.30857950000063
32,30,128,China,0.09,3447249057.6824193,4015693787.9686227,0.30743873588063814,0.14155579590986608,78.83646270000463
32,40,128,China,0.09,3371873103.674201,4015693787.9686227,0.30071642263076137,0.16032613996200756,79.21616989999893
32,50,128,China,0.09,3260744528.4886947,4015693787.9686227,0.2908055551234923,0.1879997079811771,79.21009069999855
32,60,128,China,0.09,3190345656.0788093,4015693787.9686227,0.2845271168734669,0.20553064438394933,78.7955895999985
32,70,128,China,0.09,3186480433.97105,4015693787.9686227,0.2841824017168816,0.20649317347900634,79.2777911000012
32,80,128,China,0.09,3214560585.1522183,4015693787.9686227,0.286686696021709,0.19950057078970287,79.4919091000047
32,90,128,China,0.09,3239917094.09864,4015693787.9686227,0.2889480855895619,0.19318621758319296,79.01444520000223
32,100,128,China,0.09,3220428042.729126,4015693787.9686227,0.2872099781258139,0.19803943906833332,79.36509249999654
32,110,128,China,0.09,3173120844.067586,4015693787.9686227,0.28299094285705495,0.20982001825573965,78.83824430000095
32,120,128,China,0.09,3166740480.8388963,4015693787.9686227,0.2824219178830351,0.21140887526665164,79.36849259999872
32,130,128,China,0.09,3177484359.2317724,4015693787.9686227,0.28338009767692035,0.2087334027430579,79.15547579999838
32,140,128,China,0.09,3232061467.0518684,4015693787.9686227,0.28824749099706304,0.1951424491739352,78.9370607000019
32,150,128,China,0.09,3319587898.173564,4015693787.9686227,0.2960534298456732,0.17334635720498762,79.09088530000008
32,160,128,China,0.09,3385087403.823917,4015693787.9686227,0.3018949239997072,0.1570354756714914,79.1501591999986
32,170,128,China,0.09,3431407840.5360684,4015693787.9686227,0.3060259560980369,0.1455006228769552,79.22119850000308
32,0,128,China,0.09,3461332042.1430492,4015693787.9686227,0.30869470980870517,0.13804880927088883,79.21606029999384
32,10,128,China,0.09,3481764078.7650914,4015693787.9686227,0.3105169162711447,0.13296076279601607,79.52981230000296
32,20,128,China,0.09,3479903983.982707,4015693787.9686227,0.3103510259687774,0.13342396912612953,79.65469719999965
32,30,128,China,0.09,3447249057.6824193,4015693787.9686227,0.30743873588063814,0.14155579590986608,79.31089480000082
32,40,128,China,0.09,3371873103.674201,4015693787.9686227,0.30071642263076137,0.16032613996200756,79.47703270000056
32,50,128,China,0.09,3260744528.4886947,4015693787.9686227,0.2908055551234923,0.1879997079811771,79.14081609999994
32,60,128,China,0.09,3190345656.0788093,4015693787.9686227,0.2845271168734669,0.20553064438394933,79.68050569999468
32,70,128,China,0.09,3186480433.97105,4015693787.9686227,0.2841824017168816,0.20649317347900634,79.77834370000346
32,80,128,China,0.09,3214560585.1522183,4015693787.9686227,0.286686696021709,0.19950057078970287,79.21026310000161
32,90,128,China,0.09,3239917094.09864,4015693787.9686227,0.2889480855895619,0.19318621758319296,79.96180810000078
32,100,128,China,0.09,3220428042.729126,4015693787.9686227,0.2872099781258139,0.19803943906833332,79.46519309999712
32,110,128,China,0.09,3173120844.067586,4015693787.9686227,0.28299094285705495,0.20982001825573965,79.18123200000264
32,120,128,China,0.09,3166740480.8388963,4015693787.9686227,0.2824219178830351,0.21140887526665164,79.41131370000221
32,130,128,China,0.09,3177484359.2317724,4015693787.9686227,0.28338009767692035,0.2087334027430579,79.45358739999938
32,140,128,China,0.09,3232061467.0518684,4015693787.9686227,0.28824749099706304,0.1951424491739352,79.42613970000093
32,150,128,China,0.09,3319587898.173564,4015693787.9686227,0.2960534298456732,0.17334635720498762,79.51860250000027
32,160,128,China,0.09,3385087403.823917,4015693787.9686227,0.3018949239997072,0.1570354756714914,79.31422900000325
32,170,128,China,0.09,3431407840.5360684,4015693787.9686227,0.3060259560980369,0.1455006228769552,79.60869389999425
32,0,128,China,0.09,3461332042.1430492,4015693787.9686227,0.30869470980870517,0.13804880927088883,78.8468567999953
32,10,128,China,0.09,3481764078.7650914,4015693787.9686227,0.3105169162711447,0.13296076279601607,79.39617140000337
32,20,128,China,0.09,3479903983.982707,4015693787.9686227,0.3103510259687774,0.13342396912612953,79.5449340999985
32,30,128,China,0.09,3447249057.6824193,4015693787.9686227,0.30743873588063814,0.14155579590986608,78.82618670000375
32,40,128,China,0.09,3371873103.674201,4015693787.9686227,0.30071642263076137,0.16032613996200756,79.58240579999983
32,50,128,China,0.09,3260744528.4886947,4015693787.9686227,0.2908055551234923,0.1879997079811771,79.20974879999994
32,60,128,China,0.09,3190345656.0788093,4015693787.9686227,0.2845271168734669,0.20553064438394933,79.05541330000415
32,70,128,China,0.09,3186480433.97105,4015693787.9686227,0.2841824017168816,0.20649317347900634,79.17459419999796
32,80,128,China,0.09,3214560585.1522183,4015693787.9686227,0.286686696021709,0.19950057078970287,79.02176100000361
32,90,128,China,0.09,3239917094.09864,4015693787.9686227,0.2889480855895619,0.19318621758319296,79.41774409999925
32,100,128,China,0.09,3220428042.729126,4015693787.9686227,0.2872099781258139,0.19803943906833332,79.27710200000001
32,110,128,China,0.09,3173120844.067586,4015693787.9686227,0.28299094285705495,0.20982001825573965,79.16639800000121
32,120,128,China,0.09,3166740480.8388963,4015693787.9686227,0.2824219178830351,0.21140887526665164,79.17375720000564
32,130,128,China,0.09,3177484359.2317724,4015693787.9686227,0.28338009767692035,0.2087334027430579,79.19282340000063
32,140,128,China,0.09,3232061467.0518684,4015693787.9686227,0.28824749099706304,0.1951424491739352,79.23578040000575
32,150,128,China,0.09,3319587898.173564,4015693787.9686227,0.2960534298456732,0.17334635720498762,79.26973859999998
32,160,128,China,0.09,3385087403.823917,4015693787.9686227,0.3018949239997072,0.1570354756714914,79.22149989999889
32,170,128,China,0.09,3431407840.5360684,4015693787.9686227,0.3060259560980369,0.1455006228769552,79.38690930000303
30,0,129,United Kingdom,0.06,4456881438.422522,5620033803.997559,0.3944003255125944,0.2069653682060917,80.34949799999595
30,10,129,United Kingdom,0.06,4462934890.535858,5620033803.997559,0.39493601027714575,0.20588824797435384,80.15560669999832
30,20,129,United Kingdom,0.06,4453092337.4289875,5620033803.997559,0.3940650187098676,0.20763958140937155,80.39917300000525
30,30,129,United Kingdom,0.06,4464213173.714875,5620033803.997559,0.3950491286781773,0.20566079681950353,80.50441190000129
30,40,129,United Kingdom,0.06,4476071959.593552,5620033803.997559,0.39609854160857594,0.20355070526271588,80.30114699999831
30,50,129,United Kingdom,0.06,4479606625.417039,5620033803.997559,0.39641133282158497,0.2029217649490521,80.77749559999938
30,60,129,United Kingdom,0.06,4474263245.812815,5620033803.997559,0.3959384841078913,0.20387253851920809,80.33083089999855
30,70,129,United Kingdom,0.06,4480306720.869284,5620033803.997559,0.39647328597830905,0.2027971935538148,80.17938300000242
30,80,129,United Kingdom,0.06,4473900914.323328,5620033803.997559,0.395906420509303,0.2039370099266984,80.44205940000393
30,90,129,United Kingdom,0.06,4458991704.668274,5620033803.997559,0.39458706812752414,0.20658987825009692,80.63144499999908
30,100,129,United Kingdom,0.06,4445163728.980685,5620033803.997559,0.3933633967807056,0.2090503573450363,80.40393119999499
30,110,129,United Kingdom,0.06,4440459572.426269,5620033803.997559,0.3929471144761485,0.2098873908431392,80.62103280000156
30,120,129,United Kingdom,0.06,4432137263.786784,5620033803.997559,0.39221065305535946,0.21136821977224007,80.73388120000163
30,130,129,United Kingdom,0.06,4407964479.184126,5620033803.997559,0.3900715442979121,0.215669401125538,80.68432190000021
30,140,129,United Kingdom,0.06,4404609554.560298,5620033803.997559,0.3897746588227229,0.21626635921170495,80.72667170000204
30,150,129,United Kingdom,0.06,4413708244.167089,5620033803.997559,0.39057982409180997,0.2146473850339483,80.62695209999947
30,160,129,United Kingdom,0.06,4419151762.121226,5620033803.997559,0.3910615342926999,0.213678793359239,81.06254590000026
30,170,129,United Kingdom,0.06,4429657961.053361,5620033803.997559,0.39199125350017355,0.21180937418872414,80.53998530000536
30,0,129,United Kingdom,0.06,4456881438.422522,5620033803.997559,0.3944003255125944,0.2069653682060917,79.78506480000215
30,10,129,United Kingdom,0.06,4462934890.535858,5620033803.997559,0.39493601027714575,0.20588824797435384,79.55753980000009
30,20,129,United Kingdom,0.06,4453092337.4289875,5620033803.997559,0.3940650187098676,0.20763958140937155,79.91235849999794
30,30,129,United Kingdom,0.06,4464213173.714875,5620033803.997559,0.3950491286781773,0.20566079681950353,80.0145302000019
30,40,129,United Kingdom,0.06,4476071959.593552,5620033803.997559,0.39609854160857594,0.20355070526271588,79.83788579999964
30,50,129,United Kingdom,0.06,4479606625.417039,5620033803.997559,0.39641133282158497,0.2029217649490521,79.9463367999997
30,60,129,United Kingdom,0.06,4474263245.812815,5620033803.997559,0.3959384841078913,0.20387253851920809,80.062955100002
30,70,129,United Kingdom,0.06,4480306720.869284,5620033803.997559,0.39647328597830905,0.2027971935538148,79.88216079999984
30,80,129,United Kingdom,0.06,4473900914.323328,5620033803.997559,0.395906420509303,0.2039370099266984,80.45214809999743
30,90,129,United Kingdom,0.06,4458991704.668274,5620033803.997559,0.39458706812752414,0.20658987825009692,80.29657340000267
30,100,129,United Kingdom,0.06,4445163728.980685,5620033803.997559,0.3933633967807056,0.2090503573450363,80.0235571000012
30,110,129,United Kingdom,0.06,4440459572.426269,5620033803.997559,0.3929471144761485,0.2098873908431392,79.85674969999673
30,120,129,United Kingdom,0.06,4432137263.786784,5620033803.997559,0.39221065305535946,0.21136821977224007,80.40059560000373
30,130,129,United Kingdom,0.06,4407964479.184126,5620033803.997559,0.3900715442979121,0.215669401125538,80.44256399999722
30,140,129,United Kingdom,0.06,4404609554.560298,5620033803.997559,0.3897746588227229,0.21626635921170495,80.18233110000438
30,150,129,United Kingdom,0.06,4413708244.167089,5620033803.997559,0.39057982409180997,0.2146473850339483,79.9167610000004
30,160,129,United Kingdom,0.06,4419151762.121226,5620033803.997559,0.3910615342926999,0.213678793359239,80.2772643999997
30,170,129,United Kingdom,0.06,4429657961.053361,5620033803.997559,0.39199125350017355,0.21180937418872414,80.65655819999665
30,0,129,United Kingdom,0.06,4456881438.422522,5620033803.997559,0.3944003255125944,0.2069653682060917,80.28660669999954
30,10,129,United Kingdom,0.06,4462934890.535858,5620033803.997559,0.39493601027714575,0.20588824797435384,80.16351840000425
30,20,129,United Kingdom,0.06,4453092337.4289875,5620033803.997559,0.3940650187098676,0.20763958140937155,80.48638760000176
30,30,129,United Kingdom,0.06,4464213173.714875,5620033803.997559,0.3950491286781773,0.20566079681950353,80.53496819999418
30,40,129,United Kingdom,0.06,4476071959.593552,5620033803.997559,0.39609854160857594,0.20355070526271588,80.12821339999937
30,50,129,United Kingdom,0.06,4479606625.417039,5620033803.997559,0.39641133282158497,0.2029217649490521,80.53684359999897
30,60,129,United Kingdom,0.06,4474263245.812815,5620033803.997559,0.3959384841078913,0.20387253851920809,80.57774559999962
30,70,129,United Kingdom,0.06,4480306720.869284,5620033803.997559,0.39647328597830905,0.2027971935538148,80.70989160000317
30,80,129,United Kingdom,0.06,4473900914.323328,5620033803.997559,0.395906420509303,0.2039370099266984,80.67842639999435
30,90,129,United Kingdom,0.06,4458991704.668274,5620033803.997559,0.39458706812752414,0.20658987825009692,80.14630149999721
30,100,129,United Kingdom,0.06,4445163728.980685,5620033803.997559,0.3933633967807056,0.2090503573450363,80.51822459999676
30,110,129,United Kingdom,0.06,4440459572.426269,5620033803.997559,0.3929471144761485,0.2098873908431392,80.80907369999477
30,120,129,United Kingdom,0.06,4432137263.786784,5620033803.997559,0.39221065305535946,0.21136821977224007,80.59404809999978
30,130,129,United Kingdom,0.06,4407964479.184126,5620033803.997559,0.3900715442979121,0.215669401125538,80.96881199999916
30,140,129,United Kingdom,0.06,4404609554.560298,5620033803.997559,0.3897746588227229,0.21626635921170495,80.43827070000407
30,150,129,United Kingdom,0.06,4413708244.167089,5620033803.997559,0.39057982409180997,0.2146473850339483,80.6714387999964
30,160,129,United Kingdom,0.06,4419151762.121226,5620033803.997559,0.3910615342926999,0.213678793359239,80.62396440000157
30,170,129,United Kingdom,0.06,4429657961.053361,5620033803.997559,0.39199125350017355,0.21180937418872414,80.04641490000358
30,0,129,United Kingdom,0.06,4456881438.422522,5620033803.997559,0.3944003255125944,0.2069653682060917,80.06150090000301
30,10,129,United Kingdom,0.06,4462934890.535858,5620033803.997559,0.39493601027714575,0.20588824797435384,80.17743179999525
30,20,129,United Kingdom,0.06,4453092337.4289875,5620033803.997559,0.3940650187098676,0.20763958140937155,80.76254260000132
30,30,129,United Kingdom,0.06,4464213173.714875,5620033803.997559,0.3950491286781773,0.20566079681950353,80.4957132999989
30,40,129,United Kingdom,0.06,4476071959.593552,5620033803.997559,0.39609854160857594,0.20355070526271588,80.03926439999486
30,50,129,United Kingdom,0.06,4479606625.417039,5620033803.997559,0.39641133282158497,0.2029217649490521,80.05957350000244
30,60,129,United Kingdom,0.06,4474263245.812815,5620033803.997559,0.3959384841078913,0.20387253851920809,80.58139120000124
30,70,129,United Kingdom,0.06,4480306720.869284,5620033803.997559,0.39647328597830905,0.2027971935538148,80.28314690000116
30,80,129,United Kingdom,0.06,4473900914.323328,5620033803.997559,0.395906420509303,0.2039370099266984,80.47147889999906
30,90,129,United Kingdom,0.06,4458991704.668274,5620033803.997559,0.39458706812752414,0.20658987825009692,79.95133129999886
30,100,129,United Kingdom,0.06,4445163728.980685,5620033803.997559,0.3933633967807056,0.2090503573450363,80.16582149999886
30,110,129,United Kingdom,0.06,4440459572.426269,5620033803.997559,0.3929471144761485,0.2098873908431392,80.34641549999651
30,120,129,United Kingdom,0.06,4432137263.786784,5620033803.997559,0.39221065305535946,0.21136821977224007,80.26853850000043
30,130,129,United Kingdom,0.06,4407964479.184126,5620033803.997559,0.3900715442979121,0.215669401125538,76.46752449999622
30,140,129,United Kingdom,0.06,4404609554.560298,5620033803.997559,0.3897746588227229,0.21626635921170495,76.434788999999
30,150,129,United Kingdom,0.06,4413708244.167089,5620033803.997559,0.39057982409180997,0.2146473850339483,76.67049649999535
30,160,129,United Kingdom,0.06,4419151762.121226,5620033803.997559,0.3910615342926999,0.213678793359239,76.43153840000014
30,170,129,United Kingdom,0.06,4429657961.053361,5620033803.997559,0.39199125350017355,0.21180937418872414,76.30748939999467
31,0,129,Netherlands,0.06,4961618387.959924,5971825119.452576,0.4390657311210155,0.16916214244151467,80.64294939999672
31,10,129,Netherlands,0.06,4956365653.921127,5971825119.452576,0.4386009038548306,0.170041728486606,80.90786990000197
31,20,129,Netherlands,0.06,4950785523.059912,5971825119.452576,0.4381071044440827,0.1709761381100625,80.86569240000244
31,30,129,Netherlands,0.06,4963458005.1078615,5971825119.452576,0.4392285233361528,0.16885409304101473,80.65718019999622
31,40,129,Netherlands,0.06,4962322644.653523,5971825119.452576,0.43912805251615195,0.16904421254914295,80.80035969999881
31,50,129,Netherlands,0.06,4959476068.1226,5971825119.452576,0.4388761520054688,0.16952088031385218,81.13282030000119
31,60,129,Netherlands,0.06,4961616799.34961,5971825119.452576,0.4390655905410083,0.16916240845906905,80.35165020000568
31,70,129,Netherlands,0.06,4952772748.282529,5971825119.452576,0.4382829588583173,0.17064337129541748,78.54016730000149
31,80,129,Netherlands,0.06,4945377010.235635,5971825119.452576,0.43762849193264264,0.17188180977929127,76.43706530000054
31,90,129,Netherlands,0.06,4957266760.753938,5971825119.452576,0.43868064499964055,0.1698908354489189,77.79361999999674
31,100,129,Netherlands,0.06,4958423071.068803,5971825119.452576,0.4387829697239746,0.16969720782390715,76.6312029000037
31,110,129,Netherlands,0.06,4957550232.968673,5971825119.452576,0.4387057301483729,0.16984336717765092,76.69761450000078
31,120,129,Netherlands,0.06,4959241995.037134,5971825119.452576,0.43885543830635504,0.16956007655298902,76.64283519999299
31,130,129,Netherlands,0.06,4957259463.352153,5971825119.452576,0.4386799992347309,0.1698920574207012,76.73138050000125
31,140,129,Netherlands,0.06,4946654775.655829,5971825119.452576,0.43774156451593127,0.17166784413317204,76.64170500000182
31,150,129,Netherlands,0.06,4953428100.497581,5971825119.452576,0.4383409525766858,0.17053363060443227,76.67271489999985
31,160,129,Netherlands,0.06,4957577302.539786,5971825119.452576,0.43870812560084477,0.16983883429690305,76.67966799999704
31,170,129,Netherlands,0.06,4954575130.031719,5971825119.452576,0.4384424560220629,0.1703415570739462,76.89862740000535
31,0,129,Netherlands,0.06,4961618387.959924,5971825119.452576,0.4390657311210155,0.16916214244151467,79.89152689999901
31,10,129,Netherlands,0.06,4956365653.921127,5971825119.452576,0.4386009038548306,0.170041728486606,77.39976300000126
31,20,129,Netherlands,0.06,4950785523.059912,5971825119.452576,0.4381071044440827,0.1709761381100625,76.32459400000516
31,30,129,Netherlands,0.06,4963458005.1078615,5971825119.452576,0.4392285233361528,0.16885409304101473,76.60982049999438
31,40,129,Netherlands,0.06,4962322644.653523,5971825119.452576,0.43912805251615195,0.16904421254914295,76.22314310000365
31,50,129,Netherlands,0.06,4959476068.1226,5971825119.452576,0.4388761520054688,0.16952088031385218,76.08817129999807
31,60,129,Netherlands,0.06,4961616799.34961,5971825119.452576,0.4390655905410083,0.16916240845906905,76.07465909999883
31,70,129,Netherlands,0.06,4952772748.282529,5971825119.452576,0.4382829588583173,0.17064337129541748,76.11028130000341
31,80,129,Netherlands,0.06,4945377010.235635,5971825119.452576,0.43762849193264264,0.17188180977929127,75.92192810000415
31,90,129,Netherlands,0.06,4957266760.753938,5971825119.452576,0.43868064499964055,0.1698908354489189,76.13772130000143
31,100,129,Netherlands,0.06,4958423071.068803,5971825119.452576,0.4387829697239746,0.16969720782390715,76.11327060000622
31,110,129,Netherlands,0.06,4957550232.968673,5971825119.452576,0.4387057301483729,0.16984336717765092,76.18960810000135
31,120,129,Netherlands,0.06,4959241995.037134,5971825119.452576,0.43885543830635504,0.16956007655298902,76.33846540000377
31,130,129,Netherlands,0.06,4957259463.352153,5971825119.452576,0.4386799992347309,0.1698920574207012,76.22310930000094
31,140,129,Netherlands,0.06,4946654775.655829,5971825119.452576,0.43774156451593127,0.17166784413317204,76.49275679999846
31,150,129,Netherlands,0.06,4953428100.497581,5971825119.452576,0.4383409525766858,0.17053363060443227,76.21916049999709
31,160,129,Netherlands,0.06,4957577302.539786,5971825119.452576,0.43870812560084477,0.16983883429690305,76.46545950000291
31,170,129,Netherlands,0.06,4954575130.031719,5971825119.452576,0.4384424560220629,0.1703415570739462,80.35521639999934
31,0,129,Netherlands,0.06,4961618387.959924,5971825119.452576,0.4390657311210155,0.16916214244151467,76.42512220000208
31,10,129,Netherlands,0.06,4956365653.921127,5971825119.452576,0.4386009038548306,0.170041728486606,76.79447709999658
31,20,129,Netherlands,0.06,4950785523.059912,5971825119.452576,0.4381071044440827,0.1709761381100625,76.92692659999739
31,30,129,Netherlands,0.06,4963458005.1078615,5971825119.452576,0.4392285233361528,0.16885409304101473,76.76517790000071
31,40,129,Netherlands,0.06,4962322644.653523,5971825119.452576,0.43912805251615195,0.16904421254914295,76.41197259999899
31,50,129,Netherlands,0.06,4959476068.1226,5971825119.452576,0.4388761520054688,0.16952088031385218,76.30442019999464
31,60,129,Netherlands,0.06,4961616799.34961,5971825119.452576,0.4390655905410083,0.16916240845906905,76.44002760000149
31,70,129,Netherlands,0.06,4952772748.282529,5971825119.452576,0.4382829588583173,0.17064337129541748,76.40505410000333
31,80,129,Netherlands,0.06,4945377010.235635,5971825119.452576,0.43762849193264264,0.17188180977929127,76.8553438999952
31,90,129,Netherlands,0.06,4957266760.753938,5971825119.452576,0.43868064499964055,0.1698908354489189,76.43444969999837
31,100,129,Netherlands,0.06,4958423071.068803,5971825119.452576,0.4387829697239746,0.16969720782390715,76.32354289999785
31,110,129,Netherlands,0.06,4957550232.968673,5971825119.452576,0.4387057301483729,0.16984336717765092,76.88302169999952
31,120,129,Netherlands,0.06,4959241995.037134,5971825119.452576,0.43885543830635504,0.16956007655298902,76.83768650000275
31,130,129,Netherlands,0.06,4957259463.352153,5971825119.452576,0.4386799992347309,0.1698920574207012,76.77542080000421
31,140,129,Netherlands,0.06,4946654775.655829,5971825119.452576,0.43774156451593127,0.17166784413317204,76.59311699999671
31,150,129,Netherlands,0.06,4953428100.497581,5971825119.452576,0.4383409525766858,0.17053363060443227,77.22473879999598
31,160,129,Netherlands,0.06,4957577302.539786,5971825119.452576,0.43870812560084477,0.16983883429690305,88.68144500000199
31,170,129,Netherlands,0.06,4954575130.031719,5971825119.452576,0.4384424560220629,0.1703415570739462,98.6820424999969
31,0,129,Netherlands,0.06,4961618387.959924,5971825119.452576,0.4390657311210155,0.16916214244151467,76.23129689999769
31,10,129,Netherlands,0.06,4956365653.921127,5971825119.452576,0.4386009038548306,0.170041728486606,76.23271620000014
31,20,129,Netherlands,0.06,4950785523.059912,5971825119.452576,0.4381071044440827,0.1709761381100625,75.94943670000066
31,30,129,Netherlands,0.06,4963458005.1078615,5971825119.452576,0.4392285233361528,0.16885409304101473,76.38510079999833
31,40,129,Netherlands,0.06,4962322644.653523,5971825119.452576,0.43912805251615195,0.16904421254914295,76.25063080000109
31,50,129,Netherlands,0.06,4959476068.1226,5971825119.452576,0.4388761520054688,0.16952088031385218,76.0810868999979
31,60,129,Netherlands,0.06,4961616799.34961,5971825119.452576,0.4390655905410083,0.16916240845906905,76.47526549999748
31,70,129,Netherlands,0.06,4952772748.282529,5971825119.452576,0.4382829588583173,0.17064337129541748,76.2794672999953
31,80,129,Netherlands,0.06,4945377010.235635,5971825119.452576,0.43762849193264264,0.17188180977929127,76.72023129999434
31,90,129,Netherlands,0.06,4957266760.753938,5971825119.452576,0.43868064499964055,0.1698908354489189,76.4572640999977
31,100,129,Netherlands,0.06,4958423071.068803,5971825119.452576,0.4387829697239746,0.16969720782390715,76.4666595000017
31,110,129,Netherlands,0.06,4957550232.968673,5971825119.452576,0.4387057301483729,0.16984336717765092,80.65645220000442
31,120,129,Netherlands,0.06,4959241995.037134,5971825119.452576,0.43885543830635504,0.16956007655298902,101.17377000000124
31,130,129,Netherlands,0.06,4957259463.352153,5971825119.452576,0.4386799992347309,0.1698920574207012,96.67593710000074
31,140,129,Netherlands,0.06,4946654775.655829,5971825119.452576,0.43774156451593127,0.17166784413317204,117.4320080000034
31,150,129,Netherlands,0.06,4953428100.497581,5971825119.452576,0.4383409525766858,0.17053363060443227,115.35843160000513
31,160,129,Netherlands,0.06,4957577302.539786,5971825119.452576,0.43870812560084477,0.16983883429690305,112.48704559999896
31,170,129,Netherlands,0.06,4954575130.031719,5971825119.452576,0.4384424560220629,0.1703415570739462,113.08026480000262
29,0,131,Sweden,0.07,5081782072.723261,6050864257.083629,0.44283367080791075,0.16015599477808184,78.4498476000008
29,10,131,Sweden,0.07,5079540732.914829,6050864257.083629,0.44263835728980006,0.16052641125301892,78.16470429999754
29,20,131,Sweden,0.07,5069449090.615033,6050864257.083629,0.44175895731944587,0.16219421305306458,78.32070599999861
29,30,131,Sweden,0.07,5064898807.220007,6050864257.083629,0.4413624391944654,0.16294621858511718,78.24084009999933
29,40,131,Sweden,0.07,5063781105.846712,6050864257.083629,0.44126504111738923,0.16313093622640065,78.42901490000077
29,50,131,Sweden,0.07,5055186912.758421,6050864257.083629,0.4405161309873489,0.16455126111275553,82.44255079999857
29,60,131,Sweden,0.07,5042966566.9072485,6050864257.083629,0.4394512327814884,0.16657086448377253,101.5912943000003
29,70,131,Sweden,0.07,5036975549.737357,6050864257.083629,0.43892916707948665,0.16756097381615062,97.78016720000596
29,80,131,Sweden,0.07,5032706851.157436,6050864257.083629,0.43855718665319776,0.16826644305137986,120.21881389999908
29,90,131,Sweden,0.07,5026336697.813469,6050864257.083629,0.43800208248923533,0.16931921056909602,118.1757820999992
29,100,131,Sweden,0.07,5026905726.5487385,6050864257.083629,0.43805166845731275,0.16922516966665743,115.41546980000567
29,110,131,Sweden,0.07,5033645814.882203,6050864257.083629,0.4386390092790097,0.16811126460333128,115.89812009999878
29,120,131,Sweden,0.07,5042845066.95283,6050864257.083629,0.4394406451037706,0.1665909442524231,118.49129819999507
29,130,131,Sweden,0.07,5053700138.5756035,6050864257.083629,0.44038657138411963,0.1647969738109171,117.01295100000425
29,140,131,Sweden,0.07,5062080275.865036,6050864257.083629,0.4411168283893684,0.1634120249947836,118.39170000000013
29,150,131,Sweden,0.07,5064452598.373953,6050864257.083629,0.44132355592508915,0.16301996157902615,107.72045319999597
29,160,131,Sweden,0.07,5068635778.687569,6050864257.083629,0.4416880841688076,0.16232862557545963,147.27233749999868
29,170,131,Sweden,0.07,5074170633.918545,6050864257.083629,0.44217039927485663,0.16141390414132786,162.28628899999603
29,0,131,Sweden,0.07,5081782072.723261,6050864257.083629,0.44283367080791075,0.16015599477808184,98.28331339999568
29,10,131,Sweden,0.07,5079540732.914829,6050864257.083629,0.44263835728980006,0.16052641125301892,96.91707329999917
29,20,131,Sweden,0.07,5069449090.615033,6050864257.083629,0.44175895731944587,0.16219421305306458,117.74372339999536
29,30,131,Sweden,0.07,5064898807.220007,6050864257.083629,0.4413624391944654,0.16294621858511718,117.80489880000096
29,40,131,Sweden,0.07,5063781105.846712,6050864257.083629,0.44126504111738923,0.16313093622640065,115.44280440000148
29,50,131,Sweden,0.07,5055186912.758421,6050864257.083629,0.4405161309873489,0.16455126111275553,114.93119070000103
29,60,131,Sweden,0.07,5042966566.9072485,6050864257.083629,0.4394512327814884,0.16657086448377253,116.88438480000332
29,70,131,Sweden,0.07,5036975549.737357,6050864257.083629,0.43892916707948665,0.16756097381615062,117.0170896999989
29,80,131,Sweden,0.07,5032706851.157436,6050864257.083629,0.43855718665319776,0.16826644305137986,117.97894819999783
29,90,131,Sweden,0.07,5026336697.813469,6050864257.083629,0.43800208248923533,0.16931921056909602,106.30420150000282
29,100,131,Sweden,0.07,5026905726.5487385,6050864257.083629,0.43805166845731275,0.16922516966665743,138.01223839999875
29,110,131,Sweden,0.07,5033645814.882203,6050864257.083629,0.4386390092790097,0.16811126460333128,160.11453709999478
29,120,131,Sweden,0.07,5042845066.95283,6050864257.083629,0.4394406451037706,0.1665909442524231,160.59973750000063
29,130,131,Sweden,0.07,5053700138.5756035,6050864257.083629,0.44038657138411963,0.1647969738109171,149.93178749999788
29,140,131,Sweden,0.07,5062080275.865036,6050864257.083629,0.4411168283893684,0.1634120249947836,159.17249420000007
29,150,131,Sweden,0.07,5064452598.373953,6050864257.083629,0.44132355592508915,0.16301996157902615,160.44231189999846
29,160,131,Sweden,0.07,5068635778.687569,6050864257.083629,0.4416880841688076,0.16232862557545963,159.07349480000266
29,170,131,Sweden,0.07,5074170633.918545,6050864257.083629,0.44217039927485663,0.16141390414132786,159.32075880000048
29,0,131,Sweden,0.07,5081782072.723261,6050864257.083629,0.44283367080791075,0.16015599477808184,99.71810740000365
29,10,131,Sweden,0.07,5079540732.914829,6050864257.083629,0.44263835728980006,0.16052641125301892,109.6155523999987
29,20,131,Sweden,0.07,5069449090.615033,6050864257.083629,0.44175895731944587,0.16219421305306458,120.23825590000342
29,30,131,Sweden,0.07,5064898807.220007,6050864257.083629,0.4413624391944654,0.16294621858511718,115.02031510000234
29,40,131,Sweden,0.07,5063781105.846712,6050864257.083629,0.44126504111738923,0.16313093622640065,114.85131730000285
29,50,131,Sweden,0.07,5055186912.758421,6050864257.083629,0.4405161309873489,0.16455126111275553,114.92346969999926
29,60,131,Sweden,0.07,5042966566.9072485,6050864257.083629,0.4394512327814884,0.16657086448377253,117.54250019999745
29,70,131,Sweden,0.07,5036975549.737357,6050864257.083629,0.43892916707948665,0.16756097381615062,118.08947970000008
29,80,131,Sweden,0.07,5032706851.157436,6050864257.083629,0.43855718665319776,0.16826644305137986,108.62127599999803
29,90,131,Sweden,0.07,5026336697.813469,6050864257.083629,0.43800208248923533,0.16931921056909602,123.33948880000389
29,100,131,Sweden,0.07,5026905726.5487385,6050864257.083629,0.43805166845731275,0.16922516966665743,161.61622409999836
29,110,131,Sweden,0.07,5033645814.882203,6050864257.083629,0.4386390092790097,0.16811126460333128,159.3940122999993
29,120,131,Sweden,0.07,5042845066.95283,6050864257.083629,0.4394406451037706,0.1665909442524231,148.4280151999992
29,130,131,Sweden,0.07,5053700138.5756035,6050864257.083629,0.44038657138411963,0.1647969738109171,159.3375229000012
29,140,131,Sweden,0.07,5062080275.865036,6050864257.083629,0.4411168283893684,0.1634120249947836,159.31358800000453
29,150,131,Sweden,0.07,5064452598.373953,6050864257.083629,0.44132355592508915,0.16301996157902615,159.0157429000028
29,160,131,Sweden,0.07,5068635778.687569,6050864257.083629,0.4416880841688076,0.16232862557545963,160.13136769999983
29,170,131,Sweden,0.07,5074170633.918545,6050864257.083629,0.44217039927485663,0.16141390414132786,163.62061790000007
29,0,131,Sweden,0.07,5081782072.723261,6050864257.083629,0.44283367080791075,0.16015599477808184,105.88982280000346
29,10,131,Sweden,0.07,5079540732.914829,6050864257.083629,0.44263835728980006,0.16052641125301892,120.42219309999928
29,20,131,Sweden,0.07,5069449090.615033,6050864257.083629,0.44175895731944587,0.16219421305306458,116.99648600000364
29,30,131,Sweden,0.07,5064898807.220007,6050864257.083629,0.4413624391944654,0.16294621858511718,114.17274480000196
29,40,131,Sweden,0.07,5063781105.846712,6050864257.083629,0.44126504111738923,0.16313093622640065,114.92806270000438
29,50,131,Sweden,0.07,5055186912.758421,6050864257.083629,0.4405161309873489,0.16455126111275553,118.94587200000387
29,60,131,Sweden,0.07,5042966566.9072485,6050864257.083629,0.4394512327814884,0.16657086448377253,118.50061280000227
29,70,131,Sweden,0.07,5036975549.737357,6050864257.083629,0.43892916707948665,0.16756097381615062,111.9178236000007
29,80,131,Sweden,0.07,5032706851.157436,6050864257.083629,0.43855718665319776,0.16826644305137986,115.48901029999979
29,90,131,Sweden,0.07,5026336697.813469,6050864257.083629,0.43800208248923533,0.16931921056909602,159.84861120000278
29,100,131,Sweden,0.07,5026905726.5487385,6050864257.083629,0.43805166845731275,0.16922516966665743,159.33480599999893
29,110,131,Sweden,0.07,5033645814.882203,6050864257.083629,0.4386390092790097,0.16811126460333128,149.88845440000296
29,120,131,Sweden,0.07,5042845066.95283,6050864257.083629,0.4394406451037706,0.1665909442524231,159.52822520000336
29,130,131,Sweden,0.07,5053700138.5756035,6050864257.083629,0.44038657138411963,0.1647969738109171,160.33006219999515
29,140,131,Sweden,0.07,5062080275.865036,6050864257.083629,0.4411168283893684,0.1634120249947836,159.143682599999
29,150,131,Sweden,0.07,5064452598.373953,6050864257.083629,0.44132355592508915,0.16301996157902615,161.41200620000018
29,160,131,Sweden,0.07,5068635778.687569,6050864257.083629,0.4416880841688076,0.16232862557545963,161.069462499996
29,170,131,Sweden,0.07,5074170633.918545,6050864257.083629,0.44217039927485663,0.16141390414132786,168.50787110000238
29,0,131,Sweden,0.07,5081782072.723261,6050864257.083629,0.44283367080791075,0.16015599477808184,118.22539140000299
29,10,131,Sweden,0.07,5079540732.914829,6050864257.083629,0.44263835728980006,0.16052641125301892,117.58220559999609
29,20,131,Sweden,0.07,5069449090.615033,6050864257.083629,0.44175895731944587,0.16219421305306458,115.16579669999919
29,30,131,Sweden,0.07,5064898807.220007,6050864257.083629,0.4413624391944654,0.16294621858511718,114.83616730000358
29,40,131,Sweden,0.07,5063781105.846712,6050864257.083629,0.44126504111738923,0.16313093622640065,116.83538899999985
29,50,131,Sweden,0.07,5055186912.758421,6050864257.083629,0.4405161309873489,0.16455126111275553,116.6765310999981
29,60,131,Sweden,0.07,5042966566.9072485,6050864257.083629,0.4394512327814884,0.16657086448377253,117.91475589999754
29,70,131,Sweden,0.07,5036975549.737357,6050864257.083629,0.43892916707948665,0.16756097381615062,106.00861080000323
29,80,131,Sweden,0.07,5032706851.157436,6050864257.083629,0.43855718665319776,0.16826644305137986,139.3920517000006
29,90,131,Sweden,0.07,5026336697.813469,6050864257.083629,0.43800208248923533,0.16931921056909602,159.45344130000012
29,100,131,Sweden,0.07,5026905726.5487385,6050864257.083629,0.43805166845731275,0.16922516966665743,160.23006760000135
29,110,131,Sweden,0.07,5033645814.882203,6050864257.083629,0.4386390092790097,0.16811126460333128,150.32966470000247
29,120,131,Sweden,0.07,5042845066.95283,6050864257.083629,0.4394406451037706,0.1665909442524231,158.8778641999961
29,130,131,Sweden,0.07,5053700138.5756035,6050864257.083629,0.44038657138411963,0.1647969738109171,160.6226730999988
29,140,131,Sweden,0.07,5062080275.865036,6050864257.083629,0.4411168283893684,0.1634120249947836,158.8260844999968
29,150,131,Sweden,0.07,5064452598.373953,6050864257.083629,0.44132355592508915,0.16301996157902615,160.0995902000068
29,160,131,Sweden,0.07,5068635778.687569,6050864257.083629,0.4416880841688076,0.16232862557545963,166.41305529999954
29,170,131,Sweden,0.07,5074170633.918545,6050864257.083629,0.44217039927485663,0.16141390414132786,164.92470830000093
29,0,131,Sweden,0.07,5081782072.723261,6050864257.083629,0.44283367080791075,0.16015599477808184,117.55526660000032
29,10,131,Sweden,0.07,5079540732.914829,6050864257.083629,0.44263835728980006,0.16052641125301892,116.68499200000224
29,20,131,Sweden,0.07,5069449090.615033,6050864257.083629,0.44175895731944587,0.16219421305306458,117.80725539999548
29,30,131,Sweden,0.07,5064898807.220007,6050864257.083629,0.4413624391944654,0.16294621858511718,106.8116274999993
29,40,131,Sweden,0.07,5063781105.846712,6050864257.083629,0.44126504111738923,0.16313093622640065,143.68731240000488
29,50,131,Sweden,0.07,5055186912.758421,6050864257.083629,0.4405161309873489,0.16455126111275553,160.1353192999959
29,60,131,Sweden,0.07,5042966566.9072485,6050864257.083629,0.4394512327814884,0.16657086448377253,158.33474690000003
29,70,131,Sweden,0.07,5036975549.737357,6050864257.083629,0.43892916707948665,0.16756097381615062,153.0449357000034
29,80,131,Sweden,0.07,5032706851.157436,6050864257.083629,0.43855718665319776,0.16826644305137986,160.56269769999926
29,90,131,Sweden,0.07,5026336697.813469,6050864257.083629,0.43800208248923533,0.16931921056909602,160.75696899999457
29,100,131,Sweden,0.07,5026905726.5487385,6050864257.083629,0.43805166845731275,0.16922516966665743,159.5898845999982
29,110,131,Sweden,0.07,5033645814.882203,6050864257.083629,0.4386390092790097,0.16811126460333128,159.91623059999984
29,120,131,Sweden,0.07,5042845066.95283,6050864257.083629,0.4394406451037706,0.1665909442524231,167.68991000000096
29,130,131,Sweden,0.07,5053700138.5756035,6050864257.083629,0.44038657138411963,0.1647969738109171,164.50161890000163
29,140,131,Sweden,0.07,5062080275.865036,6050864257.083629,0.4411168283893684,0.1634120249947836,164.21398160000535
29,150,131,Sweden,0.07,5064452598.373953,6050864257.083629,0.44132355592508915,0.16301996157902615,173.2221572999988
29,160,131,Sweden,0.07,5068635778.687569,6050864257.083629,0.4416880841688076,0.16232862557545963,160.3129470000058
29,170,131,Sweden,0.07,5074170633.918545,6050864257.083629,0.44217039927485663,0.16141390414132786,167.99589019999985
29,0,131,Sweden,0.07,5081782072.723261,6050864257.083629,0.44283367080791075,0.16015599477808184,152.90460580000217
29,10,131,Sweden,0.07,5079540732.914829,6050864257.083629,0.44263835728980006,0.16052641125301892,160.08502410000074
29,20,131,Sweden,0.07,5069449090.615033,6050864257.083629,0.44175895731944587,0.16219421305306458,151.38188489999447
29,30,131,Sweden,0.07,5064898807.220007,6050864257.083629,0.4413624391944654,0.16294621858511718,156.68614230000094
29,40,131,Sweden,0.07,5063781105.846712,6050864257.083629,0.44126504111738923,0.16313093622640065,159.2108440000011
29,50,131,Sweden,0.07,5055186912.758421,6050864257.083629,0.4405161309873489,0.16455126111275553,159.33245729999908
29,60,131,Sweden,0.07,5042966566.9072485,6050864257.083629,0.4394512327814884,0.16657086448377253,159.92854339999758
29,70,131,Sweden,0.07,5036975549.737357,6050864257.083629,0.43892916707948665,0.16756097381615062,158.83220620000066
29,80,131,Sweden,0.07,5032706851.157436,6050864257.083629,0.43855718665319776,0.16826644305137986,168.0876133999991
29,90,131,Sweden,0.07,5026336697.813469,6050864257.083629,0.43800208248923533,0.16931921056909602,164.43637299999682
29,100,131,Sweden,0.07,5026905726.5487385,6050864257.083629,0.43805166845731275,0.16922516966665743,164.0079775999984
29,110,131,Sweden,0.07,5033645814.882203,6050864257.083629,0.4386390092790097,0.16811126460333128,172.6413756999973
29,120,131,Sweden,0.07,5042845066.95283,6050864257.083629,0.4394406451037706,0.1665909442524231,158.358793899999
29,130,131,Sweden,0.07,5053700138.5756035,6050864257.083629,0.44038657138411963,0.1647969738109171,171.20479660000274
29,140,131,Sweden,0.07,5062080275.865036,6050864257.083629,0.4411168283893684,0.1634120249947836,177.1645309000014
29,150,131,Sweden,0.07,5064452598.373953,6050864257.083629,0.44132355592508915,0.16301996157902615,167.74050059999718
29,160,131,Sweden,0.07,5068635778.687569,6050864257.083629,0.4416880841688076,0.16232862557545963,188.5039717000036
29,170,131,Sweden,0.07,5074170633.918545,6050864257.083629,0.44217039927485663,0.16141390414132786,204.60325719999673
28,0,134,China,0.08,4343157862.462542,4987183844.871234,0.36999572875882075,0.12913620240228396,159.4551508000004
28,10,134,China,0.08,4373193326.223488,4987183844.871234,0.3725544645116445,0.12311367251463315,160.7181167999952
28,20,134,China,0.08,4387499780.438244,4987183844.871234,0.37377323829808523,0.12024502867478983,165.321400300003
28,30,134,China,0.08,4390327468.321125,4987183844.871234,0.37401413040287645,0.11967803776953391,165.16214440000476
28,40,134,China,0.08,4398864799.289089,4987183844.871234,0.37474142977655295,0.11796618369847459,166.1631957999998
28,50,134,China,0.08,4405612354.423443,4987183844.871234,0.3753162572772646,0.11661320467379059,165.9287209000031
28,60,134,China,0.08,4396377473.439267,4987183844.871234,0.374529533278749,0.11846492726341855,173.35796699999628
28,70,134,China,0.08,4372832407.488677,4987183844.871234,0.37252371766924597,0.12318604176069212,170.3701132999995
28,80,134,China,0.08,4352077382.69933,4987183844.871234,0.3707555870220243,0.1273477140460824,168.19933290000336
28,90,134,China,0.08,4313310674.3216505,4987183844.871234,0.36745303229755766,0.13512098039910586,180.77586039999733
28,100,134,China,0.08,4234223420.0146446,4987183844.871234,0.3607155506725486,0.15097907923144355,162.26529410000512
28,110,134,China,0.08,4127056611.133075,4987183844.871234,0.35158595814873195,0.1724675208480041,183.83349329999328
28,120,134,China,0.08,4030650268.522256,4987183844.871234,0.34337305497531656,0.1917983387222965,183.26279480000085
28,130,134,China,0.08,4009487743.1831045,4987183844.871234,0.3415702091582417,0.19604172055810246,174.61848929999542
28,140,134,China,0.08,4050627811.7841363,4987183844.871234,0.34507495159341445,0.1877925623396141,199.0325204000037
28,150,134,China,0.08,4132621365.794708,4987183844.871234,0.35206002230241834,0.17135170983426828,201.8909674000024
28,160,134,China,0.08,4232604656.943566,4987183844.871234,0.3605776474599235,0.15130366383097532,178.75355239999772
28,170,134,China,0.08,4302710139.883457,4987183844.871234,0.366549967617687,0.13724653557572017,180.69600300000457
28,0,134,China,0.08,4343157862.462542,4987183844.871234,0.36999572875882075,0.12913620240228396,163.0672990000021
28,10,134,China,0.08,4373193326.223488,4987183844.871234,0.3725544645116445,0.12311367251463315,163.48607959999936
28,20,134,China,0.08,4387499780.438244,4987183844.871234,0.37377323829808523,0.12024502867478983,162.24281750000227
28,30,134,China,0.08,4390327468.321125,4987183844.871234,0.37401413040287645,0.11967803776953391,164.6541498000006
28,40,134,China,0.08,4398864799.289089,4987183844.871234,0.37474142977655295,0.11796618369847459,164.651557899997
28,50,134,China,0.08,4405612354.423443,4987183844.871234,0.3753162572772646,0.11661320467379059,171.93332570000348
28,60,134,China,0.08,4396377473.439267,4987183844.871234,0.374529533278749,0.11846492726341855,167.19051729999774
28,70,134,China,0.08,4372832407.488677,4987183844.871234,0.37252371766924597,0.12318604176069212,168.5869720000046
28,80,134,China,0.08,4352077382.69933,4987183844.871234,0.3707555870220243,0.1273477140460824,176.9218503000011
28,90,134,China,0.08,4313310674.3216505,4987183844.871234,0.36745303229755766,0.13512098039910586,160.58335880000232
28,100,134,China,0.08,4234223420.0146446,4987183844.871234,0.3607155506725486,0.15097907923144355,183.46479230000114
28,110,134,China,0.08,4127056611.133075,4987183844.871234,0.35158595814873195,0.1724675208480041,181.2204767000003
28,120,134,China,0.08,4030650268.522256,4987183844.871234,0.34337305497531656,0.1917983387222965,173.84945800000423
28,130,134,China,0.08,4009487743.1831045,4987183844.871234,0.3415702091582417,0.19604172055810246,201.54770689999714
28,140,134,China,0.08,4050627811.7841363,4987183844.871234,0.34507495159341445,0.1877925623396141,191.76312589999725
28,150,134,China,0.08,4132621365.794708,4987183844.871234,0.35206002230241834,0.17135170983426828,177.09166019999975
28,160,134,China,0.08,4232604656.943566,4987183844.871234,0.3605776474599235,0.15130366383097532,178.4396254999956
28,170,134,China,0.08,4302710139.883457,4987183844.871234,0.366549967617687,0.13724653557572017,175.52769089999492
28,0,134,China,0.08,4343157862.462542,4987183844.871234,0.36999572875882075,0.12913620240228396,170.95518549999542
28,10,134,China,0.08,4373193326.223488,4987183844.871234,0.3725544645116445,0.12311367251463315,169.6775087999995
28,20,134,China,0.08,4387499780.438244,4987183844.871234,0.37377323829808523,0.12024502867478983,167.6496763000032
28,30,134,China,0.08,4390327468.321125,4987183844.871234,0.37401413040287645,0.11967803776953391,177.65129669999442
28,40,134,China,0.08,4398864799.289089,4987183844.871234,0.37474142977655295,0.11796618369847459,163.7514446999994
28,50,134,China,0.08,4405612354.423443,4987183844.871234,0.3753162572772646,0.11661320467379059,172.5881120999984
28,60,134,China,0.08,4396377473.439267,4987183844.871234,0.374529533278749,0.11846492726341855,183.391240500001
28,70,134,China,0.08,4372832407.488677,4987183844.871234,0.37252371766924597,0.12318604176069212,174.17443579999963
28,80,134,China,0.08,4352077382.69933,4987183844.871234,0.3707555870220243,0.1273477140460824,191.97000699999626
28,90,134,China,0.08,4313310674.3216505,4987183844.871234,0.36745303229755766,0.13512098039910586,210.01677149999887
28,100,134,China,0.08,4234223420.0146446,4987183844.871234,0.3607155506725486,0.15097907923144355,175.7273292000027
28,110,134,China,0.08,4127056611.133075,4987183844.871234,0.35158595814873195,0.1724675208480041,178.70135460000165
28,120,134,China,0.08,4030650268.522256,4987183844.871234,0.34337305497531656,0.1917983387222965,182.45960209999612
28,130,134,China,0.08,4009487743.1831045,4987183844.871234,0.3415702091582417,0.19604172055810246,164.41684220000025
28,140,134,China,0.08,4050627811.7841363,4987183844.871234,0.34507495159341445,0.1877925623396141,162.25602120000258
28,150,134,China,0.08,4132621365.794708,4987183844.871234,0.35206002230241834,0.17135170983426828,164.45791160000226
28,160,134,China,0.08,4232604656.943566,4987183844.871234,0.3605776474599235,0.15130366383097532,164.82855980000022
28,170,134,China,0.08,4302710139.883457,4987183844.871234,0.366549967617687,0.13724653557572017,162.95434970000497
28,0,134,China,0.08,4343157862.462542,4987183844.871234,0.36999572875882075,0.12913620240228396,170.01368540000112
28,10,134,China,0.08,4373193326.223488,4987183844.871234,0.3725544645116445,0.12311367251463315,167.44555620000028
28,20,134,China,0.08,4387499780.438244,4987183844.871234,0.37377323829808523,0.12024502867478983,172.03960579999693
28,30,134,China,0.08,4390327468.321125,4987183844.871234,0.37401413040287645,0.11967803776953391,170.75929989999713
28,40,134,China,0.08,4398864799.289089,4987183844.871234,0.37474142977655295,0.11796618369847459,165.46519029999763
28,50,134,China,0.08,4405612354.423443,4987183844.871234,0.3753162572772646,0.11661320467379059,183.38499640000373
28,60,134,China,0.08,4396377473.439267,4987183844.871234,0.374529533278749,0.11846492726341855,180.60415479999938
28,70,134,China,0.08,4372832407.488677,4987183844.871234,0.37252371766924597,0.12318604176069212,178.85280160000548
28,80,134,China,0.08,4352077382.69933,4987183844.871234,0.3707555870220243,0.1273477140460824,207.37098780000088
28,90,134,China,0.08,4313310674.3216505,4987183844.871234,0.36745303229755766,0.13512098039910586,182.66403459999856
28,100,134,China,0.08,4234223420.0146446,4987183844.871234,0.3607155506725486,0.15097907923144355,177.38729429999512
28,110,134,China,0.08,4127056611.133075,4987183844.871234,0.35158595814873195,0.1724675208480041,179.3306750999982
28,120,134,China,0.08,4030650268.522256,4987183844.871234,0.34337305497531656,0.1917983387222965,172.657827300005
28,130,134,China,0.08,4009487743.1831045,4987183844.871234,0.3415702091582417,0.19604172055810246,161.18062339999597
28,140,134,China,0.08,4050627811.7841363,4987183844.871234,0.34507495159341445,0.1877925623396141,161.62623150000582
28,150,134,China,0.08,4132621365.794708,4987183844.871234,0.35206002230241834,0.17135170983426828,169.8736160999979
28,160,134,China,0.08,4232604656.943566,4987183844.871234,0.3605776474599235,0.15130366383097532,160.32183529999747
28,170,134,China,0.08,4302710139.883457,4987183844.871234,0.366549967617687,0.13724653557572017,168.50486459999956
28,0,134,China,0.08,4343157862.462542,4987183844.871234,0.36999572875882075,0.12913620240228396,168.3074276999978
28,10,134,China,0.08,4373193326.223488,4987183844.871234,0.3725544645116445,0.12311367251463315,169.1043881000005
28,20,134,China,0.08,4387499780.438244,4987183844.871234,0.37377323829808523,0.12024502867478983,177.78951329999836
28,30,134,China,0.08,4390327468.321125,4987183844.871234,0.37401413040287645,0.11967803776953391,161.23387419999926
28,40,134,China,0.08,4398864799.289089,4987183844.871234,0.37474142977655295,0.11796618369847459,185.02369569999428
28,50,134,China,0.08,4405612354.423443,4987183844.871234,0.3753162572772646,0.11661320467379059,182.29227429999446
28,60,134,China,0.08,4396377473.439267,4987183844.871234,0.374529533278749,0.11846492726341855,175.37514119999832
28,70,134,China,0.08,4372832407.488677,4987183844.871234,0.37252371766924597,0.12318604176069212,203.72785410000506
28,80,134,China,0.08,4352077382.69933,4987183844.871234,0.3707555870220243,0.1273477140460824,192.50505529999646
28,90,134,China,0.08,4313310674.3216505,4987183844.871234,0.36745303229755766,0.13512098039910586,177.98041199999716
28,100,134,China,0.08,4234223420.0146446,4987183844.871234,0.3607155506725486,0.15097907923144355,179.90396480000345
28,110,134,China,0.08,4127056611.133075,4987183844.871234,0.35158595814873195,0.1724675208480041,176.5629132000031
28,120,134,China,0.08,4030650268.522256,4987183844.871234,0.34337305497531656,0.1917983387222965,162.39003770000272
28,130,134,China,0.08,4009487743.1831045,4987183844.871234,0.3415702091582417,0.19604172055810246,162.90746879999642
28,140,134,China,0.08,4050627811.7841363,4987183844.871234,0.34507495159341445,0.1877925623396141,169.66091619999497
28,150,134,China,0.08,4132621365.794708,4987183844.871234,0.35206002230241834,0.17135170983426828,159.99648829999933
28,160,134,China,0.08,4232604656.943566,4987183844.871234,0.3605776474599235,0.15130366383097532,169.15882650000276
28,170,134,China,0.08,4302710139.883457,4987183844.871234,0.366549967617687,0.13724653557572017,167.77559299999848
28,0,134,China,0.08,4343157862.462542,4987183844.871234,0.36999572875882075,0.12913620240228396,167.56469420000212
28,10,134,China,0.08,4373193326.223488,4987183844.871234,0.3725544645116445,0.12311367251463315,177.71203139999852
28,20,134,China,0.08,4387499780.438244,4987183844.871234,0.37377323829808523,0.12024502867478983,165.23735550000129
28,30,134,China,0.08,4390327468.321125,4987183844.871234,0.37401413040287645,0.11967803776953391,172.58416109999962
28,40,134,China,0.08,4398864799.289089,4987183844.871234,0.37474142977655295,0.11796618369847459,183.38059670000075
28,50,134,China,0.08,4405612354.423443,4987183844.871234,0.3753162572772646,0.11661320467379059,174.5676328000045
28,60,134,China,0.08,4396377473.439267,4987183844.871234,0.374529533278749,0.11846492726341855,191.03187569999864
28,70,134,China,0.08,4372832407.488677,4987183844.871234,0.37252371766924597,0.12318604176069212,210.77414140000474
28,80,134,China,0.08,4352077382.69933,4987183844.871234,0.3707555870220243,0.1273477140460824,174.6656387000039
28,90,134,China,0.08,4313310674.3216505,4987183844.871234,0.36745303229755766,0.13512098039910586,178.0179300000018
28,100,134,China,0.08,4234223420.0146446,4987183844.871234,0.3607155506725486,0.15097907923144355,181.66917219999596
28,110,134,China,0.08,4127056611.133075,4987183844.871234,0.35158595814873195,0.1724675208480041,165.77466390000336
28,120,134,China,0.08,4030650268.522256,4987183844.871234,0.34337305497531656,0.1917983387222965,162.16310209999938
28,130,134,China,0.08,4009487743.1831045,4987183844.871234,0.3415702091582417,0.19604172055810246,164.39012839999486
28,140,134,China,0.08,4050627811.7841363,4987183844.871234,0.34507495159341445,0.1877925623396141,165.46470799999952
28,150,134,China,0.08,4132621365.794708,4987183844.871234,0.35206002230241834,0.17135170983426828,162.95854510000208
28,160,134,China,0.08,4232604656.943566,4987183844.871234,0.3605776474599235,0.15130366383097532,171.20017550000193
28,170,134,China,0.08,4302710139.883457,4987183844.871234,0.366549967617687,0.13724653557572017,166.2719608000043
28,0,134,China,0.08,4343157862.462542,4987183844.871234,0.36999572875882075,0.12913620240228396,180.34757169999648
28,10,134,China,0.08,4373193326.223488,4987183844.871234,0.3725544645116445,0.12311367251463315,186.4372177000041
28,20,134,China,0.08,4387499780.438244,4987183844.871234,0.37377323829808523,0.12024502867478983,185.15619029999652
28,30,134,China,0.08,4390327468.321125,4987183844.871234,0.37401413040287645,0.11967803776953391,194.40217519999715
28,40,134,China,0.08,4398864799.289089,4987183844.871234,0.37474142977655295,0.11796618369847459,208.84255100000155
28,50,134,China,0.08,4405612354.423443,4987183844.871234,0.3753162572772646,0.11661320467379059,173.0382258000027
28,60,134,China,0.08,4396377473.439267,4987183844.871234,0.374529533278749,0.11846492726341855,177.95400670000527
28,70,134,China,0.08,4372832407.488677,4987183844.871234,0.37252371766924597,0.12318604176069212,180.06250539999746
28,80,134,China,0.08,4352077382.69933,4987183844.871234,0.3707555870220243,0.1273477140460824,169.33049179999944
28,90,134,China,0.08,4313310674.3216505,4987183844.871234,0.36745303229755766,0.13512098039910586,148.05707309999707
28,100,134,China,0.08,4234223420.0146446,4987183844.871234,0.3607155506725486,0.15097907923144355,146.5306053999957
28,110,134,China,0.08,4127056611.133075,4987183844.871234,0.35158595814873195,0.1724675208480041,152.3401937000017
28,120,134,China,0.08,4030650268.522256,4987183844.871234,0.34337305497531656,0.1917983387222965,143.4408035000015
28,130,134,China,0.08,4009487743.1831045,4987183844.871234,0.3415702091582417,0.19604172055810246,151.36039089999394
28,140,134,China,0.08,4050627811.7841363,4987183844.871234,0.34507495159341445,0.1877925623396141,151.4641302999953
28,150,134,China,0.08,4132621365.794708,4987183844.871234,0.35206002230241834,0.17135170983426828,147.8594133000006
28,160,134,China,0.08,4232604656.943566,4987183844.871234,0.3605776474599235,0.15130366383097532,155.76222250000137
28,170,134,China,0.08,4302710139.883457,4987183844.871234,0.366549967617687,0.13724653557572017,160.33213830000022
28,0,134,China,0.08,4343157862.462542,4987183844.871234,0.36999572875882075,0.12913620240228396,183.41540739999618
28,10,134,China,0.08,4373193326.223488,4987183844.871234,0.3725544645116445,0.12311367251463315,174.8286433999965
28,20,134,China,0.08,4387499780.438244,4987183844.871234,0.37377323829808523,0.12024502867478983,192.60754409999936
28,30,134,China,0.08,4390327468.321125,4987183844.871234,0.37401413040287645,0.11967803776953391,210.5489802000011
28,40,134,China,0.08,4398864799.289089,4987183844.871234,0.37474142977655295,0.11796618369847459,176.067272100001
28,50,134,China,0.08,4405612354.423443,4987183844.871234,0.3753162572772646,0.11661320467379059,178.9565300999966
28,60,134,China,0.08,4396377473.439267,4987183844.871234,0.374529533278749,0.11846492726341855,183.24314009999944
28,70,134,China,0.08,4372832407.488677,4987183844.871234,0.37252371766924597,0.12318604176069212,166.07380340000236
28,80,134,China,0.08,4352077382.69933,4987183844.871234,0.3707555870220243,0.1273477140460824,162.2426983999976
28,90,134,China,0.08,4313310674.3216505,4987183844.871234,0.36745303229755766,0.13512098039910586,165.2772827000008
28,100,134,China,0.08,4234223420.0146446,4987183844.871234,0.3607155506725486,0.15097907923144355,165.2277264000004
28,110,134,China,0.08,4127056611.133075,4987183844.871234,0.35158595814873195,0.1724675208480041,163.6506303999995
28,120,134,China,0.08,4030650268.522256,4987183844.871234,0.34337305497531656,0.1917983387222965,171.60848239999905
28,130,134,China,0.08,4009487743.1831045,4987183844.871234,0.3415702091582417,0.19604172055810246,167.2075873000067
28,140,134,China,0.08,4050627811.7841363,4987183844.871234,0.34507495159341445,0.1877925623396141,175.82993450000504
28,150,134,China,0.08,4132621365.794708,4987183844.871234,0.35206002230241834,0.17135170983426828,184.7234513000003
28,160,134,China,0.08,4232604656.943566,4987183844.871234,0.3605776474599235,0.15130366383097532,175.71394889999647
28,170,134,China,0.08,4302710139.883457,4987183844.871234,0.366549967617687,0.13724653557572017,201.28850539999985
28,0,134,China,0.08,4343157862.462542,4987183844.871234,0.36999572875882075,0.12913620240228396,175.23075690000405
28,10,134,China,0.08,4373193326.223488,4987183844.871234,0.3725544645116445,0.12311367251463315,177.95604370000365
28,20,134,China,0.08,4387499780.438244,4987183844.871234,0.37377323829808523,0.12024502867478983,182.57435799999803
28,30,134,China,0.08,4390327468.321125,4987183844.871234,0.37401413040287645,0.11967803776953391,164.77391210000496
28,40,134,China,0.08,4398864799.289089,4987183844.871234,0.37474142977655295,0.11796618369847459,162.19789429999946
28,50,134,China,0.08,4405612354.423443,4987183844.871234,0.3753162572772646,0.11661320467379059,165.22075079999922
28,60,134,China,0.08,4396377473.439267,4987183844.871234,0.374529533278749,0.11846492726341855,164.97146090000024
28,70,134,China,0.08,4372832407.488677,4987183844.871234,0.37252371766924597,0.12318604176069212,163.58764050000173
28,80,134,China,0.08,4352077382.69933,4987183844.871234,0.3707555870220243,0.1273477140460824,171.43707310000173
28,90,134,China,0.08,4313310674.3216505,4987183844.871234,0.36745303229755766,0.13512098039910586,167.03532979999727
28,100,134,China,0.08,4234223420.0146446,4987183844.871234,0.3607155506725486,0.15097907923144355,175.11601589999918
28,110,134,China,0.08,4127056611.133075,4987183844.871234,0.35158595814873195,0.1724675208480041,183.85595569999714
28,120,134,China,0.08,4030650268.522256,4987183844.871234,0.34337305497531656,0.1917983387222965,176.3067011999956
28,130,134,China,0.08,4009487743.1831045,4987183844.871234,0.3415702091582417,0.19604172055810246,200.51720590000332
28,140,134,China,0.08,4050627811.7841363,4987183844.871234,0.34507495159341445,0.1877925623396141,183.54870870000013
28,150,134,China,0.08,4132621365.794708,4987183844.871234,0.35206002230241834,0.17135170983426828,181.81172260000312
28,160,134,China,0.08,4232604656.943566,4987183844.871234,0.3605776474599235,0.15130366383097532,198.10587769999984
28,170,134,China,0.08,4302710139.883457,4987183844.871234,0.366549967617687,0.13724653557572017,194.95633700000326
27,0,138,Denmark,0.06,5988072756.271299,7028909114.3235855,0.4953405430043759,0.14807935927514823,183.63170600000012
27,10,138,Denmark,0.06,5996321326.811112,7028909114.3235855,0.49602287462867384,0.146905838547301,169.6524450999932
27,20,138,Denmark,0.06,5996415375.256282,7028909114.3235855,0.4960306544285853,0.14689245831380535,169.54371079999692
27,30,138,Denmark,0.06,5989840559.11588,7028909114.3235855,0.4954867777708193,0.14782785469373627,176.96468959999766
27,40,138,Denmark,0.06,5985447984.661597,7028909114.3235855,0.4951234187563362,0.1484527844492415,167.87955520000105
27,50,138,Denmark,0.06,5979811284.235177,7028909114.3235855,0.4946571441528669,0.14925471549355301,177.64605960000335
27,60,138,Denmark,0.06,5971861946.481202,7028909114.3235855,0.4939995654226393,0.15038566449640406,174.95374949999677
27,70,138,Denmark,0.06,5974382231.772543,7028909114.3235855,0.4942080464374084,0.15002710454771942,182.3649635000038
27,80,138,Denmark,0.06,5977482577.661194,7028909114.3235855,0.4944645107588176,0.14958601961715276,189.9751932999934
27,90,138,Denmark,0.06,5977297241.766498,7028909114.3235855,0.49444917955185774,0.149612387278433,186.00078159999975
27,100,138,Denmark,0.06,5984699383.427024,7028909114.3235855,0.49506149356652634,0.1485592876380575,206.58576699999685
27,110,138,Denmark,0.06,5986858529.773097,7028909114.3235855,0.4952401007356476,0.14825210677813244,190.94175389999873
27,120,138,Denmark,0.06,5985639476.336307,7028909114.3235855,0.49513925917678403,0.14842554100767827,189.472064900001
27,130,138,Denmark,0.06,5986141310.643272,7028909114.3235855,0.49518077151109063,0.14835414524785218,205.22671740000078
27,140,138,Denmark,0.06,5981082150.582964,7028909114.3235855,0.4947622717377212,0.14907390986253452,202.4275581999973
27,150,138,Denmark,0.06,5974832443.71942,7028909114.3235855,0.49424528850832344,0.14996305307976687,207.0121111000044
27,160,138,Denmark,0.06,5978443803.15383,7028909114.3235855,0.4945440244816549,0.1494492664628579,203.0308903999976
27,170,138,Denmark,0.06,5983420454.894659,7028909114.3235855,0.49495569906811754,0.14874124027274996,200.8757478999978
27,0,138,Denmark,0.06,5988072756.271299,7028909114.3235855,0.4953405430043759,0.14807935927514823,167.5093221999996
27,10,138,Denmark,0.06,5996321326.811112,7028909114.3235855,0.49602287462867384,0.146905838547301,167.20154109999567
27,20,138,Denmark,0.06,5996415375.256282,7028909114.3235855,0.4960306544285853,0.14689245831380535,174.56031219999568
27,30,138,Denmark,0.06,5989840559.11588,7028909114.3235855,0.4954867777708193,0.14782785469373627,165.41025579999405
27,40,138,Denmark,0.06,5985447984.661597,7028909114.3235855,0.4951234187563362,0.1484527844492415,174.1433612999972
27,50,138,Denmark,0.06,5979811284.235177,7028909114.3235855,0.4946571441528669,0.14925471549355301,171.79202319999604
27,60,138,Denmark,0.06,5971861946.481202,7028909114.3235855,0.4939995654226393,0.15038566449640406,180.3001463000037
27,70,138,Denmark,0.06,5974382231.772543,7028909114.3235855,0.4942080464374084,0.15002710454771942,186.10051499999827
27,80,138,Denmark,0.06,5977482577.661194,7028909114.3235855,0.4944645107588176,0.14958601961715276,184.17071299999952
27,90,138,Denmark,0.06,5977297241.766498,7028909114.3235855,0.49444917955185774,0.149612387278433,203.35358619999897
27,100,138,Denmark,0.06,5984699383.427024,7028909114.3235855,0.49506149356652634,0.1485592876380575,194.86384429999453
27,110,138,Denmark,0.06,5986858529.773097,7028909114.3235855,0.4952401007356476,0.14825210677813244,180.57918390000123
27,120,138,Denmark,0.06,5985639476.336307,7028909114.3235855,0.49513925917678403,0.14842554100767827,204.0244887000008
27,130,138,Denmark,0.06,5986141310.643272,7028909114.3235855,0.49518077151109063,0.14835414524785218,201.2621935999996
27,140,138,Denmark,0.06,5981082150.582964,7028909114.3235855,0.4947622717377212,0.14907390986253452,203.9037926000019
27,150,138,Denmark,0.06,5974832443.71942,7028909114.3235855,0.49424528850832344,0.14996305307976687,199.80626330000086
27,160,138,Denmark,0.06,5978443803.15383,7028909114.3235855,0.4945440244816549,0.1494492664628579,195.91962449999846
27,170,138,Denmark,0.06,5983420454.894659,7028909114.3235855,0.49495569906811754,0.14874124027274996,197.61185020000266
27,0,138,Denmark,0.06,5988072756.271299,7028909114.3235855,0.4953405430043759,0.14807935927514823,177.69734400000016
27,10,138,Denmark,0.06,5996321326.811112,7028909114.3235855,0.49602287462867384,0.146905838547301,172.56651659999625
27,20,138,Denmark,0.06,5996415375.256282,7028909114.3235855,0.4960306544285853,0.14689245831380535,182.45851299999777
27,30,138,Denmark,0.06,5989840559.11588,7028909114.3235855,0.4954867777708193,0.14782785469373627,189.38563070000237
27,40,138,Denmark,0.06,5985447984.661597,7028909114.3235855,0.4951234187563362,0.1484527844492415,179.99353140000312
27,50,138,Denmark,0.06,5979811284.235177,7028909114.3235855,0.4946571441528669,0.14925471549355301,210.45352330000605
27,60,138,Denmark,0.06,5971861946.481202,7028909114.3235855,0.4939995654226393,0.15038566449640406,185.92684279999958
27,70,138,Denmark,0.06,5974382231.772543,7028909114.3235855,0.4942080464374084,0.15002710454771942,195.29936060000182
27,80,138,Denmark,0.06,5977482577.661194,7028909114.3235855,0.4944645107588176,0.14958601961715276,202.9485599999971
27,90,138,Denmark,0.06,5977297241.766498,7028909114.3235855,0.49444917955185774,0.149612387278433,202.82663090000278
27,100,138,Denmark,0.06,5984699383.427024,7028909114.3235855,0.49506149356652634,0.1485592876380575,204.13855150000018
27,110,138,Denmark,0.06,5986858529.773097,7028909114.3235855,0.4952401007356476,0.14825210677813244,202.53993149999587
27,120,138,Denmark,0.06,5985639476.336307,7028909114.3235855,0.49513925917678403,0.14842554100767827,197.5529303000003
27,130,138,Denmark,0.06,5986141310.643272,7028909114.3235855,0.49518077151109063,0.14835414524785218,199.52026579999801
27,140,138,Denmark,0.06,5981082150.582964,7028909114.3235855,0.4947622717377212,0.14907390986253452,200.72561409999616
27,150,138,Denmark,0.06,5974832443.71942,7028909114.3235855,0.49424528850832344,0.14996305307976687,211.31589030000032
27,160,138,Denmark,0.06,5978443803.15383,7028909114.3235855,0.4945440244816549,0.1494492664628579,198.64096310000605
27,170,138,Denmark,0.06,5983420454.894659,7028909114.3235855,0.49495569906811754,0.14874124027274996,210.21560079999472
27,0,138,Denmark,0.06,5988072756.271299,7028909114.3235855,0.4953405430043759,0.14807935927514823,172.01481500000227
27,10,138,Denmark,0.06,5996321326.811112,7028909114.3235855,0.49602287462867384,0.146905838547301,179.99978969999938
27,20,138,Denmark,0.06,5996415375.256282,7028909114.3235855,0.4960306544285853,0.14689245831380535,186.39221280000493
27,30,138,Denmark,0.06,5989840559.11588,7028909114.3235855,0.4954867777708193,0.14782785469373627,184.86815860000206
27,40,138,Denmark,0.06,5985447984.661597,7028909114.3235855,0.4951234187563362,0.1484527844492415,203.0829853999967
27,50,138,Denmark,0.06,5979811284.235177,7028909114.3235855,0.4946571441528669,0.14925471549355301,193.5417526999954
27,60,138,Denmark,0.06,5971861946.481202,7028909114.3235855,0.4939995654226393,0.15038566449640406,181.61242440000206
27,70,138,Denmark,0.06,5974382231.772543,7028909114.3235855,0.4942080464374084,0.15002710454771942,204.29686629999924
27,80,138,Denmark,0.06,5977482577.661194,7028909114.3235855,0.4944645107588176,0.14958601961715276,201.4632025999963
27,90,138,Denmark,0.06,5977297241.766498,7028909114.3235855,0.49444917955185774,0.149612387278433,204.2300663999995
27,100,138,Denmark,0.06,5984699383.427024,7028909114.3235855,0.49506149356652634,0.1485592876380575,200.05824749999738
27,110,138,Denmark,0.06,5986858529.773097,7028909114.3235855,0.4952401007356476,0.14825210677813244,197.05787820000114
27,120,138,Denmark,0.06,5985639476.336307,7028909114.3235855,0.49513925917678403,0.14842554100767827,197.30724270000064
27,130,138,Denmark,0.06,5986141310.643272,7028909114.3235855,0.49518077151109063,0.14835414524785218,203.61694390000048
27,140,138,Denmark,0.06,5981082150.582964,7028909114.3235855,0.4947622717377212,0.14907390986253452,207.52599360000022
27,150,138,Denmark,0.06,5974832443.71942,7028909114.3235855,0.49424528850832344,0.14996305307976687,202.62451700000383
27,160,138,Denmark,0.06,5978443803.15383,7028909114.3235855,0.4945440244816549,0.1494492664628579,202.9495556000038
27,170,138,Denmark,0.06,5983420454.894659,7028909114.3235855,0.49495569906811754,0.14874124027274996,208.56355030000122
27,0,138,Denmark,0.06,5988072756.271299,7028909114.3235855,0.4953405430043759,0.14807935927514823,178.9530992
27,10,138,Denmark,0.06,5996321326.811112,7028909114.3235855,0.49602287462867384,0.146905838547301,187.81856649999827
27,20,138,Denmark,0.06,5996415375.256282,7028909114.3235855,0.4960306544285853,0.14689245831380535,184.0439600000027
27,30,138,Denmark,0.06,5989840559.11588,7028909114.3235855,0.4954867777708193,0.14782785469373627,198.48244669999985
27,40,138,Denmark,0.06,5985447984.661597,7028909114.3235855,0.4951234187563362,0.1484527844492415,202.90882269999565
27,50,138,Denmark,0.06,5979811284.235177,7028909114.3235855,0.4946571441528669,0.14925471549355301,181.8526251000003
27,60,138,Denmark,0.06,5971861946.481202,7028909114.3235855,0.4939995654226393,0.15038566449640406,202.55945380000048
27,70,138,Denmark,0.06,5974382231.772543,7028909114.3235855,0.4942080464374084,0.15002710454771942,202.54690979999577
27,80,138,Denmark,0.06,5977482577.661194,7028909114.3235855,0.4944645107588176,0.14958601961715276,205.26253179999912
27,90,138,Denmark,0.06,5977297241.766498,7028909114.3235855,0.49444917955185774,0.149612387278433,202.59900960000232
27,100,138,Denmark,0.06,5984699383.427024,7028909114.3235855,0.49506149356652634,0.1485592876380575,195.329742300004
27,110,138,Denmark,0.06,5986858529.773097,7028909114.3235855,0.4952401007356476,0.14825210677813244,201.00878099999682
27,120,138,Denmark,0.06,5985639476.336307,7028909114.3235855,0.49513925917678403,0.14842554100767827,203.88564499999484
27,130,138,Denmark,0.06,5986141310.643272,7028909114.3235855,0.49518077151109063,0.14835414524785218,207.80908330000238
27,140,138,Denmark,0.06,5981082150.582964,7028909114.3235855,0.4947622717377212,0.14907390986253452,205.4491446999964
27,150,138,Denmark,0.06,5974832443.71942,7028909114.3235855,0.49424528850832344,0.14996305307976687,203.82839959999546
27,160,138,Denmark,0.06,5978443803.15383,7028909114.3235855,0.4945440244816549,0.1494492664628579,208.8855540000004
27,170,138,Denmark,0.06,5983420454.894659,7028909114.3235855,0.49495569906811754,0.14874124027274996,194.84991730000183
27,0,138,Denmark,0.06,5988072756.271299,7028909114.3235855,0.4953405430043759,0.14807935927514823,181.2722364000001
27,10,138,Denmark,0.06,5996321326.811112,7028909114.3235855,0.49602287462867384,0.146905838547301,190.2201688999994
27,20,138,Denmark,0.06,5996415375.256282,7028909114.3235855,0.4960306544285853,0.14689245831380535,181.8982274000009
27,30,138,Denmark,0.06,5989840559.11588,7028909114.3235855,0.4954867777708193,0.14782785469373627,208.37431249999645
27,40,138,Denmark,0.06,5985447984.661597,7028909114.3235855,0.4951234187563362,0.1484527844492415,187.85038239999994
27,50,138,Denmark,0.06,5979811284.235177,7028909114.3235855,0.4946571441528669,0.14925471549355301,191.20266470000206
27,60,138,Denmark,0.06,5971861946.481202,7028909114.3235855,0.4939995654226393,0.15038566449640406,203.92079509999894
27,70,138,Denmark,0.06,5974382231.772543,7028909114.3235855,0.4942080464374084,0.15002710454771942,201.9031044999938
27,80,138,Denmark,0.06,5977482577.661194,7028909114.3235855,0.4944645107588176,0.14958601961715276,204.31923729999835
27,90,138,Denmark,0.06,5977297241.766498,7028909114.3235855,0.49444917955185774,0.149612387278433,201.28286849999859
27,100,138,Denmark,0.06,5984699383.427024,7028909114.3235855,0.49506149356652634,0.1485592876380575,199.04834390000178
27,110,138,Denmark,0.06,5986858529.773097,7028909114.3235855,0.4952401007356476,0.14825210677813244,197.47324389999994
27,120,138,Denmark,0.06,5985639476.336307,7028909114.3235855,0.49513925917678403,0.14842554100767827,200.8824986999971
27,130,138,Denmark,0.06,5986141310.643272,7028909114.3235855,0.49518077151109063,0.14835414524785218,211.69218890000047
27,140,138,Denmark,0.06,5981082150.582964,7028909114.3235855,0.4947622717377212,0.14907390986253452,199.08649700000387
27,150,138,Denmark,0.06,5974832443.71942,7028909114.3235855,0.49424528850832344,0.14996305307976687,209.65854490000493
27,160,138,Denmark,0.06,5978443803.15383,7028909114.3235855,0.4945440244816549,0.1494492664628579,208.0130296999996
27,170,138,Denmark,0.06,5983420454.894659,7028909114.3235855,0.49495569906811754,0.14874124027274996,195.324715200004
27,0,138,Denmark,0.06,5988072756.271299,7028909114.3235855,0.4953405430043759,0.14807935927514823,169.34639320000133
27,10,138,Denmark,0.06,5996321326.811112,7028909114.3235855,0.49602287462867384,0.146905838547301,203.7907467000041
27,20,138,Denmark,0.06,5996415375.256282,7028909114.3235855,0.4960306544285853,0.14689245831380535,192.51329989999795
27,30,138,Denmark,0.06,5989840559.11588,7028909114.3235855,0.4954867777708193,0.14782785469373627,182.80548239999916
27,40,138,Denmark,0.06,5985447984.661597,7028909114.3235855,0.4951234187563362,0.1484527844492415,204.4067412000004
27,50,138,Denmark,0.06,5979811284.235177,7028909114.3235855,0.4946571441528669,0.14925471549355301,201.56633839999995
27,60,138,Denmark,0.06,5971861946.481202,7028909114.3235855,0.4939995654226393,0.15038566449640406,204.1636507000003
27,70,138,Denmark,0.06,5974382231.772543,7028909114.3235855,0.4942080464374084,0.15002710454771942,200.38969679999718
27,80,138,Denmark,0.06,5977482577.661194,7028909114.3235855,0.4944645107588176,0.14958601961715276,196.42072310000367
27,90,138,Denmark,0.06,5977297241.766498,7028909114.3235855,0.49444917955185774,0.149612387278433,196.62609379999776
27,100,138,Denmark,0.06,5984699383.427024,7028909114.3235855,0.49506149356652634,0.1485592876380575,204.31644300000335
27,110,138,Denmark,0.06,5986858529.773097,7028909114.3235855,0.4952401007356476,0.14825210677813244,207.6444221999991
27,120,138,Denmark,0.06,5985639476.336307,7028909114.3235855,0.49513925917678403,0.14842554100767827,203.27734280000004
27,130,138,Denmark,0.06,5986141310.643272,7028909114.3235855,0.49518077151109063,0.14835414524785218,203.8892390999972
27,140,138,Denmark,0.06,5981082150.582964,7028909114.3235855,0.4947622717377212,0.14907390986253452,207.79391629999736
27,150,138,Denmark,0.06,5974832443.71942,7028909114.3235855,0.49424528850832344,0.14996305307976687,193.67092120000598
27,160,138,Denmark,0.06,5978443803.15383,7028909114.3235855,0.4945440244816549,0.1494492664628579,206.60874880000483
27,170,138,Denmark,0.06,5983420454.894659,7028909114.3235855,0.49495569906811754,0.14874124027274996,206.38691320000362
27,0,138,Denmark,0.06,5988072756.271299,7028909114.3235855,0.4953405430043759,0.14807935927514823,189.59243340000103
27,10,138,Denmark,0.06,5996321326.811112,7028909114.3235855,0.49602287462867384,0.146905838547301,189.95351690000098
27,20,138,Denmark,0.06,5996415375.256282,7028909114.3235855,0.4960306544285853,0.14689245831380535,205.3351965000038
27,30,138,Denmark,0.06,5989840559.11588,7028909114.3235855,0.4954867777708193,0.14782785469373627,201.8326176000046
27,40,138,Denmark,0.06,5985447984.661597,7028909114.3235855,0.4951234187563362,0.1484527844492415,205.88853350000136
27,50,138,Denmark,0.06,5979811284.235177,7028909114.3235855,0.4946571441528669,0.14925471549355301,201.54512560000148
27,60,138,Denmark,0.06,5971861946.481202,7028909114.3235855,0.4939995654226393,0.15038566449640406,199.5269810999962
27,70,138,Denmark,0.06,5974382231.772543,7028909114.3235855,0.4942080464374084,0.15002710454771942,197.4494929000066
27,80,138,Denmark,0.06,5977482577.661194,7028909114.3235855,0.4944645107588176,0.14958601961715276,202.4855619000009
27,90,138,Denmark,0.06,5977297241.766498,7028909114.3235855,0.49444917955185774,0.149612387278433,212.00205790000473
27,100,138,Denmark,0.06,5984699383.427024,7028909114.3235855,0.49506149356652634,0.1485592876380575,199.80257410000195
27,110,138,Denmark,0.06,5986858529.773097,7028909114.3235855,0.4952401007356476,0.14825210677813244,209.22099419999722
27,120,138,Denmark,0.06,5985639476.336307,7028909114.3235855,0.49513925917678403,0.14842554100767827,208.14438379999774
27,130,138,Denmark,0.06,5986141310.643272,7028909114.3235855,0.49518077151109063,0.14835414524785218,195.75852080000186
27,140,138,Denmark,0.06,5981082150.582964,7028909114.3235855,0.4947622717377212,0.14907390986253452,205.35916510000243
27,150,138,Denmark,0.06,5974832443.71942,7028909114.3235855,0.49424528850832344,0.14996305307976687,210.41936559999886
27,160,138,Denmark,0.06,5978443803.15383,7028909114.3235855,0.4945440244816549,0.1494492664628579,211.61347999999998
27,170,138,Denmark,0.06,5983420454.894659,7028909114.3235855,0.49495569906811754,0.14874124027274996,214.06298919999972
27,0,138,Denmark,0.06,5988072756.271299,7028909114.3235855,0.4953405430043759,0.14807935927514823,205.83399259999715
27,10,138,Denmark,0.06,5996321326.811112,7028909114.3235855,0.49602287462867384,0.146905838547301,201.43027910000092
27,20,138,Denmark,0.06,5996415375.256282,7028909114.3235855,0.4960306544285853,0.14689245831380535,199.30408760000137
27,30,138,Denmark,0.06,5989840559.11588,7028909114.3235855,0.4954867777708193,0.14782785469373627,196.76556110000092
27,40,138,Denmark,0.06,5985447984.661597,7028909114.3235855,0.4951234187563362,0.1484527844492415,205.06796819999727
27,50,138,Denmark,0.06,5979811284.235177,7028909114.3235855,0.4946571441528669,0.14925471549355301,210.3621129000021
27,60,138,Denmark,0.06,5971861946.481202,7028909114.3235855,0.4939995654226393,0.15038566449640406,203.4070047999994
27,70,138,Denmark,0.06,5974382231.772543,7028909114.3235855,0.4942080464374084,0.15002710454771942,205.6658352000013
27,80,138,Denmark,0.06,5977482577.661194,7028909114.3235855,0.4944645107588176,0.14958601961715276,207.85702440000023
27,90,138,Denmark,0.06,5977297241.766498,7028909114.3235855,0.49444917955185774,0.149612387278433,196.15402819999872
27,100,138,Denmark,0.06,5984699383.427024,7028909114.3235855,0.49506149356652634,0.1485592876380575,206.62078869999823
27,110,138,Denmark,0.06,5986858529.773097,7028909114.3235855,0.4952401007356476,0.14825210677813244,208.73482939999667
27,120,138,Denmark,0.06,5985639476.336307,7028909114.3235855,0.49513925917678403,0.14842554100767827,212.15454290000343
27,130,138,Denmark,0.06,5986141310.643272,7028909114.3235855,0.49518077151109063,0.14835414524785218,211.82502070000191
27,140,138,Denmark,0.06,5981082150.582964,7028909114.3235855,0.4947622717377212,0.14907390986253452,215.9503898999974
27,150,138,Denmark,0.06,5974832443.71942,7028909114.3235855,0.49424528850832344,0.14996305307976687,207.30692769999587
27,160,138,Denmark,0.06,5978443803.15383,7028909114.3235855,0.4945440244816549,0.1494492664628579,210.5045026999942
27,170,138,Denmark,0.06,5983420454.894659,7028909114.3235855,0.49495569906811754,0.14874124027274996,209.4196351999999
26,0,140,United Kingdom,0.06,5447934436.736685,6240057212.661206,0.44422165987742046,0.12694158866320773,201.72794930000236
26,10,140,United Kingdom,0.06,5461641896.143441,6240057212.661206,0.4453393587853426,0.12474490056571022,206.5571845000013
26,20,140,United Kingdom,0.06,5473234814.804497,6240057212.661206,0.4462846391719257,0.12288707807050404,216.20697359999758
26,30,140,United Kingdom,0.06,5458572765.163257,6240057212.661206,0.44508910348689307,0.12523674396963883,204.26281340000423
26,40,140,United Kingdom,0.06,5463338369.040504,6240057212.661206,0.4454776882779276,0.12447303240180603,214.53899390000151
26,50,140,United Kingdom,0.06,5465688416.729913,6240057212.661206,0.44566930990948406,0.12409642564816281,211.92239639999752
26,60,140,United Kingdom,0.06,5466780477.900679,6240057212.661206,0.445758355993206,0.12392141744975238,201.9263529999953
26,70,140,United Kingdom,0.06,5477115199.005579,6240057212.661206,0.4466010436240687,0.12226522732958313,211.20866089999618
26,80,140,United Kingdom,0.06,5476699303.942777,6240057212.661206,0.44656713176310964,0.1223318765683046,214.86176960000012
26,90,140,United Kingdom,0.06,5468042278.914424,6240057212.661206,0.44586124257293086,0.12371920760283221,216.11361939999915
26,100,140,United Kingdom,0.06,5465255503.743017,6240057212.661206,0.4456340104160973,0.12416580209330456,220.35617079999793
26,110,140,United Kingdom,0.06,5464194948.666978,6240057212.661206,0.44554753332248676,0.12433576128436573,214.02575700000307
26,120,140,United Kingdom,0.06,5460907771.944195,6240057212.661206,0.44527949869081823,0.12486254759589399,213.1854026000001
26,130,140,United Kingdom,0.06,5457839015.1509,6240057212.661206,0.44502927390336755,0.1253543310345247,212.11733149999782
26,140,140,United Kingdom,0.06,5461705525.295986,6240057212.661206,0.4453445470724059,0.12473470367962786,216.41590469999937
26,150,140,United Kingdom,0.06,5450205438.213213,6240057212.661206,0.4444068361230604,0.12657764945574018,198.55184590000135
26,160,140,United Kingdom,0.06,5439718892.978139,6240057212.661206,0.4435517688338339,0.1282581701429218,212.9548192999937
26,170,140,United Kingdom,0.06,5449704299.603624,6240057212.661206,0.44436597354889307,0.12665795939401636,208.7584704999972
26,0,140,United Kingdom,0.06,5447934436.736685,6240057212.661206,0.44422165987742046,0.12694158866320773,206.61506699999882
26,10,140,United Kingdom,0.06,5461641896.143441,6240057212.661206,0.4453393587853426,0.12474490056571022,211.30876590000116
26,20,140,United Kingdom,0.06,5473234814.804497,6240057212.661206,0.4462846391719257,0.12288707807050404,205.82121259999985
26,30,140,United Kingdom,0.06,5458572765.163257,6240057212.661206,0.44508910348689307,0.12523674396963883,206.3698710000026
26,40,140,United Kingdom,0.06,5463338369.040504,6240057212.661206,0.4454776882779276,0.12447303240180603,211.3073394000021
26,50,140,United Kingdom,0.06,5465688416.729913,6240057212.661206,0.44566930990948406,0.12409642564816281,196.74942579999333
26,60,140,United Kingdom,0.06,5466780477.900679,6240057212.661206,0.445758355993206,0.12392141744975238,210.08392460000323
26,70,140,United Kingdom,0.06,5477115199.005579,6240057212.661206,0.4466010436240687,0.12226522732958313,209.51262580000184
26,80,140,United Kingdom,0.06,5476699303.942777,6240057212.661206,0.44656713176310964,0.1223318765683046,214.43761010000162
26,90,140,United Kingdom,0.06,5468042278.914424,6240057212.661206,0.44586124257293086,0.12371920760283221,214.43359909999708
26,100,140,United Kingdom,0.06,5465255503.743017,6240057212.661206,0.4456340104160973,0.12416580209330456,219.30333080000128
26,110,140,United Kingdom,0.06,5464194948.666978,6240057212.661206,0.44554753332248676,0.12433576128436573,209.92725719999726
26,120,140,United Kingdom,0.06,5460907771.944195,6240057212.661206,0.44527949869081823,0.12486254759589399,211.89789789999486
26,130,140,United Kingdom,0.06,5457839015.1509,6240057212.661206,0.44502927390336755,0.1253543310345247,211.16584599999624
26,140,140,United Kingdom,0.06,5461705525.295986,6240057212.661206,0.4453445470724059,0.12473470367962786,205.83466199999384
26,150,140,United Kingdom,0.06,5450205438.213213,6240057212.661206,0.4444068361230604,0.12657764945574018,208.086779499994
26,160,140,United Kingdom,0.06,5439718892.978139,6240057212.661206,0.4435517688338339,0.1282581701429218,203.8833622999955
26,170,140,United Kingdom,0.06,5449704299.603624,6240057212.661206,0.44436597354889307,0.12665795939401636,209.86451919999672
26,0,140,United Kingdom,0.06,5447934436.736685,6240057212.661206,0.44422165987742046,0.12694158866320773,209.50121639999998
26,10,140,United Kingdom,0.06,5461641896.143441,6240057212.661206,0.4453393587853426,0.12474490056571022,199.17485480000323
26,20,140,United Kingdom,0.06,5473234814.804497,6240057212.661206,0.4462846391719257,0.12288707807050404,209.3046811000022
26,30,140,United Kingdom,0.06,5458572765.163257,6240057212.661206,0.44508910348689307,0.12523674396963883,213.63095420000172
26,40,140,United Kingdom,0.06,5463338369.040504,6240057212.661206,0.4454776882779276,0.12447303240180603,214.7546100000036
26,50,140,United Kingdom,0.06,5465688416.729913,6240057212.661206,0.44566930990948406,0.12409642564816281,219.07535389999975
26,60,140,United Kingdom,0.06,5466780477.900679,6240057212.661206,0.445758355993206,0.12392141744975238,212.60715029999847
26,70,140,United Kingdom,0.06,5477115199.005579,6240057212.661206,0.4466010436240687,0.12226522732958313,212.02177510000183
26,80,140,United Kingdom,0.06,5476699303.942777,6240057212.661206,0.44656713176310964,0.1223318765683046,210.45207919999666
26,90,140,United Kingdom,0.06,5468042278.914424,6240057212.661206,0.44586124257293086,0.12371920760283221,215.3575423000002
26,100,140,United Kingdom,0.06,5465255503.743017,6240057212.661206,0.4456340104160973,0.12416580209330456,197.34982160000072
26,110,140,United Kingdom,0.06,5464194948.666978,6240057212.661206,0.44554753332248676,0.12433576128436573,212.21423890000005
26,120,140,United Kingdom,0.06,5460907771.944195,6240057212.661206,0.44527949869081823,0.12486254759589399,207.87628519999998
26,130,140,United Kingdom,0.06,5457839015.1509,6240057212.661206,0.44502927390336755,0.1253543310345247,213.77367600000434
26,140,140,United Kingdom,0.06,5461705525.295986,6240057212.661206,0.4453445470724059,0.12473470367962786,210.3016631000064
26,150,140,United Kingdom,0.06,5450205438.213213,6240057212.661206,0.4444068361230604,0.12657764945574018,207.3471483999965
26,160,140,United Kingdom,0.06,5439718892.978139,6240057212.661206,0.4435517688338339,0.1282581701429218,207.79468230000202
26,170,140,United Kingdom,0.06,5449704299.603624,6240057212.661206,0.44436597354889307,0.12665795939401636,208.70325550000416
26,0,140,United Kingdom,0.06,5447934436.736685,6240057212.661206,0.44422165987742046,0.12694158866320773,197.3905902999977
26,10,140,United Kingdom,0.06,5461641896.143441,6240057212.661206,0.4453393587853426,0.12474490056571022,209.52183940000396
26,20,140,United Kingdom,0.06,5473234814.804497,6240057212.661206,0.4462846391719257,0.12288707807050404,208.66590690000157
26,30,140,United Kingdom,0.06,5458572765.163257,6240057212.661206,0.44508910348689307,0.12523674396963883,214.78675729999668
26,40,140,United Kingdom,0.06,5463338369.040504,6240057212.661206,0.4454776882779276,0.12447303240180603,215.00121120000404
26,50,140,United Kingdom,0.06,5465688416.729913,6240057212.661206,0.44566930990948406,0.12409642564816281,217.8624195999946
26,60,140,United Kingdom,0.06,5466780477.900679,6240057212.661206,0.445758355993206,0.12392141744975238,209.83060389999446
26,70,140,United Kingdom,0.06,5477115199.005579,6240057212.661206,0.4466010436240687,0.12226522732958313,211.98368699999992
26,80,140,United Kingdom,0.06,5476699303.942777,6240057212.661206,0.44656713176310964,0.1223318765683046,211.99904349999997
26,90,140,United Kingdom,0.06,5468042278.914424,6240057212.661206,0.44586124257293086,0.12371920760283221,206.83988240000326
26,100,140,United Kingdom,0.06,5465255503.743017,6240057212.661206,0.4456340104160973,0.12416580209330456,205.99353960000008
26,110,140,United Kingdom,0.06,5464194948.666978,6240057212.661206,0.44554753332248676,0.12433576128436573,203.69762489999994
26,120,140,United Kingdom,0.06,5460907771.944195,6240057212.661206,0.44527949869081823,0.12486254759589399,209.91331609999907
26,130,140,United Kingdom,0.06,5457839015.1509,6240057212.661206,0.44502927390336755,0.1253543310345247,214.55784180000046
26,140,140,United Kingdom,0.06,5461705525.295986,6240057212.661206,0.4453445470724059,0.12473470367962786,207.10894189999817
26,150,140,United Kingdom,0.06,5450205438.213213,6240057212.661206,0.4444068361230604,0.12657764945574018,204.76418150000245
26,160,140,United Kingdom,0.06,5439718892.978139,6240057212.661206,0.4435517688338339,0.1282581701429218,209.055082699997
26,170,140,United Kingdom,0.06,5449704299.603624,6240057212.661206,0.44436597354889307,0.12665795939401636,208.28774639999756
26,0,140,United Kingdom,0.06,5447934436.736685,6240057212.661206,0.44422165987742046,0.12694158866320773,211.20576290000463
26,10,140,United Kingdom,0.06,5461641896.143441,6240057212.661206,0.4453393587853426,0.12474490056571022,209.96175319999747
26,20,140,United Kingdom,0.06,5473234814.804497,6240057212.661206,0.4462846391719257,0.12288707807050404,216.9560715999978
26,30,140,United Kingdom,0.06,5458572765.163257,6240057212.661206,0.44508910348689307,0.12523674396963883,217.03749470000184
26,40,140,United Kingdom,0.06,5463338369.040504,6240057212.661206,0.4454776882779276,0.12447303240180603,219.07278089999454
26,50,140,United Kingdom,0.06,5465688416.729913,6240057212.661206,0.44566930990948406,0.12409642564816281,211.04809899999964
26,60,140,United Kingdom,0.06,5466780477.900679,6240057212.661206,0.445758355993206,0.12392141744975238,213.92722669999785
26,70,140,United Kingdom,0.06,5477115199.005579,6240057212.661206,0.4466010436240687,0.12226522732958313,213.55618699999468
26,80,140,United Kingdom,0.06,5476699303.942777,6240057212.661206,0.44656713176310964,0.1223318765683046,208.42315729999973
26,90,140,United Kingdom,0.06,5468042278.914424,6240057212.661206,0.44586124257293086,0.12371920760283221,207.69386400000076
26,100,140,United Kingdom,0.06,5465255503.743017,6240057212.661206,0.4456340104160973,0.12416580209330456,204.77947080000013
26,110,140,United Kingdom,0.06,5464194948.666978,6240057212.661206,0.44554753332248676,0.12433576128436573,210.990930699998
26,120,140,United Kingdom,0.06,5460907771.944195,6240057212.661206,0.44527949869081823,0.12486254759589399,214.8104419999945
26,130,140,United Kingdom,0.06,5457839015.1509,6240057212.661206,0.44502927390336755,0.1253543310345247,208.12449650000053
26,140,140,United Kingdom,0.06,5461705525.295986,6240057212.661206,0.4453445470724059,0.12473470367962786,206.08037100000365
26,150,140,United Kingdom,0.06,5450205438.213213,6240057212.661206,0.4444068361230604,0.12657764945574018,210.0647073
26,160,140,United Kingdom,0.06,5439718892.978139,6240057212.661206,0.4435517688338339,0.1282581701429218,209.96616180000274
26,170,140,United Kingdom,0.06,5449704299.603624,6240057212.661206,0.44436597354889307,0.12665795939401636,212.9113301000034
26,0,140,United Kingdom,0.06,5447934436.736685,6240057212.661206,0.44422165987742046,0.12694158866320773,208.8505503999986
26,10,140,United Kingdom,0.06,5461641896.143441,6240057212.661206,0.4453393587853426,0.12474490056571022,213.26692860000185
26,20,140,United Kingdom,0.06,5473234814.804497,6240057212.661206,0.4462846391719257,0.12288707807050404,214.64894359999744
26,30,140,United Kingdom,0.06,5458572765.163257,6240057212.661206,0.44508910348689307,0.12523674396963883,218.51119800000015
26,40,140,United Kingdom,0.06,5463338369.040504,6240057212.661206,0.4454776882779276,0.12447303240180603,214.5478817999974
26,50,140,United Kingdom,0.06,5465688416.729913,6240057212.661206,0.44566930990948406,0.12409642564816281,211.21457490000466
26,60,140,United Kingdom,0.06,5466780477.900679,6240057212.661206,0.445758355993206,0.12392141744975238,212.5892451999971
26,70,140,United Kingdom,0.06,5477115199.005579,6240057212.661206,0.4466010436240687,0.12226522732958313,213.98384220000298
26,80,140,United Kingdom,0.06,5476699303.942777,6240057212.661206,0.44656713176310964,0.1223318765683046,198.14273750000575
26,90,140,United Kingdom,0.06,5468042278.914424,6240057212.661206,0.44586124257293086,0.12371920760283221,213.217244499996
26,100,140,United Kingdom,0.06,5465255503.743017,6240057212.661206,0.4456340104160973,0.12416580209330456,206.60824100000173
26,110,140,United Kingdom,0.06,5464194948.666978,6240057212.661206,0.44554753332248676,0.12433576128436573,214.54517339999438
26,120,140,United Kingdom,0.06,5460907771.944195,6240057212.661206,0.44527949869081823,0.12486254759589399,212.03149230000417
26,130,140,United Kingdom,0.06,5457839015.1509,6240057212.661206,0.44502927390336755,0.1253543310345247,208.1296211000008
26,140,140,United Kingdom,0.06,5461705525.295986,6240057212.661206,0.4453445470724059,0.12473470367962786,206.50273980000202
26,150,140,United Kingdom,0.06,5450205438.213213,6240057212.661206,0.4444068361230604,0.12657764945574018,208.82084290000057
26,160,140,United Kingdom,0.06,5439718892.978139,6240057212.661206,0.4435517688338339,0.1282581701429218,211.48186989999522
26,170,140,United Kingdom,0.06,5449704299.603624,6240057212.661206,0.44436597354889307,0.12665795939401636,211.3275569000034
26,0,140,United Kingdom,0.06,5447934436.736685,6240057212.661206,0.44422165987742046,0.12694158866320773,215.27060670000355
26,10,140,United Kingdom,0.06,5461641896.143441,6240057212.661206,0.4453393587853426,0.12474490056571022,216.69962870000018
26,20,140,United Kingdom,0.06,5473234814.804497,6240057212.661206,0.4462846391719257,0.12288707807050404,217.97336329999962
26,30,140,United Kingdom,0.06,5458572765.163257,6240057212.661206,0.44508910348689307,0.12523674396963883,211.0331026999993
26,40,140,United Kingdom,0.06,5463338369.040504,6240057212.661206,0.4454776882779276,0.12447303240180603,213.09907949999615
26,50,140,United Kingdom,0.06,5465688416.729913,6240057212.661206,0.44566930990948406,0.12409642564816281,212.34640879999642
26,60,140,United Kingdom,0.06,5466780477.900679,6240057212.661206,0.445758355993206,0.12392141744975238,207.42040840000118
26,70,140,United Kingdom,0.06,5477115199.005579,6240057212.661206,0.4466010436240687,0.12226522732958313,206.96201249999285
26,80,140,United Kingdom,0.06,5476699303.942777,6240057212.661206,0.44656713176310964,0.1223318765683046,203.64312219999556
26,90,140,United Kingdom,0.06,5468042278.914424,6240057212.661206,0.44586124257293086,0.12371920760283221,211.89773359999526
26,100,140,United Kingdom,0.06,5465255503.743017,6240057212.661206,0.4456340104160973,0.12416580209330456,214.15139949999866
26,110,140,United Kingdom,0.06,5464194948.666978,6240057212.661206,0.44554753332248676,0.12433576128436573,208.0030071000001
26,120,140,United Kingdom,0.06,5460907771.944195,6240057212.661206,0.44527949869081823,0.12486254759589399,205.35336529999768
26,130,140,United Kingdom,0.06,5457839015.1509,6240057212.661206,0.44502927390336755,0.1253543310345247,209.31093940000574
26,140,140,United Kingdom,0.06,5461705525.295986,6240057212.661206,0.4453445470724059,0.12473470367962786,208.38401789999625
26,150,140,United Kingdom,0.06,5450205438.213213,6240057212.661206,0.4444068361230604,0.12657764945574018,212.53542449999804
26,160,140,United Kingdom,0.06,5439718892.978139,6240057212.661206,0.4435517688338339,0.1282581701429218,211.97359240000515
26,170,140,United Kingdom,0.06,5449704299.603624,6240057212.661206,0.44436597354889307,0.12665795939401636,213.62907289999566
26,0,140,United Kingdom,0.06,5447934436.736685,6240057212.661206,0.44422165987742046,0.12694158866320773,216.97206970000116
26,10,140,United Kingdom,0.06,5461641896.143441,6240057212.661206,0.4453393587853426,0.12474490056571022,210.1392823999995
26,20,140,United Kingdom,0.06,5473234814.804497,6240057212.661206,0.4462846391719257,0.12288707807050404,214.07624210000358
26,30,140,United Kingdom,0.06,5458572765.163257,6240057212.661206,0.44508910348689307,0.12523674396963883,214.2816307999965
26,40,140,United Kingdom,0.06,5463338369.040504,6240057212.661206,0.4454776882779276,0.12447303240180603,200.63276960000076
26,50,140,United Kingdom,0.06,5465688416.729913,6240057212.661206,0.44566930990948406,0.12409642564816281,212.9577347000013
26,60,140,United Kingdom,0.06,5466780477.900679,6240057212.661206,0.445758355993206,0.12392141744975238,206.65924010000163
26,70,140,United Kingdom,0.06,5477115199.005579,6240057212.661206,0.4466010436240687,0.12226522732958313,213.11856960000296
26,80,140,United Kingdom,0.06,5476699303.942777,6240057212.661206,0.44656713176310964,0.1223318765683046,213.22939749999932
26,90,140,United Kingdom,0.06,5468042278.914424,6240057212.661206,0.44586124257293086,0.12371920760283221,208.9811281000002
26,100,140,United Kingdom,0.06,5465255503.743017,6240057212.661206,0.4456340104160973,0.12416580209330456,206.64223460000358
26,110,140,United Kingdom,0.06,5464194948.666978,6240057212.661206,0.44554753332248676,0.12433576128436573,209.1587284999987
26,120,140,United Kingdom,0.06,5460907771.944195,6240057212.661206,0.44527949869081823,0.12486254759589399,211.53275720000238
26,130,140,United Kingdom,0.06,5457839015.1509,6240057212.661206,0.44502927390336755,0.1253543310345247,211.9388880999977
26,140,140,United Kingdom,0.06,5461705525.295986,6240057212.661206,0.4453445470724059,0.12473470367962786,215.70284479999827
26,150,140,United Kingdom,0.06,5450205438.213213,6240057212.661206,0.4444068361230604,0.12657764945574018,214.27428879999934
26,160,140,United Kingdom,0.06,5439718892.978139,6240057212.661206,0.4435517688338339,0.1282581701429218,215.0497663999995
26,170,140,United Kingdom,0.06,5449704299.603624,6240057212.661206,0.44436597354889307,0.12665795939401636,212.18932179999683
26,0,140,United Kingdom,0.06,5447934436.736685,6240057212.661206,0.44422165987742046,0.12694158866320773,207.57584670000506
26,10,140,United Kingdom,0.06,5461641896.143441,6240057212.661206,0.4453393587853426,0.12474490056571022,209.07263900000544
26,20,140,United Kingdom,0.06,5473234814.804497,6240057212.661206,0.4462846391719257,0.12288707807050404,205.15356890000112
26,30,140,United Kingdom,0.06,5458572765.163257,6240057212.661206,0.44508910348689307,0.12523674396963883,211.08242359999713
26,40,140,United Kingdom,0.06,5463338369.040504,6240057212.661206,0.4454776882779276,0.12447303240180603,214.2228713000004
26,50,140,United Kingdom,0.06,5465688416.729913,6240057212.661206,0.44566930990948406,0.12409642564816281,208.6887668000054
26,60,140,United Kingdom,0.06,5466780477.900679,6240057212.661206,0.445758355993206,0.12392141744975238,206.70185440000205
26,70,140,United Kingdom,0.06,5477115199.005579,6240057212.661206,0.4466010436240687,0.12226522732958313,211.53170500000124
26,80,140,United Kingdom,0.06,5476699303.942777,6240057212.661206,0.44656713176310964,0.1223318765683046,210.42509730000165
26,90,140,United Kingdom,0.06,5468042278.914424,6240057212.661206,0.44586124257293086,0.12371920760283221,212.8638737999936
26,100,140,United Kingdom,0.06,5465255503.743017,6240057212.661206,0.4456340104160973,0.12416580209330456,213.57703110000148
26,110,140,United Kingdom,0.06,5464194948.666978,6240057212.661206,0.44554753332248676,0.12433576128436573,214.36774769999465
26,120,140,United Kingdom,0.06,5460907771.944195,6240057212.661206,0.44527949869081823,0.12486254759589399,216.34913519999827
26,130,140,United Kingdom,0.06,5457839015.1509,6240057212.661206,0.44502927390336755,0.1253543310345247,212.49812750000274
26,140,140,United Kingdom,0.06,5461705525.295986,6240057212.661206,0.4453445470724059,0.12473470367962786,216.44167890000244
26,150,140,United Kingdom,0.06,5450205438.213213,6240057212.661206,0.4444068361230604,0.12657764945574018,218.8231367000044
26,160,140,United Kingdom,0.06,5439718892.978139,6240057212.661206,0.4435517688338339,0.1282581701429218,218.3894580000051
26,170,140,United Kingdom,0.06,5449704299.603624,6240057212.661206,0.44436597354889307,0.12665795939401636,218.61998880000465
25,0,152,Sweden,0.07,6156745760.382699,7104674899.565838,0.46238477532314187,0.13342329558824234,238.12968319999345
25,10,152,Sweden,0.07,6165745263.89992,7104674899.565838,0.46306065728640355,0.1321565939242758,234.34504250000464
25,20,152,Sweden,0.07,6175557478.892886,7104674899.565838,0.4637975756198094,0.1307755011745477,230.44242680000025
25,30,152,Sweden,0.07,6191247642.299434,7104674899.565838,0.4649759404514715,0.1285670731143832,233.6905478999979
25,40,152,Sweden,0.07,6196309645.499926,7104674899.565838,0.4653561077189923,0.12785458404598102,233.82403300000442
25,50,152,Sweden,0.07,6196169816.062125,7104674899.565838,0.465345606229131,0.12787426537408922,234.49422570000024
25,60,152,Sweden,0.07,6200015648.464677,7104674899.565838,0.4656344364684479,0.12733295525688926,238.23985349999566
25,70,152,Sweden,0.07,6192473276.367941,7104674899.565838,0.46506798819153605,0.12839456218519457,238.98631989999558
25,80,152,Sweden,0.07,6185238881.35039,7104674899.565838,0.464524669652006,0.129412820602338,237.93943669999862
25,90,152,Sweden,0.07,6168897991.378618,7104674899.565838,0.4632974338634507,0.1317128399843326,236.13596460000554
25,100,152,Sweden,0.07,6164655410.162814,7104674899.565838,0.462978806939649,0.13230999344677513,241.8154530000029
25,110,152,Sweden,0.07,6178181643.445865,7104674899.565838,0.46399465599058703,0.13040614373172665,242.31488449999597
25,120,152,Sweden,0.07,6176837468.11912,7104674899.565838,0.4638937055484799,0.13059533962678824,241.91616559999966
25,130,152,Sweden,0.07,6172872624.935011,7104674899.565838,0.4635959373449149,0.13115340079639234,241.52728829999978
25,140,152,Sweden,0.07,6166343295.440503,7104674899.565838,0.4631055707342363,0.13207241955331067,241.6876703999951
25,150,152,Sweden,0.07,6155102724.278218,7104674899.565838,0.46226137979739085,0.13365455685321329,241.72217409999575
25,160,152,Sweden,0.07,6150431634.500023,7104674899.565838,0.4619105709640128,0.13431202392161928,241.8624792000046
25,170,152,Sweden,0.07,6150650590.561547,7104674899.565838,0.46192701503256034,0.13428120533180066,241.66931849999673
25,0,152,Sweden,0.07,6156745760.382699,7104674899.565838,0.46238477532314187,0.13342329558824234,235.98181379999733
25,10,152,Sweden,0.07,6165745263.89992,7104674899.565838,0.46306065728640355,0.1321565939242758,229.65916590000415
25,20,152,Sweden,0.07,6175557478.892886,7104674899.565838,0.4637975756198094,0.1307755011745477,227.9243193999937
25,30,152,Sweden,0.07,6191247642.299434,7104674899.565838,0.4649759404514715,0.1285670731143832,230.3117287999994
25,40,152,Sweden,0.07,6196309645.499926,7104674899.565838,0.4653561077189923,0.12785458404598102,232.7224231999935
25,50,152,Sweden,0.07,6196169816.062125,7104674899.565838,0.465345606229131,0.12787426537408922,233.08073449999938
25,60,152,Sweden,0.07,6200015648.464677,7104674899.565838,0.4656344364684479,0.12733295525688926,236.36021560000518
25,70,152,Sweden,0.07,6192473276.367941,7104674899.565838,0.46506798819153605,0.12839456218519457,237.03708120000374
25,80,152,Sweden,0.07,6185238881.35039,7104674899.565838,0.464524669652006,0.129412820602338,234.09299480000482
25,90,152,Sweden,0.07,6168897991.378618,7104674899.565838,0.4632974338634507,0.1317128399843326,237.9510425000044
25,100,152,Sweden,0.07,6164655410.162814,7104674899.565838,0.462978806939649,0.13230999344677513,240.5905563999986
25,110,152,Sweden,0.07,6178181643.445865,7104674899.565838,0.46399465599058703,0.13040614373172665,239.3905758999972
25,120,152,Sweden,0.07,6176837468.11912,7104674899.565838,0.4638937055484799,0.13059533962678824,239.78219340000214
25,130,152,Sweden,0.07,6172872624.935011,7104674899.565838,0.4635959373449149,0.13115340079639234,240.15572079999401
25,140,152,Sweden,0.07,6166343295.440503,7104674899.565838,0.4631055707342363,0.13207241955331067,241.40795680000156
25,150,152,Sweden,0.07,6155102724.278218,7104674899.565838,0.46226137979739085,0.13365455685321329,240.64214180000272
25,160,152,Sweden,0.07,6150431634.500023,7104674899.565838,0.4619105709640128,0.13431202392161928,240.37242729999707
25,170,152,Sweden,0.07,6150650590.561547,7104674899.565838,0.46192701503256034,0.13428120533180066,238.86738070000138
25,0,152,Sweden,0.07,6156745760.382699,7104674899.565838,0.46238477532314187,0.13342329558824234,233.20350060000055
25,10,152,Sweden,0.07,6165745263.89992,7104674899.565838,0.46306065728640355,0.1321565939242758,234.0015931999951
25,20,152,Sweden,0.07,6175557478.892886,7104674899.565838,0.4637975756198094,0.1307755011745477,237.54892670000118
25,30,152,Sweden,0.07,6191247642.299434,7104674899.565838,0.4649759404514715,0.1285670731143832,237.31262060000154
25,40,152,Sweden,0.07,6196309645.499926,7104674899.565838,0.4653561077189923,0.12785458404598102,234.71550549999665
25,50,152,Sweden,0.07,6196169816.062125,7104674899.565838,0.465345606229131,0.12787426537408922,237.71552220000012
25,60,152,Sweden,0.07,6200015648.464677,7104674899.565838,0.4656344364684479,0.12733295525688926,241.24289760000102
25,70,152,Sweden,0.07,6192473276.367941,7104674899.565838,0.46506798819153605,0.12839456218519457,239.9292110000024
25,80,152,Sweden,0.07,6185238881.35039,7104674899.565838,0.464524669652006,0.129412820602338,240.85894220000046
25,90,152,Sweden,0.07,6168897991.378618,7104674899.565838,0.4632974338634507,0.1317128399843326,240.96514380000008
25,100,152,Sweden,0.07,6164655410.162814,7104674899.565838,0.462978806939649,0.13230999344677513,241.44199479999952
25,110,152,Sweden,0.07,6178181643.445865,7104674899.565838,0.46399465599058703,0.13040614373172665,241.5136124000055
25,120,152,Sweden,0.07,6176837468.11912,7104674899.565838,0.4638937055484799,0.13059533962678824,241.0763350999987
25,130,152,Sweden,0.07,6172872624.935011,7104674899.565838,0.4635959373449149,0.13115340079639234,240.2752662999992
25,140,152,Sweden,0.07,6166343295.440503,7104674899.565838,0.4631055707342363,0.13207241955331067,239.97990140000184
25,150,152,Sweden,0.07,6155102724.278218,7104674899.565838,0.46226137979739085,0.13365455685321329,240.73196689999895
25,160,152,Sweden,0.07,6150431634.500023,7104674899.565838,0.4619105709640128,0.13431202392161928,238.42892330000177
25,170,152,Sweden,0.07,6150650590.561547,7104674899.565838,0.46192701503256034,0.13428120533180066,238.1287603000019
25,0,152,Sweden,0.07,6156745760.382699,7104674899.565838,0.46238477532314187,0.13342329558824234,234.19374860000244
25,10,152,Sweden,0.07,6165745263.89992,7104674899.565838,0.46306065728640355,0.1321565939242758,234.78641860000062
25,20,152,Sweden,0.07,6175557478.892886,7104674899.565838,0.4637975756198094,0.1307755011745477,236.13468889999785
25,30,152,Sweden,0.07,6191247642.299434,7104674899.565838,0.4649759404514715,0.1285670731143832,235.91255019999517
25,40,152,Sweden,0.07,6196309645.499926,7104674899.565838,0.4653561077189923,0.12785458404598102,231.32902340000146
25,50,152,Sweden,0.07,6196169816.062125,7104674899.565838,0.465345606229131,0.12787426537408922,240.93256570000085
25,60,152,Sweden,0.07,6200015648.464677,7104674899.565838,0.4656344364684479,0.12733295525688926,239.91478520000237
25,70,152,Sweden,0.07,6192473276.367941,7104674899.565838,0.46506798819153605,0.12839456218519457,240.32134170000063
25,80,152,Sweden,0.07,6185238881.35039,7104674899.565838,0.464524669652006,0.129412820602338,239.86423739999736
25,90,152,Sweden,0.07,6168897991.378618,7104674899.565838,0.4632974338634507,0.1317128399843326,240.45041130000027
25,100,152,Sweden,0.07,6164655410.162814,7104674899.565838,0.462978806939649,0.13230999344677513,241.3734811999966
25,110,152,Sweden,0.07,6178181643.445865,7104674899.565838,0.46399465599058703,0.13040614373172665,240.80354559999978
25,120,152,Sweden,0.07,6176837468.11912,7104674899.565838,0.4638937055484799,0.13059533962678824,240.80938389999937
25,130,152,Sweden,0.07,6172872624.935011,7104674899.565838,0.4635959373449149,0.13115340079639234,238.01193839999905
25,140,152,Sweden,0.07,6166343295.440503,7104674899.565838,0.4631055707342363,0.13207241955331067,239.33337260000553
25,150,152,Sweden,0.07,6155102724.278218,7104674899.565838,0.46226137979739085,0.13365455685321329,238.305729599997
25,160,152,Sweden,0.07,6150431634.500023,7104674899.565838,0.4619105709640128,0.13431202392161928,237.58210110000073
25,170,152,Sweden,0.07,6150650590.561547,7104674899.565838,0.46192701503256034,0.13428120533180066,237.24905559999752
25,0,152,Sweden,0.07,6156745760.382699,7104674899.565838,0.46238477532314187,0.13342329558824234,235.801581300002
25,10,152,Sweden,0.07,6165745263.89992,7104674899.565838,0.46306065728640355,0.1321565939242758,238.4603164
25,20,152,Sweden,0.07,6175557478.892886,7104674899.565838,0.4637975756198094,0.1307755011745477,237.59623859999556
25,30,152,Sweden,0.07,6191247642.299434,7104674899.565838,0.4649759404514715,0.1285670731143832,234.33621200000198
25,40,152,Sweden,0.07,6196309645.499926,7104674899.565838,0.4653561077189923,0.12785458404598102,241.52215990000695
25,50,152,Sweden,0.07,6196169816.062125,7104674899.565838,0.465345606229131,0.12787426537408922,241.63164139999571
25,60,152,Sweden,0.07,6200015648.464677,7104674899.565838,0.4656344364684479,0.12733295525688926,241.25627389999863
25,70,152,Sweden,0.07,6192473276.367941,7104674899.565838,0.46506798819153605,0.12839456218519457,241.3212693000023
25,80,152,Sweden,0.07,6185238881.35039,7104674899.565838,0.464524669652006,0.129412820602338,241.61346040000353
25,90,152,Sweden,0.07,6168897991.378618,7104674899.565838,0.4632974338634507,0.1317128399843326,242.5079365000056
25,100,152,Sweden,0.07,6164655410.162814,7104674899.565838,0.462978806939649,0.13230999344677513,241.07839060000697
25,110,152,Sweden,0.07,6178181643.445865,7104674899.565838,0.46399465599058703,0.13040614373172665,242.194055699998
25,120,152,Sweden,0.07,6176837468.11912,7104674899.565838,0.4638937055484799,0.13059533962678824,239.52170170000318
25,130,152,Sweden,0.07,6172872624.935011,7104674899.565838,0.4635959373449149,0.13115340079639234,240.39757700000337
25,140,152,Sweden,0.07,6166343295.440503,7104674899.565838,0.4631055707342363,0.13207241955331067,239.64854970000306
25,150,152,Sweden,0.07,6155102724.278218,7104674899.565838,0.46226137979739085,0.13365455685321329,239.23868889999721
25,160,152,Sweden,0.07,6150431634.500023,7104674899.565838,0.4619105709640128,0.13431202392161928,239.06478730000526
25,170,152,Sweden,0.07,6150650590.561547,7104674899.565838,0.46192701503256034,0.13428120533180066,238.90581720000046
25,0,152,Sweden,0.07,6156745760.382699,7104674899.565838,0.46238477532314187,0.13342329558824234,236.19939729999896
25,10,152,Sweden,0.07,6165745263.89992,7104674899.565838,0.46306065728640355,0.1321565939242758,238.9274809999988
25,20,152,Sweden,0.07,6175557478.892886,7104674899.565838,0.4637975756198094,0.1307755011745477,235.0664431999976
25,30,152,Sweden,0.07,6191247642.299434,7104674899.565838,0.4649759404514715,0.1285670731143832,236.3859403000024
25,40,152,Sweden,0.07,6196309645.499926,7104674899.565838,0.4653561077189923,0.12785458404598102,240.95427509999718
25,50,152,Sweden,0.07,6196169816.062125,7104674899.565838,0.465345606229131,0.12787426537408922,241.07098540000152
25,60,152,Sweden,0.07,6200015648.464677,7104674899.565838,0.4656344364684479,0.12733295525688926,240.84853860000294
25,70,152,Sweden,0.07,6192473276.367941,7104674899.565838,0.46506798819153605,0.12839456218519457,240.6882828999951
25,80,152,Sweden,0.07,6185238881.35039,7104674899.565838,0.464524669652006,0.129412820602338,240.8673959000007
25,90,152,Sweden,0.07,6168897991.378618,7104674899.565838,0.4632974338634507,0.1317128399843326,241.11023579999892
25,100,152,Sweden,0.07,6164655410.162814,7104674899.565838,0.462978806939649,0.13230999344677513,242.23137770000176
25,110,152,Sweden,0.07,6178181643.445865,7104674899.565838,0.46399465599058703,0.13040614373172665,240.37784159999865
25,120,152,Sweden,0.07,6176837468.11912,7104674899.565838,0.4638937055484799,0.13059533962678824,238.35104319999664
25,130,152,Sweden,0.07,6172872624.935011,7104674899.565838,0.4635959373449149,0.13115340079639234,240.30222119999962
25,140,152,Sweden,0.07,6166343295.440503,7104674899.565838,0.4631055707342363,0.13207241955331067,238.00201679999736
25,150,152,Sweden,0.07,6155102724.278218,7104674899.565838,0.46226137979739085,0.13365455685321329,238.69875219999813
25,160,152,Sweden,0.07,6150431634.500023,7104674899.565838,0.4619105709640128,0.13431202392161928,238.07421250000334
25,170,152,Sweden,0.07,6150650590.561547,7104674899.565838,0.46192701503256034,0.13428120533180066,238.57440659999702
25,0,152,Sweden,0.07,6156745760.382699,7104674899.565838,0.46238477532314187,0.13342329558824234,238.08865369999694
25,10,152,Sweden,0.07,6165745263.89992,7104674899.565838,0.46306065728640355,0.1321565939242758,234.3116128000038
25,20,152,Sweden,0.07,6175557478.892886,7104674899.565838,0.4637975756198094,0.1307755011745477,238.55117999999493
25,30,152,Sweden,0.07,6191247642.299434,7104674899.565838,0.4649759404514715,0.1285670731143832,239.8008164999992
25,40,152,Sweden,0.07,6196309645.499926,7104674899.565838,0.4653561077189923,0.12785458404598102,240.8935524999979
25,50,152,Sweden,0.07,6196169816.062125,7104674899.565838,0.465345606229131,0.12787426537408922,241.10546230000182
25,60,152,Sweden,0.07,6200015648.464677,7104674899.565838,0.4656344364684479,0.12733295525688926,240.9697320999985
25,70,152,Sweden,0.07,6192473276.367941,7104674899.565838,0.46506798819153605,0.12839456218519457,240.41076420000172
25,80,152,Sweden,0.07,6185238881.35039,7104674899.565838,0.464524669652006,0.129412820602338,240.5974451000002
25,90,152,Sweden,0.07,6168897991.378618,7104674899.565838,0.4632974338634507,0.1317128399843326,241.05714969999826
25,100,152,Sweden,0.07,6164655410.162814,7104674899.565838,0.462978806939649,0.13230999344677513,239.55396230000042
25,110,152,Sweden,0.07,6178181643.445865,7104674899.565838,0.46399465599058703,0.13040614373172665,238.92610389999754
25,120,152,Sweden,0.07,6176837468.11912,7104674899.565838,0.4638937055484799,0.13059533962678824,239.67960319999838
25,130,152,Sweden,0.07,6172872624.935011,7104674899.565838,0.4635959373449149,0.13115340079639234,238.7158550000022
25,140,152,Sweden,0.07,6166343295.440503,7104674899.565838,0.4631055707342363,0.13207241955331067,237.73123900000064
25,150,152,Sweden,0.07,6155102724.278218,7104674899.565838,0.46226137979739085,0.13365455685321329,237.99422760000016
25,160,152,Sweden,0.07,6150431634.500023,7104674899.565838,0.4619105709640128,0.13431202392161928,238.2386023999934
25,170,152,Sweden,0.07,6150650590.561547,7104674899.565838,0.46192701503256034,0.13428120533180066,240.15691170000355
25,0,152,Sweden,0.07,6156745760.382699,7104674899.565838,0.46238477532314187,0.13342329558824234,240.02993029999925
25,10,152,Sweden,0.07,6165745263.89992,7104674899.565838,0.46306065728640355,0.1321565939242758,242.16409810000187
25,20,152,Sweden,0.07,6175557478.892886,7104674899.565838,0.4637975756198094,0.1307755011745477,241.3211433000033
25,30,152,Sweden,0.07,6191247642.299434,7104674899.565838,0.4649759404514715,0.1285670731143832,241.66425439999875
25,40,152,Sweden,0.07,6196309645.499926,7104674899.565838,0.4653561077189923,0.12785458404598102,242.22937269999966
25,50,152,Sweden,0.07,6196169816.062125,7104674899.565838,0.465345606229131,0.12787426537408922,241.94578190000175
25,60,152,Sweden,0.07,6200015648.464677,7104674899.565838,0.4656344364684479,0.12733295525688926,242.6887715999983
25,70,152,Sweden,0.07,6192473276.367941,7104674899.565838,0.46506798819153605,0.12839456218519457,241.88171210000291
25,80,152,Sweden,0.07,6185238881.35039,7104674899.565838,0.464524669652006,0.129412820602338,240.82598300000245
25,90,152,Sweden,0.07,6168897991.378618,7104674899.565838,0.4632974338634507,0.1317128399843326,240.51910570000473
25,100,152,Sweden,0.07,6164655410.162814,7104674899.565838,0.462978806939649,0.13230999344677513,239.90890870000294
25,110,152,Sweden,0.07,6178181643.445865,7104674899.565838,0.46399465599058703,0.13040614373172665,238.78415159999713
25,120,152,Sweden,0.07,6176837468.11912,7104674899.565838,0.4638937055484799,0.13059533962678824,239.72230400000262
25,130,152,Sweden,0.07,6172872624.935011,7104674899.565838,0.4635959373449149,0.13115340079639234,238.9405384999991
25,140,152,Sweden,0.07,6166343295.440503,7104674899.565838,0.4631055707342363,0.13207241955331067,239.85868960000516
25,150,152,Sweden,0.07,6155102724.278218,7104674899.565838,0.46226137979739085,0.13365455685321329,240.01633470000525
25,160,152,Sweden,0.07,6150431634.500023,7104674899.565838,0.4619105709640128,0.13431202392161928,239.68166570000176
25,170,152,Sweden,0.07,6150650590.561547,7104674899.565838,0.46192701503256034,0.13428120533180066,238.44930330000352
25,0,152,Sweden,0.07,6156745760.382699,7104674899.565838,0.46238477532314187,0.13342329558824234,241.03804980000132
25,10,152,Sweden,0.07,6165745263.89992,7104674899.565838,0.46306065728640355,0.1321565939242758,241.18241860000126
25,20,152,Sweden,0.07,6175557478.892886,7104674899.565838,0.4637975756198094,0.1307755011745477,241.03440849999606
25,30,152,Sweden,0.07,6191247642.299434,7104674899.565838,0.4649759404514715,0.1285670731143832,241.38576260000264
25,40,152,Sweden,0.07,6196309645.499926,7104674899.565838,0.4653561077189923,0.12785458404598102,240.75358309999865
25,50,152,Sweden,0.07,6196169816.062125,7104674899.565838,0.465345606229131,0.12787426537408922,238.72286890000396
25,60,152,Sweden,0.07,6200015648.464677,7104674899.565838,0.4656344364684479,0.12733295525688926,240.10885479999706
25,70,152,Sweden,0.07,6192473276.367941,7104674899.565838,0.46506798819153605,0.12839456218519457,238.79906279999705
25,80,152,Sweden,0.07,6185238881.35039,7104674899.565838,0.464524669652006,0.129412820602338,238.88733890000003
25,90,152,Sweden,0.07,6168897991.378618,7104674899.565838,0.4632974338634507,0.1317128399843326,238.38079909999942
25,100,152,Sweden,0.07,6164655410.162814,7104674899.565838,0.462978806939649,0.13230999344677513,238.0952124999967
25,110,152,Sweden,0.07,6178181643.445865,7104674899.565838,0.46399465599058703,0.13040614373172665,240.2663476999951
25,120,152,Sweden,0.07,6176837468.11912,7104674899.565838,0.4638937055484799,0.13059533962678824,238.972497499999
25,130,152,Sweden,0.07,6172872624.935011,7104674899.565838,0.4635959373449149,0.13115340079639234,239.5352733000036
25,140,152,Sweden,0.07,6166343295.440503,7104674899.565838,0.4631055707342363,0.13207241955331067,237.62836940000125
25,150,152,Sweden,0.07,6155102724.278218,7104674899.565838,0.46226137979739085,0.13365455685321329,237.52948540000216
25,160,152,Sweden,0.07,6150431634.500023,7104674899.565838,0.4619105709640128,0.13431202392161928,237.41905150000093
25,170,152,Sweden,0.07,6150650590.561547,7104674899.565838,0.46192701503256034,0.13428120533180066,238.27487090000068
23,0,156,Netherlands,0.06,6720056647.098846,7805129247.042418,0.49174984245835135,0.13902045252546402,247.2683640999967
23,10,156,Netherlands,0.06,6717335682.497872,7805129247.042418,0.4915507319472158,0.13936906489495235,248.6298620000016
23,20,156,Netherlands,0.06,6716559472.934335,7805129247.042418,0.49149393169230293,0.13946851354454795,247.0039489999981
23,30,156,Netherlands,0.06,6713407354.6858,7805129247.042418,0.4912632708908354,0.13987236569724992,247.40415930000017
23,40,156,Netherlands,0.06,6705106635.937378,7805129247.042418,0.4906558538181549,0.14093586105853007,247.34843610000098
23,50,156,Netherlands,0.06,6715004227.705869,7805129247.042418,0.4913801243784297,0.13966777292632634,246.88089639999816
23,60,156,Netherlands,0.06,6714142953.506081,7805129247.042418,0.49131709939600754,0.13977812013167396,248.67858449999767
23,70,156,Netherlands,0.06,6720994562.179552,7805129247.042418,0.4918184757478305,0.13890028602328072,247.6481303000037
23,80,156,Netherlands,0.06,6722623813.108285,7805129247.042418,0.49193769853561387,0.13869154496632125,246.76021260000562
23,90,156,Netherlands,0.06,6717064489.84052,7805129247.042418,0.4915308870331723,0.13940381033590135,246.54722700000275
23,100,156,Netherlands,0.06,6722533533.336096,7805129247.042418,0.4919310921830067,0.13870311168986058,246.5835847999988
23,110,156,Netherlands,0.06,6717882956.621493,7805129247.042418,0.4915907795209499,0.13929894765457115,246.41751600000134
23,120,156,Netherlands,0.06,6720153063.175179,7805129247.042418,0.49175689784386917,0.1390080996132597,246.45580419999897
23,130,156,Netherlands,0.06,6721092875.763883,7805129247.042418,0.4918256699862342,0.13888769000068854,247.29482879999705
23,140,156,Netherlands,0.06,6727417949.372199,7805129247.042418,0.4922885163748536,0.13807731602632892,246.20921259999886
23,150,156,Netherlands,0.06,6731796779.487404,7805129247.042418,0.4926089435873583,0.13751629647410765,246.7713889999941
23,160,156,Netherlands,0.06,6734017404.933045,7805129247.042418,0.4927714410587933,0.13723178799572686,247.04681870000059
23,170,156,Netherlands,0.06,6724451841.1915655,7805129247.042418,0.49207146712852456,0.13845733640610128,246.6767761999945
23,0,156,Netherlands,0.06,6720056647.098846,7805129247.042418,0.49174984245835135,0.13902045252546402,246.7109810999973
23,10,156,Netherlands,0.06,6717335682.497872,7805129247.042418,0.4915507319472158,0.13936906489495235,247.41172039999947
23,20,156,Netherlands,0.06,6716559472.934335,7805129247.042418,0.49149393169230293,0.13946851354454795,245.34363850000227
23,30,156,Netherlands,0.06,6713407354.6858,7805129247.042418,0.4912632708908354,0.13987236569724992,245.30797029999667
23,40,156,Netherlands,0.06,6705106635.937378,7805129247.042418,0.4906558538181549,0.14093586105853007,245.73700979999558
23,50,156,Netherlands,0.06,6715004227.705869,7805129247.042418,0.4913801243784297,0.13966777292632634,245.37446490000002
23,60,156,Netherlands,0.06,6714142953.506081,7805129247.042418,0.49131709939600754,0.13977812013167396,247.21032049999485
23,70,156,Netherlands,0.06,6720994562.179552,7805129247.042418,0.4918184757478305,0.13890028602328072,246.48239119999926
23,80,156,Netherlands,0.06,6722623813.108285,7805129247.042418,0.49193769853561387,0.13869154496632125,245.34882800000196
23,90,156,Netherlands,0.06,6717064489.84052,7805129247.042418,0.4915308870331723,0.13940381033590135,244.22266530000343
23,100,156,Netherlands,0.06,6722533533.336096,7805129247.042418,0.4919310921830067,0.13870311168986058,244.9656892999992
23,110,156,Netherlands,0.06,6717882956.621493,7805129247.042418,0.4915907795209499,0.13929894765457115,244.9919519000032
23,120,156,Netherlands,0.06,6720153063.175179,7805129247.042418,0.49175689784386917,0.1390080996132597,246.1924885000044
23,130,156,Netherlands,0.06,6721092875.763883,7805129247.042418,0.4918256699862342,0.13888769000068854,245.1622967000003
23,140,156,Netherlands,0.06,6727417949.372199,7805129247.042418,0.4922885163748536,0.13807731602632892,245.30296880000242
23,150,156,Netherlands,0.06,6731796779.487404,7805129247.042418,0.4926089435873583,0.13751629647410765,244.76017120000324
23,160,156,Netherlands,0.06,6734017404.933045,7805129247.042418,0.4927714410587933,0.13723178799572686,245.53555409999535
23,170,156,Netherlands,0.06,6724451841.1915655,7805129247.042418,0.49207146712852456,0.13845733640610128,245.56180630000017
23,0,156,Netherlands,0.06,6720056647.098846,7805129247.042418,0.49174984245835135,0.13902045252546402,246.3299412999986
23,10,156,Netherlands,0.06,6717335682.497872,7805129247.042418,0.4915507319472158,0.13936906489495235,246.44765489999554
23,20,156,Netherlands,0.06,6716559472.934335,7805129247.042418,0.49149393169230293,0.13946851354454795,247.54255960000592
23,30,156,Netherlands,0.06,6713407354.6858,7805129247.042418,0.4912632708908354,0.13987236569724992,246.34419830000115
23,40,156,Netherlands,0.06,6705106635.937378,7805129247.042418,0.4906558538181549,0.14093586105853007,245.94866059999913
23,50,156,Netherlands,0.06,6715004227.705869,7805129247.042418,0.4913801243784297,0.13966777292632634,245.24840829999448
23,60,156,Netherlands,0.06,6714142953.506081,7805129247.042418,0.49131709939600754,0.13977812013167396,245.32004559999768
23,70,156,Netherlands,0.06,6720994562.179552,7805129247.042418,0.4918184757478305,0.13890028602328072,245.73428290000447
23,80,156,Netherlands,0.06,6722623813.108285,7805129247.042418,0.49193769853561387,0.13869154496632125,246.84128649999911
23,90,156,Netherlands,0.06,6717064489.84052,7805129247.042418,0.4915308870331723,0.13940381033590135,245.78039519999584
23,100,156,Netherlands,0.06,6722533533.336096,7805129247.042418,0.4919310921830067,0.13870311168986058,245.05734540000412
23,110,156,Netherlands,0.06,6717882956.621493,7805129247.042418,0.4915907795209499,0.13929894765457115,245.66574879999825
23,120,156,Netherlands,0.06,6720153063.175179,7805129247.042418,0.49175689784386917,0.1390080996132597,246.35494269999617
23,130,156,Netherlands,0.06,6721092875.763883,7805129247.042418,0.4918256699862342,0.13888769000068854,246.63005870000052
23,140,156,Netherlands,0.06,6727417949.372199,7805129247.042418,0.4922885163748536,0.13807731602632892,246.25913940000464
23,150,156,Netherlands,0.06,6731796779.487404,7805129247.042418,0.4926089435873583,0.13751629647410765,246.31231670000125
23,160,156,Netherlands,0.06,6734017404.933045,7805129247.042418,0.4927714410587933,0.13723178799572686,245.4131339000014
23,170,156,Netherlands,0.06,6724451841.1915655,7805129247.042418,0.49207146712852456,0.13845733640610128,245.77556439999898
23,0,156,Netherlands,0.06,6720056647.098846,7805129247.042418,0.49174984245835135,0.13902045252546402,245.82138029999624
23,10,156,Netherlands,0.06,6717335682.497872,7805129247.042418,0.4915507319472158,0.13936906489495235,246.75675220000267
23,20,156,Netherlands,0.06,6716559472.934335,7805129247.042418,0.49149393169230293,0.13946851354454795,245.77380289999564
23,30,156,Netherlands,0.06,6713407354.6858,7805129247.042418,0.4912632708908354,0.13987236569724992,246.36691419999988
23,40,156,Netherlands,0.06,6705106635.937378,7805129247.042418,0.4906558538181549,0.14093586105853007,244.97129739999946
23,50,156,Netherlands,0.06,6715004227.705869,7805129247.042418,0.4913801243784297,0.13966777292632634,244.67218039999716
23,60,156,Netherlands,0.06,6714142953.506081,7805129247.042418,0.49131709939600754,0.13977812013167396,245.234005899998
23,70,156,Netherlands,0.06,6720994562.179552,7805129247.042418,0.4918184757478305,0.13890028602328072,244.52574520000053
23,80,156,Netherlands,0.06,6722623813.108285,7805129247.042418,0.49193769853561387,0.13869154496632125,245.58028560000093
23,90,156,Netherlands,0.06,6717064489.84052,7805129247.042418,0.4915308870331723,0.13940381033590135,244.9628475999998
23,100,156,Netherlands,0.06,6722533533.336096,7805129247.042418,0.4919310921830067,0.13870311168986058,244.52926140000636
23,110,156,Netherlands,0.06,6717882956.621493,7805129247.042418,0.4915907795209499,0.13929894765457115,245.76034829999844
23,120,156,Netherlands,0.06,6720153063.175179,7805129247.042418,0.49175689784386917,0.1390080996132597,245.32033379999484
23,130,156,Netherlands,0.06,6721092875.763883,7805129247.042418,0.4918256699862342,0.13888769000068854,245.66055939999933
23,140,156,Netherlands,0.06,6727417949.372199,7805129247.042418,0.4922885163748536,0.13807731602632892,245.10484919999726
23,150,156,Netherlands,0.06,6731796779.487404,7805129247.042418,0.4926089435873583,0.13751629647410765,245.233037900005
23,160,156,Netherlands,0.06,6734017404.933045,7805129247.042418,0.4927714410587933,0.13723178799572686,244.75808020000113
23,170,156,Netherlands,0.06,6724451841.1915655,7805129247.042418,0.49207146712852456,0.13845733640610128,245.460012800002
23,0,156,Netherlands,0.06,6720056647.098846,7805129247.042418,0.49174984245835135,0.13902045252546402,248.1347861999966
23,10,156,Netherlands,0.06,6717335682.497872,7805129247.042418,0.4915507319472158,0.13936906489495235,247.5494819000014
23,20,156,Netherlands,0.06,6716559472.934335,7805129247.042418,0.49149393169230293,0.13946851354454795,246.95575049999752
23,30,156,Netherlands,0.06,6713407354.6858,7805129247.042418,0.4912632708908354,0.13987236569724992,246.05877730000066
23,40,156,Netherlands,0.06,6705106635.937378,7805129247.042418,0.4906558538181549,0.14093586105853007,245.28817910000362
23,50,156,Netherlands,0.06,6715004227.705869,7805129247.042418,0.4913801243784297,0.13966777292632634,245.8254797000045
23,60,156,Netherlands,0.06,6714142953.506081,7805129247.042418,0.49131709939600754,0.13977812013167396,246.37108050000097
23,70,156,Netherlands,0.06,6720994562.179552,7805129247.042418,0.4918184757478305,0.13890028602328072,246.11606870000105
23,80,156,Netherlands,0.06,6722623813.108285,7805129247.042418,0.49193769853561387,0.13869154496632125,246.1251110000012
23,90,156,Netherlands,0.06,6717064489.84052,7805129247.042418,0.4915308870331723,0.13940381033590135,246.2434310000026
23,100,156,Netherlands,0.06,6722533533.336096,7805129247.042418,0.4919310921830067,0.13870311168986058,246.03350849999697
23,110,156,Netherlands,0.06,6717882956.621493,7805129247.042418,0.4915907795209499,0.13929894765457115,246.20736960000067
23,120,156,Netherlands,0.06,6720153063.175179,7805129247.042418,0.49175689784386917,0.1390080996132597,246.7873297000042
23,130,156,Netherlands,0.06,6721092875.763883,7805129247.042418,0.4918256699862342,0.13888769000068854,246.1943528000047
23,140,156,Netherlands,0.06,6727417949.372199,7805129247.042418,0.4922885163748536,0.13807731602632892,245.81902189999528
23,150,156,Netherlands,0.06,6731796779.487404,7805129247.042418,0.4926089435873583,0.13751629647410765,246.91760679999425
23,160,156,Netherlands,0.06,6734017404.933045,7805129247.042418,0.4927714410587933,0.13723178799572686,246.26133789999585
23,170,156,Netherlands,0.06,6724451841.1915655,7805129247.042418,0.49207146712852456,0.13845733640610128,246.6355356999993
23,0,156,Netherlands,0.06,6720056647.098846,7805129247.042418,0.49174984245835135,0.13902045252546402,247.93019179999828
23,10,156,Netherlands,0.06,6717335682.497872,7805129247.042418,0.4915507319472158,0.13936906489495235,246.10715589999745
23,20,156,Netherlands,0.06,6716559472.934335,7805129247.042418,0.49149393169230293,0.13946851354454795,247.13277899999957
23,30,156,Netherlands,0.06,6713407354.6858,7805129247.042418,0.4912632708908354,0.13987236569724992,245.46053269999538
23,40,156,Netherlands,0.06,6705106635.937378,7805129247.042418,0.4906558538181549,0.14093586105853007,245.17032279999694
23,50,156,Netherlands,0.06,6715004227.705869,7805129247.042418,0.4913801243784297,0.13966777292632634,245.0772563999999
23,60,156,Netherlands,0.06,6714142953.506081,7805129247.042418,0.49131709939600754,0.13977812013167396,245.40011180000147
23,70,156,Netherlands,0.06,6720994562.179552,7805129247.042418,0.4918184757478305,0.13890028602328072,245.85032240000146
23,80,156,Netherlands,0.06,6722623813.108285,7805129247.042418,0.49193769853561387,0.13869154496632125,245.30976609999925
23,90,156,Netherlands,0.06,6717064489.84052,7805129247.042418,0.4915308870331723,0.13940381033590135,245.24497100000008
23,100,156,Netherlands,0.06,6722533533.336096,7805129247.042418,0.4919310921830067,0.13870311168986058,245.72298549999687
23,110,156,Netherlands,0.06,6717882956.621493,7805129247.042418,0.4915907795209499,0.13929894765457115,245.6822286999959
23,120,156,Netherlands,0.06,6720153063.175179,7805129247.042418,0.49175689784386917,0.1390080996132597,245.50882950000232
23,130,156,Netherlands,0.06,6721092875.763883,7805129247.042418,0.4918256699862342,0.13888769000068854,246.6087320000006
23,140,156,Netherlands,0.06,6727417949.372199,7805129247.042418,0.4922885163748536,0.13807731602632892,245.5303014999954
23,150,156,Netherlands,0.06,6731796779.487404,7805129247.042418,0.4926089435873583,0.13751629647410765,245.63866450000205
23,160,156,Netherlands,0.06,6734017404.933045,7805129247.042418,0.4927714410587933,0.13723178799572686,245.60674329999893
23,170,156,Netherlands,0.06,6724451841.1915655,7805129247.042418,0.49207146712852456,0.13845733640610128,245.75773700000718
23,0,156,Netherlands,0.06,6720056647.098846,7805129247.042418,0.49174984245835135,0.13902045252546402,247.04978989999654
23,10,156,Netherlands,0.06,6717335682.497872,7805129247.042418,0.4915507319472158,0.13936906489495235,246.21991619999608
23,20,156,Netherlands,0.06,6716559472.934335,7805129247.042418,0.49149393169230293,0.13946851354454795,245.01311859999987
23,30,156,Netherlands,0.06,6713407354.6858,7805129247.042418,0.4912632708908354,0.13987236569724992,245.42947070000082
23,40,156,Netherlands,0.06,6705106635.937378,7805129247.042418,0.4906558538181549,0.14093586105853007,245.56063859999995
23,50,156,Netherlands,0.06,6715004227.705869,7805129247.042418,0.4913801243784297,0.13966777292632634,246.72277300000133
23,60,156,Netherlands,0.06,6714142953.506081,7805129247.042418,0.49131709939600754,0.13977812013167396,246.11332449999463
23,70,156,Netherlands,0.06,6720994562.179552,7805129247.042418,0.4918184757478305,0.13890028602328072,244.81549649999943
23,80,156,Netherlands,0.06,6722623813.108285,7805129247.042418,0.49193769853561387,0.13869154496632125,245.36531339999783
23,90,156,Netherlands,0.06,6717064489.84052,7805129247.042418,0.4915308870331723,0.13940381033590135,246.27807069999835
23,100,156,Netherlands,0.06,6722533533.336096,7805129247.042418,0.4919310921830067,0.13870311168986058,245.95472439999867
23,110,156,Netherlands,0.06,6717882956.621493,7805129247.042418,0.4915907795209499,0.13929894765457115,246.67746339999576
23,120,156,Netherlands,0.06,6720153063.175179,7805129247.042418,0.49175689784386917,0.1390080996132597,246.13494070000888
23,130,156,Netherlands,0.06,6721092875.763883,7805129247.042418,0.4918256699862342,0.13888769000068854,245.70636129999184
23,140,156,Netherlands,0.06,6727417949.372199,7805129247.042418,0.4922885163748536,0.13807731602632892,245.21447729998908
23,150,156,Netherlands,0.06,6731796779.487404,7805129247.042418,0.4926089435873583,0.13751629647410765,246.20465800000238
23,160,156,Netherlands,0.06,6734017404.933045,7805129247.042418,0.4927714410587933,0.13723178799572686,245.1785496000084
23,170,156,Netherlands,0.06,6724451841.1915655,7805129247.042418,0.49207146712852456,0.13845733640610128,246.07607880000432
23,0,156,Netherlands,0.06,6720056647.098846,7805129247.042418,0.49174984245835135,0.13902045252546402,245.93442479999794
23,10,156,Netherlands,0.06,6717335682.497872,7805129247.042418,0.4915507319472158,0.13936906489495235,246.02367180000147
23,20,156,Netherlands,0.06,6716559472.934335,7805129247.042418,0.49149393169230293,0.13946851354454795,245.49267350000446
23,30,156,Netherlands,0.06,6713407354.6858,7805129247.042418,0.4912632708908354,0.13987236569724992,246.41974879999907
23,40,156,Netherlands,0.06,6705106635.937378,7805129247.042418,0.4906558538181549,0.14093586105853007,246.0091623000044
23,50,156,Netherlands,0.06,6715004227.705869,7805129247.042418,0.4913801243784297,0.13966777292632634,246.32020320000447
23,60,156,Netherlands,0.06,6714142953.506081,7805129247.042418,0.49131709939600754,0.13977812013167396,245.94222589999845
23,70,156,Netherlands,0.06,6720994562.179552,7805129247.042418,0.4918184757478305,0.13890028602328072,246.57757659999334
23,80,156,Netherlands,0.06,6722623813.108285,7805129247.042418,0.49193769853561387,0.13869154496632125,246.37818649999826
23,90,156,Netherlands,0.06,6717064489.84052,7805129247.042418,0.4915308870331723,0.13940381033590135,246.1507416999957
23,100,156,Netherlands,0.06,6722533533.336096,7805129247.042418,0.4919310921830067,0.13870311168986058,246.6290208999999
23,110,156,Netherlands,0.06,6717882956.621493,7805129247.042418,0.4915907795209499,0.13929894765457115,246.19631100000697
23,120,156,Netherlands,0.06,6720153063.175179,7805129247.042418,0.49175689784386917,0.1390080996132597,246.2681711000041
23,130,156,Netherlands,0.06,6721092875.763883,7805129247.042418,0.4918256699862342,0.13888769000068854,246.5951963999978
23,140,156,Netherlands,0.06,6727417949.372199,7805129247.042418,0.4922885163748536,0.13807731602632892,246.01686980000522
23,150,156,Netherlands,0.06,6731796779.487404,7805129247.042418,0.4926089435873583,0.13751629647410765,245.87269860001106
23,160,156,Netherlands,0.06,6734017404.933045,7805129247.042418,0.4927714410587933,0.13723178799572686,246.89287159999367
23,170,156,Netherlands,0.06,6724451841.1915655,7805129247.042418,0.49207146712852456,0.13845733640610128,245.9664485000103
23,0,156,Netherlands,0.06,6720056647.098846,7805129247.042418,0.49174984245835135,0.13902045252546402,246.25111469999683
23,10,156,Netherlands,0.06,6717335682.497872,7805129247.042418,0.4915507319472158,0.13936906489495235,245.94621039999765
23,20,156,Netherlands,0.06,6716559472.934335,7805129247.042418,0.49149393169230293,0.13946851354454795,245.9616911999983
23,30,156,Netherlands,0.06,6713407354.6858,7805129247.042418,0.4912632708908354,0.13987236569724992,245.9734279999975
23,40,156,Netherlands,0.06,6705106635.937378,7805129247.042418,0.4906558538181549,0.14093586105853007,246.19900730000518
23,50,156,Netherlands,0.06,6715004227.705869,7805129247.042418,0.4913801243784297,0.13966777292632634,245.78708510000433
23,60,156,Netherlands,0.06,6714142953.506081,7805129247.042418,0.49131709939600754,0.13977812013167396,245.29124539999611
23,70,156,Netherlands,0.06,6720994562.179552,7805129247.042418,0.4918184757478305,0.13890028602328072,245.546463199993
23,80,156,Netherlands,0.06,6722623813.108285,7805129247.042418,0.49193769853561387,0.13869154496632125,245.7538812999992
23,90,156,Netherlands,0.06,6717064489.84052,7805129247.042418,0.4915308870331723,0.13940381033590135,245.41812430000573
23,100,156,Netherlands,0.06,6722533533.336096,7805129247.042418,0.4919310921830067,0.13870311168986058,246.3310916999908
23,110,156,Netherlands,0.06,6717882956.621493,7805129247.042418,0.4915907795209499,0.13929894765457115,246.05794009999954
23,120,156,Netherlands,0.06,6720153063.175179,7805129247.042418,0.49175689784386917,0.1390080996132597,245.0950373999949
23,130,156,Netherlands,0.06,6721092875.763883,7805129247.042418,0.4918256699862342,0.13888769000068854,245.12625019998814
23,140,156,Netherlands,0.06,6727417949.372199,7805129247.042418,0.4922885163748536,0.13807731602632892,245.91172930000175
23,150,156,Netherlands,0.06,6731796779.487404,7805129247.042418,0.4926089435873583,0.13751629647410765,245.166530100003
23,160,156,Netherlands,0.06,6734017404.933045,7805129247.042418,0.4927714410587933,0.13723178799572686,245.8793358999974
23,170,156,Netherlands,0.06,6724451841.1915655,7805129247.042418,0.49207146712852456,0.13845733640610128,245.54691790000652
24,0,156,China,0.08,3872516893.8454685,4916885462.229088,0.28337701190181686,0.21240449394364191,246.59331999999995
24,10,156,China,0.08,3885968183.6965227,4916885462.229088,0.28436132944740977,0.20966876012303834,247.79786400000012
24,20,156,China,0.08,3884955886.9645023,4916885462.229088,0.28428725317326003,0.20987464182188953,247.07893949998834
24,30,156,China,0.08,3886313672.413921,4916885462.229088,0.28438661108285923,0.20959849435824635,247.3637718999962
24,40,156,China,0.08,3871959869.3932786,4916885462.229088,0.2833362508337196,0.21251778201115315,247.85077540000202
24,50,156,China,0.08,3841068023.559789,4916885462.229088,0.2810756954367016,0.21880058970939967,247.1362869000004
24,60,156,China,0.08,3832256577.360876,4916885462.229088,0.2804309051458316,0.2205926685094046,247.33611709999968
24,70,156,China,0.08,3842307512.3316474,4916885462.229088,0.2811663968162135,0.21854850151629862,247.2595261999959
24,80,156,China,0.08,3851147920.4380064,4916885462.229088,0.281813306436454,0.2167505324209699,246.47314519999782
24,90,156,China,0.08,3858772306.7316513,4916885462.229088,0.2823712319057818,0.21519987879028954,247.42205769999418
24,100,156,China,0.08,3866652822.776807,4916885462.229088,0.2829479000392816,0.21359713329099073,247.7378585999977
24,110,156,China,0.08,3863274579.902367,4916885462.229088,0.2827006922420067,0.21428420296149472,246.8830234000052
24,120,156,China,0.08,3862998515.7379847,4916885462.229088,0.2826804908484066,0.21434034910655,247.44462380000914
24,130,156,China,0.08,3858273483.1540556,4916885462.229088,0.2823347297706691,0.2153013299185348,247.1275394999975
24,140,156,China,0.08,3845957194.932236,4916885462.229088,0.2814334676071476,0.21780622622259385,248.61799299999257
24,150,156,China,0.08,3845760671.3769493,4916885462.229088,0.28141908671239824,0.21784619533653735,247.50393049999548
24,160,156,China,0.08,3860794423.7921124,4916885462.229088,0.2825192032396757,0.2147886190454786,248.00951809999242
24,170,156,China,0.08,3867189766.5474243,4916885462.229088,0.28298719167452757,0.21348792924815868,246.54569590000028
24,0,156,China,0.08,3872516893.8454685,4916885462.229088,0.28337701190181686,0.21240449394364191,245.75327400000242
24,10,156,China,0.08,3885968183.6965227,4916885462.229088,0.28436132944740977,0.20966876012303834,245.60890530000324
24,20,156,China,0.08,3884955886.9645023,4916885462.229088,0.28428725317326003,0.20987464182188953,245.174076100011
24,30,156,China,0.08,3886313672.413921,4916885462.229088,0.28438661108285923,0.20959849435824635,245.47502660000464
24,40,156,China,0.08,3871959869.3932786,4916885462.229088,0.2833362508337196,0.21251778201115315,246.141157200007
24,50,156,China,0.08,3841068023.559789,4916885462.229088,0.2810756954367016,0.21880058970939967,245.85153189999983
24,60,156,China,0.08,3832256577.360876,4916885462.229088,0.2804309051458316,0.2205926685094046,246.01046869999846
24,70,156,China,0.08,3842307512.3316474,4916885462.229088,0.2811663968162135,0.21854850151629862,245.2350690000021
24,80,156,China,0.08,3851147920.4380064,4916885462.229088,0.281813306436454,0.2167505324209699,245.62753650000377
24,90,156,China,0.08,3858772306.7316513,4916885462.229088,0.2823712319057818,0.21519987879028954,245.98939760000212
24,100,156,China,0.08,3866652822.776807,4916885462.229088,0.2829479000392816,0.21359713329099073,245.8608411999885
24,110,156,China,0.08,3863274579.902367,4916885462.229088,0.2827006922420067,0.21428420296149472,246.06284600000072
24,120,156,China,0.08,3862998515.7379847,4916885462.229088,0.2826804908484066,0.21434034910655,245.62345299999288
24,130,156,China,0.08,3858273483.1540556,4916885462.229088,0.2823347297706691,0.2153013299185348,245.54051519998757
24,140,156,China,0.08,3845957194.932236,4916885462.229088,0.2814334676071476,0.21780622622259385,245.76633919999585
24,150,156,China,0.08,3845760671.3769493,4916885462.229088,0.28141908671239824,0.21784619533653735,247.37680649998947
24,160,156,China,0.08,3860794423.7921124,4916885462.229088,0.2825192032396757,0.2147886190454786,246.26196150000033
24,170,156,China,0.08,3867189766.5474243,4916885462.229088,0.28298719167452757,0.21348792924815868,244.98277050000615
24,0,156,China,0.08,3872516893.8454685,4916885462.229088,0.28337701190181686,0.21240449394364191,246.4587804000039
24,10,156,China,0.08,3885968183.6965227,4916885462.229088,0.28436132944740977,0.20966876012303834,245.42863260000013
24,20,156,China,0.08,3884955886.9645023,4916885462.229088,0.28428725317326003,0.20987464182188953,246.53731790000165
24,30,156,China,0.08,3886313672.413921,4916885462.229088,0.28438661108285923,0.20959849435824635,245.84200550000241
24,40,156,China,0.08,3871959869.3932786,4916885462.229088,0.2833362508337196,0.21251778201115315,246.24970460000623
24,50,156,China,0.08,3841068023.559789,4916885462.229088,0.2810756954367016,0.21880058970939967,246.14505510000163
24,60,156,China,0.08,3832256577.360876,4916885462.229088,0.2804309051458316,0.2205926685094046,245.56912709999597
24,70,156,China,0.08,3842307512.3316474,4916885462.229088,0.2811663968162135,0.21854850151629862,245.89955539999937
24,80,156,China,0.08,3851147920.4380064,4916885462.229088,0.281813306436454,0.2167505324209699,246.12352989999636
24,90,156,China,0.08,3858772306.7316513,4916885462.229088,0.2823712319057818,0.21519987879028954,246.24103479999758
24,100,156,China,0.08,3866652822.776807,4916885462.229088,0.2829479000392816,0.21359713329099073,246.89106570000877
24,110,156,China,0.08,3863274579.902367,4916885462.229088,0.2827006922420067,0.21428420296149472,247.92935910000233
24,120,156,China,0.08,3862998515.7379847,4916885462.229088,0.2826804908484066,0.21434034910655,246.75648399999773
24,130,156,China,0.08,3858273483.1540556,4916885462.229088,0.2823347297706691,0.2153013299185348,245.98204719999922
24,140,156,China,0.08,3845957194.932236,4916885462.229088,0.2814334676071476,0.21780622622259385,246.09185139999317
24,150,156,China,0.08,3845760671.3769493,4916885462.229088,0.28141908671239824,0.21784619533653735,246.88746200001333
24,160,156,China,0.08,3860794423.7921124,4916885462.229088,0.2825192032396757,0.2147886190454786,245.76648380000552
24,170,156,China,0.08,3867189766.5474243,4916885462.229088,0.28298719167452757,0.21348792924815868,248.52673369999684
24,0,156,China,0.08,3872516893.8454685,4916885462.229088,0.28337701190181686,0.21240449394364191,245.5759190999961
24,10,156,China,0.08,3885968183.6965227,4916885462.229088,0.28436132944740977,0.20966876012303834,244.717790900002
24,20,156,China,0.08,3884955886.9645023,4916885462.229088,0.28428725317326003,0.20987464182188953,244.64210630000161
24,30,156,China,0.08,3886313672.413921,4916885462.229088,0.28438661108285923,0.20959849435824635,245.35934579999594
24,40,156,China,0.08,3871959869.3932786,4916885462.229088,0.2833362508337196,0.21251778201115315,244.6436912999925
24,50,156,China,0.08,3841068023.559789,4916885462.229088,0.2810756954367016,0.21880058970939967,245.73417259998678
24,60,156,China,0.08,3832256577.360876,4916885462.229088,0.2804309051458316,0.2205926685094046,245.1910779000027
24,70,156,China,0.08,3842307512.3316474,4916885462.229088,0.2811663968162135,0.21854850151629862,245.40977840000414
24,80,156,China,0.08,3851147920.4380064,4916885462.229088,0.281813306436454,0.2167505324209699,245.16539990001183
24,90,156,China,0.08,3858772306.7316513,4916885462.229088,0.2823712319057818,0.21519987879028954,244.8521199000097
24,100,156,China,0.08,3866652822.776807,4916885462.229088,0.2829479000392816,0.21359713329099073,246.63441579999926
24,110,156,China,0.08,3863274579.902367,4916885462.229088,0.2827006922420067,0.21428420296149472,246.94507470000826
24,120,156,China,0.08,3862998515.7379847,4916885462.229088,0.2826804908484066,0.21434034910655,245.66894060000777
24,130,156,China,0.08,3858273483.1540556,4916885462.229088,0.2823347297706691,0.2153013299185348,245.14995760000602
24,140,156,China,0.08,3845957194.932236,4916885462.229088,0.2814334676071476,0.21780622622259385,246.3617571000068
24,150,156,China,0.08,3845760671.3769493,4916885462.229088,0.28141908671239824,0.21784619533653735,245.03154340000765
24,160,156,China,0.08,3860794423.7921124,4916885462.229088,0.2825192032396757,0.2147886190454786,246.02090580000367
24,170,156,China,0.08,3867189766.5474243,4916885462.229088,0.28298719167452757,0.21348792924815868,247.2505758999905
24,0,156,China,0.08,3872516893.8454685,4916885462.229088,0.28337701190181686,0.21240449394364191,246.36943599999358
24,10,156,China,0.08,3885968183.6965227,4916885462.229088,0.28436132944740977,0.20966876012303834,246.2968053000077
24,20,156,China,0.08,3884955886.9645023,4916885462.229088,0.28428725317326003,0.20987464182188953,246.79680460000236
24,30,156,China,0.08,3886313672.413921,4916885462.229088,0.28438661108285923,0.20959849435824635,246.28915779999807
24,40,156,China,0.08,3871959869.3932786,4916885462.229088,0.2833362508337196,0.21251778201115315,246.076000999994
24,50,156,China,0.08,3841068023.559789,4916885462.229088,0.2810756954367016,0.21880058970939967,246.3393231000082
24,60,156,China,0.08,3832256577.360876,4916885462.229088,0.2804309051458316,0.2205926685094046,246.20622740000545
24,70,156,China,0.08,3842307512.3316474,4916885462.229088,0.2811663968162135,0.21854850151629862,247.0752371999988
24,80,156,China,0.08,3851147920.4380064,4916885462.229088,0.281813306436454,0.2167505324209699,246.68178479999187
24,90,156,China,0.08,3858772306.7316513,4916885462.229088,0.2823712319057818,0.21519987879028954,248.51885170000605
24,100,156,China,0.08,3866652822.776807,4916885462.229088,0.2829479000392816,0.21359713329099073,247.91676159999042
24,110,156,China,0.08,3863274579.902367,4916885462.229088,0.2827006922420067,0.21428420296149472,246.41125039999315
24,120,156,China,0.08,3862998515.7379847,4916885462.229088,0.2826804908484066,0.21434034910655,246.26143410000077
24,130,156,China,0.08,3858273483.1540556,4916885462.229088,0.2823347297706691,0.2153013299185348,247.41168140000082
24,140,156,China,0.08,3845957194.932236,4916885462.229088,0.2814334676071476,0.21780622622259385,246.71681280000485
24,150,156,China,0.08,3845760671.3769493,4916885462.229088,0.28141908671239824,0.21784619533653735,246.9433807000023
24,160,156,China,0.08,3860794423.7921124,4916885462.229088,0.2825192032396757,0.2147886190454786,247.49408040000708
24,170,156,China,0.08,3867189766.5474243,4916885462.229088,0.28298719167452757,0.21348792924815868,247.29999830000452
24,0,156,China,0.08,3872516893.8454685,4916885462.229088,0.28337701190181686,0.21240449394364191,245.5583617000084
24,10,156,China,0.08,3885968183.6965227,4916885462.229088,0.28436132944740977,0.20966876012303834,246.48468499998853
24,20,156,China,0.08,3884955886.9645023,4916885462.229088,0.28428725317326003,0.20987464182188953,246.4230768999987
24,30,156,China,0.08,3886313672.413921,4916885462.229088,0.28438661108285923,0.20959849435824635,245.97076399999787
24,40,156,China,0.08,3871959869.3932786,4916885462.229088,0.2833362508337196,0.21251778201115315,245.60695460000716
24,50,156,China,0.08,3841068023.559789,4916885462.229088,0.2810756954367016,0.21880058970939967,246.52169889998913
24,60,156,China,0.08,3832256577.360876,4916885462.229088,0.2804309051458316,0.2205926685094046,245.32279639999615
24,70,156,China,0.08,3842307512.3316474,4916885462.229088,0.2811663968162135,0.21854850151629862,246.12514469999587
24,80,156,China,0.08,3851147920.4380064,4916885462.229088,0.281813306436454,0.2167505324209699,246.52785230000154
24,90,156,China,0.08,3858772306.7316513,4916885462.229088,0.2823712319057818,0.21519987879028954,247.908966899995
24,100,156,China,0.08,3866652822.776807,4916885462.229088,0.2829479000392816,0.21359713329099073,246.96062759999768
24,110,156,China,0.08,3863274579.902367,4916885462.229088,0.2827006922420067,0.21428420296149472,246.15411380000296
24,120,156,China,0.08,3862998515.7379847,4916885462.229088,0.2826804908484066,0.21434034910655,245.00630969999474
24,130,156,China,0.08,3858273483.1540556,4916885462.229088,0.2823347297706691,0.2153013299185348,247.06963460000406
24,140,156,China,0.08,3845957194.932236,4916885462.229088,0.2814334676071476,0.21780622622259385,245.9110834999883
24,150,156,China,0.08,3845760671.3769493,4916885462.229088,0.28141908671239824,0.21784619533653735,246.83230099998764
24,160,156,China,0.08,3860794423.7921124,4916885462.229088,0.2825192032396757,0.2147886190454786,247.59602909999376
24,170,156,China,0.08,3867189766.5474243,4916885462.229088,0.28298719167452757,0.21348792924815868,246.3117962999968
24,0,156,China,0.08,3872516893.8454685,4916885462.229088,0.28337701190181686,0.21240449394364191,245.85677980000037
24,10,156,China,0.08,3885968183.6965227,4916885462.229088,0.28436132944740977,0.20966876012303834,245.1074651999952
24,20,156,China,0.08,3884955886.9645023,4916885462.229088,0.28428725317326003,0.20987464182188953,245.35220059999847
24,30,156,China,0.08,3886313672.413921,4916885462.229088,0.28438661108285923,0.20959849435824635,246.29259029999957
24,40,156,China,0.08,3871959869.3932786,4916885462.229088,0.2833362508337196,0.21251778201115315,245.65382970000792
24,50,156,China,0.08,3841068023.559789,4916885462.229088,0.2810756954367016,0.21880058970939967,246.06187320000026
24,60,156,China,0.08,3832256577.360876,4916885462.229088,0.2804309051458316,0.2205926685094046,245.92593599999964
24,70,156,China,0.08,3842307512.3316474,4916885462.229088,0.2811663968162135,0.21854850151629862,246.72886359998665
24,80,156,China,0.08,3851147920.4380064,4916885462.229088,0.281813306436454,0.2167505324209699,247.45015980000608
24,90,156,China,0.08,3858772306.7316513,4916885462.229088,0.2823712319057818,0.21519987879028954,246.8257692999905
24,100,156,China,0.08,3866652822.776807,4916885462.229088,0.2829479000392816,0.21359713329099073,244.81136359999073
24,110,156,China,0.08,3863274579.902367,4916885462.229088,0.2827006922420067,0.21428420296149472,246.0413899000123
24,120,156,China,0.08,3862998515.7379847,4916885462.229088,0.2826804908484066,0.21434034910655,246.62081929999113
24,130,156,China,0.08,3858273483.1540556,4916885462.229088,0.2823347297706691,0.2153013299185348,246.0209698000108
24,140,156,China,0.08,3845957194.932236,4916885462.229088,0.2814334676071476,0.21780622622259385,248.4034810999874
24,150,156,China,0.08,3845760671.3769493,4916885462.229088,0.28141908671239824,0.21784619533653735,246.2048727000074
24,160,156,China,0.08,3860794423.7921124,4916885462.229088,0.2825192032396757,0.2147886190454786,246.47535040001094
24,170,156,China,0.08,3867189766.5474243,4916885462.229088,0.28298719167452757,0.21348792924815868,246.8553447000013
24,0,156,China,0.08,3872516893.8454685,4916885462.229088,0.28337701190181686,0.21240449394364191,246.7819135000027
24,10,156,China,0.08,3885968183.6965227,4916885462.229088,0.28436132944740977,0.20966876012303834,246.58080519999203
24,20,156,China,0.08,3884955886.9645023,4916885462.229088,0.28428725317326003,0.20987464182188953,246.98297019999882
24,30,156,China,0.08,3886313672.413921,4916885462.229088,0.28438661108285923,0.20959849435824635,246.342702000009
24,40,156,China,0.08,3871959869.3932786,4916885462.229088,0.2833362508337196,0.21251778201115315,246.82661840000947
24,50,156,China,0.08,3841068023.559789,4916885462.229088,0.2810756954367016,0.21880058970939967,247.85456690000137
24,60,156,China,0.08,3832256577.360876,4916885462.229088,0.2804309051458316,0.2205926685094046,248.1893570999964
24,70,156,China,0.08,3842307512.3316474,4916885462.229088,0.2811663968162135,0.21854850151629862,247.2261193000013
24,80,156,China,0.08,3851147920.4380064,4916885462.229088,0.281813306436454,0.2167505324209699,246.88631420000456
24,90,156,China,0.08,3858772306.7316513,4916885462.229088,0.2823712319057818,0.21519987879028954,247.22060830000555
24,100,156,China,0.08,3866652822.776807,4916885462.229088,0.2829479000392816,0.21359713329099073,246.54160680000496
24,110,156,China,0.08,3863274579.902367,4916885462.229088,0.2827006922420067,0.21428420296149472,246.81628590000037
24,120,156,China,0.08,3862998515.7379847,4916885462.229088,0.2826804908484066,0.21434034910655,248.53700549999485
24,130,156,China,0.08,3858273483.1540556,4916885462.229088,0.2823347297706691,0.2153013299185348,247.30631449999055
24,140,156,China,0.08,3845957194.932236,4916885462.229088,0.2814334676071476,0.21780622622259385,246.78775869999663
24,150,156,China,0.08,3845760671.3769493,4916885462.229088,0.28141908671239824,0.21784619533653735,247.06102310000279
24,160,156,China,0.08,3860794423.7921124,4916885462.229088,0.2825192032396757,0.2147886190454786,247.53215099999215
24,170,156,China,0.08,3867189766.5474243,4916885462.229088,0.28298719167452757,0.21348792924815868,247.3350119999959
24,0,156,China,0.08,3872516893.8454685,4916885462.229088,0.28337701190181686,0.21240449394364191,246.22401150000223
24,10,156,China,0.08,3885968183.6965227,4916885462.229088,0.28436132944740977,0.20966876012303834,246.11127860000124
24,20,156,China,0.08,3884955886.9645023,4916885462.229088,0.28428725317326003,0.20987464182188953,247.01391189999413
24,30,156,China,0.08,3886313672.413921,4916885462.229088,0.28438661108285923,0.20959849435824635,247.56240769999567
24,40,156,China,0.08,3871959869.3932786,4916885462.229088,0.2833362508337196,0.21251778201115315,245.61298729998816
24,50,156,China,0.08,3841068023.559789,4916885462.229088,0.2810756954367016,0.21880058970939967,245.62110720000055
24,60,156,China,0.08,3832256577.360876,4916885462.229088,0.2804309051458316,0.2205926685094046,246.1464924999891
24,70,156,China,0.08,3842307512.3316474,4916885462.229088,0.2811663968162135,0.21854850151629862,245.8759704999975
24,80,156,China,0.08,3851147920.4380064,4916885462.229088,0.281813306436454,0.2167505324209699,246.05768149999494
24,90,156,China,0.08,3858772306.7316513,4916885462.229088,0.2823712319057818,0.21519987879028954,246.758275900007
24,100,156,China,0.08,3866652822.776807,4916885462.229088,0.2829479000392816,0.21359713329099073,246.59065690000716
24,110,156,China,0.08,3863274579.902367,4916885462.229088,0.2827006922420067,0.21428420296149472,245.9752659000078
24,120,156,China,0.08,3862998515.7379847,4916885462.229088,0.2826804908484066,0.21434034910655,246.3680299000116
24,130,156,China,0.08,3858273483.1540556,4916885462.229088,0.2823347297706691,0.2153013299185348,246.85548509999353
24,140,156,China,0.08,3845957194.932236,4916885462.229088,0.2814334676071476,0.21780622622259385,246.82105470000533
24,150,156,China,0.08,3845760671.3769493,4916885462.229088,0.28141908671239824,0.21784619533653735,246.3679487000045
24,160,156,China,0.08,3860794423.7921124,4916885462.229088,0.2825192032396757,0.2147886190454786,247.0763730000035
24,170,156,China,0.08,3867189766.5474243,4916885462.229088,0.28298719167452757,0.21348792924815868,246.65470209998603
22,0,161,Germany,0.06,5134978788.788605,6803330993.558511,0.3640899336898809,0.24522578812489432,255.6839106999978
22,10,161,Germany,0.06,5116434015.758389,6803330993.558511,0.3627750372783112,0.24795162537252693,256.6615185999981
22,20,161,Germany,0.06,5097491589.606474,6803330993.558511,0.36143194571644643,0.25073591238867393,255.88521769999352
22,30,161,Germany,0.06,5104238485.771391,6803330993.558511,0.36191032685068997,0.2497442075647715,258.3064360999997
22,40,161,Germany,0.06,5111561700.442086,6803330993.558511,0.36242957120466307,0.24866779151539378,256.4074404999992
22,50,161,Germany,0.06,5128209528.355526,6803330993.558511,0.36360996684219105,0.24622078020149443,255.83022709999932
22,60,161,Germany,0.06,5144542111.612342,6803330993.558511,0.3647680104095651,0.2438201056977433,256.01533480000217
22,70,161,Germany,0.06,5134655948.995403,6803330993.558511,0.364067043095054,0.24527324132002873,257.0014708999952
22,80,161,Germany,0.06,5137562514.171148,6803330993.558511,0.3642731298513251,0.24484601454266086,256.5213126000017
22,90,161,Germany,0.06,5146411221.217385,6803330993.558511,0.3649005375377482,0.24354537121741104,257.35598649999883
22,100,161,Germany,0.06,5154298932.600627,6803330993.558511,0.3654598069004103,0.2423859815903725,257.06742870000016
22,110,161,Germany,0.06,5167507420.482407,6803330993.558511,0.3663963399757797,0.24044450793661587,256.49751169999945
22,120,161,Germany,0.06,5191840440.763316,6803330993.558511,0.3681216455914317,0.23686787462214853,256.12010929999815
22,130,161,Germany,0.06,5215737907.955342,6803330993.558511,0.3698160688019614,0.23335526187191596,256.5633553999942
22,140,161,Germany,0.06,5220018790.338143,6803330993.558511,0.3701195999842695,0.232726028576218,256.4399943999888
22,150,161,Germany,0.06,5216618363.084634,6803330993.558511,0.36987849648916826,0.23322584657077522,257.3494999999966
22,160,161,Germany,0.06,5203264743.254527,6803330993.558511,0.36893167299515917,0.2351886527083496,256.44157009999617
22,170,161,Germany,0.06,5175117320.282628,6803330993.558511,0.3669359114185476,0.2393259529512085,256.67743550000887
22,0,161,Germany,0.06,5134978788.788605,6803330993.558511,0.3640899336898809,0.24522578812489432,255.50807389999682
22,10,161,Germany,0.06,5116434015.758389,6803330993.558511,0.3627750372783112,0.24795162537252693,256.27346209999814
22,20,161,Germany,0.06,5097491589.606474,6803330993.558511,0.36143194571644643,0.25073591238867393,255.21087920000718
22,30,161,Germany,0.06,5104238485.771391,6803330993.558511,0.36191032685068997,0.2497442075647715,257.0064716999914
22,40,161,Germany,0.06,5111561700.442086,6803330993.558511,0.36242957120466307,0.24866779151539378,255.07728480000515
22,50,161,Germany,0.06,5128209528.355526,6803330993.558511,0.36360996684219105,0.24622078020149443,255.087213900013
22,60,161,Germany,0.06,5144542111.612342,6803330993.558511,0.3647680104095651,0.2438201056977433,254.87620080000488
22,70,161,Germany,0.06,5134655948.995403,6803330993.558511,0.364067043095054,0.24527324132002873,255.82337520000874
22,80,161,Germany,0.06,5137562514.171148,6803330993.558511,0.3642731298513251,0.24484601454266086,255.62260760000208
22,90,161,Germany,0.06,5146411221.217385,6803330993.558511,0.3649005375377482,0.24354537121741104,256.3698751000047
22,100,161,Germany,0.06,5154298932.600627,6803330993.558511,0.3654598069004103,0.2423859815903725,256.42373860000225
22,110,161,Germany,0.06,5167507420.482407,6803330993.558511,0.3663963399757797,0.24044450793661587,255.54540740000084
22,120,161,Germany,0.06,5191840440.763316,6803330993.558511,0.3681216455914317,0.23686787462214853,256.6088240999961
22,130,161,Germany,0.06,5215737907.955342,6803330993.558511,0.3698160688019614,0.23335526187191596,256.60306890000356
22,140,161,Germany,0.06,5220018790.338143,6803330993.558511,0.3701195999842695,0.232726028576218,255.6800446999987
22,150,161,Germany,0.06,5216618363.084634,6803330993.558511,0.36987849648916826,0.23322584657077522,256.6048759999976
22,160,161,Germany,0.06,5203264743.254527,6803330993.558511,0.36893167299515917,0.2351886527083496,255.64167339999403
22,170,161,Germany,0.06,5175117320.282628,6803330993.558511,0.3669359114185476,0.2393259529512085,255.2517053000047
22,0,161,Germany,0.06,5134978788.788605,6803330993.558511,0.3640899336898809,0.24522578812489432,255.284736600006
22,10,161,Germany,0.06,5116434015.758389,6803330993.558511,0.3627750372783112,0.24795162537252693,255.28574229999504
22,20,161,Germany,0.06,5097491589.606474,6803330993.558511,0.36143194571644643,0.25073591238867393,255.72495490001165
22,30,161,Germany,0.06,5104238485.771391,6803330993.558511,0.36191032685068997,0.2497442075647715,255.92228280000563
22,40,161,Germany,0.06,5111561700.442086,6803330993.558511,0.36242957120466307,0.24866779151539378,255.90874990000157
22,50,161,Germany,0.06,5128209528.355526,6803330993.558511,0.36360996684219105,0.24622078020149443,257.0213175999961
22,60,161,Germany,0.06,5144542111.612342,6803330993.558511,0.3647680104095651,0.2438201056977433,256.82123980000324
22,70,161,Germany,0.06,5134655948.995403,6803330993.558511,0.364067043095054,0.24527324132002873,256.12690979999024
22,80,161,Germany,0.06,5137562514.171148,6803330993.558511,0.3642731298513251,0.24484601454266086,256.0686243000091
22,90,161,Germany,0.06,5146411221.217385,6803330993.558511,0.3649005375377482,0.24354537121741104,256.5205743999977
22,100,161,Germany,0.06,5154298932.600627,6803330993.558511,0.3654598069004103,0.2423859815903725,256.48883649999334
22,110,161,Germany,0.06,5167507420.482407,6803330993.558511,0.3663963399757797,0.24044450793661587,257.1047668999963
22,120,161,Germany,0.06,5191840440.763316,6803330993.558511,0.3681216455914317,0.23686787462214853,256.3020905000012
22,130,161,Germany,0.06,5215737907.955342,6803330993.558511,0.3698160688019614,0.23335526187191596,256.83621680000215
22,140,161,Germany,0.06,5220018790.338143,6803330993.558511,0.3701195999842695,0.232726028576218,255.91967509999813
22,150,161,Germany,0.06,5216618363.084634,6803330993.558511,0.36987849648916826,0.23322584657077522,256.45741999999154
22,160,161,Germany,0.06,5203264743.254527,6803330993.558511,0.36893167299515917,0.2351886527083496,256.9933300999983
22,170,161,Germany,0.06,5175117320.282628,6803330993.558511,0.3669359114185476,0.2393259529512085,257.6544223999954
22,0,161,Germany,0.06,5134978788.788605,6803330993.558511,0.3640899336898809,0.24522578812489432,255.38514319999376
22,10,161,Germany,0.06,5116434015.758389,6803330993.558511,0.3627750372783112,0.24795162537252693,255.30206929999986
22,20,161,Germany,0.06,5097491589.606474,6803330993.558511,0.36143194571644643,0.25073591238867393,254.73471810000774
22,30,161,Germany,0.06,5104238485.771391,6803330993.558511,0.36191032685068997,0.2497442075647715,255.90275259999908
22,40,161,Germany,0.06,5111561700.442086,6803330993.558511,0.36242957120466307,0.24866779151539378,255.91384340000513
22,50,161,Germany,0.06,5128209528.355526,6803330993.558511,0.36360996684219105,0.24622078020149443,254.79425249999622
22,60,161,Germany,0.06,5144542111.612342,6803330993.558511,0.3647680104095651,0.2438201056977433,255.7980635999993
22,70,161,Germany,0.06,5134655948.995403,6803330993.558511,0.364067043095054,0.24527324132002873,255.5145845000079
22,80,161,Germany,0.06,5137562514.171148,6803330993.558511,0.3642731298513251,0.24484601454266086,255.9709528999956
22,90,161,Germany,0.06,5146411221.217385,6803330993.558511,0.3649005375377482,0.24354537121741104,255.76776239999162
22,100,161,Germany,0.06,5154298932.600627,6803330993.558511,0.3654598069004103,0.2423859815903725,255.99838190000446
22,110,161,Germany,0.06,5167507420.482407,6803330993.558511,0.3663963399757797,0.24044450793661587,255.7258068999945
22,120,161,Germany,0.06,5191840440.763316,6803330993.558511,0.3681216455914317,0.23686787462214853,255.12030739999318
22,130,161,Germany,0.06,5215737907.955342,6803330993.558511,0.3698160688019614,0.23335526187191596,254.83188519999385
22,140,161,Germany,0.06,5220018790.338143,6803330993.558511,0.3701195999842695,0.232726028576218,256.39168660000723
22,150,161,Germany,0.06,5216618363.084634,6803330993.558511,0.36987849648916826,0.23322584657077522,256.0187043000042
22,160,161,Germany,0.06,5203264743.254527,6803330993.558511,0.36893167299515917,0.2351886527083496,255.19635600000038
22,170,161,Germany,0.06,5175117320.282628,6803330993.558511,0.3669359114185476,0.2393259529512085,257.313441899998
22,0,161,Germany,0.06,5134978788.788605,6803330993.558511,0.3640899336898809,0.24522578812489432,255.78197440000076
22,10,161,Germany,0.06,5116434015.758389,6803330993.558511,0.3627750372783112,0.24795162537252693,255.77544000001217
22,20,161,Germany,0.06,5097491589.606474,6803330993.558511,0.36143194571644643,0.25073591238867393,256.8813399000064
22,30,161,Germany,0.06,5104238485.771391,6803330993.558511,0.36191032685068997,0.2497442075647715,257.13227760000154
22,40,161,Germany,0.06,5111561700.442086,6803330993.558511,0.36242957120466307,0.24866779151539378,256.9154797000083
22,50,161,Germany,0.06,5128209528.355526,6803330993.558511,0.36360996684219105,0.24622078020149443,256.8940761999984
22,60,161,Germany,0.06,5144542111.612342,6803330993.558511,0.3647680104095651,0.2438201056977433,256.9308793999953
22,70,161,Germany,0.06,5134655948.995403,6803330993.558511,0.364067043095054,0.24527324132002873,256.87708679999923
22,80,161,Germany,0.06,5137562514.171148,6803330993.558511,0.3642731298513251,0.24484601454266086,257.0177601000032
22,90,161,Germany,0.06,5146411221.217385,6803330993.558511,0.3649005375377482,0.24354537121741104,256.9330073000019
22,100,161,Germany,0.06,5154298932.600627,6803330993.558511,0.3654598069004103,0.2423859815903725,257.11557770000945
22,110,161,Germany,0.06,5167507420.482407,6803330993.558511,0.3663963399757797,0.24044450793661587,256.8501830000023
22,120,161,Germany,0.06,5191840440.763316,6803330993.558511,0.3681216455914317,0.23686787462214853,256.99802980000095
22,130,161,Germany,0.06,5215737907.955342,6803330993.558511,0.3698160688019614,0.23335526187191596,257.2435603999911
22,140,161,Germany,0.06,5220018790.338143,6803330993.558511,0.3701195999842695,0.232726028576218,257.40363349999825
22,150,161,Germany,0.06,5216618363.084634,6803330993.558511,0.36987849648916826,0.23322584657077522,256.20057849999284
22,160,161,Germany,0.06,5203264743.254527,6803330993.558511,0.36893167299515917,0.2351886527083496,259.21395300001313
22,170,161,Germany,0.06,5175117320.282628,6803330993.558511,0.3669359114185476,0.2393259529512085,258.83666119999543
22,0,161,Germany,0.06,5134978788.788605,6803330993.558511,0.3640899336898809,0.24522578812489432,255.44832490000408
22,10,161,Germany,0.06,5116434015.758389,6803330993.558511,0.3627750372783112,0.24795162537252693,255.2963877000002
22,20,161,Germany,0.06,5097491589.606474,6803330993.558511,0.36143194571644643,0.25073591238867393,256.7978151999996
22,30,161,Germany,0.06,5104238485.771391,6803330993.558511,0.36191032685068997,0.2497442075647715,255.98661969999375
22,40,161,Germany,0.06,5111561700.442086,6803330993.558511,0.36242957120466307,0.24866779151539378,255.97900829999708
22,50,161,Germany,0.06,5128209528.355526,6803330993.558511,0.36360996684219105,0.24622078020149443,256.59907470000326
22,60,161,Germany,0.06,5144542111.612342,6803330993.558511,0.3647680104095651,0.2438201056977433,255.84531650001009
22,70,161,Germany,0.06,5134655948.995403,6803330993.558511,0.364067043095054,0.24527324132002873,256.0998505000025
22,80,161,Germany,0.06,5137562514.171148,6803330993.558511,0.3642731298513251,0.24484601454266086,256.3580442999955
22,90,161,Germany,0.06,5146411221.217385,6803330993.558511,0.3649005375377482,0.24354537121741104,256.64160250000714
22,100,161,Germany,0.06,5154298932.600627,6803330993.558511,0.3654598069004103,0.2423859815903725,255.3942997999984
22,110,161,Germany,0.06,5167507420.482407,6803330993.558511,0.3663963399757797,0.24044450793661587,255.3992198999913
22,120,161,Germany,0.06,5191840440.763316,6803330993.558511,0.3681216455914317,0.23686787462214853,255.93970560000162
22,130,161,Germany,0.06,5215737907.955342,6803330993.558511,0.3698160688019614,0.23335526187191596,256.0952022999991
22,140,161,Germany,0.06,5220018790.338143,6803330993.558511,0.3701195999842695,0.232726028576218,256.0862880000059
22,150,161,Germany,0.06,5216618363.084634,6803330993.558511,0.36987849648916826,0.23322584657077522,256.0812012999959
22,160,161,Germany,0.06,5203264743.254527,6803330993.558511,0.36893167299515917,0.2351886527083496,258.38110649999
22,170,161,Germany,0.06,5175117320.282628,6803330993.558511,0.3669359114185476,0.2393259529512085,257.74345470000117
22,0,161,Germany,0.06,5134978788.788605,6803330993.558511,0.3640899336898809,0.24522578812489432,257.1479213999992
22,10,161,Germany,0.06,5116434015.758389,6803330993.558511,0.3627750372783112,0.24795162537252693,256.19070099999954
22,20,161,Germany,0.06,5097491589.606474,6803330993.558511,0.36143194571644643,0.25073591238867393,256.35722740000347
22,30,161,Germany,0.06,5104238485.771391,6803330993.558511,0.36191032685068997,0.2497442075647715,256.8009968000115
22,40,161,Germany,0.06,5111561700.442086,6803330993.558511,0.36242957120466307,0.24866779151539378,256.2730281999975
22,50,161,Germany,0.06,5128209528.355526,6803330993.558511,0.36360996684219105,0.24622078020149443,256.4016457000107
22,60,161,Germany,0.06,5144542111.612342,6803330993.558511,0.3647680104095651,0.2438201056977433,256.68810659999144
22,70,161,Germany,0.06,5134655948.995403,6803330993.558511,0.364067043095054,0.24527324132002873,256.3118974000099
22,80,161,Germany,0.06,5137562514.171148,6803330993.558511,0.3642731298513251,0.24484601454266086,256.52316620000056
22,90,161,Germany,0.06,5146411221.217385,6803330993.558511,0.3649005375377482,0.24354537121741104,256.2338172000018
22,100,161,Germany,0.06,5154298932.600627,6803330993.558511,0.3654598069004103,0.2423859815903725,256.6337154000066
22,110,161,Germany,0.06,5167507420.482407,6803330993.558511,0.3663963399757797,0.24044450793661587,256.4371753000014
22,120,161,Germany,0.06,5191840440.763316,6803330993.558511,0.3681216455914317,0.23686787462214853,257.0517150999949
22,130,161,Germany,0.06,5215737907.955342,6803330993.558511,0.3698160688019614,0.23335526187191596,257.4502986000007
22,140,161,Germany,0.06,5220018790.338143,6803330993.558511,0.3701195999842695,0.232726028576218,257.7456012000039
22,150,161,Germany,0.06,5216618363.084634,6803330993.558511,0.36987849648916826,0.23322584657077522,259.8787932999985
22,160,161,Germany,0.06,5203264743.254527,6803330993.558511,0.36893167299515917,0.2351886527083496,257.16710650001187
22,170,161,Germany,0.06,5175117320.282628,6803330993.558511,0.3669359114185476,0.2393259529512085,257.951553299994
22,0,161,Germany,0.06,5134978788.788605,6803330993.558511,0.3640899336898809,0.24522578812489432,257.2690838999988
22,10,161,Germany,0.06,5116434015.758389,6803330993.558511,0.3627750372783112,0.24795162537252693,257.14358810000704
22,20,161,Germany,0.06,5097491589.606474,6803330993.558511,0.36143194571644643,0.25073591238867393,256.7695382999955
22,30,161,Germany,0.06,5104238485.771391,6803330993.558511,0.36191032685068997,0.2497442075647715,257.04758060000313
22,40,161,Germany,0.06,5111561700.442086,6803330993.558511,0.36242957120466307,0.24866779151539378,257.1180939999904
22,50,161,Germany,0.06,5128209528.355526,6803330993.558511,0.36360996684219105,0.24622078020149443,256.6091604000103
22,60,161,Germany,0.06,5144542111.612342,6803330993.558511,0.3647680104095651,0.2438201056977433,257.26263719999406
22,70,161,Germany,0.06,5134655948.995403,6803330993.558511,0.364067043095054,0.24527324132002873,256.9354049000103
22,80,161,Germany,0.06,5137562514.171148,6803330993.558511,0.3642731298513251,0.24484601454266086,256.186157300006
22,90,161,Germany,0.06,5146411221.217385,6803330993.558511,0.3649005375377482,0.24354537121741104,256.7485455999995
22,100,161,Germany,0.06,5154298932.600627,6803330993.558511,0.3654598069004103,0.2423859815903725,256.97693459999573
22,110,161,Germany,0.06,5167507420.482407,6803330993.558511,0.3663963399757797,0.24044450793661587,257.2668929999927
22,120,161,Germany,0.06,5191840440.763316,6803330993.558511,0.3681216455914317,0.23686787462214853,258.3817954999977
22,130,161,Germany,0.06,5215737907.955342,6803330993.558511,0.3698160688019614,0.23335526187191596,258.84307059999264
22,140,161,Germany,0.06,5220018790.338143,6803330993.558511,0.3701195999842695,0.232726028576218,257.50751900000614
22,150,161,Germany,0.06,5216618363.084634,6803330993.558511,0.36987849648916826,0.23322584657077522,257.62308970000595
22,160,161,Germany,0.06,5203264743.254527,6803330993.558511,0.36893167299515917,0.2351886527083496,258.9091161999968
22,170,161,Germany,0.06,5175117320.282628,6803330993.558511,0.3669359114185476,0.2393259529512085,257.7515157000016
22,0,161,Germany,0.06,5134978788.788605,6803330993.558511,0.3640899336898809,0.24522578812489432,255.70859660000133
22,10,161,Germany,0.06,5116434015.758389,6803330993.558511,0.3627750372783112,0.24795162537252693,255.51744080000208
22,20,161,Germany,0.06,5097491589.606474,6803330993.558511,0.36143194571644643,0.25073591238867393,255.7495135000063
22,30,161,Germany,0.06,5104238485.771391,6803330993.558511,0.36191032685068997,0.2497442075647715,255.85572029999457
22,40,161,Germany,0.06,5111561700.442086,6803330993.558511,0.36242957120466307,0.24866779151539378,255.62514859999646
22,50,161,Germany,0.06,5128209528.355526,6803330993.558511,0.36360996684219105,0.24622078020149443,255.2310334000067
22,60,161,Germany,0.06,5144542111.612342,6803330993.558511,0.3647680104095651,0.2438201056977433,255.59896500001196
22,70,161,Germany,0.06,5134655948.995403,6803330993.558511,0.364067043095054,0.24527324132002873,256.27171810000436
22,80,161,Germany,0.06,5137562514.171148,6803330993.558511,0.3642731298513251,0.24484601454266086,256.5566253000143
22,90,161,Germany,0.06,5146411221.217385,6803330993.558511,0.3649005375377482,0.24354537121741104,257.5485339000006
22,100,161,Germany,0.06,5154298932.600627,6803330993.558511,0.3654598069004103,0.2423859815903725,258.88204919999407
22,110,161,Germany,0.06,5167507420.482407,6803330993.558511,0.3663963399757797,0.24044450793661587,255.8666777000035
22,120,161,Germany,0.06,5191840440.763316,6803330993.558511,0.3681216455914317,0.23686787462214853,256.82484159999876
22,130,161,Germany,0.06,5215737907.955342,6803330993.558511,0.3698160688019614,0.23335526187191596,257.5181620999938
22,140,161,Germany,0.06,5220018790.338143,6803330993.558511,0.3701195999842695,0.232726028576218,256.87357530000736
22,150,161,Germany,0.06,5216618363.084634,6803330993.558511,0.36987849648916826,0.23322584657077522,256.6112533000123
22,160,161,Germany,0.06,5203264743.254527,6803330993.558511,0.36893167299515917,0.2351886527083496,257.0171293000021
22,170,161,Germany,0.06,5175117320.282628,6803330993.558511,0.3669359114185476,0.2393259529512085,256.89083910000045
21,0,162,China,0.09,6596449230.021155,7121252096.529561,0.46482673981207756,0.0736953079872233,257.73233739999705
21,10,162,China,0.09,6572233499.765715,7121252096.529561,0.46312034921399986,0.07709579570022562,257.76606999999785
21,20,162,China,0.09,6491294365.051226,7121252096.529561,0.45741687560257244,0.08846165294237177,257.7368998999882
21,30,162,China,0.09,6283009120.113921,7121252096.529561,0.4427398049575738,0.1177100550651964,259.2491710000031
21,40,162,China,0.09,5929872260.262116,7121252096.529561,0.4178555908071281,0.1672992080771928,260.5457619999943
21,50,162,China,0.09,5547327936.429326,7121252096.529561,0.3908991442886666,0.22101789667961116,258.06094509999093
21,60,162,China,0.09,5336764386.070604,7121252096.529561,0.37606153010813775,0.2505862292571556,258.51580809999723
21,70,162,China,0.09,5523695209.292186,7121252096.529561,0.38923383570749376,0.224336516329189,259.42713750000985
21,80,162,China,0.09,5910450780.471687,7121252096.529561,0.41648703284230276,0.17002646439773425,259.0073174999998
21,90,162,China,0.09,6280539310.926294,7121252096.529561,0.4425657668785088,0.11805687738719092,259.12080279999645
21,100,162,China,0.09,6523932857.284233,7121252096.529561,0.4597167862678444,0.0838784010379892,259.5964309999981
21,110,162,China,0.09,6630221137.956218,7121252096.529561,0.4672065179798902,0.06895289647345024,259.48771580000175
21,120,162,China,0.09,6650494511.094637,7121252096.529561,0.4686351056355091,0.06610601324791479,259.08216909998737
21,130,162,China,0.09,6646336124.069988,7121252096.529561,0.46834207988542115,0.06668995367977722,258.737749500011
21,140,162,China,0.09,6638228310.020925,7121252096.529561,0.46777075300333476,0.06782849138903974,258.3177010000072
21,150,162,China,0.09,6632955128.179844,7121252096.529561,0.4673991718938387,0.06856897659720285,258.4660462000029
21,160,162,China,0.09,6620323311.581595,7121252096.529561,0.46650905572337753,0.07034279620462897,258.445404099999
21,170,162,China,0.09,6608383759.321426,7121252096.529561,0.4656677207932681,0.0720194047698541,258.05557120000594
21,0,162,China,0.09,6596449230.021155,7121252096.529561,0.46482673981207756,0.0736953079872233,258.8569243999955
21,10,162,China,0.09,6572233499.765715,7121252096.529561,0.46312034921399986,0.07709579570022562,258.7323902000062
21,20,162,China,0.09,6491294365.051226,7121252096.529561,0.45741687560257244,0.08846165294237177,259.2432215000008
21,30,162,China,0.09,6283009120.113921,7121252096.529561,0.4427398049575738,0.1177100550651964,259.82993200000783
21,40,162,China,0.09,5929872260.262116,7121252096.529561,0.4178555908071281,0.1672992080771928,261.70522259999416
21,50,162,China,0.09,5547327936.429326,7121252096.529561,0.3908991442886666,0.22101789667961116,259.02765029999136
21,60,162,China,0.09,5336764386.070604,7121252096.529561,0.37606153010813775,0.2505862292571556,260.07622599999013
21,70,162,China,0.09,5523695209.292186,7121252096.529561,0.38923383570749376,0.224336516329189,260.0854954999959
21,80,162,China,0.09,5910450780.471687,7121252096.529561,0.41648703284230276,0.17002646439773425,259.7796862999967
21,90,162,China,0.09,6280539310.926294,7121252096.529561,0.4425657668785088,0.11805687738719092,260.21974250000494
21,100,162,China,0.09,6523932857.284233,7121252096.529561,0.4597167862678444,0.0838784010379892,260.0790597000014
21,110,162,China,0.09,6630221137.956218,7121252096.529561,0.4672065179798902,0.06895289647345024,259.90498910000315
21,120,162,China,0.09,6650494511.094637,7121252096.529561,0.4686351056355091,0.06610601324791479,259.80965209999704
21,130,162,China,0.09,6646336124.069988,7121252096.529561,0.46834207988542115,0.06668995367977722,259.70558740000706
21,140,162,China,0.09,6638228310.020925,7121252096.529561,0.46777075300333476,0.06782849138903974,259.6074690000096
21,150,162,China,0.09,6632955128.179844,7121252096.529561,0.4673991718938387,0.06856897659720285,260.04424570000265
21,160,162,China,0.09,6620323311.581595,7121252096.529561,0.46650905572337753,0.07034279620462897,260.5270845999912
21,170,162,China,0.09,6608383759.321426,7121252096.529561,0.4656677207932681,0.0720194047698541,259.59620559999894
21,0,162,China,0.09,6596449230.021155,7121252096.529561,0.46482673981207756,0.0736953079872233,260.94134479999775
21,10,162,China,0.09,6572233499.765715,7121252096.529561,0.46312034921399986,0.07709579570022562,258.8568172999949
21,20,162,China,0.09,6491294365.051226,7121252096.529561,0.45741687560257244,0.08846165294237177,259.82418099998904
21,30,162,China,0.09,6283009120.113921,7121252096.529561,0.4427398049575738,0.1177100550651964,260.3202365999896
21,40,162,China,0.09,5929872260.262116,7121252096.529561,0.4178555908071281,0.1672992080771928,259.2323088000121
21,50,162,China,0.09,5547327936.429326,7121252096.529561,0.3908991442886666,0.22101789667961116,259.23536240000976
21,60,162,China,0.09,5336764386.070604,7121252096.529561,0.37606153010813775,0.2505862292571556,259.4656624000054
21,70,162,China,0.09,5523695209.292186,7121252096.529561,0.38923383570749376,0.224336516329189,259.54212490000646
21,80,162,China,0.09,5910450780.471687,7121252096.529561,0.41648703284230276,0.17002646439773425,259.8267993000045
21,90,162,China,0.09,6280539310.926294,7121252096.529561,0.4425657668785088,0.11805687738719092,259.6286873999925
21,100,162,China,0.09,6523932857.284233,7121252096.529561,0.4597167862678444,0.0838784010379892,259.91756459999306
21,110,162,China,0.09,6630221137.956218,7121252096.529561,0.4672065179798902,0.06895289647345024,259.6095604000002
21,120,162,China,0.09,6650494511.094637,7121252096.529561,0.4686351056355091,0.06610601324791479,260.506641999993
21,130,162,China,0.09,6646336124.069988,7121252096.529561,0.46834207988542115,0.06668995367977722,259.71529299998656
21,140,162,China,0.09,6638228310.020925,7121252096.529561,0.46777075300333476,0.06782849138903974,259.7921236999973
21,150,162,China,0.09,6632955128.179844,7121252096.529561,0.4673991718938387,0.06856897659720285,260.19154049998906
21,160,162,China,0.09,6620323311.581595,7121252096.529561,0.46650905572337753,0.07034279620462897,260.37236400000984
21,170,162,China,0.09,6608383759.321426,7121252096.529561,0.4656677207932681,0.0720194047698541,259.7012465000007
21,0,162,China,0.09,6596449230.021155,7121252096.529561,0.46482673981207756,0.0736953079872233,260.3082112999982
21,10,162,China,0.09,6572233499.765715,7121252096.529561,0.46312034921399986,0.07709579570022562,257.88120229999186
21,20,162,China,0.09,6491294365.051226,7121252096.529561,0.45741687560257244,0.08846165294237177,258.3002459999989
21,30,162,China,0.09,6283009120.113921,7121252096.529561,0.4427398049575738,0.1177100550651964,259.4088897000038
21,40,162,China,0.09,5929872260.262116,7121252096.529561,0.4178555908071281,0.1672992080771928,258.69662859999517
21,50,162,China,0.09,5547327936.429326,7121252096.529561,0.3908991442886666,0.22101789667961116,258.5806050999963
21,60,162,China,0.09,5336764386.070604,7121252096.529561,0.37606153010813775,0.2505862292571556,258.6156064999959
21,70,162,China,0.09,5523695209.292186,7121252096.529561,0.38923383570749376,0.224336516329189,258.9374487000023
21,80,162,China,0.09,5910450780.471687,7121252096.529561,0.41648703284230276,0.17002646439773425,258.75840120000066
21,90,162,China,0.09,6280539310.926294,7121252096.529561,0.4425657668785088,0.11805687738719092,258.82636439999624
21,100,162,China,0.09,6523932857.284233,7121252096.529561,0.4597167862678444,0.0838784010379892,259.15156870000646
21,110,162,China,0.09,6630221137.956218,7121252096.529561,0.4672065179798902,0.06895289647345024,258.3084492999915
21,120,162,China,0.09,6650494511.094637,7121252096.529561,0.4686351056355091,0.06610601324791479,259.3561512999877
21,130,162,China,0.09,6646336124.069988,7121252096.529561,0.46834207988542115,0.06668995367977722,258.7265214999934
21,140,162,China,0.09,6638228310.020925,7121252096.529561,0.46777075300333476,0.06782849138903974,259.074684399995
21,150,162,China,0.09,6632955128.179844,7121252096.529561,0.4673991718938387,0.06856897659720285,259.13959759999125
21,160,162,China,0.09,6620323311.581595,7121252096.529561,0.46650905572337753,0.07034279620462897,258.94859699999506
21,170,162,China,0.09,6608383759.321426,7121252096.529561,0.4656677207932681,0.0720194047698541,258.9306615999958
21,0,162,China,0.09,6596449230.021155,7121252096.529561,0.46482673981207756,0.0736953079872233,259.7307232000021
21,10,162,China,0.09,6572233499.765715,7121252096.529561,0.46312034921399986,0.07709579570022562,259.0967940999981
21,20,162,China,0.09,6491294365.051226,7121252096.529561,0.45741687560257244,0.08846165294237177,259.6797271999967
21,30,162,China,0.09,6283009120.113921,7121252096.529561,0.4427398049575738,0.1177100550651964,259.2906634999963
21,40,162,China,0.09,5929872260.262116,7121252096.529561,0.4178555908071281,0.1672992080771928,259.57934340000793
21,50,162,China,0.09,5547327936.429326,7121252096.529561,0.3908991442886666,0.22101789667961116,260.52946740000334
21,60,162,China,0.09,5336764386.070604,7121252096.529561,0.37606153010813775,0.2505862292571556,259.45930869999574
21,70,162,China,0.09,5523695209.292186,7121252096.529561,0.38923383570749376,0.224336516329189,259.4355970000033
21,80,162,China,0.09,5910450780.471687,7121252096.529561,0.41648703284230276,0.17002646439773425,260.0307318999985
21,90,162,China,0.09,6280539310.926294,7121252096.529561,0.4425657668785088,0.11805687738719092,260.0917100000079
21,100,162,China,0.09,6523932857.284233,7121252096.529561,0.4597167862678444,0.0838784010379892,259.50887879999937
21,110,162,China,0.09,6630221137.956218,7121252096.529561,0.4672065179798902,0.06895289647345024,259.65505480000866
21,120,162,China,0.09,6650494511.094637,7121252096.529561,0.4686351056355091,0.06610601324791479,260.1086875000037
21,130,162,China,0.09,6646336124.069988,7121252096.529561,0.46834207988542115,0.06668995367977722,260.1314304999978
21,140,162,China,0.09,6638228310.020925,7121252096.529561,0.46777075300333476,0.06782849138903974,260.38983780000126
21,150,162,China,0.09,6632955128.179844,7121252096.529561,0.4673991718938387,0.06856897659720285,260.1803774
21,160,162,China,0.09,6620323311.581595,7121252096.529561,0.46650905572337753,0.07034279620462897,260.28972919999796
21,170,162,China,0.09,6608383759.321426,7121252096.529561,0.4656677207932681,0.0720194047698541,260.4036028999981
21,0,162,China,0.09,6596449230.021155,7121252096.529561,0.46482673981207756,0.0736953079872233,258.9510988999973
21,10,162,China,0.09,6572233499.765715,7121252096.529561,0.46312034921399986,0.07709579570022562,259.2463793999923
21,20,162,China,0.09,6491294365.051226,7121252096.529561,0.45741687560257244,0.08846165294237177,259.2325758999941
21,30,162,China,0.09,6283009120.113921,7121252096.529561,0.4427398049575738,0.1177100550651964,258.84234849999484
21,40,162,China,0.09,5929872260.262116,7121252096.529561,0.4178555908071281,0.1672992080771928,258.81036279999535
21,50,162,China,0.09,5547327936.429326,7121252096.529561,0.3908991442886666,0.22101789667961116,259.2343256999884
21,60,162,China,0.09,5336764386.070604,7121252096.529561,0.37606153010813775,0.2505862292571556,259.00187609999557
21,70,162,China,0.09,5523695209.292186,7121252096.529561,0.38923383570749376,0.224336516329189,259.1414916999929
21,80,162,China,0.09,5910450780.471687,7121252096.529561,0.41648703284230276,0.17002646439773425,259.0845258000045
21,90,162,China,0.09,6280539310.926294,7121252096.529561,0.4425657668785088,0.11805687738719092,259.04928700000164
21,100,162,China,0.09,6523932857.284233,7121252096.529561,0.4597167862678444,0.0838784010379892,259.53291880000324
21,110,162,China,0.09,6630221137.956218,7121252096.529561,0.4672065179798902,0.06895289647345024,259.579957199996
21,120,162,China,0.09,6650494511.094637,7121252096.529561,0.4686351056355091,0.06610601324791479,258.8782405999955
21,130,162,China,0.09,6646336124.069988,7121252096.529561,0.46834207988542115,0.06668995367977722,259.48045560000173
21,140,162,China,0.09,6638228310.020925,7121252096.529561,0.46777075300333476,0.06782849138903974,259.5659391999943
21,150,162,China,0.09,6632955128.179844,7121252096.529561,0.4673991718938387,0.06856897659720285,259.2428221000009
21,160,162,China,0.09,6620323311.581595,7121252096.529561,0.46650905572337753,0.07034279620462897,259.4525347000017
21,170,162,China,0.09,6608383759.321426,7121252096.529561,0.4656677207932681,0.0720194047698541,259.64198490000854
21,0,162,China,0.09,6596449230.021155,7121252096.529561,0.46482673981207756,0.0736953079872233,259.40856510000594
21,10,162,China,0.09,6572233499.765715,7121252096.529561,0.46312034921399986,0.07709579570022562,259.31316700000025
21,20,162,China,0.09,6491294365.051226,7121252096.529561,0.45741687560257244,0.08846165294237177,258.79273329999705
21,30,162,China,0.09,6283009120.113921,7121252096.529561,0.4427398049575738,0.1177100550651964,259.7873496999964
21,40,162,China,0.09,5929872260.262116,7121252096.529561,0.4178555908071281,0.1672992080771928,259.868492300011
21,50,162,China,0.09,5547327936.429326,7121252096.529561,0.3908991442886666,0.22101789667961116,259.35822879998886
21,60,162,China,0.09,5336764386.070604,7121252096.529561,0.37606153010813775,0.2505862292571556,259.330295000007
21,70,162,China,0.09,5523695209.292186,7121252096.529561,0.38923383570749376,0.224336516329189,259.52734390000114
21,80,162,China,0.09,5910450780.471687,7121252096.529561,0.41648703284230276,0.17002646439773425,259.4780210000026
21,90,162,China,0.09,6280539310.926294,7121252096.529561,0.4425657668785088,0.11805687738719092,259.74231279999367
21,100,162,China,0.09,6523932857.284233,7121252096.529561,0.4597167862678444,0.0838784010379892,259.4096872000082
21,110,162,China,0.09,6630221137.956218,7121252096.529561,0.4672065179798902,0.06895289647345024,260.0374131999997
21,120,162,China,0.09,6650494511.094637,7121252096.529561,0.4686351056355091,0.06610601324791479,260.3502129999979
21,130,162,China,0.09,6646336124.069988,7121252096.529561,0.46834207988542115,0.06668995367977722,259.978841300006
21,140,162,China,0.09,6638228310.020925,7121252096.529561,0.46777075300333476,0.06782849138903974,260.0059760000004
21,150,162,China,0.09,6632955128.179844,7121252096.529561,0.4673991718938387,0.06856897659720285,260.8689035999996
21,160,162,China,0.09,6620323311.581595,7121252096.529561,0.46650905572337753,0.07034279620462897,259.9839611000061
21,170,162,China,0.09,6608383759.321426,7121252096.529561,0.4656677207932681,0.0720194047698541,260.8000578999927
21,0,162,China,0.09,6596449230.021155,7121252096.529561,0.46482673981207756,0.0736953079872233,259.67620510001143
21,10,162,China,0.09,6572233499.765715,7121252096.529561,0.46312034921399986,0.07709579570022562,259.8753238000063
21,20,162,China,0.09,6491294365.051226,7121252096.529561,0.45741687560257244,0.08846165294237177,259.9516655000043
21,30,162,China,0.09,6283009120.113921,7121252096.529561,0.4427398049575738,0.1177100550651964,259.6942571999971
21,40,162,China,0.09,5929872260.262116,7121252096.529561,0.4178555908071281,0.1672992080771928,260.14618299998983
21,50,162,China,0.09,5547327936.429326,7121252096.529561,0.3908991442886666,0.22101789667961116,259.6360038999992
21,60,162,China,0.09,5336764386.070604,7121252096.529561,0.37606153010813775,0.2505862292571556,259.8013396000024
21,70,162,China,0.09,5523695209.292186,7121252096.529561,0.38923383570749376,0.224336516329189,260.3329309999972
21,80,162,China,0.09,5910450780.471687,7121252096.529561,0.41648703284230276,0.17002646439773425,260.3737039999978
21,90,162,China,0.09,6280539310.926294,7121252096.529561,0.4425657668785088,0.11805687738719092,260.1383216999966
21,100,162,China,0.09,6523932857.284233,7121252096.529561,0.4597167862678444,0.0838784010379892,259.96175240000593
21,110,162,China,0.09,6630221137.956218,7121252096.529561,0.4672065179798902,0.06895289647345024,260.4380347999977
21,120,162,China,0.09,6650494511.094637,7121252096.529561,0.4686351056355091,0.06610601324791479,259.89527750000707
21,130,162,China,0.09,6646336124.069988,7121252096.529561,0.46834207988542115,0.06668995367977722,260.9588350999984
21,140,162,China,0.09,6638228310.020925,7121252096.529561,0.46777075300333476,0.06782849138903974,260.5432542000053
21,150,162,China,0.09,6632955128.179844,7121252096.529561,0.4673991718938387,0.06856897659720285,260.870837800001
21,160,162,China,0.09,6620323311.581595,7121252096.529561,0.46650905572337753,0.07034279620462897,261.0419189999957
21,170,162,China,0.09,6608383759.321426,7121252096.529561,0.4656677207932681,0.0720194047698541,261.0361542000028
21,0,162,China,0.09,6596449230.021155,7121252096.529561,0.46482673981207756,0.0736953079872233,259.3603557999886
21,10,162,China,0.09,6572233499.765715,7121252096.529561,0.46312034921399986,0.07709579570022562,259.024493799996
21,20,162,China,0.09,6491294365.051226,7121252096.529561,0.45741687560257244,0.08846165294237177,258.83084890000464
21,30,162,China,0.09,6283009120.113921,7121252096.529561,0.4427398049575738,0.1177100550651964,259.2197339999984
21,40,162,China,0.09,5929872260.262116,7121252096.529561,0.4178555908071281,0.1672992080771928,258.8602276999882
21,50,162,China,0.09,5547327936.429326,7121252096.529561,0.3908991442886666,0.22101789667961116,258.7561837999965
21,60,162,China,0.09,5336764386.070604,7121252096.529561,0.37606153010813775,0.2505862292571556,259.3747129999974
21,70,162,China,0.09,5523695209.292186,7121252096.529561,0.38923383570749376,0.224336516329189,259.67741049999313
21,80,162,China,0.09,5910450780.471687,7121252096.529561,0.41648703284230276,0.17002646439773425,259.68725709999853
21,90,162,China,0.09,6280539310.926294,7121252096.529561,0.4425657668785088,0.11805687738719092,259.4637012000021
21,100,162,China,0.09,6523932857.284233,7121252096.529561,0.4597167862678444,0.0838784010379892,259.416521799998
21,110,162,China,0.09,6630221137.956218,7121252096.529561,0.4672065179798902,0.06895289647345024,259.7668485000031
21,120,162,China,0.09,6650494511.094637,7121252096.529561,0.4686351056355091,0.06610601324791479,260.14049140000134
21,130,162,China,0.09,6646336124.069988,7121252096.529561,0.46834207988542115,0.06668995367977722,260.0538738000032
21,140,162,China,0.09,6638228310.020925,7121252096.529561,0.46777075300333476,0.06782849138903974,260.47058310000284
21,150,162,China,0.09,6632955128.179844,7121252096.529561,0.4673991718938387,0.06856897659720285,260.20367559998704
21,160,162,China,0.09,6620323311.581595,7121252096.529561,0.46650905572337753,0.07034279620462897,259.8330145999935
21,170,162,China,0.09,6608383759.321426,7121252096.529561,0.4656677207932681,0.0720194047698541,260.2950669999991
20,0,167,Netherlands,0.06,7293336466.06728,8556649652.19414,0.4985465005651218,0.147641102239463,269.19227830000455
20,10,167,Netherlands,0.06,7294253081.515923,8556649652.19414,0.498609157132032,0.14753397906790627,269.73912420000124
20,20,167,Netherlands,0.06,7281252291.541141,8556649652.19414,0.4977204694406489,0.14905335762180655,269.1803445000114
20,30,167,Netherlands,0.06,7273658133.139009,8556649652.19414,0.49720135982411956,0.1499408730292165,269.28514530000393
20,40,167,Netherlands,0.06,7273564933.743096,8556649652.19414,0.49719498904540893,0.14995176507221245,269.0715868999978
20,50,167,Netherlands,0.06,7266526524.79685,8556649652.19414,0.49671386848199833,0.1507743310568372,269.5286625000008
20,60,167,Netherlands,0.06,7260169628.400122,8556649652.19414,0.4962793336887951,0.15151724991586732,270.1016137999977
20,70,167,Netherlands,0.06,7248846050.192596,8556649652.19414,0.49550529421927353,0.15284061579711752,270.12948089999554
20,80,167,Netherlands,0.06,7251823031.961884,8556649652.19414,0.49570879008844526,0.15249270138081047,269.36739749999833
20,90,167,Netherlands,0.06,7256976235.4153,8556649652.19414,0.4960610447198275,0.1518904559152508,269.90159730000596
20,100,167,Netherlands,0.06,7255631583.622093,8556649652.19414,0.49596912911314994,0.1520476029117814,269.8414369000093
20,110,167,Netherlands,0.06,7266717409.460871,8556649652.19414,0.4967269166776632,0.15075202271516383,270.77036249999946
20,120,167,Netherlands,0.06,7262304886.05646,8556649652.19414,0.49642529229598753,0.1512677062576446,270.3423860000039
20,130,167,Netherlands,0.06,7271501845.400572,8556649652.19414,0.49705396367542803,0.15019287443468302,270.0249182000116
20,140,167,Netherlands,0.06,7281722842.491766,8556649652.19414,0.4977526346274414,0.14899836519255538,269.75968059999286
20,150,167,Netherlands,0.06,7282935463.877295,8556649652.19414,0.49783552510576756,0.1488566483483677,270.4158194999909
20,160,167,Netherlands,0.06,7285204216.802057,8556649652.19414,0.4979906089739738,0.14859150334220503,274.5629287999909
20,170,167,Netherlands,0.06,7288001181.714851,8556649652.19414,0.49818179953209,0.14826462716677616,272.1587945000065
20,0,167,Netherlands,0.06,7293336466.06728,8556649652.19414,0.4985465005651218,0.147641102239463,270.6310768999974
20,10,167,Netherlands,0.06,7294253081.515923,8556649652.19414,0.498609157132032,0.14753397906790627,270.6367021000042
20,20,167,Netherlands,0.06,7281252291.541141,8556649652.19414,0.4977204694406489,0.14905335762180655,270.3475899000041
20,30,167,Netherlands,0.06,7273658133.139009,8556649652.19414,0.49720135982411956,0.1499408730292165,270.30661909999617
20,40,167,Netherlands,0.06,7273564933.743096,8556649652.19414,0.49719498904540893,0.14995176507221245,270.58833640000375
20,50,167,Netherlands,0.06,7266526524.79685,8556649652.19414,0.49671386848199833,0.1507743310568372,270.9405751000013
20,60,167,Netherlands,0.06,7260169628.400122,8556649652.19414,0.4962793336887951,0.15151724991586732,271.38052939999034
20,70,167,Netherlands,0.06,7248846050.192596,8556649652.19414,0.49550529421927353,0.15284061579711752,270.4330677000107
20,80,167,Netherlands,0.06,7251823031.961884,8556649652.19414,0.49570879008844526,0.15249270138081047,270.14545989999897
20,90,167,Netherlands,0.06,7256976235.4153,8556649652.19414,0.4960610447198275,0.1518904559152508,271.7179807999928
20,100,167,Netherlands,0.06,7255631583.622093,8556649652.19414,0.49596912911314994,0.1520476029117814,271.14152869999816
20,110,167,Netherlands,0.06,7266717409.460871,8556649652.19414,0.4967269166776632,0.15075202271516383,271.68962050000846
20,120,167,Netherlands,0.06,7262304886.05646,8556649652.19414,0.49642529229598753,0.1512677062576446,271.2947286999988
20,130,167,Netherlands,0.06,7271501845.400572,8556649652.19414,0.49705396367542803,0.15019287443468302,271.2998115999944
20,140,167,Netherlands,0.06,7281722842.491766,8556649652.19414,0.4977526346274414,0.14899836519255538,271.23354230000405
20,150,167,Netherlands,0.06,7282935463.877295,8556649652.19414,0.49783552510576756,0.1488566483483677,271.07429070000944
20,160,167,Netherlands,0.06,7285204216.802057,8556649652.19414,0.4979906089739738,0.14859150334220503,276.4338960000023
20,170,167,Netherlands,0.06,7288001181.714851,8556649652.19414,0.49818179953209,0.14826462716677616,273.5424483999959
20,0,167,Netherlands,0.06,7293336466.06728,8556649652.19414,0.4985465005651218,0.147641102239463,270.3199154000031
20,10,167,Netherlands,0.06,7294253081.515923,8556649652.19414,0.498609157132032,0.14753397906790627,269.88670329999877
20,20,167,Netherlands,0.06,7281252291.541141,8556649652.19414,0.4977204694406489,0.14905335762180655,270.47725559999526
20,30,167,Netherlands,0.06,7273658133.139009,8556649652.19414,0.49720135982411956,0.1499408730292165,270.88327299999946
20,40,167,Netherlands,0.06,7273564933.743096,8556649652.19414,0.49719498904540893,0.14995176507221245,270.5348673999979
20,50,167,Netherlands,0.06,7266526524.79685,8556649652.19414,0.49671386848199833,0.1507743310568372,270.5987998000055
20,60,167,Netherlands,0.06,7260169628.400122,8556649652.19414,0.4962793336887951,0.15151724991586732,271.06721739999193
20,70,167,Netherlands,0.06,7248846050.192596,8556649652.19414,0.49550529421927353,0.15284061579711752,270.6733244999923
20,80,167,Netherlands,0.06,7251823031.961884,8556649652.19414,0.49570879008844526,0.15249270138081047,270.5256580999994
20,90,167,Netherlands,0.06,7256976235.4153,8556649652.19414,0.4960610447198275,0.1518904559152508,270.49767460000294
20,100,167,Netherlands,0.06,7255631583.622093,8556649652.19414,0.49596912911314994,0.1520476029117814,270.52954730000056
20,110,167,Netherlands,0.06,7266717409.460871,8556649652.19414,0.4967269166776632,0.15075202271516383,271.13197690001107
20,120,167,Netherlands,0.06,7262304886.05646,8556649652.19414,0.49642529229598753,0.1512677062576446,273.9493594000087
20,130,167,Netherlands,0.06,7271501845.400572,8556649652.19414,0.49705396367542803,0.15019287443468302,275.05675319999864
20,140,167,Netherlands,0.06,7281722842.491766,8556649652.19414,0.4977526346274414,0.14899836519255538,271.8192044000025
20,150,167,Netherlands,0.06,7282935463.877295,8556649652.19414,0.49783552510576756,0.1488566483483677,271.3558825999935
20,160,167,Netherlands,0.06,7285204216.802057,8556649652.19414,0.4979906089739738,0.14859150334220503,271.835073299997
20,170,167,Netherlands,0.06,7288001181.714851,8556649652.19414,0.49818179953209,0.14826462716677616,271.53931819999707
20,0,167,Netherlands,0.06,7293336466.06728,8556649652.19414,0.4985465005651218,0.147641102239463,269.34486560001096
20,10,167,Netherlands,0.06,7294253081.515923,8556649652.19414,0.498609157132032,0.14753397906790627,269.11371849999705
20,20,167,Netherlands,0.06,7281252291.541141,8556649652.19414,0.4977204694406489,0.14905335762180655,269.7469095999986
20,30,167,Netherlands,0.06,7273658133.139009,8556649652.19414,0.49720135982411956,0.1499408730292165,269.6695771999948
20,40,167,Netherlands,0.06,7273564933.743096,8556649652.19414,0.49719498904540893,0.14995176507221245,269.67385590000777
20,50,167,Netherlands,0.06,7266526524.79685,8556649652.19414,0.49671386848199833,0.1507743310568372,269.88783089999924
20,60,167,Netherlands,0.06,7260169628.400122,8556649652.19414,0.4962793336887951,0.15151724991586732,270.038879300002
20,70,167,Netherlands,0.06,7248846050.192596,8556649652.19414,0.49550529421927353,0.15284061579711752,269.71442980000575
20,80,167,Netherlands,0.06,7251823031.961884,8556649652.19414,0.49570879008844526,0.15249270138081047,270.01790180000535
20,90,167,Netherlands,0.06,7256976235.4153,8556649652.19414,0.4960610447198275,0.1518904559152508,269.687688799997
20,100,167,Netherlands,0.06,7255631583.622093,8556649652.19414,0.49596912911314994,0.1520476029117814,269.8542429000081
20,110,167,Netherlands,0.06,7266717409.460871,8556649652.19414,0.4967269166776632,0.15075202271516383,269.89425199999823
20,120,167,Netherlands,0.06,7262304886.05646,8556649652.19414,0.49642529229598753,0.1512677062576446,273.4457301999937
20,130,167,Netherlands,0.06,7271501845.400572,8556649652.19414,0.49705396367542803,0.15019287443468302,273.33207889999903
20,140,167,Netherlands,0.06,7281722842.491766,8556649652.19414,0.4977526346274414,0.14899836519255538,270.24580020000576
20,150,167,Netherlands,0.06,7282935463.877295,8556649652.19414,0.49783552510576756,0.1488566483483677,270.3978833000001
20,160,167,Netherlands,0.06,7285204216.802057,8556649652.19414,0.4979906089739738,0.14859150334220503,270.64927650000027
20,170,167,Netherlands,0.06,7288001181.714851,8556649652.19414,0.49818179953209,0.14826462716677616,269.962872300006
20,0,167,Netherlands,0.06,7293336466.06728,8556649652.19414,0.4985465005651218,0.147641102239463,270.04421219999494
20,10,167,Netherlands,0.06,7294253081.515923,8556649652.19414,0.498609157132032,0.14753397906790627,271.06289610000385
20,20,167,Netherlands,0.06,7281252291.541141,8556649652.19414,0.4977204694406489,0.14905335762180655,270.88587880000705
20,30,167,Netherlands,0.06,7273658133.139009,8556649652.19414,0.49720135982411956,0.1499408730292165,270.73617899999954
20,40,167,Netherlands,0.06,7273564933.743096,8556649652.19414,0.49719498904540893,0.14995176507221245,271.26415879999695
20,50,167,Netherlands,0.06,7266526524.79685,8556649652.19414,0.49671386848199833,0.1507743310568372,271.0542201000062
20,60,167,Netherlands,0.06,7260169628.400122,8556649652.19414,0.4962793336887951,0.15151724991586732,271.1147740999877
20,70,167,Netherlands,0.06,7248846050.192596,8556649652.19414,0.49550529421927353,0.15284061579711752,271.0280277999991
20,80,167,Netherlands,0.06,7251823031.961884,8556649652.19414,0.49570879008844526,0.15249270138081047,270.88042790000327
20,90,167,Netherlands,0.06,7256976235.4153,8556649652.19414,0.4960610447198275,0.1518904559152508,271.0769692000031
20,100,167,Netherlands,0.06,7255631583.622093,8556649652.19414,0.49596912911314994,0.1520476029117814,271.4507936000009
20,110,167,Netherlands,0.06,7266717409.460871,8556649652.19414,0.4967269166776632,0.15075202271516383,275.5936234999972
20,120,167,Netherlands,0.06,7262304886.05646,8556649652.19414,0.49642529229598753,0.1512677062576446,272.74526160000823
20,130,167,Netherlands,0.06,7271501845.400572,8556649652.19414,0.49705396367542803,0.15019287443468302,271.50657610000053
20,140,167,Netherlands,0.06,7281722842.491766,8556649652.19414,0.4977526346274414,0.14899836519255538,272.0233986999956
20,150,167,Netherlands,0.06,7282935463.877295,8556649652.19414,0.49783552510576756,0.1488566483483677,271.52436539999326
20,160,167,Netherlands,0.06,7285204216.802057,8556649652.19414,0.4979906089739738,0.14859150334220503,271.54410050000297
20,170,167,Netherlands,0.06,7288001181.714851,8556649652.19414,0.49818179953209,0.14826462716677616,271.7494024000043
20,0,167,Netherlands,0.06,7293336466.06728,8556649652.19414,0.4985465005651218,0.147641102239463,270.3483292000019
20,10,167,Netherlands,0.06,7294253081.515923,8556649652.19414,0.498609157132032,0.14753397906790627,270.19774950000283
20,20,167,Netherlands,0.06,7281252291.541141,8556649652.19414,0.4977204694406489,0.14905335762180655,270.1878588999971
20,30,167,Netherlands,0.06,7273658133.139009,8556649652.19414,0.49720135982411956,0.1499408730292165,269.70205259999784
20,40,167,Netherlands,0.06,7273564933.743096,8556649652.19414,0.49719498904540893,0.14995176507221245,269.98238560000027
20,50,167,Netherlands,0.06,7266526524.79685,8556649652.19414,0.49671386848199833,0.1507743310568372,270.1673263999983
20,60,167,Netherlands,0.06,7260169628.400122,8556649652.19414,0.4962793336887951,0.15151724991586732,270.4523352999968
20,70,167,Netherlands,0.06,7248846050.192596,8556649652.19414,0.49550529421927353,0.15284061579711752,270.68078100000275
20,80,167,Netherlands,0.06,7251823031.961884,8556649652.19414,0.49570879008844526,0.15249270138081047,270.2545453999919
20,90,167,Netherlands,0.06,7256976235.4153,8556649652.19414,0.4960610447198275,0.1518904559152508,270.3970207999955
20,100,167,Netherlands,0.06,7255631583.622093,8556649652.19414,0.49596912911314994,0.1520476029117814,270.8707030000078
20,110,167,Netherlands,0.06,7266717409.460871,8556649652.19414,0.4967269166776632,0.15075202271516383,275.1970207000122
20,120,167,Netherlands,0.06,7262304886.05646,8556649652.19414,0.49642529229598753,0.1512677062576446,272.039691900005
20,130,167,Netherlands,0.06,7271501845.400572,8556649652.19414,0.49705396367542803,0.15019287443468302,271.34719820000464
20,140,167,Netherlands,0.06,7281722842.491766,8556649652.19414,0.4977526346274414,0.14899836519255538,271.2005179999978
20,150,167,Netherlands,0.06,7282935463.877295,8556649652.19414,0.49783552510576756,0.1488566483483677,271.10503189999145
20,160,167,Netherlands,0.06,7285204216.802057,8556649652.19414,0.4979906089739738,0.14859150334220503,270.7334284999961
20,170,167,Netherlands,0.06,7288001181.714851,8556649652.19414,0.49818179953209,0.14826462716677616,271.02417309999873
20,0,167,Netherlands,0.06,7293336466.06728,8556649652.19414,0.4985465005651218,0.147641102239463,270.7388118999952
20,10,167,Netherlands,0.06,7294253081.515923,8556649652.19414,0.498609157132032,0.14753397906790627,270.43404459999874
20,20,167,Netherlands,0.06,7281252291.541141,8556649652.19414,0.4977204694406489,0.14905335762180655,270.0683420999994
20,30,167,Netherlands,0.06,7273658133.139009,8556649652.19414,0.49720135982411956,0.1499408730292165,270.7151492999983
20,40,167,Netherlands,0.06,7273564933.743096,8556649652.19414,0.49719498904540893,0.14995176507221245,270.99326719999954
20,50,167,Netherlands,0.06,7266526524.79685,8556649652.19414,0.49671386848199833,0.1507743310568372,270.74074569999357
20,60,167,Netherlands,0.06,7260169628.400122,8556649652.19414,0.4962793336887951,0.15151724991586732,270.9832058999891
20,70,167,Netherlands,0.06,7248846050.192596,8556649652.19414,0.49550529421927353,0.15284061579711752,271.3817535999988
20,80,167,Netherlands,0.06,7251823031.961884,8556649652.19414,0.49570879008844526,0.15249270138081047,271.5406784999941
20,90,167,Netherlands,0.06,7256976235.4153,8556649652.19414,0.4960610447198275,0.1518904559152508,272.81669589999365
20,100,167,Netherlands,0.06,7255631583.622093,8556649652.19414,0.49596912911314994,0.1520476029117814,274.5757014999981
20,110,167,Netherlands,0.06,7266717409.460871,8556649652.19414,0.4967269166776632,0.15075202271516383,271.76590739999665
20,120,167,Netherlands,0.06,7262304886.05646,8556649652.19414,0.49642529229598753,0.1512677062576446,271.69226470000285
20,130,167,Netherlands,0.06,7271501845.400572,8556649652.19414,0.49705396367542803,0.15019287443468302,271.31181889999425
20,140,167,Netherlands,0.06,7281722842.491766,8556649652.19414,0.4977526346274414,0.14899836519255538,270.7843689000001
20,150,167,Netherlands,0.06,7282935463.877295,8556649652.19414,0.49783552510576756,0.1488566483483677,271.369652399997
20,160,167,Netherlands,0.06,7285204216.802057,8556649652.19414,0.4979906089739738,0.14859150334220503,272.80579760001274
20,170,167,Netherlands,0.06,7288001181.714851,8556649652.19414,0.49818179953209,0.14826462716677616,272.63343209998857
20,0,167,Netherlands,0.06,7293336466.06728,8556649652.19414,0.4985465005651218,0.147641102239463,271.3168987000099
20,10,167,Netherlands,0.06,7294253081.515923,8556649652.19414,0.498609157132032,0.14753397906790627,271.3597576000029
20,20,167,Netherlands,0.06,7281252291.541141,8556649652.19414,0.4977204694406489,0.14905335762180655,270.60518320000847
20,30,167,Netherlands,0.06,7273658133.139009,8556649652.19414,0.49720135982411956,0.1499408730292165,271.0853802999918
20,40,167,Netherlands,0.06,7273564933.743096,8556649652.19414,0.49719498904540893,0.14995176507221245,271.19465299999865
20,50,167,Netherlands,0.06,7266526524.79685,8556649652.19414,0.49671386848199833,0.1507743310568372,271.4103624999989
20,60,167,Netherlands,0.06,7260169628.400122,8556649652.19414,0.4962793336887951,0.15151724991586732,271.43220939999446
20,70,167,Netherlands,0.06,7248846050.192596,8556649652.19414,0.49550529421927353,0.15284061579711752,273.7506766000006
20,80,167,Netherlands,0.06,7251823031.961884,8556649652.19414,0.49570879008844526,0.15249270138081047,274.48762179999903
20,90,167,Netherlands,0.06,7256976235.4153,8556649652.19414,0.4960610447198275,0.1518904559152508,271.8104481000046
20,100,167,Netherlands,0.06,7255631583.622093,8556649652.19414,0.49596912911314994,0.1520476029117814,271.2592203000095
20,110,167,Netherlands,0.06,7266717409.460871,8556649652.19414,0.4967269166776632,0.15075202271516383,272.41373799998837
20,120,167,Netherlands,0.06,7262304886.05646,8556649652.19414,0.49642529229598753,0.1512677062576446,271.85208820000116
20,130,167,Netherlands,0.06,7271501845.400572,8556649652.19414,0.49705396367542803,0.15019287443468302,271.38337409999804
20,140,167,Netherlands,0.06,7281722842.491766,8556649652.19414,0.4977526346274414,0.14899836519255538,273.63646679998783
20,150,167,Netherlands,0.06,7282935463.877295,8556649652.19414,0.49783552510576756,0.1488566483483677,273.7051211000071
20,160,167,Netherlands,0.06,7285204216.802057,8556649652.19414,0.4979906089739738,0.14859150334220503,274.1197608999937
20,170,167,Netherlands,0.06,7288001181.714851,8556649652.19414,0.49818179953209,0.14826462716677616,273.17451759999676
20,0,167,Netherlands,0.06,7293336466.06728,8556649652.19414,0.4985465005651218,0.147641102239463,270.25446809999994
20,10,167,Netherlands,0.06,7294253081.515923,8556649652.19414,0.498609157132032,0.14753397906790627,270.6949641999963
20,20,167,Netherlands,0.06,7281252291.541141,8556649652.19414,0.4977204694406489,0.14905335762180655,270.42481209999823
20,30,167,Netherlands,0.06,7273658133.139009,8556649652.19414,0.49720135982411956,0.1499408730292165,270.67239680000057
20,40,167,Netherlands,0.06,7273564933.743096,8556649652.19414,0.49719498904540893,0.14995176507221245,272.21156340000744
20,50,167,Netherlands,0.06,7266526524.79685,8556649652.19414,0.49671386848199833,0.1507743310568372,275.03172359999735
20,60,167,Netherlands,0.06,7260169628.400122,8556649652.19414,0.4962793336887951,0.15151724991586732,271.3291434999992
20,70,167,Netherlands,0.06,7248846050.192596,8556649652.19414,0.49550529421927353,0.15284061579711752,271.40227920000325
20,80,167,Netherlands,0.06,7251823031.961884,8556649652.19414,0.49570879008844526,0.15249270138081047,271.58094859999255
20,90,167,Netherlands,0.06,7256976235.4153,8556649652.19414,0.4960610447198275,0.1518904559152508,271.28825620000134
20,100,167,Netherlands,0.06,7255631583.622093,8556649652.19414,0.49596912911314994,0.1520476029117814,271.2625193999993
20,110,167,Netherlands,0.06,7266717409.460871,8556649652.19414,0.4967269166776632,0.15075202271516383,273.15894429999753
20,120,167,Netherlands,0.06,7262304886.05646,8556649652.19414,0.49642529229598753,0.1512677062576446,273.38247139999294
20,130,167,Netherlands,0.06,7271501845.400572,8556649652.19414,0.49705396367542803,0.15019287443468302,274.2332841000025
20,140,167,Netherlands,0.06,7281722842.491766,8556649652.19414,0.4977526346274414,0.14899836519255538,271.8010953000048
20,150,167,Netherlands,0.06,7282935463.877295,8556649652.19414,0.49783552510576756,0.1488566483483677,272.6558789999981
20,160,167,Netherlands,0.06,7285204216.802057,8556649652.19414,0.4979906089739738,0.14859150334220503,273.1108460999967
20,170,167,Netherlands,0.06,7288001181.714851,8556649652.19414,0.49818179953209,0.14826462716677616,275.63927220000187
19,0,171,China,0.08,4492290849.740017,5396979649.321059,0.2998939123701579,0.16762872168599938,278.06423129999894
19,10,171,China,0.08,4531473304.154606,5396979649.321059,0.3025096333783683,0.16036865087592728,278.32594759999483
19,20,171,China,0.08,4540872628.164887,5396979649.321059,0.3031371083450084,0.15862706120521877,277.93571710000106
19,30,171,China,0.08,4540534792.026814,5396979649.321059,0.3031145552636128,0.15868965846517238,278.0983003000001
19,40,171,China,0.08,4535604093.489905,5396979649.321059,0.3027853943690022,0.1596032617872693,278.7927595999936
19,50,171,China,0.08,4525672985.15409,5396979649.321059,0.30212241883321916,0.1614433851490583,280.5540261999995
19,60,171,China,0.08,4497295967.542641,5396979649.321059,0.3002280413056851,0.16670132930584589,281.314852800002
19,70,171,China,0.08,4478438122.803342,5396979649.321059,0.2989691395500108,0.17019547713752636,279.36664179999207
19,80,171,China,0.08,4473818804.529215,5396979649.321059,0.2986607656098437,0.17105138517762952,278.97974879998947
19,90,171,China,0.08,4444922008.035016,5396979649.321059,0.29673168896599483,0.17640563855115002,280.2474397000042
19,100,171,China,0.08,4395312206.717278,5396979649.321059,0.2934198647972761,0.18559778018243808,282.6428453999979
19,110,171,China,0.08,4360456739.585859,5396979649.321059,0.2910930024557304,0.1920561086172698,280.0583998999937
19,120,171,China,0.08,4310750895.122464,5396979649.321059,0.2877747666908638,0.2012660459698496,280.52893879999465
19,130,171,China,0.08,4320357429.650208,5396979649.321059,0.2884160745046736,0.1994860625065151,289.7169916999992
19,140,171,China,0.08,4345560364.806485,5396979649.321059,0.2900985583598017,0.19481624034784767,311.5322792999941
19,150,171,China,0.08,4333901934.822492,5396979649.321059,0.289320271223697,0.19697641710253677,288.50522099999944
19,160,171,China,0.08,4330436247.693786,5396979649.321059,0.2890889107648926,0.19761857018702023,287.3054914999957
19,170,171,China,0.08,4410966615.176846,5396979649.321059,0.29446491329386937,0.18269719328444275,284.2817053000035
19,0,171,China,0.08,4492290849.740017,5396979649.321059,0.2998939123701579,0.16762872168599938,280.05960799999593
19,10,171,China,0.08,4531473304.154606,5396979649.321059,0.3025096333783683,0.16036865087592728,280.23388759999943
19,20,171,China,0.08,4540872628.164887,5396979649.321059,0.3031371083450084,0.15862706120521877,279.1991051000077
19,30,171,China,0.08,4540534792.026814,5396979649.321059,0.3031145552636128,0.15868965846517238,279.1472475000046
19,40,171,China,0.08,4535604093.489905,5396979649.321059,0.3027853943690022,0.1596032617872693,279.29595650000556
19,50,171,China,0.08,4525672985.15409,5396979649.321059,0.30212241883321916,0.1614433851490583,282.221489500007
19,60,171,China,0.08,4497295967.542641,5396979649.321059,0.3002280413056851,0.16670132930584589,283.4430166999955
19,70,171,China,0.08,4478438122.803342,5396979649.321059,0.2989691395500108,0.17019547713752636,280.45032669999637
19,80,171,China,0.08,4473818804.529215,5396979649.321059,0.2986607656098437,0.17105138517762952,279.8373942999897
19,90,171,China,0.08,4444922008.035016,5396979649.321059,0.29673168896599483,0.17640563855115002,281.7340550000081
19,100,171,China,0.08,4395312206.717278,5396979649.321059,0.2934198647972761,0.18559778018243808,284.2509740999958
19,110,171,China,0.08,4360456739.585859,5396979649.321059,0.2910930024557304,0.1920561086172698,281.34522350000043
19,120,171,China,0.08,4310750895.122464,5396979649.321059,0.2877747666908638,0.2012660459698496,281.8815583999967
19,130,171,China,0.08,4320357429.650208,5396979649.321059,0.2884160745046736,0.1994860625065151,309.2733332999924
19,140,171,China,0.08,4345560364.806485,5396979649.321059,0.2900985583598017,0.19481624034784767,296.1008596000029
19,150,171,China,0.08,4333901934.822492,5396979649.321059,0.289320271223697,0.19697641710253677,291.69264490000205
19,160,171,China,0.08,4330436247.693786,5396979649.321059,0.2890889107648926,0.19761857018702023,287.42708069999935
19,170,171,China,0.08,4410966615.176846,5396979649.321059,0.29446491329386937,0.18269719328444275,286.7606061999977
19,0,171,China,0.08,4492290849.740017,5396979649.321059,0.2998939123701579,0.16762872168599938,278.7287973999919
19,10,171,China,0.08,4531473304.154606,5396979649.321059,0.3025096333783683,0.16036865087592728,281.33493610000005
19,20,171,China,0.08,4540872628.164887,5396979649.321059,0.3031371083450084,0.15862706120521877,280.86188989999937
19,30,171,China,0.08,4540534792.026814,5396979649.321059,0.3031145552636128,0.15868965846517238,280.884447599994
19,40,171,China,0.08,4535604093.489905,5396979649.321059,0.3027853943690022,0.1596032617872693,279.3333574999997
19,50,171,China,0.08,4525672985.15409,5396979649.321059,0.30212241883321916,0.1614433851490583,280.8044860000082
19,60,171,China,0.08,4497295967.542641,5396979649.321059,0.3002280413056851,0.16670132930584589,281.95136230000935
19,70,171,China,0.08,4478438122.803342,5396979649.321059,0.2989691395500108,0.17019547713752636,281.9203278000059
19,80,171,China,0.08,4473818804.529215,5396979649.321059,0.2986607656098437,0.17105138517762952,280.79851919999055
19,90,171,China,0.08,4444922008.035016,5396979649.321059,0.29673168896599483,0.17640563855115002,284.127633600001
19,100,171,China,0.08,4395312206.717278,5396979649.321059,0.2934198647972761,0.18559778018243808,318.4850982999924
19,110,171,China,0.08,4360456739.585859,5396979649.321059,0.2910930024557304,0.1920561086172698,287.5219548000023
19,120,171,China,0.08,4310750895.122464,5396979649.321059,0.2877747666908638,0.2012660459698496,288.107760599989
19,130,171,China,0.08,4320357429.650208,5396979649.321059,0.2884160745046736,0.1994860625065151,285.2795565999986
19,140,171,China,0.08,4345560364.806485,5396979649.321059,0.2900985583598017,0.19481624034784767,285.4780289000046
19,150,171,China,0.08,4333901934.822492,5396979649.321059,0.289320271223697,0.19697641710253677,287.2652145999891
19,160,171,China,0.08,4330436247.693786,5396979649.321059,0.2890889107648926,0.19761857018702023,287.302786500004
19,170,171,China,0.08,4410966615.176846,5396979649.321059,0.29446491329386937,0.18269719328444275,285.5234328999941
19,0,171,China,0.08,4492290849.740017,5396979649.321059,0.2998939123701579,0.16762872168599938,278.1984753999859
19,10,171,China,0.08,4531473304.154606,5396979649.321059,0.3025096333783683,0.16036865087592728,280.15591570000106
19,20,171,China,0.08,4540872628.164887,5396979649.321059,0.3031371083450084,0.15862706120521877,279.8182710999972
19,30,171,China,0.08,4540534792.026814,5396979649.321059,0.3031145552636128,0.15868965846517238,280.42843159999757
19,40,171,China,0.08,4535604093.489905,5396979649.321059,0.3027853943690022,0.1596032617872693,279.06965249999485
19,50,171,China,0.08,4525672985.15409,5396979649.321059,0.30212241883321916,0.1614433851490583,280.1917831000028
19,60,171,China,0.08,4497295967.542641,5396979649.321059,0.3002280413056851,0.16670132930584589,281.8965414000122
19,70,171,China,0.08,4478438122.803342,5396979649.321059,0.2989691395500108,0.17019547713752636,280.4547067000094
19,80,171,China,0.08,4473818804.529215,5396979649.321059,0.2986607656098437,0.17105138517762952,280.10234820000187
19,90,171,China,0.08,4444922008.035016,5396979649.321059,0.29673168896599483,0.17640563855115002,282.48258769999666
19,100,171,China,0.08,4395312206.717278,5396979649.321059,0.2934198647972761,0.18559778018243808,317.5677260000084
19,110,171,China,0.08,4360456739.585859,5396979649.321059,0.2910930024557304,0.1920561086172698,287.1616369999974
19,120,171,China,0.08,4310750895.122464,5396979649.321059,0.2877747666908638,0.2012660459698496,287.9828462000005
19,130,171,China,0.08,4320357429.650208,5396979649.321059,0.2884160745046736,0.1994860625065151,284.3819627000048
19,140,171,China,0.08,4345560364.806485,5396979649.321059,0.2900985583598017,0.19481624034784767,284.0945842000074
19,150,171,China,0.08,4333901934.822492,5396979649.321059,0.289320271223697,0.19697641710253677,286.64937420000206
19,160,171,China,0.08,4330436247.693786,5396979649.321059,0.2890889107648926,0.19761857018702023,286.9249024000019
19,170,171,China,0.08,4410966615.176846,5396979649.321059,0.29446491329386937,0.18269719328444275,284.81378559999575
19,0,171,China,0.08,4492290849.740017,5396979649.321059,0.2998939123701579,0.16762872168599938,280.41781340001035
19,10,171,China,0.08,4531473304.154606,5396979649.321059,0.3025096333783683,0.16036865087592728,281.4660537000018
19,20,171,China,0.08,4540872628.164887,5396979649.321059,0.3031371083450084,0.15862706120521877,279.764588799997
19,30,171,China,0.08,4540534792.026814,5396979649.321059,0.3031145552636128,0.15868965846517238,279.6943825000053
19,40,171,China,0.08,4535604093.489905,5396979649.321059,0.3027853943690022,0.1596032617872693,279.2367656999995
19,50,171,China,0.08,4525672985.15409,5396979649.321059,0.30212241883321916,0.1614433851490583,282.9147873000038
19,60,171,China,0.08,4497295967.542641,5396979649.321059,0.3002280413056851,0.16670132930584589,280.38037350001105
19,70,171,China,0.08,4478438122.803342,5396979649.321059,0.2989691395500108,0.17019547713752636,280.24128779998864
19,80,171,China,0.08,4473818804.529215,5396979649.321059,0.2986607656098437,0.17105138517762952,298.2801082000078
19,90,171,China,0.08,4444922008.035016,5396979649.321059,0.29673168896599483,0.17640563855115002,304.1268576000002
19,100,171,China,0.08,4395312206.717278,5396979649.321059,0.2934198647972761,0.18559778018243808,288.64960090001114
19,110,171,China,0.08,4360456739.585859,5396979649.321059,0.2910930024557304,0.1920561086172698,286.4720482999983
19,120,171,China,0.08,4310750895.122464,5396979649.321059,0.2877747666908638,0.2012660459698496,285.07073859999946
19,130,171,China,0.08,4320357429.650208,5396979649.321059,0.2884160745046736,0.1994860625065151,285.04597060001106
19,140,171,China,0.08,4345560364.806485,5396979649.321059,0.2900985583598017,0.19481624034784767,287.88828620000277
19,150,171,China,0.08,4333901934.822492,5396979649.321059,0.289320271223697,0.19697641710253677,285.86662400000205
19,160,171,China,0.08,4330436247.693786,5396979649.321059,0.2890889107648926,0.19761857018702023,285.8337840000022
19,170,171,China,0.08,4410966615.176846,5396979649.321059,0.29446491329386937,0.18269719328444275,287.68357009999454
19,0,171,China,0.08,4492290849.740017,5396979649.321059,0.2998939123701579,0.16762872168599938,280.8501946000033
19,10,171,China,0.08,4531473304.154606,5396979649.321059,0.3025096333783683,0.16036865087592728,281.9561240000039
19,20,171,China,0.08,4540872628.164887,5396979649.321059,0.3031371083450084,0.15862706120521877,280.44074170000385
19,30,171,China,0.08,4540534792.026814,5396979649.321059,0.3031145552636128,0.15868965846517238,280.45096850000846
19,40,171,China,0.08,4535604093.489905,5396979649.321059,0.3027853943690022,0.1596032617872693,279.9311280000111
19,50,171,China,0.08,4525672985.15409,5396979649.321059,0.30212241883321916,0.1614433851490583,283.5011530000047
19,60,171,China,0.08,4497295967.542641,5396979649.321059,0.3002280413056851,0.16670132930584589,281.15221430000383
19,70,171,China,0.08,4478438122.803342,5396979649.321059,0.2989691395500108,0.17019547713752636,280.4295506999915
19,80,171,China,0.08,4473818804.529215,5396979649.321059,0.2986607656098437,0.17105138517762952,302.0348839999933
19,90,171,China,0.08,4444922008.035016,5396979649.321059,0.29673168896599483,0.17640563855115002,301.61417440000514
19,100,171,China,0.08,4395312206.717278,5396979649.321059,0.2934198647972761,0.18559778018243808,290.42311429999245
19,110,171,China,0.08,4360456739.585859,5396979649.321059,0.2910930024557304,0.1920561086172698,288.1421596
19,120,171,China,0.08,4310750895.122464,5396979649.321059,0.2877747666908638,0.2012660459698496,285.41243940001004
19,130,171,China,0.08,4320357429.650208,5396979649.321059,0.2884160745046736,0.1994860625065151,285.8853608000063
19,140,171,China,0.08,4345560364.806485,5396979649.321059,0.2900985583598017,0.19481624034784767,287.8525280000031
19,150,171,China,0.08,4333901934.822492,5396979649.321059,0.289320271223697,0.19697641710253677,286.2557359000057
19,160,171,China,0.08,4330436247.693786,5396979649.321059,0.2890889107648926,0.19761857018702023,286.6568239000044
19,170,171,China,0.08,4410966615.176846,5396979649.321059,0.29446491329386937,0.18269719328444275,288.6962196999957
19,0,171,China,0.08,4492290849.740017,5396979649.321059,0.2998939123701579,0.16762872168599938,281.5240221999993
19,10,171,China,0.08,4531473304.154606,5396979649.321059,0.3025096333783683,0.16036865087592728,279.1396462999983
19,20,171,China,0.08,4540872628.164887,5396979649.321059,0.3031371083450084,0.15862706120521877,280.57506220000505
19,30,171,China,0.08,4540534792.026814,5396979649.321059,0.3031145552636128,0.15868965846517238,281.7808539999969
19,40,171,China,0.08,4535604093.489905,5396979649.321059,0.3027853943690022,0.1596032617872693,282.00592880000477
19,50,171,China,0.08,4525672985.15409,5396979649.321059,0.30212241883321916,0.1614433851490583,280.59873140000855
19,60,171,China,0.08,4497295967.542641,5396979649.321059,0.3002280413056851,0.16670132930584589,280.3971051000117
19,70,171,China,0.08,4478438122.803342,5396979649.321059,0.2989691395500108,0.17019547713752636,316.8522358999908
19,80,171,China,0.08,4473818804.529215,5396979649.321059,0.2986607656098437,0.17105138517762952,288.4764925999916
19,90,171,China,0.08,4444922008.035016,5396979649.321059,0.29673168896599483,0.17640563855115002,289.8773979999969
19,100,171,China,0.08,4395312206.717278,5396979649.321059,0.2934198647972761,0.18559778018243808,285.33765799998946
19,110,171,China,0.08,4360456739.585859,5396979649.321059,0.2910930024557304,0.1920561086172698,285.49767590001284
19,120,171,China,0.08,4310750895.122464,5396979649.321059,0.2877747666908638,0.2012660459698496,287.19266960000095
19,130,171,China,0.08,4320357429.650208,5396979649.321059,0.2884160745046736,0.1994860625065151,287.79247249999025
19,140,171,China,0.08,4345560364.806485,5396979649.321059,0.2900985583598017,0.19481624034784767,286.38237190000655
19,150,171,China,0.08,4333901934.822492,5396979649.321059,0.289320271223697,0.19697641710253677,288.04181419999804
19,160,171,China,0.08,4330436247.693786,5396979649.321059,0.2890889107648926,0.19761857018702023,287.9337424999976
19,170,171,China,0.08,4410966615.176846,5396979649.321059,0.29446491329386937,0.18269719328444275,287.2873918999976
19,0,171,China,0.08,4492290849.740017,5396979649.321059,0.2998939123701579,0.16762872168599938,281.50547129999904
19,10,171,China,0.08,4531473304.154606,5396979649.321059,0.3025096333783683,0.16036865087592728,282.46259189999546
19,20,171,China,0.08,4540872628.164887,5396979649.321059,0.3031371083450084,0.15862706120521877,282.96356489999744
19,30,171,China,0.08,4540534792.026814,5396979649.321059,0.3031145552636128,0.15868965846517238,280.83145839998906
19,40,171,China,0.08,4535604093.489905,5396979649.321059,0.3027853943690022,0.1596032617872693,280.9798826000042
19,50,171,China,0.08,4525672985.15409,5396979649.321059,0.30212241883321916,0.1614433851490583,319.55770429999393
19,60,171,China,0.08,4497295967.542641,5396979649.321059,0.3002280413056851,0.16670132930584589,288.38155689999985
19,70,171,China,0.08,4478438122.803342,5396979649.321059,0.2989691395500108,0.17019547713752636,290.2067895999935
19,80,171,China,0.08,4473818804.529215,5396979649.321059,0.2986607656098437,0.17105138517762952,285.91385420000006
19,90,171,China,0.08,4444922008.035016,5396979649.321059,0.29673168896599483,0.17640563855115002,285.47754500000156
19,100,171,China,0.08,4395312206.717278,5396979649.321059,0.2934198647972761,0.18559778018243808,287.12029249999614
19,110,171,China,0.08,4360456739.585859,5396979649.321059,0.2910930024557304,0.1920561086172698,287.19312779999746
19,120,171,China,0.08,4310750895.122464,5396979649.321059,0.2877747666908638,0.2012660459698496,286.30606329999864
19,130,171,China,0.08,4320357429.650208,5396979649.321059,0.2884160745046736,0.1994860625065151,287.46632639999734
19,140,171,China,0.08,4345560364.806485,5396979649.321059,0.2900985583598017,0.19481624034784767,288.5498066
19,150,171,China,0.08,4333901934.822492,5396979649.321059,0.289320271223697,0.19697641710253677,287.2985652000061
19,160,171,China,0.08,4330436247.693786,5396979649.321059,0.2890889107648926,0.19761857018702023,287.11998669999593
19,170,171,China,0.08,4410966615.176846,5396979649.321059,0.29446491329386937,0.18269719328444275,286.846237500009
19,0,171,China,0.08,4492290849.740017,5396979649.321059,0.2998939123701579,0.16762872168599938,280.7642334999982
19,10,171,China,0.08,4531473304.154606,5396979649.321059,0.3025096333783683,0.16036865087592728,280.8416464000038
19,20,171,China,0.08,4540872628.164887,5396979649.321059,0.3031371083450084,0.15862706120521877,310.50355870000203
19,30,171,China,0.08,4540534792.026814,5396979649.321059,0.3031145552636128,0.15868965846517238,291.5198204999906
19,40,171,China,0.08,4535604093.489905,5396979649.321059,0.3027853943690022,0.1596032617872693,290.24670299999707
19,50,171,China,0.08,4525672985.15409,5396979649.321059,0.30212241883321916,0.1614433851490583,286.729267799994
19,60,171,China,0.08,4497295967.542641,5396979649.321059,0.3002280413056851,0.16670132930584589,285.82316400000127
19,70,171,China,0.08,4478438122.803342,5396979649.321059,0.2989691395500108,0.17019547713752636,286.8351502000005
19,80,171,China,0.08,4473818804.529215,5396979649.321059,0.2986607656098437,0.17105138517762952,287.4862704999978
19,90,171,China,0.08,4444922008.035016,5396979649.321059,0.29673168896599483,0.17640563855115002,285.34270380000817
19,100,171,China,0.08,4395312206.717278,5396979649.321059,0.2934198647972761,0.18559778018243808,286.9220611000055
19,110,171,China,0.08,4360456739.585859,5396979649.321059,0.2910930024557304,0.1920561086172698,287.73118879999674
19,120,171,China,0.08,4310750895.122464,5396979649.321059,0.2877747666908638,0.2012660459698496,288.8370161999919
19,130,171,China,0.08,4320357429.650208,5396979649.321059,0.2884160745046736,0.1994860625065151,287.59874919999857
19,140,171,China,0.08,4345560364.806485,5396979649.321059,0.2900985583598017,0.19481624034784767,287.8213012999913
19,150,171,China,0.08,4333901934.822492,5396979649.321059,0.289320271223697,0.19697641710253677,287.6456604999985
19,160,171,China,0.08,4330436247.693786,5396979649.321059,0.2890889107648926,0.19761857018702023,288.66445450000174
19,170,171,China,0.08,4410966615.176846,5396979649.321059,0.29446491329386937,0.18269719328444275,288.15299519999826
18,0,174,Germany,0.06,7510989254.153214,8587344108.643243,0.49276946243066805,0.12534199641617563,291.74750759999733
18,10,174,Germany,0.06,7516235594.973755,8587344108.643243,0.49311365631224446,0.12473105771916222,293.41742080000404
18,20,174,Germany,0.06,7512620691.603693,8587344108.643243,0.49287649527657673,0.1251520148072127,292.1590683999966
18,30,174,Germany,0.06,7516923038.3538,8587344108.643243,0.4931587570431034,0.12465100463507152,291.83913100000063
18,40,174,Germany,0.06,7524170499.708529,8587344108.643243,0.49363423737131484,0.12380703457133144,293.76397830000496
18,50,174,Germany,0.06,7528615763.676165,8587344108.643243,0.4939258754314389,0.12328938162632358,293.7359901000018
18,60,174,Germany,0.06,7531574547.901148,8587344108.643243,0.4941199908086094,0.12294482990141888,293.0103315000015
18,70,174,Germany,0.06,7533158145.598224,8587344108.643243,0.4942238850573547,0.12276041925278981,292.47367680000025
18,80,174,Germany,0.06,7528143947.062679,8587344108.643243,0.4938949212107463,0.12334432487856968,292.4253159999935
18,90,174,Germany,0.06,7541115456.441694,8587344108.643243,0.4947459361020374,0.1218337869037424,293.89917839999544
18,100,174,Germany,0.06,7535613332.836978,8587344108.643243,0.4943849612158832,0.12247451161852102,293.02032640000107
18,110,174,Germany,0.06,7524940041.915488,8587344108.643243,0.4936847243160846,0.12371742104272203,292.8655543000059
18,120,174,Germany,0.06,7520146029.512253,8587344108.643243,0.49337020610351734,0.12427568589650961,322.36340029998973
18,130,174,Germany,0.06,7514818807.946712,8587344108.643243,0.49302070592207997,0.12489604319186702,314.9190993999946
18,140,174,Germany,0.06,7519846879.051247,8587344108.643243,0.4933505798989166,0.12431052209932407,321.3796551999985
18,150,174,Germany,0.06,7515839630.6692705,8587344108.643243,0.49308767849349644,0.12477716793664911,328.8421682000044
18,160,174,Germany,0.06,7509842545.762466,8587344108.643243,0.49269423094541975,0.12547553111284557,320.7596402000054
18,170,174,Germany,0.06,7503295038.370214,8587344108.643243,0.49226467212317054,0.12623799122966584,314.5279525000078
18,0,174,Germany,0.06,7510989254.153214,8587344108.643243,0.49276946243066805,0.12534199641617563,293.4807495999994
18,10,174,Germany,0.06,7516235594.973755,8587344108.643243,0.49311365631224446,0.12473105771916222,294.44911450000654
18,20,174,Germany,0.06,7512620691.603693,8587344108.643243,0.49287649527657673,0.1251520148072127,293.07559940000647
18,30,174,Germany,0.06,7516923038.3538,8587344108.643243,0.4931587570431034,0.12465100463507152,294.482393600003
18,40,174,Germany,0.06,7524170499.708529,8587344108.643243,0.49363423737131484,0.12380703457133144,294.9367782999907
18,50,174,Germany,0.06,7528615763.676165,8587344108.643243,0.4939258754314389,0.12328938162632358,295.95676190000086
18,60,174,Germany,0.06,7531574547.901148,8587344108.643243,0.4941199908086094,0.12294482990141888,293.83227580001403
18,70,174,Germany,0.06,7533158145.598224,8587344108.643243,0.4942238850573547,0.12276041925278981,294.4162184000015
18,80,174,Germany,0.06,7528143947.062679,8587344108.643243,0.4938949212107463,0.12334432487856968,295.45243130000017
18,90,174,Germany,0.06,7541115456.441694,8587344108.643243,0.4947459361020374,0.1218337869037424,294.68690859999333
18,100,174,Germany,0.06,7535613332.836978,8587344108.643243,0.4943849612158832,0.12247451161852102,294.6973829000053
18,110,174,Germany,0.06,7524940041.915488,8587344108.643243,0.4936847243160846,0.12371742104272203,294.40663479999057
18,120,174,Germany,0.06,7520146029.512253,8587344108.643243,0.49337020610351734,0.12427568589650961,333.26748550000775
18,130,174,Germany,0.06,7514818807.946712,8587344108.643243,0.49302070592207997,0.12489604319186702,311.9455069000105
18,140,174,Germany,0.06,7519846879.051247,8587344108.643243,0.4933505798989166,0.12431052209932407,331.15876809999463
18,150,174,Germany,0.06,7515839630.6692705,8587344108.643243,0.49308767849349644,0.12477716793664911,331.6920054999937
18,160,174,Germany,0.06,7509842545.762466,8587344108.643243,0.49269423094541975,0.12547553111284557,320.0821106000076
18,170,174,Germany,0.06,7503295038.370214,8587344108.643243,0.49226467212317054,0.12623799122966584,316.67343589999655
18,0,174,Germany,0.06,7510989254.153214,8587344108.643243,0.49276946243066805,0.12534199641617563,293.7735095000098
18,10,174,Germany,0.06,7516235594.973755,8587344108.643243,0.49311365631224446,0.12473105771916222,293.82331310000154
18,20,174,Germany,0.06,7512620691.603693,8587344108.643243,0.49287649527657673,0.1251520148072127,292.85415990000183
18,30,174,Germany,0.06,7516923038.3538,8587344108.643243,0.4931587570431034,0.12465100463507152,292.35193979999167
18,40,174,Germany,0.06,7524170499.708529,8587344108.643243,0.49363423737131484,0.12380703457133144,291.83950619999086
18,50,174,Germany,0.06,7528615763.676165,8587344108.643243,0.4939258754314389,0.12328938162632358,293.8435615000053
18,60,174,Germany,0.06,7531574547.901148,8587344108.643243,0.4941199908086094,0.12294482990141888,292.21704310001223
18,70,174,Germany,0.06,7533158145.598224,8587344108.643243,0.4942238850573547,0.12276041925278981,292.64621970000735
18,80,174,Germany,0.06,7528143947.062679,8587344108.643243,0.4938949212107463,0.12334432487856968,299.4757285000087
18,90,174,Germany,0.06,7541115456.441694,8587344108.643243,0.4947459361020374,0.1218337869037424,333.51813919999404
18,100,174,Germany,0.06,7535613332.836978,8587344108.643243,0.4943849612158832,0.12247451161852102,310.8060753000027
18,110,174,Germany,0.06,7524940041.915488,8587344108.643243,0.4936847243160846,0.12371742104272203,334.0710867999878
18,120,174,Germany,0.06,7520146029.512253,8587344108.643243,0.49337020610351734,0.12427568589650961,321.2246490999969
18,130,174,Germany,0.06,7514818807.946712,8587344108.643243,0.49302070592207997,0.12489604319186702,315.26064690000203
18,140,174,Germany,0.06,7519846879.051247,8587344108.643243,0.4933505798989166,0.12431052209932407,311.49665320001077
18,150,174,Germany,0.06,7515839630.6692705,8587344108.643243,0.49308767849349644,0.12477716793664911,316.49655700000585
18,160,174,Germany,0.06,7509842545.762466,8587344108.643243,0.49269423094541975,0.12547553111284557,315.94402949999494
18,170,174,Germany,0.06,7503295038.370214,8587344108.643243,0.49226467212317054,0.12623799122966584,306.3875579000014
18,0,174,Germany,0.06,7510989254.153214,8587344108.643243,0.49276946243066805,0.12534199641617563,294.14602220000234
18,10,174,Germany,0.06,7516235594.973755,8587344108.643243,0.49311365631224446,0.12473105771916222,294.46922529999574
18,20,174,Germany,0.06,7512620691.603693,8587344108.643243,0.49287649527657673,0.1251520148072127,293.3896926000016
18,30,174,Germany,0.06,7516923038.3538,8587344108.643243,0.4931587570431034,0.12465100463507152,293.34808329999214
18,40,174,Germany,0.06,7524170499.708529,8587344108.643243,0.49363423737131484,0.12380703457133144,292.6346416000015
18,50,174,Germany,0.06,7528615763.676165,8587344108.643243,0.4939258754314389,0.12328938162632358,294.34246869999333
18,60,174,Germany,0.06,7531574547.901148,8587344108.643243,0.4941199908086094,0.12294482990141888,293.25616920000175
18,70,174,Germany,0.06,7533158145.598224,8587344108.643243,0.4942238850573547,0.12276041925278981,292.9068476000102
18,80,174,Germany,0.06,7528143947.062679,8587344108.643243,0.4938949212107463,0.12334432487856968,299.4563521000091
18,90,174,Germany,0.06,7541115456.441694,8587344108.643243,0.4947459361020374,0.1218337869037424,334.1687027000007
18,100,174,Germany,0.06,7535613332.836978,8587344108.643243,0.4943849612158832,0.12247451161852102,311.19172059999255
18,110,174,Germany,0.06,7524940041.915488,8587344108.643243,0.4936847243160846,0.12371742104272203,334.2226575999957
18,120,174,Germany,0.06,7520146029.512253,8587344108.643243,0.49337020610351734,0.12427568589650961,321.74448969999503
18,130,174,Germany,0.06,7514818807.946712,8587344108.643243,0.49302070592207997,0.12489604319186702,316.186976699988
18,140,174,Germany,0.06,7519846879.051247,8587344108.643243,0.4933505798989166,0.12431052209932407,312.05315930000506
18,150,174,Germany,0.06,7515839630.6692705,8587344108.643243,0.49308767849349644,0.12477716793664911,316.93476589999045
18,160,174,Germany,0.06,7509842545.762466,8587344108.643243,0.49269423094541975,0.12547553111284557,317.14184430000023
18,170,174,Germany,0.06,7503295038.370214,8587344108.643243,0.49226467212317054,0.12623799122966584,307.1230688000069
18,0,174,Germany,0.06,7510989254.153214,8587344108.643243,0.49276946243066805,0.12534199641617563,294.34128949999285
18,10,174,Germany,0.06,7516235594.973755,8587344108.643243,0.49311365631224446,0.12473105771916222,293.06260360000306
18,20,174,Germany,0.06,7512620691.603693,8587344108.643243,0.49287649527657673,0.1251520148072127,292.3588424999907
18,30,174,Germany,0.06,7516923038.3538,8587344108.643243,0.4931587570431034,0.12465100463507152,293.086716100006
18,40,174,Germany,0.06,7524170499.708529,8587344108.643243,0.49363423737131484,0.12380703457133144,293.78789760000654
18,50,174,Germany,0.06,7528615763.676165,8587344108.643243,0.4939258754314389,0.12328938162632358,292.7308686000033
18,60,174,Germany,0.06,7531574547.901148,8587344108.643243,0.4941199908086094,0.12294482990141888,293.07521400001133
18,70,174,Germany,0.06,7533158145.598224,8587344108.643243,0.4942238850573547,0.12276041925278981,321.6839590000018
18,80,174,Germany,0.06,7528143947.062679,8587344108.643243,0.4938949212107463,0.12334432487856968,314.7672440000024
18,90,174,Germany,0.06,7541115456.441694,8587344108.643243,0.4947459361020374,0.1218337869037424,321.57954060001066
18,100,174,Germany,0.06,7535613332.836978,8587344108.643243,0.4943849612158832,0.12247451161852102,329.13941840000916
18,110,174,Germany,0.06,7524940041.915488,8587344108.643243,0.4936847243160846,0.12371742104272203,321.0304355999979
18,120,174,Germany,0.06,7520146029.512253,8587344108.643243,0.49337020610351734,0.12427568589650961,314.3007961999974
18,130,174,Germany,0.06,7514818807.946712,8587344108.643243,0.49302070592207997,0.12489604319186702,312.27889070000674
18,140,174,Germany,0.06,7519846879.051247,8587344108.643243,0.4933505798989166,0.12431052209932407,319.12793230000534
18,150,174,Germany,0.06,7515839630.6692705,8587344108.643243,0.49308767849349644,0.12477716793664911,315.70839729999716
18,160,174,Germany,0.06,7509842545.762466,8587344108.643243,0.49269423094541975,0.12547553111284557,306.9217592000059
18,170,174,Germany,0.06,7503295038.370214,8587344108.643243,0.49226467212317054,0.12623799122966584,314.7238597999967
18,0,174,Germany,0.06,7510989254.153214,8587344108.643243,0.49276946243066805,0.12534199641617563,294.278384300007
18,10,174,Germany,0.06,7516235594.973755,8587344108.643243,0.49311365631224446,0.12473105771916222,292.8994915999938
18,20,174,Germany,0.06,7512620691.603693,8587344108.643243,0.49287649527657673,0.1251520148072127,292.893613799999
18,30,174,Germany,0.06,7516923038.3538,8587344108.643243,0.4931587570431034,0.12465100463507152,293.56057259999216
18,40,174,Germany,0.06,7524170499.708529,8587344108.643243,0.49363423737131484,0.12380703457133144,293.7158663000009
18,50,174,Germany,0.06,7528615763.676165,8587344108.643243,0.4939258754314389,0.12328938162632358,292.9259114999877
18,60,174,Germany,0.06,7531574547.901148,8587344108.643243,0.4941199908086094,0.12294482990141888,293.398612200006
18,70,174,Germany,0.06,7533158145.598224,8587344108.643243,0.4942238850573547,0.12276041925278981,323.63661370000045
18,80,174,Germany,0.06,7528143947.062679,8587344108.643243,0.4938949212107463,0.12334432487856968,314.25640640000347
18,90,174,Germany,0.06,7541115456.441694,8587344108.643243,0.4947459361020374,0.1218337869037424,322.5667444999999
18,100,174,Germany,0.06,7535613332.836978,8587344108.643243,0.4943849612158832,0.12247451161852102,330.0265820000059
18,110,174,Germany,0.06,7524940041.915488,8587344108.643243,0.4936847243160846,0.12371742104272203,320.1103899000009
18,120,174,Germany,0.06,7520146029.512253,8587344108.643243,0.49337020610351734,0.12427568589650961,314.3180708
18,130,174,Germany,0.06,7514818807.946712,8587344108.643243,0.49302070592207997,0.12489604319186702,313.63742400000046
18,140,174,Germany,0.06,7519846879.051247,8587344108.643243,0.4933505798989166,0.12431052209932407,318.83465059999435
18,150,174,Germany,0.06,7515839630.6692705,8587344108.643243,0.49308767849349644,0.12477716793664911,313.7136353000096
18,160,174,Germany,0.06,7509842545.762466,8587344108.643243,0.49269423094541975,0.12547553111284557,308.14965789999405
18,170,174,Germany,0.06,7503295038.370214,8587344108.643243,0.49226467212317054,0.12623799122966584,315.73598640000273
18,0,174,Germany,0.06,7510989254.153214,8587344108.643243,0.49276946243066805,0.12534199641617563,292.78708259999985
18,10,174,Germany,0.06,7516235594.973755,8587344108.643243,0.49311365631224446,0.12473105771916222,292.68194880000374
18,20,174,Germany,0.06,7512620691.603693,8587344108.643243,0.49287649527657673,0.1251520148072127,294.4819265999977
18,30,174,Germany,0.06,7516923038.3538,8587344108.643243,0.4931587570431034,0.12465100463507152,292.8405141999974
18,40,174,Germany,0.06,7524170499.708529,8587344108.643243,0.49363423737131484,0.12380703457133144,292.77799820000655
18,50,174,Germany,0.06,7528615763.676165,8587344108.643243,0.4939258754314389,0.12328938162632358,293.2857439000072
18,60,174,Germany,0.06,7531574547.901148,8587344108.643243,0.4941199908086094,0.12294482990141888,333.18277089999174
18,70,174,Germany,0.06,7533158145.598224,8587344108.643243,0.4942238850573547,0.12276041925278981,309.7402226999984
18,80,174,Germany,0.06,7528143947.062679,8587344108.643243,0.4938949212107463,0.12334432487856968,330.26472289999947
18,90,174,Germany,0.06,7541115456.441694,8587344108.643243,0.4947459361020374,0.1218337869037424,328.7064897000091
18,100,174,Germany,0.06,7535613332.836978,8587344108.643243,0.4943849612158832,0.12247451161852102,316.8887625000061
18,110,174,Germany,0.06,7524940041.915488,8587344108.643243,0.4936847243160846,0.12371742104272203,315.2144438999967
18,120,174,Germany,0.06,7520146029.512253,8587344108.643243,0.49337020610351734,0.12427568589650961,312.87824679999903
18,130,174,Germany,0.06,7514818807.946712,8587344108.643243,0.49302070592207997,0.12489604319186702,318.47390550001
18,140,174,Germany,0.06,7519846879.051247,8587344108.643243,0.4933505798989166,0.12431052209932407,311.4370442000072
18,150,174,Germany,0.06,7515839630.6692705,8587344108.643243,0.49308767849349644,0.12477716793664911,309.5493179000041
18,160,174,Germany,0.06,7509842545.762466,8587344108.643243,0.49269423094541975,0.12547553111284557,314.94895639999595
18,170,174,Germany,0.06,7503295038.370214,8587344108.643243,0.49226467212317054,0.12623799122966584,310.3572959000012
18,0,174,Germany,0.06,7510989254.153214,8587344108.643243,0.49276946243066805,0.12534199641617563,295.1095670000068
18,10,174,Germany,0.06,7516235594.973755,8587344108.643243,0.49311365631224446,0.12473105771916222,293.0797834999976
18,20,174,Germany,0.06,7512620691.603693,8587344108.643243,0.49287649527657673,0.1251520148072127,293.18892430000415
18,30,174,Germany,0.06,7516923038.3538,8587344108.643243,0.4931587570431034,0.12465100463507152,293.76749779999955
18,40,174,Germany,0.06,7524170499.708529,8587344108.643243,0.49363423737131484,0.12380703457133144,335.0403146000026
18,50,174,Germany,0.06,7528615763.676165,8587344108.643243,0.4939258754314389,0.12328938162632358,311.2445677999931
18,60,174,Germany,0.06,7531574547.901148,8587344108.643243,0.4941199908086094,0.12294482990141888,330.2674945000035
18,70,174,Germany,0.06,7533158145.598224,8587344108.643243,0.4942238850573547,0.12276041925278981,329.30641019999166
18,80,174,Germany,0.06,7528143947.062679,8587344108.643243,0.4938949212107463,0.12334432487856968,317.5385335000028
18,90,174,Germany,0.06,7541115456.441694,8587344108.643243,0.4947459361020374,0.1218337869037424,316.0831685000012
18,100,174,Germany,0.06,7535613332.836978,8587344108.643243,0.4943849612158832,0.12247451161852102,314.3903912999958
18,110,174,Germany,0.06,7524940041.915488,8587344108.643243,0.4936847243160846,0.12371742104272203,319.1527930000011
18,120,174,Germany,0.06,7520146029.512253,8587344108.643243,0.49337020610351734,0.12427568589650961,311.688499699987
18,130,174,Germany,0.06,7514818807.946712,8587344108.643243,0.49302070592207997,0.12489604319186702,309.93370819999836
18,140,174,Germany,0.06,7519846879.051247,8587344108.643243,0.4933505798989166,0.12431052209932407,314.68728489999194
18,150,174,Germany,0.06,7515839630.6692705,8587344108.643243,0.49308767849349644,0.12477716793664911,312.0385219000018
18,160,174,Germany,0.06,7509842545.762466,8587344108.643243,0.49269423094541975,0.12547553111284557,313.6970372000069
18,170,174,Germany,0.06,7503295038.370214,8587344108.643243,0.49226467212317054,0.12623799122966584,309.6961764000007
18,0,174,Germany,0.06,7510989254.153214,8587344108.643243,0.49276946243066805,0.12534199641617563,294.09123000000545
18,10,174,Germany,0.06,7516235594.973755,8587344108.643243,0.49311365631224446,0.12473105771916222,324.07235489999584
18,20,174,Germany,0.06,7512620691.603693,8587344108.643243,0.49287649527657673,0.1251520148072127,315.63263789999473
18,30,174,Germany,0.06,7516923038.3538,8587344108.643243,0.4931587570431034,0.12465100463507152,323.3415915000078
18,40,174,Germany,0.06,7524170499.708529,8587344108.643243,0.49363423737131484,0.12380703457133144,330.55423639999935
18,50,174,Germany,0.06,7528615763.676165,8587344108.643243,0.4939258754314389,0.12328938162632358,321.8624945000047
18,60,174,Germany,0.06,7531574547.901148,8587344108.643243,0.4941199908086094,0.12294482990141888,315.84408099998836
18,70,174,Germany,0.06,7533158145.598224,8587344108.643243,0.4942238850573547,0.12276041925278981,315.2487043000001
18,80,174,Germany,0.06,7528143947.062679,8587344108.643243,0.4938949212107463,0.12334432487856968,320.44673340000736
18,90,174,Germany,0.06,7541115456.441694,8587344108.643243,0.4947459361020374,0.1218337869037424,314.7490887000022
18,100,174,Germany,0.06,7535613332.836978,8587344108.643243,0.4943849612158832,0.12247451161852102,309.3105815000017
18,110,174,Germany,0.06,7524940041.915488,8587344108.643243,0.4936847243160846,0.12371742104272203,316.4216144999955
18,120,174,Germany,0.06,7520146029.512253,8587344108.643243,0.49337020610351734,0.12427568589650961,312.045560700004
18,130,174,Germany,0.06,7514818807.946712,8587344108.643243,0.49302070592207997,0.12489604319186702,313.2013358999975
18,140,174,Germany,0.06,7519846879.051247,8587344108.643243,0.4933505798989166,0.12431052209932407,309.9789746999886
18,150,174,Germany,0.06,7515839630.6692705,8587344108.643243,0.49308767849349644,0.12477716793664911,310.31051070000103
18,160,174,Germany,0.06,7509842545.762466,8587344108.643243,0.49269423094541975,0.12547553111284557,317.85060219999286
18,170,174,Germany,0.06,7503295038.370214,8587344108.643243,0.49226467212317054,0.12623799122966584,307.4770767000009
17,0,175,United Kingdom,0.06,5960043367.438932,7387142616.077316,0.3887829985283061,0.19318690904010122,315.18080380000174
17,10,175,United Kingdom,0.06,5981411924.41512,7387142616.077316,0.3901769030929628,0.19029424023881378,320.0391658000008
17,20,175,United Kingdom,0.06,6020458590.64405,7387142616.077316,0.3927239785155936,0.18500847979553378,315.8262221999903
17,30,175,United Kingdom,0.06,6008705819.689373,7387142616.077316,0.39195732678991346,0.18659945638357175,309.29408589999366
17,40,175,United Kingdom,0.06,6017542623.43036,7387142616.077316,0.39253376539010826,0.1854032152656929,316.71704509999836
17,50,175,United Kingdom,0.06,5997667528.099496,7387142616.077316,0.3912372816764185,0.1880937136578057,313.2223363999947
17,60,175,United Kingdom,0.06,5955844039.137761,7387142616.077316,0.3885090697415369,0.1937553735357009,313.9718714000046
17,70,175,United Kingdom,0.06,5953988547.442029,7387142616.077316,0.3883880331012413,0.1940065520755187,312.9190674999991
17,80,175,United Kingdom,0.06,5920882603.760241,7387142616.077316,0.3862284803496569,0.19848811489383184,310.1698319999996
17,90,175,United Kingdom,0.06,5850254416.482676,7387142616.077316,0.381621292660318,0.20804907654683286,317.8776065000129
17,100,175,United Kingdom,0.06,5834521724.889294,7387142616.077316,0.38059502445461796,0.21017881634082863,307.9814073000016
17,110,175,United Kingdom,0.06,5853345230.652848,7387142616.077316,0.3818229113276483,0.20763067198490578,399.9629533999978
17,120,175,United Kingdom,0.06,5885436648.373313,7387142616.077316,0.38391628495585867,0.20328644588987668,561.5544305000076
17,130,175,United Kingdom,0.06,5914566542.8295965,7387142616.077316,0.3858164737657923,0.1993431222030041,529.3837024000095
17,140,175,United Kingdom,0.06,5931878387.588808,7387142616.077316,0.386945752615056,0.19699961190965545,338.79684000001
17,150,175,United Kingdom,0.06,5919544225.188599,7387142616.077316,0.38614117581138935,0.19866929165475275,288.50589710001077
17,160,175,United Kingdom,0.06,5951330229.548232,7387142616.077316,0.38821462684593816,0.19436640946990708,280.2049299999926
17,170,175,United Kingdom,0.06,5956681611.135249,7387142616.077316,0.388563705879664,0.19364199113048441,276.14396800000395
17,0,175,United Kingdom,0.06,5960043367.438932,7387142616.077316,0.3887829985283061,0.19318690904010122,316.91839350000373
17,10,175,United Kingdom,0.06,5981411924.41512,7387142616.077316,0.3901769030929628,0.19029424023881378,323.78050059999805
17,20,175,United Kingdom,0.06,6020458590.64405,7387142616.077316,0.3927239785155936,0.18500847979553378,316.90263720000803
17,30,175,United Kingdom,0.06,6008705819.689373,7387142616.077316,0.39195732678991346,0.18659945638357175,313.4611566000094
17,40,175,United Kingdom,0.06,6017542623.43036,7387142616.077316,0.39253376539010826,0.1854032152656929,319.35558709999896
17,50,175,United Kingdom,0.06,5997667528.099496,7387142616.077316,0.3912372816764185,0.1880937136578057,315.2583200000081
17,60,175,United Kingdom,0.06,5955844039.137761,7387142616.077316,0.3885090697415369,0.1937553735357009,317.97071049999795
17,70,175,United Kingdom,0.06,5953988547.442029,7387142616.077316,0.3883880331012413,0.1940065520755187,313.73806439999316
17,80,175,United Kingdom,0.06,5920882603.760241,7387142616.077316,0.3862284803496569,0.19848811489383184,312.5000244999974
17,90,175,United Kingdom,0.06,5850254416.482676,7387142616.077316,0.381621292660318,0.20804907654683286,324.43044080000254
17,100,175,United Kingdom,0.06,5834521724.889294,7387142616.077316,0.38059502445461796,0.21017881634082863,302.9998530999874
17,110,175,United Kingdom,0.06,5853345230.652848,7387142616.077316,0.3818229113276483,0.20763067198490578,497.3251090999984
17,120,175,United Kingdom,0.06,5885436648.373313,7387142616.077316,0.38391628495585867,0.20328644588987668,604.3514340999973
17,130,175,United Kingdom,0.06,5914566542.8295965,7387142616.077316,0.3858164737657923,0.1993431222030041,457.4774922999932
17,140,175,United Kingdom,0.06,5931878387.588808,7387142616.077316,0.386945752615056,0.19699961190965545,281.01434049999807
17,150,175,United Kingdom,0.06,5919544225.188599,7387142616.077316,0.38614117581138935,0.19866929165475275,286.3835579000006
17,160,175,United Kingdom,0.06,5951330229.548232,7387142616.077316,0.38821462684593816,0.19436640946990708,276.6734293999907
17,170,175,United Kingdom,0.06,5956681611.135249,7387142616.077316,0.388563705879664,0.19364199113048441,273.7889475999982
17,0,175,United Kingdom,0.06,5960043367.438932,7387142616.077316,0.3887829985283061,0.19318690904010122,315.84526010000263
17,10,175,United Kingdom,0.06,5981411924.41512,7387142616.077316,0.3901769030929628,0.19029424023881378,313.4221334000031
17,20,175,United Kingdom,0.06,6020458590.64405,7387142616.077316,0.3927239785155936,0.18500847979553378,313.99659429999883
17,30,175,United Kingdom,0.06,6008705819.689373,7387142616.077316,0.39195732678991346,0.18659945638357175,313.8375013999903
17,40,175,United Kingdom,0.06,6017542623.43036,7387142616.077316,0.39253376539010826,0.1854032152656929,310.09113820000493
17,50,175,United Kingdom,0.06,5997667528.099496,7387142616.077316,0.3912372816764185,0.1880937136578057,314.92224479999277
17,60,175,United Kingdom,0.06,5955844039.137761,7387142616.077316,0.3885090697415369,0.1937553735357009,315.06759859999875
17,70,175,United Kingdom,0.06,5953988547.442029,7387142616.077316,0.3883880331012413,0.1940065520755187,318.1821120999957
17,80,175,United Kingdom,0.06,5920882603.760241,7387142616.077316,0.3862284803496569,0.19848811489383184,542.0576499000017
17,90,175,United Kingdom,0.06,5850254416.482676,7387142616.077316,0.381621292660318,0.20804907654683286,587.097695000004
17,100,175,United Kingdom,0.06,5834521724.889294,7387142616.077316,0.38059502445461796,0.21017881634082863,401.8633097999991
17,110,175,United Kingdom,0.06,5853345230.652848,7387142616.077316,0.3818229113276483,0.20763067198490578,278.7625654000003
17,120,175,United Kingdom,0.06,5885436648.373313,7387142616.077316,0.38391628495585867,0.20328644588987668,283.7984310999891
17,130,175,United Kingdom,0.06,5914566542.8295965,7387142616.077316,0.3858164737657923,0.1993431222030041,278.40601399999287
17,140,175,United Kingdom,0.06,5931878387.588808,7387142616.077316,0.386945752615056,0.19699961190965545,266.68500559999666
17,150,175,United Kingdom,0.06,5919544225.188599,7387142616.077316,0.38614117581138935,0.19866929165475275,280.57598609999695
17,160,175,United Kingdom,0.06,5951330229.548232,7387142616.077316,0.38821462684593816,0.19436640946990708,261.3698360999988
17,170,175,United Kingdom,0.06,5956681611.135249,7387142616.077316,0.388563705879664,0.19364199113048441,260.8326325000089
17,0,175,United Kingdom,0.06,5960043367.438932,7387142616.077316,0.3887829985283061,0.19318690904010122,316.4440881000046
17,10,175,United Kingdom,0.06,5981411924.41512,7387142616.077316,0.3901769030929628,0.19029424023881378,313.34623430001375
17,20,175,United Kingdom,0.06,6020458590.64405,7387142616.077316,0.3927239785155936,0.18500847979553378,314.2241221000004
17,30,175,United Kingdom,0.06,6008705819.689373,7387142616.077316,0.39195732678991346,0.18659945638357175,314.4164604999969
17,40,175,United Kingdom,0.06,6017542623.43036,7387142616.077316,0.39253376539010826,0.1854032152656929,310.31276760000037
17,50,175,United Kingdom,0.06,5997667528.099496,7387142616.077316,0.3912372816764185,0.1880937136578057,316.0574311000091
17,60,175,United Kingdom,0.06,5955844039.137761,7387142616.077316,0.3885090697415369,0.1937553735357009,314.8820538
17,70,175,United Kingdom,0.06,5953988547.442029,7387142616.077316,0.3883880331012413,0.1940065520755187,319.98363669999526
17,80,175,United Kingdom,0.06,5920882603.760241,7387142616.077316,0.3862284803496569,0.19848811489383184,551.8273883000074
17,90,175,United Kingdom,0.06,5850254416.482676,7387142616.077316,0.381621292660318,0.20804907654683286,581.0625178000046
17,100,175,United Kingdom,0.06,5834521724.889294,7387142616.077316,0.38059502445461796,0.21017881634082863,400.56438720000733
17,110,175,United Kingdom,0.06,5853345230.652848,7387142616.077316,0.3818229113276483,0.20763067198490578,281.7612128999899
17,120,175,United Kingdom,0.06,5885436648.373313,7387142616.077316,0.38391628495585867,0.20328644588987668,284.87117630000284
17,130,175,United Kingdom,0.06,5914566542.8295965,7387142616.077316,0.3858164737657923,0.1993431222030041,278.0031505000079
17,140,175,United Kingdom,0.06,5931878387.588808,7387142616.077316,0.386945752615056,0.19699961190965545,267.54931059999217
17,150,175,United Kingdom,0.06,5919544225.188599,7387142616.077316,0.38614117581138935,0.19866929165475275,282.29550290000043
17,160,175,United Kingdom,0.06,5951330229.548232,7387142616.077316,0.38821462684593816,0.19436640946990708,260.07585839999956
17,170,175,United Kingdom,0.06,5956681611.135249,7387142616.077316,0.388563705879664,0.19364199113048441,264.2886137000023
17,0,175,United Kingdom,0.06,5960043367.438932,7387142616.077316,0.3887829985283061,0.19318690904010122,312.5981434999994
17,10,175,United Kingdom,0.06,5981411924.41512,7387142616.077316,0.3901769030929628,0.19029424023881378,315.10914239998965
17,20,175,United Kingdom,0.06,6020458590.64405,7387142616.077316,0.3927239785155936,0.18500847979553378,312.4806258000026
17,30,175,United Kingdom,0.06,6008705819.689373,7387142616.077316,0.39195732678991346,0.18659945638357175,311.00680580000335
17,40,175,United Kingdom,0.06,6017542623.43036,7387142616.077316,0.39253376539010826,0.1854032152656929,318.29845170000044
17,50,175,United Kingdom,0.06,5997667528.099496,7387142616.077316,0.3912372816764185,0.1880937136578057,309.68866980000166
17,60,175,United Kingdom,0.06,5955844039.137761,7387142616.077316,0.3885090697415369,0.1937553735357009,396.04215269999986
17,70,175,United Kingdom,0.06,5953988547.442029,7387142616.077316,0.3883880331012413,0.1940065520755187,564.1034421000077
17,80,175,United Kingdom,0.06,5920882603.760241,7387142616.077316,0.3862284803496569,0.19848811489383184,535.1311841999996
17,90,175,United Kingdom,0.06,5850254416.482676,7387142616.077316,0.381621292660318,0.20804907654683286,340.93179239999154
17,100,175,United Kingdom,0.06,5834521724.889294,7387142616.077316,0.38059502445461796,0.21017881634082863,289.1882509999996
17,110,175,United Kingdom,0.06,5853345230.652848,7387142616.077316,0.3818229113276483,0.20763067198490578,280.913055099998
17,120,175,United Kingdom,0.06,5885436648.373313,7387142616.077316,0.38391628495585867,0.20328644588987668,276.6130945000041
17,130,175,United Kingdom,0.06,5914566542.8295965,7387142616.077316,0.3858164737657923,0.1993431222030041,269.70830739999656
17,140,175,United Kingdom,0.06,5931878387.588808,7387142616.077316,0.386945752615056,0.19699961190965545,281.66190360000473
17,150,175,United Kingdom,0.06,5919544225.188599,7387142616.077316,0.38614117581138935,0.19866929165475275,250.40069710000535
17,160,175,United Kingdom,0.06,5951330229.548232,7387142616.077316,0.38821462684593816,0.19436640946990708,267.36401239999395
17,170,175,United Kingdom,0.06,5956681611.135249,7387142616.077316,0.388563705879664,0.19364199113048441,258.324028499992
17,0,175,United Kingdom,0.06,5960043367.438932,7387142616.077316,0.3887829985283061,0.19318690904010122,313.44896969999536
17,10,175,United Kingdom,0.06,5981411924.41512,7387142616.077316,0.3901769030929628,0.19029424023881378,314.69767959999444
17,20,175,United Kingdom,0.06,6020458590.64405,7387142616.077316,0.3927239785155936,0.18500847979553378,311.9215559000004
17,30,175,United Kingdom,0.06,6008705819.689373,7387142616.077316,0.39195732678991346,0.18659945638357175,310.9126031000051
17,40,175,United Kingdom,0.06,6017542623.43036,7387142616.077316,0.39253376539010826,0.1854032152656929,319.2070862999972
17,50,175,United Kingdom,0.06,5997667528.099496,7387142616.077316,0.3912372816764185,0.1880937136578057,308.5672731000086
17,60,175,United Kingdom,0.06,5955844039.137761,7387142616.077316,0.3885090697415369,0.1937553735357009,410.69449959999474
17,70,175,United Kingdom,0.06,5953988547.442029,7387142616.077316,0.3883880331012413,0.1940065520755187,567.7473925999948
17,80,175,United Kingdom,0.06,5920882603.760241,7387142616.077316,0.3862284803496569,0.19848811489383184,532.6988880999997
17,90,175,United Kingdom,0.06,5850254416.482676,7387142616.077316,0.381621292660318,0.20804907654683286,326.4808670999919
17,100,175,United Kingdom,0.06,5834521724.889294,7387142616.077316,0.38059502445461796,0.21017881634082863,291.3289233999967
17,110,175,United Kingdom,0.06,5853345230.652848,7387142616.077316,0.3818229113276483,0.20763067198490578,280.6691654999886
17,120,175,United Kingdom,0.06,5885436648.373313,7387142616.077316,0.38391628495585867,0.20328644588987668,274.1308921000018
17,130,175,United Kingdom,0.06,5914566542.8295965,7387142616.077316,0.3858164737657923,0.1993431222030041,274.317495299998
17,140,175,United Kingdom,0.06,5931878387.588808,7387142616.077316,0.386945752615056,0.19699961190965545,280.06715869999607
17,150,175,United Kingdom,0.06,5919544225.188599,7387142616.077316,0.38614117581138935,0.19866929165475275,253.3840627000027
17,160,175,United Kingdom,0.06,5951330229.548232,7387142616.077316,0.38821462684593816,0.19436640946990708,267.21226770000067
17,170,175,United Kingdom,0.06,5956681611.135249,7387142616.077316,0.388563705879664,0.19364199113048441,255.87597550000646
17,0,175,United Kingdom,0.06,5960043367.438932,7387142616.077316,0.3887829985283061,0.19318690904010122,316.79475380000076
17,10,175,United Kingdom,0.06,5981411924.41512,7387142616.077316,0.3901769030929628,0.19029424023881378,311.34389859999646
17,20,175,United Kingdom,0.06,6020458590.64405,7387142616.077316,0.3927239785155936,0.18500847979553378,309.5704998000001
17,30,175,United Kingdom,0.06,6008705819.689373,7387142616.077316,0.39195732678991346,0.18659945638357175,323.65105060000496
17,40,175,United Kingdom,0.06,6017542623.43036,7387142616.077316,0.39253376539010826,0.1854032152656929,301.5220185000071
17,50,175,United Kingdom,0.06,5997667528.099496,7387142616.077316,0.3912372816764185,0.1880937136578057,488.9722924999951
17,60,175,United Kingdom,0.06,5955844039.137761,7387142616.077316,0.3885090697415369,0.1937553735357009,471.8881126000051
17,70,175,United Kingdom,0.06,5953988547.442029,7387142616.077316,0.3883880331012413,0.1940065520755187,419.64311639999505
17,80,175,United Kingdom,0.06,5920882603.760241,7387142616.077316,0.3862284803496569,0.19848811489383184,309.8108146000013
17,90,175,United Kingdom,0.06,5850254416.482676,7387142616.077316,0.381621292660318,0.20804907654683286,289.57072499999776
17,100,175,United Kingdom,0.06,5834521724.889294,7387142616.077316,0.38059502445461796,0.21017881634082863,282.6801257000043
17,110,175,United Kingdom,0.06,5853345230.652848,7387142616.077316,0.3818229113276483,0.20763067198490578,279.9580539000017
17,120,175,United Kingdom,0.06,5885436648.373313,7387142616.077316,0.38391628495585867,0.20328644588987668,267.3636928000051
17,130,175,United Kingdom,0.06,5914566542.8295965,7387142616.077316,0.3858164737657923,0.1993431222030041,283.7277571000013
17,140,175,United Kingdom,0.06,5931878387.588808,7387142616.077316,0.386945752615056,0.19699961190965545,253.97153140000592
17,150,175,United Kingdom,0.06,5919544225.188599,7387142616.077316,0.38614117581138935,0.19866929165475275,266.6609119999921
17,160,175,United Kingdom,0.06,5951330229.548232,7387142616.077316,0.38821462684593816,0.19436640946990708,259.4976255000074
17,170,175,United Kingdom,0.06,5956681611.135249,7387142616.077316,0.388563705879664,0.19364199113048441,240.1388719999959
17,0,175,United Kingdom,0.06,5960043367.438932,7387142616.077316,0.3887829985283061,0.19318690904010122,310.8488304999919
17,10,175,United Kingdom,0.06,5981411924.41512,7387142616.077316,0.3901769030929628,0.19029424023881378,324.2662485000037
17,20,175,United Kingdom,0.06,6020458590.64405,7387142616.077316,0.3927239785155936,0.18500847979553378,302.2864819999959
17,30,175,United Kingdom,0.06,6008705819.689373,7387142616.077316,0.39195732678991346,0.18659945638357175,495.56415489999927
17,40,175,United Kingdom,0.06,6017542623.43036,7387142616.077316,0.39253376539010826,0.1854032152656929,599.1898363999935
17,50,175,United Kingdom,0.06,5997667528.099496,7387142616.077316,0.3912372816764185,0.1880937136578057,461.2650419999991
17,60,175,United Kingdom,0.06,5955844039.137761,7387142616.077316,0.3885090697415369,0.1937553735357009,283.30174279998755
17,70,175,United Kingdom,0.06,5953988547.442029,7387142616.077316,0.3883880331012413,0.1940065520755187,286.534413699992
17,80,175,United Kingdom,0.06,5920882603.760241,7387142616.077316,0.3862284803496569,0.19848811489383184,278.2450624000048
17,90,175,United Kingdom,0.06,5850254416.482676,7387142616.077316,0.381621292660318,0.20804907654683286,272.4523785000056
17,100,175,United Kingdom,0.06,5834521724.889294,7387142616.077316,0.38059502445461796,0.21017881634082863,281.2635709000024
17,110,175,United Kingdom,0.06,5853345230.652848,7387142616.077316,0.3818229113276483,0.20763067198490578,272.1832194000017
17,120,175,United Kingdom,0.06,5885436648.373313,7387142616.077316,0.38391628495585867,0.20328644588987668,256.4550001000025
17,130,175,United Kingdom,0.06,5914566542.8295965,7387142616.077316,0.3858164737657923,0.1993431222030041,268.1092580000113
17,140,175,United Kingdom,0.06,5931878387.588808,7387142616.077316,0.386945752615056,0.19699961190965545,243.7150207000086
17,150,175,United Kingdom,0.06,5919544225.188599,7387142616.077316,0.38614117581138935,0.19866929165475275,270.1059735000017
17,160,175,United Kingdom,0.06,5951330229.548232,7387142616.077316,0.38821462684593816,0.19436640946990708,295.2413391000009
17,170,175,United Kingdom,0.06,5956681611.135249,7387142616.077316,0.388563705879664,0.19364199113048441,250.3092919000046
17,0,175,United Kingdom,0.06,5960043367.438932,7387142616.077316,0.3887829985283061,0.19318690904010122,405.08632060000673
17,10,175,United Kingdom,0.06,5981411924.41512,7387142616.077316,0.3901769030929628,0.19029424023881378,567.5178637000063
17,20,175,United Kingdom,0.06,6020458590.64405,7387142616.077316,0.3927239785155936,0.18500847979553378,531.9910643000039
17,30,175,United Kingdom,0.06,6008705819.689373,7387142616.077316,0.39195732678991346,0.18659945638357175,334.06327189999865
17,40,175,United Kingdom,0.06,6017542623.43036,7387142616.077316,0.39253376539010826,0.1854032152656929,291.4029628999997
17,50,175,United Kingdom,0.06,5997667528.099496,7387142616.077316,0.3912372816764185,0.1880937136578057,280.94978759999503
17,60,175,United Kingdom,0.06,5955844039.137761,7387142616.077316,0.3885090697415369,0.1937553735357009,274.6279813000001
17,70,175,United Kingdom,0.06,5953988547.442029,7387142616.077316,0.3883880331012413,0.1940065520755187,273.30822289999924
17,80,175,United Kingdom,0.06,5920882603.760241,7387142616.077316,0.3862284803496569,0.19848811489383184,280.7838738999999
17,90,175,United Kingdom,0.06,5850254416.482676,7387142616.077316,0.381621292660318,0.20804907654683286,250.2913891000062
17,100,175,United Kingdom,0.06,5834521724.889294,7387142616.077316,0.38059502445461796,0.21017881634082863,267.62323829998786
17,110,175,United Kingdom,0.06,5853345230.652848,7387142616.077316,0.3818229113276483,0.20763067198490578,256.94147260001046
17,120,175,United Kingdom,0.06,5885436648.373313,7387142616.077316,0.38391628495585867,0.20328644588987668,247.83563509999658
17,130,175,United Kingdom,0.06,5914566542.8295965,7387142616.077316,0.3858164737657923,0.1993431222030041,290.65209859999595
17,140,175,United Kingdom,0.06,5931878387.588808,7387142616.077316,0.386945752615056,0.19699961190965545,273.27745359999244
17,150,175,United Kingdom,0.06,5919544225.188599,7387142616.077316,0.38614117581138935,0.19866929165475275,244.24617739999667
17,160,175,United Kingdom,0.06,5951330229.548232,7387142616.077316,0.38821462684593816,0.19436640946990708,238.53575219999766
17,170,175,United Kingdom,0.06,5956681611.135249,7387142616.077316,0.388563705879664,0.19364199113048441,239.38270800000464
16,0,178,Netherlands,0.06,8020518575.8679,9032734666.674807,0.5143732091649929,0.11206086840360283,274.40602920000674
16,10,178,Netherlands,0.06,8014103542.137095,9032734666.674807,0.5139617991725088,0.11277106680613887,287.52216350000526
16,20,178,Netherlands,0.06,8015981320.011128,9032734666.674807,0.5140822251302607,0.11256318093952963,256.61857740000414
16,30,178,Netherlands,0.06,8016532039.837654,9032734666.674807,0.5141175439842526,0.11250221160445578,272.60470329999225
16,40,178,Netherlands,0.06,8016963061.778259,9032734666.674807,0.5141451863538467,0.11245449383608212,259.35637609999685
16,50,178,Netherlands,0.06,8010136337.366168,9032734666.674807,0.5137073737472531,0.11321026987335217,254.94070379999175
16,60,178,Netherlands,0.06,8007376398.203727,9032734666.674807,0.5135303728774644,0.1135158184435569,295.5310507999966
16,70,178,Netherlands,0.06,8005249907.336854,9032734666.674807,0.5133939964173756,0.11375123893860567,273.44156900000235
16,80,178,Netherlands,0.06,8006143377.496574,9032734666.674807,0.5134512965917971,0.11365232424746383,246.7760735000047
16,90,178,Netherlands,0.06,8003241184.542907,9032734666.674807,0.513265172678602,0.11397362151354815,243.62714520000736
16,100,178,Netherlands,0.06,8000843824.781961,9032734666.674807,0.5131114248102946,0.11423902948238732,244.03793669999868
16,110,178,Netherlands,0.06,7991742465.802696,9032734666.674807,0.5125277349675937,0.11524662677325467,244.6431894999987
16,120,178,Netherlands,0.06,7994484272.621153,9032734666.674807,0.5127035729709323,0.11494308560663852,247.1018994999904
16,130,178,Netherlands,0.06,7991051509.424244,9032734666.674807,0.5124834224401162,0.11532312147878405,246.76054820000718
16,140,178,Netherlands,0.06,7992452710.197813,9032734666.674807,0.5125732844773109,0.11516799672141255,243.9399798999948
16,150,178,Netherlands,0.06,8002810882.676938,9032734666.674807,0.5132375764889525,0.11402125956357924,243.60845680000784
16,160,178,Netherlands,0.06,8009815651.907631,9032734666.674807,0.513686807494974,0.1132457724614798,242.78899259999162
16,170,178,Netherlands,0.06,8018556861.123705,9032734666.674807,0.5142474001541548,0.11227804679050181,242.7345614000078
16,0,178,Netherlands,0.06,8020518575.8679,9032734666.674807,0.5143732091649929,0.11206086840360283,285.9472883999988
16,10,178,Netherlands,0.06,8014103542.137095,9032734666.674807,0.5139617991725088,0.11277106680613887,275.3763953000016
16,20,178,Netherlands,0.06,8015981320.011128,9032734666.674807,0.5140822251302607,0.11256318093952963,260.8617041999969
16,30,178,Netherlands,0.06,8016532039.837654,9032734666.674807,0.5141175439842526,0.11250221160445578,273.75066970000626
16,40,178,Netherlands,0.06,8016963061.778259,9032734666.674807,0.5141451863538467,0.11245449383608212,248.10572240001056
16,50,178,Netherlands,0.06,8010136337.366168,9032734666.674807,0.5137073737472531,0.11321026987335217,280.8009650000022
16,60,178,Netherlands,0.06,8007376398.203727,9032734666.674807,0.5135303728774644,0.1135158184435569,304.45093800000905
16,70,178,Netherlands,0.06,8005249907.336854,9032734666.674807,0.5133939964173756,0.11375123893860567,250.18913719999546
16,80,178,Netherlands,0.06,8006143377.496574,9032734666.674807,0.5134512965917971,0.11365232424746383,246.74235619998944
16,90,178,Netherlands,0.06,8003241184.542907,9032734666.674807,0.513265172678602,0.11397362151354815,245.4007910999935
16,100,178,Netherlands,0.06,8000843824.781961,9032734666.674807,0.5131114248102946,0.11423902948238732,245.2791683999967
16,110,178,Netherlands,0.06,7991742465.802696,9032734666.674807,0.5125277349675937,0.11524662677325467,245.26874529999623
16,120,178,Netherlands,0.06,7994484272.621153,9032734666.674807,0.5127035729709323,0.11494308560663852,251.36973880000005
16,130,178,Netherlands,0.06,7991051509.424244,9032734666.674807,0.5124834224401162,0.11532312147878405,245.53859579999698
16,140,178,Netherlands,0.06,7992452710.197813,9032734666.674807,0.5125732844773109,0.11516799672141255,245.77927250000357
16,150,178,Netherlands,0.06,8002810882.676938,9032734666.674807,0.5132375764889525,0.11402125956357924,245.59277279999515
16,160,178,Netherlands,0.06,8009815651.907631,9032734666.674807,0.513686807494974,0.1132457724614798,244.77299869999115
16,170,178,Netherlands,0.06,8018556861.123705,9032734666.674807,0.5142474001541548,0.11227804679050181,245.7489590000041
16,0,178,Netherlands,0.06,8020518575.8679,9032734666.674807,0.5143732091649929,0.11206086840360283,264.37267040000006
16,10,178,Netherlands,0.06,8014103542.137095,9032734666.674807,0.5139617991725088,0.11277106680613887,246.84262650000164
16,20,178,Netherlands,0.06,8015981320.011128,9032734666.674807,0.5140822251302607,0.11256318093952963,282.29746810000506
16,30,178,Netherlands,0.06,8016532039.837654,9032734666.674807,0.5141175439842526,0.11250221160445578,297.0339219000016
16,40,178,Netherlands,0.06,8016963061.778259,9032734666.674807,0.5141451863538467,0.11245449383608212,248.13211360000423
16,50,178,Netherlands,0.06,8010136337.366168,9032734666.674807,0.5137073737472531,0.11321026987335217,244.04479529999662
16,60,178,Netherlands,0.06,8007376398.203727,9032734666.674807,0.5135303728774644,0.1135158184435569,244.0133698000136
16,70,178,Netherlands,0.06,8005249907.336854,9032734666.674807,0.5133939964173756,0.11375123893860567,243.8037459999905
16,80,178,Netherlands,0.06,8006143377.496574,9032734666.674807,0.5134512965917971,0.11365232424746383,244.92641390000063
16,90,178,Netherlands,0.06,8003241184.542907,9032734666.674807,0.513265172678602,0.11397362151354815,248.69194619999325
16,100,178,Netherlands,0.06,8000843824.781961,9032734666.674807,0.5131114248102946,0.11423902948238732,243.81881739999517
16,110,178,Netherlands,0.06,7991742465.802696,9032734666.674807,0.5125277349675937,0.11524662677325467,243.24104439999792
16,120,178,Netherlands,0.06,7994484272.621153,9032734666.674807,0.5127035729709323,0.11494308560663852,243.57657789999212
16,130,178,Netherlands,0.06,7991051509.424244,9032734666.674807,0.5124834224401162,0.11532312147878405,244.0783661000023
16,140,178,Netherlands,0.06,7992452710.197813,9032734666.674807,0.5125732844773109,0.11516799672141255,244.17709810000088
16,150,178,Netherlands,0.06,8002810882.676938,9032734666.674807,0.5132375764889525,0.11402125956357924,244.17060589999892
16,160,178,Netherlands,0.06,8009815651.907631,9032734666.674807,0.513686807494974,0.1132457724614798,255.72991439999896
16,170,178,Netherlands,0.06,8018556861.123705,9032734666.674807,0.5142474001541548,0.11227804679050181,254.99754939999548
16,0,178,Netherlands,0.06,8020518575.8679,9032734666.674807,0.5143732091649929,0.11206086840360283,265.1057290000026
16,10,178,Netherlands,0.06,8014103542.137095,9032734666.674807,0.5139617991725088,0.11277106680613887,246.05477190000238
16,20,178,Netherlands,0.06,8015981320.011128,9032734666.674807,0.5140822251302607,0.11256318093952963,287.24447370000416
16,30,178,Netherlands,0.06,8016532039.837654,9032734666.674807,0.5141175439842526,0.11250221160445578,294.29541150000296
16,40,178,Netherlands,0.06,8016963061.778259,9032734666.674807,0.5141451863538467,0.11245449383608212,248.2141808999877
16,50,178,Netherlands,0.06,8010136337.366168,9032734666.674807,0.5137073737472531,0.11321026987335217,245.07387720000406
16,60,178,Netherlands,0.06,8007376398.203727,9032734666.674807,0.5135303728774644,0.1135158184435569,245.29063699999824
16,70,178,Netherlands,0.06,8005249907.336854,9032734666.674807,0.5133939964173756,0.11375123893860567,246.13294589999714
16,80,178,Netherlands,0.06,8006143377.496574,9032734666.674807,0.5134512965917971,0.11365232424746383,246.66521409999405
16,90,178,Netherlands,0.06,8003241184.542907,9032734666.674807,0.513265172678602,0.11397362151354815,249.98264080000808
16,100,178,Netherlands,0.06,8000843824.781961,9032734666.674807,0.5131114248102946,0.11423902948238732,244.32161059998907
16,110,178,Netherlands,0.06,7991742465.802696,9032734666.674807,0.5125277349675937,0.11524662677325467,244.8491301000031
16,120,178,Netherlands,0.06,7994484272.621153,9032734666.674807,0.5127035729709323,0.11494308560663852,244.34689620000427
16,130,178,Netherlands,0.06,7991051509.424244,9032734666.674807,0.5124834224401162,0.11532312147878405,244.36000559999957
16,140,178,Netherlands,0.06,7992452710.197813,9032734666.674807,0.5125732844773109,0.11516799672141255,245.78577229999064
16,150,178,Netherlands,0.06,8002810882.676938,9032734666.674807,0.5132375764889525,0.11402125956357924,245.65147219999926
16,160,178,Netherlands,0.06,8009815651.907631,9032734666.674807,0.513686807494974,0.1132457724614798,257.17200349998893
16,170,178,Netherlands,0.06,8018556861.123705,9032734666.674807,0.5142474001541548,0.11227804679050181,255.8889041000075
16,0,178,Netherlands,0.06,8020518575.8679,9032734666.674807,0.5143732091649929,0.11206086840360283,293.86824839998735
16,10,178,Netherlands,0.06,8014103542.137095,9032734666.674807,0.5139617991725088,0.11277106680613887,277.14190819999203
16,20,178,Netherlands,0.06,8015981320.011128,9032734666.674807,0.5140822251302607,0.11256318093952963,222.4003606000042
16,30,178,Netherlands,0.06,8016532039.837654,9032734666.674807,0.5141175439842526,0.11250221160445578,221.23118319999776
16,40,178,Netherlands,0.06,8016963061.778259,9032734666.674807,0.5141451863538467,0.11245449383608212,221.0246815999999
16,50,178,Netherlands,0.06,8010136337.366168,9032734666.674807,0.5137073737472531,0.11321026987335217,220.8502354000084
16,60,178,Netherlands,0.06,8007376398.203727,9032734666.674807,0.5135303728774644,0.1135158184435569,220.5650170000008
16,70,178,Netherlands,0.06,8005249907.336854,9032734666.674807,0.5133939964173756,0.11375123893860567,222.36706879999838
16,80,178,Netherlands,0.06,8006143377.496574,9032734666.674807,0.5134512965917971,0.11365232424746383,221.59102089999942
16,90,178,Netherlands,0.06,8003241184.542907,9032734666.674807,0.513265172678602,0.11397362151354815,220.23526420000417
16,100,178,Netherlands,0.06,8000843824.781961,9032734666.674807,0.5131114248102946,0.11423902948238732,220.91209559999697
16,110,178,Netherlands,0.06,7991742465.802696,9032734666.674807,0.5125277349675937,0.11524662677325467,220.51473070000065
16,120,178,Netherlands,0.06,7994484272.621153,9032734666.674807,0.5127035729709323,0.11494308560663852,220.93409059999976
16,130,178,Netherlands,0.06,7991051509.424244,9032734666.674807,0.5124834224401162,0.11532312147878405,220.9676441999909
16,140,178,Netherlands,0.06,7992452710.197813,9032734666.674807,0.5125732844773109,0.11516799672141255,221.13546629999473
16,150,178,Netherlands,0.06,8002810882.676938,9032734666.674807,0.5132375764889525,0.11402125956357924,225.069682500005
16,160,178,Netherlands,0.06,8009815651.907631,9032734666.674807,0.513686807494974,0.1132457724614798,224.94323049999366
16,170,178,Netherlands,0.06,8018556861.123705,9032734666.674807,0.5142474001541548,0.11227804679050181,223.63751980000234
16,0,178,Netherlands,0.06,8020518575.8679,9032734666.674807,0.5143732091649929,0.11206086840360283,250.83958430000348
16,10,178,Netherlands,0.06,8014103542.137095,9032734666.674807,0.5139617991725088,0.11277106680613887,294.94522169999254
16,20,178,Netherlands,0.06,8015981320.011128,9032734666.674807,0.5140822251302607,0.11256318093952963,278.37854869999865
16,30,178,Netherlands,0.06,8016532039.837654,9032734666.674807,0.5141175439842526,0.11250221160445578,248.83856150000065
16,40,178,Netherlands,0.06,8016963061.778259,9032734666.674807,0.5141451863538467,0.11245449383608212,245.25525349999953
16,50,178,Netherlands,0.06,8010136337.366168,9032734666.674807,0.5137073737472531,0.11321026987335217,244.47690720000537
16,60,178,Netherlands,0.06,8007376398.203727,9032734666.674807,0.5135303728774644,0.1135158184435569,246.25503319999552
16,70,178,Netherlands,0.06,8005249907.336854,9032734666.674807,0.5133939964173756,0.11375123893860567,247.92187099999865
16,80,178,Netherlands,0.06,8006143377.496574,9032734666.674807,0.5134512965917971,0.11365232424746383,247.97071950000827
16,90,178,Netherlands,0.06,8003241184.542907,9032734666.674807,0.513265172678602,0.11397362151354815,244.38396799999464
16,100,178,Netherlands,0.06,8000843824.781961,9032734666.674807,0.5131114248102946,0.11423902948238732,244.33624730000156
16,110,178,Netherlands,0.06,7991742465.802696,9032734666.674807,0.5125277349675937,0.11524662677325467,244.33477760000096
16,120,178,Netherlands,0.06,7994484272.621153,9032734666.674807,0.5127035729709323,0.11494308560663852,243.85653140000068
16,130,178,Netherlands,0.06,7991051509.424244,9032734666.674807,0.5124834224401162,0.11532312147878405,244.89386370001012
16,140,178,Netherlands,0.06,7992452710.197813,9032734666.674807,0.5125732844773109,0.11516799672141255,248.06116449998808
16,150,178,Netherlands,0.06,8002810882.676938,9032734666.674807,0.5132375764889525,0.11402125956357924,256.0154763000028
16,160,178,Netherlands,0.06,8009815651.907631,9032734666.674807,0.513686807494974,0.1132457724614798,253.4139007000049
16,170,178,Netherlands,0.06,8018556861.123705,9032734666.674807,0.5142474001541548,0.11227804679050181,244.80903730000136
16,0,178,Netherlands,0.06,8020518575.8679,9032734666.674807,0.5143732091649929,0.11206086840360283,254.8719548000081
16,10,178,Netherlands,0.06,8014103542.137095,9032734666.674807,0.5139617991725088,0.11277106680613887,297.26428869999654
16,20,178,Netherlands,0.06,8015981320.011128,9032734666.674807,0.5140822251302607,0.11256318093952963,274.6194073000079
16,30,178,Netherlands,0.06,8016532039.837654,9032734666.674807,0.5141175439842526,0.11250221160445578,248.61109900000156
16,40,178,Netherlands,0.06,8016963061.778259,9032734666.674807,0.5141451863538467,0.11245449383608212,247.28597209999862
16,50,178,Netherlands,0.06,8010136337.366168,9032734666.674807,0.5137073737472531,0.11321026987335217,246.39748519999557
16,60,178,Netherlands,0.06,8007376398.203727,9032734666.674807,0.5135303728774644,0.1135158184435569,246.8618301999959
16,70,178,Netherlands,0.06,8005249907.336854,9032734666.674807,0.5133939964173756,0.11375123893860567,250.72278890000598
16,80,178,Netherlands,0.06,8006143377.496574,9032734666.674807,0.5134512965917971,0.11365232424746383,247.61150110000744
16,90,178,Netherlands,0.06,8003241184.542907,9032734666.674807,0.513265172678602,0.11397362151354815,245.05878890000167
16,100,178,Netherlands,0.06,8000843824.781961,9032734666.674807,0.5131114248102946,0.11423902948238732,246.16834989999188
16,110,178,Netherlands,0.06,7991742465.802696,9032734666.674807,0.5125277349675937,0.11524662677325467,246.7501932999876
16,120,178,Netherlands,0.06,7994484272.621153,9032734666.674807,0.5127035729709323,0.11494308560663852,247.71878450000077
16,130,178,Netherlands,0.06,7991051509.424244,9032734666.674807,0.5124834224401162,0.11532312147878405,245.21127040000283
16,140,178,Netherlands,0.06,7992452710.197813,9032734666.674807,0.5125732844773109,0.11516799672141255,251.62720000000263
16,150,178,Netherlands,0.06,8002810882.676938,9032734666.674807,0.5132375764889525,0.11402125956357924,254.66126339999028
16,160,178,Netherlands,0.06,8009815651.907631,9032734666.674807,0.513686807494974,0.1132457724614798,250.70657239999855
16,170,178,Netherlands,0.06,8018556861.123705,9032734666.674807,0.5142474001541548,0.11227804679050181,244.0818825000024
16,0,178,Netherlands,0.06,8020518575.8679,9032734666.674807,0.5143732091649929,0.11206086840360283,247.29508790001273
16,10,178,Netherlands,0.06,8014103542.137095,9032734666.674807,0.5139617991725088,0.11277106680613887,247.03274599999713
16,20,178,Netherlands,0.06,8015981320.011128,9032734666.674807,0.5140822251302607,0.11256318093952963,245.50043289999303
16,30,178,Netherlands,0.06,8016532039.837654,9032734666.674807,0.5141175439842526,0.11250221160445578,247.13899829999718
16,40,178,Netherlands,0.06,8016963061.778259,9032734666.674807,0.5141451863538467,0.11245449383608212,250.67693000000145
16,50,178,Netherlands,0.06,8010136337.366168,9032734666.674807,0.5137073737472531,0.11321026987335217,246.62492360000033
16,60,178,Netherlands,0.06,8007376398.203727,9032734666.674807,0.5135303728774644,0.1135158184435569,246.01227140000265
16,70,178,Netherlands,0.06,8005249907.336854,9032734666.674807,0.5133939964173756,0.11375123893860567,246.48727709999366
16,80,178,Netherlands,0.06,8006143377.496574,9032734666.674807,0.5134512965917971,0.11365232424746383,246.4345949999988
16,90,178,Netherlands,0.06,8003241184.542907,9032734666.674807,0.513265172678602,0.11397362151354815,246.51946399999724
16,100,178,Netherlands,0.06,8000843824.781961,9032734666.674807,0.5131114248102946,0.11423902948238732,245.83729870000388
16,110,178,Netherlands,0.06,7991742465.802696,9032734666.674807,0.5125277349675937,0.11524662677325467,255.08345569999074
16,120,178,Netherlands,0.06,7994484272.621153,9032734666.674807,0.5127035729709323,0.11494308560663852,256.0465264999948
16,130,178,Netherlands,0.06,7991051509.424244,9032734666.674807,0.5124834224401162,0.11532312147878405,249.07752930000424
16,140,178,Netherlands,0.06,7992452710.197813,9032734666.674807,0.5125732844773109,0.11516799672141255,245.9705690000119
16,150,178,Netherlands,0.06,8002810882.676938,9032734666.674807,0.5132375764889525,0.11402125956357924,246.3951214999979
16,160,178,Netherlands,0.06,8009815651.907631,9032734666.674807,0.513686807494974,0.1132457724614798,245.67378820000158
16,170,178,Netherlands,0.06,8018556861.123705,9032734666.674807,0.5142474001541548,0.11227804679050181,245.606706400009
16,0,178,Netherlands,0.06,8020518575.8679,9032734666.674807,0.5143732091649929,0.11206086840360283,244.51049860000785
16,10,178,Netherlands,0.06,8014103542.137095,9032734666.674807,0.5139617991725088,0.11277106680613887,246.81418760000088
16,20,178,Netherlands,0.06,8015981320.011128,9032734666.674807,0.5140822251302607,0.11256318093952963,249.64482339999813
16,30,178,Netherlands,0.06,8016532039.837654,9032734666.674807,0.5141175439842526,0.11250221160445578,245.35335679999844
16,40,178,Netherlands,0.06,8016963061.778259,9032734666.674807,0.5141451863538467,0.11245449383608212,244.8679237000033
16,50,178,Netherlands,0.06,8010136337.366168,9032734666.674807,0.5137073737472531,0.11321026987335217,242.67068930000823
16,60,178,Netherlands,0.06,8007376398.203727,9032734666.674807,0.5135303728774644,0.1135158184435569,242.87108969999827
16,70,178,Netherlands,0.06,8005249907.336854,9032734666.674807,0.5133939964173756,0.11375123893860567,245.27944919999572
16,80,178,Netherlands,0.06,8006143377.496574,9032734666.674807,0.5134512965917971,0.11365232424746383,247.98008120000304
16,90,178,Netherlands,0.06,8003241184.542907,9032734666.674807,0.513265172678602,0.11397362151354815,256.2018809000001
16,100,178,Netherlands,0.06,8000843824.781961,9032734666.674807,0.5131114248102946,0.11423902948238732,254.07085720000032
16,110,178,Netherlands,0.06,7991742465.802696,9032734666.674807,0.5125277349675937,0.11524662677325467,245.2030003999971
16,120,178,Netherlands,0.06,7994484272.621153,9032734666.674807,0.5127035729709323,0.11494308560663852,246.0573938000016
16,130,178,Netherlands,0.06,7991051509.424244,9032734666.674807,0.5124834224401162,0.11532312147878405,246.67345850000856
16,140,178,Netherlands,0.06,7992452710.197813,9032734666.674807,0.5125732844773109,0.11516799672141255,245.4429827999993
16,150,178,Netherlands,0.06,8002810882.676938,9032734666.674807,0.5132375764889525,0.11402125956357924,246.11390240000037
16,160,178,Netherlands,0.06,8009815651.907631,9032734666.674807,0.513686807494974,0.1132457724614798,246.3705525999976
16,170,178,Netherlands,0.06,8018556861.123705,9032734666.674807,0.5142474001541548,0.11227804679050181,247.66641839999647
14,0,181,China,0.07,5530487118.011943,6379261034.53059,0.3488033955203173,0.13305207482877413,249.57797089999076
14,10,181,China,0.07,5507596965.390152,6379261034.53059,0.3473597319174394,0.1366402886513294,255.19904370000586
14,20,181,China,0.07,5503220860.311662,6379261034.53059,0.3470837344730986,0.13732627799316738,259.60927359999914
14,30,181,China,0.07,5500323930.216077,6379261034.53059,0.3469010274108881,0.13778039486969962,256.818821199995
14,40,181,China,0.07,5509691468.455638,6379261034.53059,0.34749183054918376,0.1363119586058667,249.6265046000044
14,50,181,China,0.07,5503147472.045283,6379261034.53059,0.3470791059338835,0.1373377821887131,249.634160600006
14,60,181,China,0.07,5478419818.593848,6379261034.53059,0.3455195526245521,0.14121403890835282,249.43258659999992
14,70,181,China,0.07,5442534413.353521,6379261034.53059,0.3432562888413886,0.14683936213091436,249.21577210001124
14,80,181,China,0.07,5401849761.78416,6379261034.53059,0.34069034043392615,0.15321700545811762,250.38153020000027
14,90,181,China,0.07,5340202612.729401,6379261034.53059,0.3368023040899998,0.16288068730481842,249.840618000002
14,100,181,China,0.07,5299383628.354234,6379261034.53059,0.33422788342000515,0.16927938836975617,253.20990070000698
14,110,181,China,0.07,5331175055.532983,6379261034.53059,0.3362329432839491,0.1642958288310159,250.4326992999995
14,120,181,China,0.07,5431577451.013991,6379261034.53059,0.342565241997401,0.14855695328766755,249.97283620000235
14,130,181,China,0.07,5521799064.955014,6379261034.53059,0.3482554469685798,0.13441399637578416,254.1163005999988
14,140,181,China,0.07,5580320029.417114,6379261034.53059,0.35194631735267756,0.1252403688748355,250.0462908000045
14,150,181,China,0.07,5590333529.642476,6379261034.53059,0.35257786079634174,0.12367067292241102,250.6289039000112
14,160,181,China,0.07,5572127313.597641,6379261034.53059,0.3514296093240017,0.12652464236280322,252.78268550000212
14,170,181,China,0.07,5550315655.057344,6379261034.53059,0.3500539654795368,0.12994379364415562,257.88171289999445
14,0,181,China,0.07,5530487118.011943,6379261034.53059,0.3488033955203173,0.13305207482877413,252.6062241000036
14,10,181,China,0.07,5507596965.390152,6379261034.53059,0.3473597319174394,0.1366402886513294,263.8671369999938
14,20,181,China,0.07,5503220860.311662,6379261034.53059,0.3470837344730986,0.13732627799316738,262.21551060001366
14,30,181,China,0.07,5500323930.216077,6379261034.53059,0.3469010274108881,0.13778039486969962,253.07219929998973
14,40,181,China,0.07,5509691468.455638,6379261034.53059,0.34749183054918376,0.1363119586058667,251.90650349999487
14,50,181,China,0.07,5503147472.045283,6379261034.53059,0.3470791059338835,0.1373377821887131,253.13789520000864
14,60,181,China,0.07,5478419818.593848,6379261034.53059,0.3455195526245521,0.14121403890835282,251.92756280000322
14,70,181,China,0.07,5442534413.353521,6379261034.53059,0.3432562888413886,0.14683936213091436,253.56676699999662
14,80,181,China,0.07,5401849761.78416,6379261034.53059,0.34069034043392615,0.15321700545811762,252.16950969999016
14,90,181,China,0.07,5340202612.729401,6379261034.53059,0.3368023040899998,0.16288068730481842,253.5872185999906
14,100,181,China,0.07,5299383628.354234,6379261034.53059,0.33422788342000515,0.16927938836975617,254.41384989999642
14,110,181,China,0.07,5331175055.532983,6379261034.53059,0.3362329432839491,0.1642958288310159,252.9106965000101
14,120,181,China,0.07,5431577451.013991,6379261034.53059,0.342565241997401,0.14855695328766755,256.4200252999872
14,130,181,China,0.07,5521799064.955014,6379261034.53059,0.3482554469685798,0.13441399637578416,253.2820372999995
14,140,181,China,0.07,5580320029.417114,6379261034.53059,0.35194631735267756,0.1252403688748355,253.82602059999772
14,150,181,China,0.07,5590333529.642476,6379261034.53059,0.35257786079634174,0.12367067292241102,254.46103479999874
14,160,181,China,0.07,5572127313.597641,6379261034.53059,0.3514296093240017,0.12652464236280322,260.8489840999973
14,170,181,China,0.07,5550315655.057344,6379261034.53059,0.3500539654795368,0.12994379364415562,257.05130190000637
14,0,181,China,0.07,5530487118.011943,6379261034.53059,0.3488033955203173,0.13305207482877413,224.80526439999812
14,10,181,China,0.07,5507596965.390152,6379261034.53059,0.3473597319174394,0.1366402886513294,224.86233850001008
14,20,181,China,0.07,5503220860.311662,6379261034.53059,0.3470837344730986,0.13732627799316738,225.61769059998915
14,30,181,China,0.07,5500323930.216077,6379261034.53059,0.3469010274108881,0.13778039486969962,224.91621119999036
14,40,181,China,0.07,5509691468.455638,6379261034.53059,0.34749183054918376,0.1363119586058667,226.47061669999675
14,50,181,China,0.07,5503147472.045283,6379261034.53059,0.3470791059338835,0.1373377821887131,224.66988450000645
14,60,181,China,0.07,5478419818.593848,6379261034.53059,0.3455195526245521,0.14121403890835282,225.53673520000302
14,70,181,China,0.07,5442534413.353521,6379261034.53059,0.3432562888413886,0.14683936213091436,226.41500480000104
14,80,181,China,0.07,5401849761.78416,6379261034.53059,0.34069034043392615,0.15321700545811762,225.0197296999977
14,90,181,China,0.07,5340202612.729401,6379261034.53059,0.3368023040899998,0.16288068730481842,225.7486094999913
14,100,181,China,0.07,5299383628.354234,6379261034.53059,0.33422788342000515,0.16927938836975617,240.61672399999225
14,110,181,China,0.07,5331175055.532983,6379261034.53059,0.3362329432839491,0.1642958288310159,251.21624829999928
14,120,181,China,0.07,5431577451.013991,6379261034.53059,0.342565241997401,0.14855695328766755,252.5757883000042
14,130,181,China,0.07,5521799064.955014,6379261034.53059,0.3482554469685798,0.13441399637578416,241.1243334000028
14,140,181,China,0.07,5580320029.417114,6379261034.53059,0.35194631735267756,0.1252403688748355,221.0364419000107
14,150,181,China,0.07,5590333529.642476,6379261034.53059,0.35257786079634174,0.12367067292241102,217.92643629999657
14,160,181,China,0.07,5572127313.597641,6379261034.53059,0.3514296093240017,0.12652464236280322,218.04195630000322
14,170,181,China,0.07,5550315655.057344,6379261034.53059,0.3500539654795368,0.12994379364415562,217.6529603999952
14,0,181,China,0.07,5530487118.011943,6379261034.53059,0.3488033955203173,0.13305207482877413,249.90792120000697
14,10,181,China,0.07,5507596965.390152,6379261034.53059,0.3473597319174394,0.1366402886513294,249.09782939999423
14,20,181,China,0.07,5503220860.311662,6379261034.53059,0.3470837344730986,0.13732627799316738,250.09843550001096
14,30,181,China,0.07,5500323930.216077,6379261034.53059,0.3469010274108881,0.13778039486969962,249.20315810000466
14,40,181,China,0.07,5509691468.455638,6379261034.53059,0.34749183054918376,0.1363119586058667,250.54377809999278
14,50,181,China,0.07,5503147472.045283,6379261034.53059,0.3470791059338835,0.1373377821887131,249.0818985000078
14,60,181,China,0.07,5478419818.593848,6379261034.53059,0.3455195526245521,0.14121403890835282,249.98581909999484
14,70,181,China,0.07,5442534413.353521,6379261034.53059,0.3432562888413886,0.14683936213091436,252.994114000001
14,80,181,China,0.07,5401849761.78416,6379261034.53059,0.34069034043392615,0.15321700545811762,249.9727744999982
14,90,181,China,0.07,5340202612.729401,6379261034.53059,0.3368023040899998,0.16288068730481842,251.5192793999886
14,100,181,China,0.07,5299383628.354234,6379261034.53059,0.33422788342000515,0.16927938836975617,250.70474739999918
14,110,181,China,0.07,5331175055.532983,6379261034.53059,0.3362329432839491,0.1642958288310159,250.20785550000437
14,120,181,China,0.07,5431577451.013991,6379261034.53059,0.342565241997401,0.14855695328766755,250.31578970000555
14,130,181,China,0.07,5521799064.955014,6379261034.53059,0.3482554469685798,0.13441399637578416,258.4227586999914
14,140,181,China,0.07,5580320029.417114,6379261034.53059,0.35194631735267756,0.1252403688748355,253.62113780000072
14,150,181,China,0.07,5590333529.642476,6379261034.53059,0.35257786079634174,0.12367067292241102,252.91319370000565
14,160,181,China,0.07,5572127313.597641,6379261034.53059,0.3514296093240017,0.12652464236280322,253.04770409999765
14,170,181,China,0.07,5550315655.057344,6379261034.53059,0.3500539654795368,0.12994379364415562,252.81011510000098
14,0,181,China,0.07,5530487118.011943,6379261034.53059,0.3488033955203173,0.13305207482877413,250.14759170000616
14,10,181,China,0.07,5507596965.390152,6379261034.53059,0.3473597319174394,0.1366402886513294,250.7776251000032
14,20,181,China,0.07,5503220860.311662,6379261034.53059,0.3470837344730986,0.13732627799316738,251.47630619999836
14,30,181,China,0.07,5500323930.216077,6379261034.53059,0.3469010274108881,0.13778039486969962,250.08404820000578
14,40,181,China,0.07,5509691468.455638,6379261034.53059,0.34749183054918376,0.1363119586058667,251.6452633000008
14,50,181,China,0.07,5503147472.045283,6379261034.53059,0.3470791059338835,0.1373377821887131,250.6056821000093
14,60,181,China,0.07,5478419818.593848,6379261034.53059,0.3455195526245521,0.14121403890835282,252.34927229999448
14,70,181,China,0.07,5442534413.353521,6379261034.53059,0.3432562888413886,0.14683936213091436,252.61673829999927
14,80,181,China,0.07,5401849761.78416,6379261034.53059,0.34069034043392615,0.15321700545811762,250.9544969999988
14,90,181,China,0.07,5340202612.729401,6379261034.53059,0.3368023040899998,0.16288068730481842,255.19201610000164
14,100,181,China,0.07,5299383628.354234,6379261034.53059,0.33422788342000515,0.16927938836975617,251.85714239999652
14,110,181,China,0.07,5331175055.532983,6379261034.53059,0.3362329432839491,0.1642958288310159,251.52615249999508
14,120,181,China,0.07,5431577451.013991,6379261034.53059,0.342565241997401,0.14855695328766755,252.85522850000416
14,130,181,China,0.07,5521799064.955014,6379261034.53059,0.3482554469685798,0.13441399637578416,259.4167480000033
14,140,181,China,0.07,5580320029.417114,6379261034.53059,0.35194631735267756,0.1252403688748355,255.07970810000552
14,150,181,China,0.07,5590333529.642476,6379261034.53059,0.35257786079634174,0.12367067292241102,255.3732553000009
14,160,181,China,0.07,5572127313.597641,6379261034.53059,0.3514296093240017,0.12652464236280322,254.8308371000021
14,170,181,China,0.07,5550315655.057344,6379261034.53059,0.3500539654795368,0.12994379364415562,254.73445699999866
14,0,181,China,0.07,5530487118.011943,6379261034.53059,0.3488033955203173,0.13305207482877413,250.26340330000676
14,10,181,China,0.07,5507596965.390152,6379261034.53059,0.3473597319174394,0.1366402886513294,250.66213569999672
14,20,181,China,0.07,5503220860.311662,6379261034.53059,0.3470837344730986,0.13732627799316738,249.94919339999615
14,30,181,China,0.07,5500323930.216077,6379261034.53059,0.3469010274108881,0.13778039486969962,250.85284170000523
14,40,181,China,0.07,5509691468.455638,6379261034.53059,0.34749183054918376,0.1363119586058667,249.61852389998967
14,50,181,China,0.07,5503147472.045283,6379261034.53059,0.3470791059338835,0.1373377821887131,253.2158625000011
14,60,181,China,0.07,5478419818.593848,6379261034.53059,0.3455195526245521,0.14121403890835282,251.6835354000068
14,70,181,China,0.07,5442534413.353521,6379261034.53059,0.3432562888413886,0.14683936213091436,250.27864319999935
14,80,181,China,0.07,5401849761.78416,6379261034.53059,0.34069034043392615,0.15321700545811762,254.7430835999985
14,90,181,China,0.07,5340202612.729401,6379261034.53059,0.3368023040899998,0.16288068730481842,250.2452043999947
14,100,181,China,0.07,5299383628.354234,6379261034.53059,0.33422788342000515,0.16927938836975617,250.42831540000043
14,110,181,China,0.07,5331175055.532983,6379261034.53059,0.3362329432839491,0.1642958288310159,251.82715280000411
14,120,181,China,0.07,5431577451.013991,6379261034.53059,0.342565241997401,0.14855695328766755,258.76759859999584
14,130,181,China,0.07,5521799064.955014,6379261034.53059,0.3482554469685798,0.13441399637578416,254.12785459999577
14,140,181,China,0.07,5580320029.417114,6379261034.53059,0.35194631735267756,0.1252403688748355,254.26076540000213
14,150,181,China,0.07,5590333529.642476,6379261034.53059,0.35257786079634174,0.12367067292241102,253.72588430000178
14,160,181,China,0.07,5572127313.597641,6379261034.53059,0.3514296093240017,0.12652464236280322,253.89128709999204
14,170,181,China,0.07,5550315655.057344,6379261034.53059,0.3500539654795368,0.12994379364415562,253.2608656000084
14,0,181,China,0.07,5530487118.011943,6379261034.53059,0.3488033955203173,0.13305207482877413,251.35359430000244
14,10,181,China,0.07,5507596965.390152,6379261034.53059,0.3473597319174394,0.1366402886513294,250.749977200001
14,20,181,China,0.07,5503220860.311662,6379261034.53059,0.3470837344730986,0.13732627799316738,250.7851701000036
14,30,181,China,0.07,5500323930.216077,6379261034.53059,0.3469010274108881,0.13778039486969962,251.4404627999902
14,40,181,China,0.07,5509691468.455638,6379261034.53059,0.34749183054918376,0.1363119586058667,250.25903269999253
14,50,181,China,0.07,5503147472.045283,6379261034.53059,0.3470791059338835,0.1373377821887131,254.23723159999645
14,60,181,China,0.07,5478419818.593848,6379261034.53059,0.3455195526245521,0.14121403890835282,251.0047579999955
14,70,181,China,0.07,5442534413.353521,6379261034.53059,0.3432562888413886,0.14683936213091436,250.43886760000896
14,80,181,China,0.07,5401849761.78416,6379261034.53059,0.34069034043392615,0.15321700545811762,254.61733789999562
14,90,181,China,0.07,5340202612.729401,6379261034.53059,0.3368023040899998,0.16288068730481842,250.5793982000032
14,100,181,China,0.07,5299383628.354234,6379261034.53059,0.33422788342000515,0.16927938836975617,250.8837019999919
14,110,181,China,0.07,5331175055.532983,6379261034.53059,0.3362329432839491,0.1642958288310159,254.4529130999872
14,120,181,China,0.07,5431577451.013991,6379261034.53059,0.342565241997401,0.14855695328766755,259.2998416000046
14,130,181,China,0.07,5521799064.955014,6379261034.53059,0.3482554469685798,0.13441399637578416,255.2086597000016
14,140,181,China,0.07,5580320029.417114,6379261034.53059,0.35194631735267756,0.1252403688748355,254.70121850000578
14,150,181,China,0.07,5590333529.642476,6379261034.53059,0.35257786079634174,0.12367067292241102,254.5741158000019
14,160,181,China,0.07,5572127313.597641,6379261034.53059,0.3514296093240017,0.12652464236280322,254.11834110000927
14,170,181,China,0.07,5550315655.057344,6379261034.53059,0.3500539654795368,0.12994379364415562,253.28814079999574
14,0,181,China,0.07,5530487118.011943,6379261034.53059,0.3488033955203173,0.13305207482877413,251.3814915999974
14,10,181,China,0.07,5507596965.390152,6379261034.53059,0.3473597319174394,0.1366402886513294,251.41670409998915
14,20,181,China,0.07,5503220860.311662,6379261034.53059,0.3470837344730986,0.13732627799316738,254.97658740000043
14,30,181,China,0.07,5500323930.216077,6379261034.53059,0.3469010274108881,0.13778039486969962,251.3112337999919
14,40,181,China,0.07,5509691468.455638,6379261034.53059,0.34749183054918376,0.1363119586058667,251.8649704999989
14,50,181,China,0.07,5503147472.045283,6379261034.53059,0.3470791059338835,0.1373377821887131,255.76085519998742
14,60,181,China,0.07,5478419818.593848,6379261034.53059,0.3455195526245521,0.14121403890835282,250.9572618000093
14,70,181,China,0.07,5442534413.353521,6379261034.53059,0.3432562888413886,0.14683936213091436,253.1596128999954
14,80,181,China,0.07,5401849761.78416,6379261034.53059,0.34069034043392615,0.15321700545811762,258.8988609999942
14,90,181,China,0.07,5340202612.729401,6379261034.53059,0.3368023040899998,0.16288068730481842,255.39024999999674
14,100,181,China,0.07,5299383628.354234,6379261034.53059,0.33422788342000515,0.16927938836975617,254.55285229999572
14,110,181,China,0.07,5331175055.532983,6379261034.53059,0.3362329432839491,0.1642958288310159,255.44426469999598
14,120,181,China,0.07,5431577451.013991,6379261034.53059,0.342565241997401,0.14855695328766755,254.23473530000774
14,130,181,China,0.07,5521799064.955014,6379261034.53059,0.3482554469685798,0.13441399637578416,254.44593120001082
14,140,181,China,0.07,5580320029.417114,6379261034.53059,0.35194631735267756,0.1252403688748355,253.26337439999043
14,150,181,China,0.07,5590333529.642476,6379261034.53059,0.35257786079634174,0.12367067292241102,254.9276819999941
14,160,181,China,0.07,5572127313.597641,6379261034.53059,0.3514296093240017,0.12652464236280322,255.61326270000427
14,170,181,China,0.07,5550315655.057344,6379261034.53059,0.3500539654795368,0.12994379364415562,256.7606200000009
14,0,181,China,0.07,5530487118.011943,6379261034.53059,0.3488033955203173,0.13305207482877413,252.74947220001195
14,10,181,China,0.07,5507596965.390152,6379261034.53059,0.3473597319174394,0.1366402886513294,252.26585169999453
14,20,181,China,0.07,5503220860.311662,6379261034.53059,0.3470837344730986,0.13732627799316738,255.9094527999987
14,30,181,China,0.07,5500323930.216077,6379261034.53059,0.3469010274108881,0.13778039486969962,252.2632214000041
14,40,181,China,0.07,5509691468.455638,6379261034.53059,0.34749183054918376,0.1363119586058667,252.1255908000021
14,50,181,China,0.07,5503147472.045283,6379261034.53059,0.3470791059338835,0.1373377821887131,253.48076369999035
14,60,181,China,0.07,5478419818.593848,6379261034.53059,0.3455195526245521,0.14121403890835282,259.4245332999999
14,70,181,China,0.07,5442534413.353521,6379261034.53059,0.3432562888413886,0.14683936213091436,256.0069777000026
14,80,181,China,0.07,5401849761.78416,6379261034.53059,0.34069034043392615,0.15321700545811762,255.07124309999926
14,90,181,China,0.07,5340202612.729401,6379261034.53059,0.3368023040899998,0.16288068730481842,253.95045779999055
14,100,181,China,0.07,5299383628.354234,6379261034.53059,0.33422788342000515,0.16927938836975617,254.79284449999977
14,110,181,China,0.07,5331175055.532983,6379261034.53059,0.3362329432839491,0.1642958288310159,254.00102919999335
14,120,181,China,0.07,5431577451.013991,6379261034.53059,0.342565241997401,0.14855695328766755,252.98535150001408
14,130,181,China,0.07,5521799064.955014,6379261034.53059,0.3482554469685798,0.13441399637578416,256.06125139999494
14,140,181,China,0.07,5580320029.417114,6379261034.53059,0.35194631735267756,0.1252403688748355,255.18074219999835
14,150,181,China,0.07,5590333529.642476,6379261034.53059,0.35257786079634174,0.12367067292241102,256.74215169998934
14,160,181,China,0.07,5572127313.597641,6379261034.53059,0.3514296093240017,0.12652464236280322,255.55930409999564
14,170,181,China,0.07,5550315655.057344,6379261034.53059,0.3500539654795368,0.12994379364415562,254.66392880000058
15,0,182,Netherlands,0.06,7076398544.377173,7955448567.0879545,0.4438505785775235,0.11049660057478723,218.49370619999536
15,10,182,Netherlands,0.06,7075441711.935778,7955448567.0879545,0.44379056349639834,0.11061687442651624,218.68972730000678
15,20,182,Netherlands,0.06,7087459146.409707,7955448567.0879545,0.4445443290186228,0.10910628273924847,217.77960920000623
15,30,182,Netherlands,0.06,7085627457.905002,7955448567.0879545,0.44442944063331086,0.10933652601079487,218.2198900999938
15,40,182,Netherlands,0.06,7083660972.463644,7955448567.0879545,0.4443060974248359,0.10958371325922898,219.2856657000084
15,50,182,Netherlands,0.06,7085274145.274678,7955448567.0879545,0.44440727992339546,0.10938093741353903,219.6150759000011
15,60,182,Netherlands,0.06,7080401847.490737,7955448567.0879545,0.44410167641946013,0.10999338531548364,219.02803640000639
15,70,182,Netherlands,0.06,7079009071.405013,7955448567.0879545,0.4440143177909713,0.1101684572896129,219.02136650000466
15,80,182,Netherlands,0.06,7083750647.870784,7955448567.0879545,0.44431172210539815,0.10957244105925389,219.36200239999744
15,90,182,Netherlands,0.06,7089263467.37469,7955448567.0879545,0.4446575008388962,0.10887947956784119,219.41777749999892
15,100,182,Netherlands,0.06,7086355671.321162,7955448567.0879545,0.4444751161197979,0.10924498957384608,218.695641600003
15,110,182,Netherlands,0.06,7088677045.198985,7955448567.0879545,0.44462071887694976,0.10895319284381297,218.58663499999966
15,120,182,Netherlands,0.06,7078269753.074616,7955448567.0879545,0.4439679457746636,0.11026138961444185,218.14691330000642
15,130,182,Netherlands,0.06,7073362659.183119,7955448567.0879545,0.4436601597661146,0.1108782113876098,218.96354359999532
15,140,182,Netherlands,0.06,7077586069.364539,7955448567.0879545,0.44392506331003434,0.11034732866669161,218.4113314000133
15,150,182,Netherlands,0.06,7071502489.43688,7955448567.0879545,0.44354348496141804,0.11111203475162906,220.7950337999937
15,160,182,Netherlands,0.06,7069561116.660152,7955448567.0879545,0.4434217168862056,0.11135606533775581,219.43781570000283
15,170,182,Netherlands,0.06,7072445756.63699,7955448567.0879545,0.44360264919445214,0.11099346605092603,219.13435179999215
15,0,182,Netherlands,0.06,7076398544.377173,7955448567.0879545,0.4438505785775235,0.11049660057478723,255.58350310000242
15,10,182,Netherlands,0.06,7075441711.935778,7955448567.0879545,0.44379056349639834,0.11061687442651624,255.8378662000032
15,20,182,Netherlands,0.06,7087459146.409707,7955448567.0879545,0.4445443290186228,0.10910628273924847,254.99619219999295
15,30,182,Netherlands,0.06,7085627457.905002,7955448567.0879545,0.44442944063331086,0.10933652601079487,254.6535264999984
15,40,182,Netherlands,0.06,7083660972.463644,7955448567.0879545,0.4443060974248359,0.10958371325922898,253.94846109999344
15,50,182,Netherlands,0.06,7085274145.274678,7955448567.0879545,0.44440727992339546,0.10938093741353903,254.92071469999792
15,60,182,Netherlands,0.06,7080401847.490737,7955448567.0879545,0.44410167641946013,0.10999338531548364,255.56314489999204
15,70,182,Netherlands,0.06,7079009071.405013,7955448567.0879545,0.4440143177909713,0.1101684572896129,256.5661859999964
15,80,182,Netherlands,0.06,7083750647.870784,7955448567.0879545,0.44431172210539815,0.10957244105925389,256.13489950000076
15,90,182,Netherlands,0.06,7089263467.37469,7955448567.0879545,0.4446575008388962,0.10887947956784119,255.52019859998836
15,100,182,Netherlands,0.06,7086355671.321162,7955448567.0879545,0.4444751161197979,0.10924498957384608,254.8041488000017
15,110,182,Netherlands,0.06,7088677045.198985,7955448567.0879545,0.44462071887694976,0.10895319284381297,255.2590582999983
15,120,182,Netherlands,0.06,7078269753.074616,7955448567.0879545,0.4439679457746636,0.11026138961444185,254.75727040000493
15,130,182,Netherlands,0.06,7073362659.183119,7955448567.0879545,0.4436601597661146,0.1108782113876098,254.1778309999936
15,140,182,Netherlands,0.06,7077586069.364539,7955448567.0879545,0.44392506331003434,0.11034732866669161,254.89765890000854
15,150,182,Netherlands,0.06,7071502489.43688,7955448567.0879545,0.44354348496141804,0.11111203475162906,256.3587234000006
15,160,182,Netherlands,0.06,7069561116.660152,7955448567.0879545,0.4434217168862056,0.11135606533775581,255.724194800001
15,170,182,Netherlands,0.06,7072445756.63699,7955448567.0879545,0.44360264919445214,0.11099346605092603,252.19503899999836
15,0,182,Netherlands,0.06,7076398544.377173,7955448567.0879545,0.4438505785775235,0.11049660057478723,258.5164993000071
15,10,182,Netherlands,0.06,7075441711.935778,7955448567.0879545,0.44379056349639834,0.11061687442651624,258.0262478000077
15,20,182,Netherlands,0.06,7087459146.409707,7955448567.0879545,0.4445443290186228,0.10910628273924847,258.235482899996
15,30,182,Netherlands,0.06,7085627457.905002,7955448567.0879545,0.44442944063331086,0.10933652601079487,257.0851196000003
15,40,182,Netherlands,0.06,7083660972.463644,7955448567.0879545,0.4443060974248359,0.10958371325922898,257.31185850000475
15,50,182,Netherlands,0.06,7085274145.274678,7955448567.0879545,0.44440727992339546,0.10938093741353903,258.6474378999992
15,60,182,Netherlands,0.06,7080401847.490737,7955448567.0879545,0.44410167641946013,0.10999338531548364,258.8550280999916
15,70,182,Netherlands,0.06,7079009071.405013,7955448567.0879545,0.4440143177909713,0.1101684572896129,257.20482620000257
15,80,182,Netherlands,0.06,7083750647.870784,7955448567.0879545,0.44431172210539815,0.10957244105925389,258.1361704999872
15,90,182,Netherlands,0.06,7089263467.37469,7955448567.0879545,0.4446575008388962,0.10887947956784119,257.90826260000176
15,100,182,Netherlands,0.06,7086355671.321162,7955448567.0879545,0.4444751161197979,0.10924498957384608,257.68779240000003
15,110,182,Netherlands,0.06,7088677045.198985,7955448567.0879545,0.44462071887694976,0.10895319284381297,257.2380825
15,120,182,Netherlands,0.06,7078269753.074616,7955448567.0879545,0.4439679457746636,0.11026138961444185,257.406110099997
15,130,182,Netherlands,0.06,7073362659.183119,7955448567.0879545,0.4436601597661146,0.1108782113876098,256.80727400000615
15,140,182,Netherlands,0.06,7077586069.364539,7955448567.0879545,0.44392506331003434,0.11034732866669161,259.0646643000073
15,150,182,Netherlands,0.06,7071502489.43688,7955448567.0879545,0.44354348496141804,0.11111203475162906,258.3057115999982
15,160,182,Netherlands,0.06,7069561116.660152,7955448567.0879545,0.4434217168862056,0.11135606533775581,256.2037931000086
15,170,182,Netherlands,0.06,7072445756.63699,7955448567.0879545,0.44360264919445214,0.11099346605092603,205.19655330000387
15,0,182,Netherlands,0.06,7076398544.377173,7955448567.0879545,0.4438505785775235,0.11049660057478723,254.55146859999513
15,10,182,Netherlands,0.06,7075441711.935778,7955448567.0879545,0.44379056349639834,0.11061687442651624,254.0122546000057
15,20,182,Netherlands,0.06,7087459146.409707,7955448567.0879545,0.4445443290186228,0.10910628273924847,255.41308810000191
15,30,182,Netherlands,0.06,7085627457.905002,7955448567.0879545,0.44442944063331086,0.10933652601079487,256.37206730000617
15,40,182,Netherlands,0.06,7083660972.463644,7955448567.0879545,0.4443060974248359,0.10958371325922898,254.65880590000597
15,50,182,Netherlands,0.06,7085274145.274678,7955448567.0879545,0.44440727992339546,0.10938093741353903,254.92806839999685
15,60,182,Netherlands,0.06,7080401847.490737,7955448567.0879545,0.44410167641946013,0.10999338531548364,256.40316970000276
15,70,182,Netherlands,0.06,7079009071.405013,7955448567.0879545,0.4440143177909713,0.1101684572896129,254.52825160000066
15,80,182,Netherlands,0.06,7083750647.870784,7955448567.0879545,0.44431172210539815,0.10957244105925389,255.19373080000514
15,90,182,Netherlands,0.06,7089263467.37469,7955448567.0879545,0.4446575008388962,0.10887947956784119,254.33264839999902
15,100,182,Netherlands,0.06,7086355671.321162,7955448567.0879545,0.4444751161197979,0.10924498957384608,254.19499689999793
15,110,182,Netherlands,0.06,7088677045.198985,7955448567.0879545,0.44462071887694976,0.10895319284381297,254.00358669999696
15,120,182,Netherlands,0.06,7078269753.074616,7955448567.0879545,0.4439679457746636,0.11026138961444185,257.2067042999988
15,130,182,Netherlands,0.06,7073362659.183119,7955448567.0879545,0.4436601597661146,0.1108782113876098,255.4141579999996
15,140,182,Netherlands,0.06,7077586069.364539,7955448567.0879545,0.44392506331003434,0.11034732866669161,226.38197459999355
15,150,182,Netherlands,0.06,7071502489.43688,7955448567.0879545,0.44354348496141804,0.11111203475162906,202.24594359999173
15,160,182,Netherlands,0.06,7069561116.660152,7955448567.0879545,0.4434217168862056,0.11135606533775581,203.53804810000292
15,170,182,Netherlands,0.06,7072445756.63699,7955448567.0879545,0.44360264919445214,0.11099346605092603,202.9979905999935
15,0,182,Netherlands,0.06,7076398544.377173,7955448567.0879545,0.4438505785775235,0.11049660057478723,255.59469509999326
15,10,182,Netherlands,0.06,7075441711.935778,7955448567.0879545,0.44379056349639834,0.11061687442651624,255.14314040000318
15,20,182,Netherlands,0.06,7087459146.409707,7955448567.0879545,0.4445443290186228,0.10910628273924847,257.2557477000082
15,30,182,Netherlands,0.06,7085627457.905002,7955448567.0879545,0.44442944063331086,0.10933652601079487,256.75136249999923
15,40,182,Netherlands,0.06,7083660972.463644,7955448567.0879545,0.4443060974248359,0.10958371325922898,258.1097712000046
15,50,182,Netherlands,0.06,7085274145.274678,7955448567.0879545,0.44440727992339546,0.10938093741353903,256.858252200007
15,60,182,Netherlands,0.06,7080401847.490737,7955448567.0879545,0.44410167641946013,0.10999338531548364,255.8690617000102
15,70,182,Netherlands,0.06,7079009071.405013,7955448567.0879545,0.4440143177909713,0.1101684572896129,256.4447666000051
15,80,182,Netherlands,0.06,7083750647.870784,7955448567.0879545,0.44431172210539815,0.10957244105925389,255.73207340000954
15,90,182,Netherlands,0.06,7089263467.37469,7955448567.0879545,0.4446575008388962,0.10887947956784119,255.24973640000098
15,100,182,Netherlands,0.06,7086355671.321162,7955448567.0879545,0.4444751161197979,0.10924498957384608,256.0942617999972
15,110,182,Netherlands,0.06,7088677045.198985,7955448567.0879545,0.44462071887694976,0.10895319284381297,258.00737940000545
15,120,182,Netherlands,0.06,7078269753.074616,7955448567.0879545,0.4439679457746636,0.11026138961444185,256.1815340999892
15,130,182,Netherlands,0.06,7073362659.183119,7955448567.0879545,0.4436601597661146,0.1108782113876098,257.35146829999576
15,140,182,Netherlands,0.06,7077586069.364539,7955448567.0879545,0.44392506331003434,0.11034732866669161,210.34222939999017
15,150,182,Netherlands,0.06,7071502489.43688,7955448567.0879545,0.44354348496141804,0.11111203475162906,204.1724377000064
15,160,182,Netherlands,0.06,7069561116.660152,7955448567.0879545,0.4434217168862056,0.11135606533775581,203.65526339999633
15,170,182,Netherlands,0.06,7072445756.63699,7955448567.0879545,0.44360264919445214,0.11099346605092603,204.2542140000005
15,0,182,Netherlands,0.06,7076398544.377173,7955448567.0879545,0.4438505785775235,0.11049660057478723,254.74775909999153
15,10,182,Netherlands,0.06,7075441711.935778,7955448567.0879545,0.44379056349639834,0.11061687442651624,257.05301170000166
15,20,182,Netherlands,0.06,7087459146.409707,7955448567.0879545,0.4445443290186228,0.10910628273924847,257.046491400004
15,30,182,Netherlands,0.06,7085627457.905002,7955448567.0879545,0.44442944063331086,0.10933652601079487,257.2312843999971
15,40,182,Netherlands,0.06,7083660972.463644,7955448567.0879545,0.4443060974248359,0.10958371325922898,256.4567765999964
15,50,182,Netherlands,0.06,7085274145.274678,7955448567.0879545,0.44440727992339546,0.10938093741353903,256.16096419999667
15,60,182,Netherlands,0.06,7080401847.490737,7955448567.0879545,0.44410167641946013,0.10999338531548364,254.93754780000017
15,70,182,Netherlands,0.06,7079009071.405013,7955448567.0879545,0.4440143177909713,0.1101684572896129,255.89205189999484
15,80,182,Netherlands,0.06,7083750647.870784,7955448567.0879545,0.44431172210539815,0.10957244105925389,256.02723459999834
15,90,182,Netherlands,0.06,7089263467.37469,7955448567.0879545,0.4446575008388962,0.10887947956784119,256.0234441000066
15,100,182,Netherlands,0.06,7086355671.321162,7955448567.0879545,0.4444751161197979,0.10924498957384608,257.9520833000133
15,110,182,Netherlands,0.06,7088677045.198985,7955448567.0879545,0.44462071887694976,0.10895319284381297,256.33830610000587
15,120,182,Netherlands,0.06,7078269753.074616,7955448567.0879545,0.4439679457746636,0.11026138961444185,254.76985639998748
15,130,182,Netherlands,0.06,7073362659.183119,7955448567.0879545,0.4436601597661146,0.1108782113876098,204.1237584999908
15,140,182,Netherlands,0.06,7077586069.364539,7955448567.0879545,0.44392506331003434,0.11034732866669161,203.8165869999939
15,150,182,Netherlands,0.06,7071502489.43688,7955448567.0879545,0.44354348496141804,0.11111203475162906,203.88670639999327
15,160,182,Netherlands,0.06,7069561116.660152,7955448567.0879545,0.4434217168862056,0.11135606533775581,204.06208879999758
15,170,182,Netherlands,0.06,7072445756.63699,7955448567.0879545,0.44360264919445214,0.11099346605092603,205.73193359999277
15,0,182,Netherlands,0.06,7076398544.377173,7955448567.0879545,0.4438505785775235,0.11049660057478723,255.4846472000063
15,10,182,Netherlands,0.06,7075441711.935778,7955448567.0879545,0.44379056349639834,0.11061687442651624,256.9535240999976
15,20,182,Netherlands,0.06,7087459146.409707,7955448567.0879545,0.4445443290186228,0.10910628273924847,257.8917771000124
15,30,182,Netherlands,0.06,7085627457.905002,7955448567.0879545,0.44442944063331086,0.10933652601079487,256.64015500000096
15,40,182,Netherlands,0.06,7083660972.463644,7955448567.0879545,0.4443060974248359,0.10958371325922898,258.781528099993
15,50,182,Netherlands,0.06,7085274145.274678,7955448567.0879545,0.44440727992339546,0.10938093741353903,257.2235129999899
15,60,182,Netherlands,0.06,7080401847.490737,7955448567.0879545,0.44410167641946013,0.10999338531548364,255.50965339998947
15,70,182,Netherlands,0.06,7079009071.405013,7955448567.0879545,0.4440143177909713,0.1101684572896129,255.83790659999067
15,80,182,Netherlands,0.06,7083750647.870784,7955448567.0879545,0.44431172210539815,0.10957244105925389,256.03691899999103
15,90,182,Netherlands,0.06,7089263467.37469,7955448567.0879545,0.4446575008388962,0.10887947956784119,256.21423009999853
15,100,182,Netherlands,0.06,7086355671.321162,7955448567.0879545,0.4444751161197979,0.10924498957384608,257.95813629998884
15,110,182,Netherlands,0.06,7088677045.198985,7955448567.0879545,0.44462071887694976,0.10895319284381297,256.42907900000864
15,120,182,Netherlands,0.06,7078269753.074616,7955448567.0879545,0.4439679457746636,0.11026138961444185,246.610897999999
15,130,182,Netherlands,0.06,7073362659.183119,7955448567.0879545,0.4436601597661146,0.1108782113876098,202.9880725999974
15,140,182,Netherlands,0.06,7077586069.364539,7955448567.0879545,0.44392506331003434,0.11034732866669161,203.7864530999941
15,150,182,Netherlands,0.06,7071502489.43688,7955448567.0879545,0.44354348496141804,0.11111203475162906,204.1916532999894
15,160,182,Netherlands,0.06,7069561116.660152,7955448567.0879545,0.4434217168862056,0.11135606533775581,204.85142130000168
15,170,182,Netherlands,0.06,7072445756.63699,7955448567.0879545,0.44360264919445214,0.11099346605092603,201.51054869999643
15,0,182,Netherlands,0.06,7076398544.377173,7955448567.0879545,0.4438505785775235,0.11049660057478723,256.73833490000106
15,10,182,Netherlands,0.06,7075441711.935778,7955448567.0879545,0.44379056349639834,0.11061687442651624,258.34203840000555
15,20,182,Netherlands,0.06,7087459146.409707,7955448567.0879545,0.4445443290186228,0.10910628273924847,257.1147299000004
15,30,182,Netherlands,0.06,7085627457.905002,7955448567.0879545,0.44442944063331086,0.10933652601079487,256.27119119999406
15,40,182,Netherlands,0.06,7083660972.463644,7955448567.0879545,0.4443060974248359,0.10958371325922898,256.7300646000076
15,50,182,Netherlands,0.06,7085274145.274678,7955448567.0879545,0.44440727992339546,0.10938093741353903,256.4915229999897
15,60,182,Netherlands,0.06,7080401847.490737,7955448567.0879545,0.44410167641946013,0.10999338531548364,256.53584630000114
15,70,182,Netherlands,0.06,7079009071.405013,7955448567.0879545,0.4440143177909713,0.1101684572896129,259.53754999999364
15,80,182,Netherlands,0.06,7083750647.870784,7955448567.0879545,0.44431172210539815,0.10957244105925389,256.3751925000106
15,90,182,Netherlands,0.06,7089263467.37469,7955448567.0879545,0.4446575008388962,0.10887947956784119,230.7102651000023
15,100,182,Netherlands,0.06,7086355671.321162,7955448567.0879545,0.4444751161197979,0.10924498957384608,203.55154470000707
15,110,182,Netherlands,0.06,7088677045.198985,7955448567.0879545,0.44462071887694976,0.10895319284381297,204.9102966999926
15,120,182,Netherlands,0.06,7078269753.074616,7955448567.0879545,0.4439679457746636,0.11026138961444185,203.80783380000503
15,130,182,Netherlands,0.06,7073362659.183119,7955448567.0879545,0.4436601597661146,0.1108782113876098,206.24493050000456
15,140,182,Netherlands,0.06,7077586069.364539,7955448567.0879545,0.44392506331003434,0.11034732866669161,194.4434925999958
15,150,182,Netherlands,0.06,7071502489.43688,7955448567.0879545,0.44354348496141804,0.11111203475162906,194.79809519999253
15,160,182,Netherlands,0.06,7069561116.660152,7955448567.0879545,0.4434217168862056,0.11135606533775581,206.86338350000733
15,170,182,Netherlands,0.06,7072445756.63699,7955448567.0879545,0.44360264919445214,0.11099346605092603,241.85234870000568
15,0,182,Netherlands,0.06,7076398544.377173,7955448567.0879545,0.4438505785775235,0.11049660057478723,256.70405929999833
15,10,182,Netherlands,0.06,7075441711.935778,7955448567.0879545,0.44379056349639834,0.11061687442651624,256.50046889999066
15,20,182,Netherlands,0.06,7087459146.409707,7955448567.0879545,0.4445443290186228,0.10910628273924847,255.9290917999897
15,30,182,Netherlands,0.06,7085627457.905002,7955448567.0879545,0.44442944063331086,0.10933652601079487,255.906913800005
15,40,182,Netherlands,0.06,7083660972.463644,7955448567.0879545,0.4443060974248359,0.10958371325922898,258.1230344000069
15,50,182,Netherlands,0.06,7085274145.274678,7955448567.0879545,0.44440727992339546,0.10938093741353903,257.34855419999803
15,60,182,Netherlands,0.06,7080401847.490737,7955448567.0879545,0.44410167641946013,0.10999338531548364,257.7064245999936
15,70,182,Netherlands,0.06,7079009071.405013,7955448567.0879545,0.4440143177909713,0.1101684572896129,209.921379300009
15,80,182,Netherlands,0.06,7083750647.870784,7955448567.0879545,0.44431172210539815,0.10957244105925389,204.70094450000033
15,90,182,Netherlands,0.06,7089263467.37469,7955448567.0879545,0.4446575008388962,0.10887947956784119,204.90245480000158
15,100,182,Netherlands,0.06,7086355671.321162,7955448567.0879545,0.4444751161197979,0.10924498957384608,204.8392584000103
15,110,182,Netherlands,0.06,7088677045.198985,7955448567.0879545,0.44462071887694976,0.10895319284381297,206.35645780000777
15,120,182,Netherlands,0.06,7078269753.074616,7955448567.0879545,0.4439679457746636,0.11026138961444185,186.19378750000033
15,130,182,Netherlands,0.06,7073362659.183119,7955448567.0879545,0.4436601597661146,0.1108782113876098,204.92063510000298
15,140,182,Netherlands,0.06,7077586069.364539,7955448567.0879545,0.44392506331003434,0.11034732866669161,206.71459259999392
15,150,182,Netherlands,0.06,7071502489.43688,7955448567.0879545,0.44354348496141804,0.11111203475162906,250.3156011000101
15,160,182,Netherlands,0.06,7069561116.660152,7955448567.0879545,0.4434217168862056,0.11135606533775581,244.57128810000722
15,170,182,Netherlands,0.06,7072445756.63699,7955448567.0879545,0.44360264919445214,0.11099346605092603,237.29080259999319
13,0,215,United Kingdom,0.06,6743150724.903787,8895224525.375904,0.3580307276682482,0.24193586056571997,253.98921040000278
13,10,215,United Kingdom,0.06,6710513382.024377,8895224525.375904,0.3562978327505775,0.24560494646527242,254.71965260000434
13,20,215,United Kingdom,0.06,6703866244.342784,8895224525.375904,0.35594489988015204,0.24635221683069494,256.5915701000049
13,30,215,United Kingdom,0.06,6721738944.193107,8895224525.375904,0.3568938592010782,0.2443429702063589,234.34114790000604
13,40,215,United Kingdom,0.06,6690452171.925894,8895224525.375904,0.35523267345895154,0.24786022513094896,257.04017579999345
13,50,215,United Kingdom,0.06,6697736043.11326,8895224525.375904,0.35561941399135927,0.24704137326649211,290.8142044999986
13,60,215,United Kingdom,0.06,6736268952.458884,8895224525.375904,0.3576653367558078,0.24270950854113313,302.1475793999998
13,70,215,United Kingdom,0.06,6721275914.223389,8895224525.375904,0.3568692744092274,0.2443950239761538,290.48678059999656
13,80,215,United Kingdom,0.06,6732994359.627157,8895224525.375904,0.3574914707246022,0.24307763784718778,270.54880910000065
13,90,215,United Kingdom,0.06,6770153609.709031,8895224525.375904,0.35946445841080127,0.2389001997200368,260.2827904000005
13,100,215,United Kingdom,0.06,6744655143.176369,8895224525.375904,0.35811060545695916,0.2417667340565138,237.96638019999955
13,110,215,United Kingdom,0.06,6740823583.405491,8895224525.375904,0.35790716700676917,0.24219747751441612,225.5985159999982
13,120,215,United Kingdom,0.06,6760570575.870894,8895224525.375904,0.3589556427668522,0.23997752315474027,224.57945000000473
13,130,215,United Kingdom,0.06,6724565719.662212,8895224525.375904,0.3570439481608905,0.2440251844707609,222.83395620000374
13,140,215,United Kingdom,0.06,6721212148.476241,8895224525.375904,0.3568658887371903,0.2444021925132678,224.39289809999173
13,150,215,United Kingdom,0.06,6746103895.15638,8895224525.375904,0.3581875276179452,0.2416038655447772,245.28024310000183
13,160,215,United Kingdom,0.06,6715671838.634779,8895224525.375904,0.35657172340632787,0.24502503343489457,497.752705100007
13,170,215,United Kingdom,0.06,6716711421.52051,8895224525.375904,0.35662692054372463,0.24490816366024581,451.04391829999804
13,0,215,United Kingdom,0.06,6743150724.903787,8895224525.375904,0.3580307276682482,0.24193586056571997,253.24414780001098
13,10,215,United Kingdom,0.06,6710513382.024377,8895224525.375904,0.3562978327505775,0.24560494646527242,232.35670779999055
13,20,215,United Kingdom,0.06,6703866244.342784,8895224525.375904,0.35594489988015204,0.24635221683069494,253.91700030000356
13,30,215,United Kingdom,0.06,6721738944.193107,8895224525.375904,0.3568938592010782,0.2443429702063589,286.46750669999165
13,40,215,United Kingdom,0.06,6690452171.925894,8895224525.375904,0.35523267345895154,0.24786022513094896,301.5754673999909
13,50,215,United Kingdom,0.06,6697736043.11326,8895224525.375904,0.35561941399135927,0.24704137326649211,290.2066361999896
13,60,215,United Kingdom,0.06,6736268952.458884,8895224525.375904,0.3576653367558078,0.24270950854113313,268.0562828999973
13,70,215,United Kingdom,0.06,6721275914.223389,8895224525.375904,0.3568692744092274,0.2443950239761538,259.63448160000553
13,80,215,United Kingdom,0.06,6732994359.627157,8895224525.375904,0.3574914707246022,0.24307763784718778,236.504887099989
13,90,215,United Kingdom,0.06,6770153609.709031,8895224525.375904,0.35946445841080127,0.2389001997200368,224.1995881999901
13,100,215,United Kingdom,0.06,6744655143.176369,8895224525.375904,0.35811060545695916,0.2417667340565138,220.67894949999754
13,110,215,United Kingdom,0.06,6740823583.405491,8895224525.375904,0.35790716700676917,0.24219747751441612,222.33255510000163
13,120,215,United Kingdom,0.06,6760570575.870894,8895224525.375904,0.3589556427668522,0.23997752315474027,222.8626884999976
13,130,215,United Kingdom,0.06,6724565719.662212,8895224525.375904,0.3570439481608905,0.2440251844707609,231.10492870000598
13,140,215,United Kingdom,0.06,6721212148.476241,8895224525.375904,0.3568658887371903,0.2444021925132678,478.2853283000004
13,150,215,United Kingdom,0.06,6746103895.15638,8895224525.375904,0.3581875276179452,0.2416038655447772,439.865286500004
13,160,215,United Kingdom,0.06,6715671838.634779,8895224525.375904,0.35657172340632787,0.24502503343489457,434.99539090000326
13,170,215,United Kingdom,0.06,6716711421.52051,8895224525.375904,0.35662692054372463,0.24490816366024581,382.4890679000091
13,0,215,United Kingdom,0.06,6743150724.903787,8895224525.375904,0.3580307276682482,0.24193586056571997,252.447932199997
13,10,215,United Kingdom,0.06,6710513382.024377,8895224525.375904,0.3562978327505775,0.24560494646527242,230.76746990000538
13,20,215,United Kingdom,0.06,6703866244.342784,8895224525.375904,0.35594489988015204,0.24635221683069494,261.3442364000075
13,30,215,United Kingdom,0.06,6721738944.193107,8895224525.375904,0.3568938592010782,0.2443429702063589,299.40060140000423
13,40,215,United Kingdom,0.06,6690452171.925894,8895224525.375904,0.35523267345895154,0.24786022513094896,303.31378580001183
13,50,215,United Kingdom,0.06,6697736043.11326,8895224525.375904,0.35561941399135927,0.24704137326649211,281.9869248000032
13,60,215,United Kingdom,0.06,6736268952.458884,8895224525.375904,0.3576653367558078,0.24270950854113313,267.2842396000051
13,70,215,United Kingdom,0.06,6721275914.223389,8895224525.375904,0.3568692744092274,0.2443950239761538,256.06805039999017
13,80,215,United Kingdom,0.06,6732994359.627157,8895224525.375904,0.3574914707246022,0.24307763784718778,231.90013799999724
13,90,215,United Kingdom,0.06,6770153609.709031,8895224525.375904,0.35946445841080127,0.2389001997200368,224.2741481999983
13,100,215,United Kingdom,0.06,6744655143.176369,8895224525.375904,0.35811060545695916,0.2417667340565138,224.9530359000055
13,110,215,United Kingdom,0.06,6740823583.405491,8895224525.375904,0.35790716700676917,0.24219747751441612,222.09478970000055
13,120,215,United Kingdom,0.06,6760570575.870894,8895224525.375904,0.3589556427668522,0.23997752315474027,225.21392700000433
13,130,215,United Kingdom,0.06,6724565719.662212,8895224525.375904,0.3570439481608905,0.2440251844707609,287.2381866999931
13,140,215,United Kingdom,0.06,6721212148.476241,8895224525.375904,0.3568658887371903,0.2444021925132678,501.33782350001275
13,150,215,United Kingdom,0.06,6746103895.15638,8895224525.375904,0.3581875276179452,0.2416038655447772,449.481915700002
13,160,215,United Kingdom,0.06,6715671838.634779,8895224525.375904,0.35657172340632787,0.24502503343489457,409.9944292999862
13,170,215,United Kingdom,0.06,6716711421.52051,8895224525.375904,0.35662692054372463,0.24490816366024581,391.3647684000025
13,0,215,United Kingdom,0.06,6743150724.903787,8895224525.375904,0.3580307276682482,0.24193586056571997,233.38609710001037
13,10,215,United Kingdom,0.06,6710513382.024377,8895224525.375904,0.3562978327505775,0.24560494646527242,262.59139029998914
13,20,215,United Kingdom,0.06,6703866244.342784,8895224525.375904,0.35594489988015204,0.24635221683069494,302.6562479999993
13,30,215,United Kingdom,0.06,6721738944.193107,8895224525.375904,0.3568938592010782,0.2443429702063589,305.1645838999975
13,40,215,United Kingdom,0.06,6690452171.925894,8895224525.375904,0.35523267345895154,0.24786022513094896,279.3634657000075
13,50,215,United Kingdom,0.06,6697736043.11326,8895224525.375904,0.35561941399135927,0.24704137326649211,269.7889567000093
13,60,215,United Kingdom,0.06,6736268952.458884,8895224525.375904,0.3576653367558078,0.24270950854113313,252.872383000009
13,70,215,United Kingdom,0.06,6721275914.223389,8895224525.375904,0.3568692744092274,0.2443950239761538,231.66267920000246
13,80,215,United Kingdom,0.06,6732994359.627157,8895224525.375904,0.3574914707246022,0.24307763784718778,223.84537769999588
13,90,215,United Kingdom,0.06,6770153609.709031,8895224525.375904,0.35946445841080127,0.2389001997200368,226.30828360001033
13,100,215,United Kingdom,0.06,6744655143.176369,8895224525.375904,0.35811060545695916,0.2417667340565138,222.35394880000968
13,110,215,United Kingdom,0.06,6740823583.405491,8895224525.375904,0.35790716700676917,0.24219747751441612,226.9734815999982
13,120,215,United Kingdom,0.06,6760570575.870894,8895224525.375904,0.3589556427668522,0.23997752315474027,324.0209044999938
13,130,215,United Kingdom,0.06,6724565719.662212,8895224525.375904,0.3570439481608905,0.2440251844707609,491.659141600001
13,140,215,United Kingdom,0.06,6721212148.476241,8895224525.375904,0.3568658887371903,0.2444021925132678,459.2541177999956
13,150,215,United Kingdom,0.06,6746103895.15638,8895224525.375904,0.3581875276179452,0.2416038655447772,399.30240609998873
13,160,215,United Kingdom,0.06,6715671838.634779,8895224525.375904,0.35657172340632787,0.24502503343489457,392.29630590000306
13,170,215,United Kingdom,0.06,6716711421.52051,8895224525.375904,0.35662692054372463,0.24490816366024581,436.3256449000037
13,0,215,United Kingdom,0.06,6743150724.903787,8895224525.375904,0.3580307276682482,0.24193586056571997,301.8330050000077
13,10,215,United Kingdom,0.06,6710513382.024377,8895224525.375904,0.3562978327505775,0.24560494646527242,290.1396950000053
13,20,215,United Kingdom,0.06,6703866244.342784,8895224525.375904,0.35594489988015204,0.24635221683069494,269.9323571999994
13,30,215,United Kingdom,0.06,6721738944.193107,8895224525.375904,0.3568938592010782,0.2443429702063589,259.5959251000022
13,40,215,United Kingdom,0.06,6690452171.925894,8895224525.375904,0.35523267345895154,0.24786022513094896,237.2962819999957
13,50,215,United Kingdom,0.06,6697736043.11326,8895224525.375904,0.35561941399135927,0.24704137326649211,225.07404880000104
13,60,215,United Kingdom,0.06,6736268952.458884,8895224525.375904,0.3576653367558078,0.24270950854113313,223.56139089999488
13,70,215,United Kingdom,0.06,6721275914.223389,8895224525.375904,0.3568692744092274,0.2443950239761538,222.965752300006
13,80,215,United Kingdom,0.06,6732994359.627157,8895224525.375904,0.3574914707246022,0.24307763784718778,224.40267999999924
13,90,215,United Kingdom,0.06,6770153609.709031,8895224525.375904,0.35946445841080127,0.2389001997200368,240.69857809999667
13,100,215,United Kingdom,0.06,6744655143.176369,8895224525.375904,0.35811060545695916,0.2417667340565138,496.8768038999988
13,110,215,United Kingdom,0.06,6740823583.405491,8895224525.375904,0.35790716700676917,0.24219747751441612,445.48860029999923
13,120,215,United Kingdom,0.06,6760570575.870894,8895224525.375904,0.3589556427668522,0.23997752315474027,427.93899379999493
13,130,215,United Kingdom,0.06,6724565719.662212,8895224525.375904,0.3570439481608905,0.2440251844707609,382.527287600009
13,140,215,United Kingdom,0.06,6721212148.476241,8895224525.375904,0.3568658887371903,0.2444021925132678,427.09858720000193
13,150,215,United Kingdom,0.06,6746103895.15638,8895224525.375904,0.3581875276179452,0.2416038655447772,424.50679470000614
13,160,215,United Kingdom,0.06,6715671838.634779,8895224525.375904,0.35657172340632787,0.24502503343489457,446.9168989000027
13,170,215,United Kingdom,0.06,6716711421.52051,8895224525.375904,0.35662692054372463,0.24490816366024581,461.04805569999735
12,0,244,China,0.09,7914044986.863618,9001828321.605032,0.37025811189383645,0.12084026665234841,97.73110420000012
12,10,244,China,0.09,7896448478.455379,9001828321.605032,0.36943486032147704,0.12279503714780504,105.02041729999974
12,20,244,China,0.09,7975329171.256496,9001828321.605032,0.3731252887218587,0.11403229584870711,104.05834859999959
12,30,244,China,0.09,8020316860.6566725,9001828321.605032,0.3752300350258567,0.10903467894323887,106.98039560000007
12,40,244,China,0.09,8061594381.431875,9001828321.605032,0.37716120131708375,0.10444921926766011,104.41333799999984
12,50,244,China,0.09,8125147215.021253,9001828321.605032,0.38013451675935944,0.09738922752833243,101.51883020000014
12,60,244,China,0.09,8157665338.0707855,9001828321.605032,0.3816558751623805,0.09377683659087287,102.5962212999998
12,70,244,China,0.09,8014735442.747655,9001828321.605032,0.37496890872949207,0.10965471053122436,102.42851569999993
12,80,244,China,0.09,7460153747.354553,9001828321.605032,0.3490228379442021,0.17126238350384326,102.56998029999977
12,90,244,China,0.09,6523466231.885162,9001828321.605032,0.30519996967798685,0.27531763561538086,100.72928830000001
12,100,244,China,0.09,6252306481.204006,9001828321.605032,0.29251377728516387,0.3054403774622069,97.41836009999997
12,110,244,China,0.09,6909196658.155272,9001828321.605032,0.3232463441385616,0.23246740425245555,96.7255353999999
12,120,244,China,0.09,7449536020.612605,9001828321.605032,0.3485260882463417,0.17244189130632656,96.4006730000001
12,130,244,China,0.09,7757918428.238387,9001828321.605032,0.3629537403734555,0.13818413870226476,96.22727780000014
12,140,244,China,0.09,7920983003.839474,9001828321.605032,0.3705827065947804,0.12006953244947498,96.2795672999996
12,150,244,China,0.09,7934027549.975314,9001828321.605032,0.37119299488992974,0.11862043281440056,96.46825050000007
12,160,244,China,0.09,7921436132.450395,9001828321.605032,0.37060390618919803,0.12001919505192282,97.11837640000022
12,170,244,China,0.09,7944032230.112303,9001828321.605032,0.3716610632397776,0.11750902746655842,96.65436810000028
10,0,246,United Kingdom,0.06,11029475545.297915,12019222980.309616,0.5118181100947542,0.0823470399570044,101.71757520000028
10,10,246,United Kingdom,0.06,11013168573.505064,12019222980.309616,0.5110613920214326,0.08370378088938958,99.1164562999993
10,20,246,United Kingdom,0.06,11010220579.333368,12019222980.309616,0.5109245916088172,0.08394905416342112,98.06729670000004
10,30,246,United Kingdom,0.06,10978224785.863234,12019222980.309616,0.5094398404547292,0.08661110590524766,114.43628330000047
10,40,246,United Kingdom,0.06,10965391733.622759,12019222980.309616,0.5088443281370773,0.08767881654357247,122.58031870000013
10,50,246,United Kingdom,0.06,10987684673.816824,12019222980.309616,0.5098788225218484,0.0858240427174619,115.11815099999967
10,60,246,United Kingdom,0.06,11003419680.984396,12019222980.309616,0.5106089988205997,0.08451488927273841,123.23859940000057
10,70,246,United Kingdom,0.06,11024556921.42946,12019222980.309616,0.5115898634512688,0.08275626972805632,134.19879459999993
10,80,246,United Kingdom,0.06,11021013296.61506,12019222980.309616,0.5114254230526349,0.08305109950367534,141.0521144000004
10,90,246,United Kingdom,0.06,11026630686.213655,12019222980.309616,0.5116860956218982,0.08258373238620051,126.02989609999986
10,100,246,United Kingdom,0.06,11019924128.117794,12019222980.309616,0.5113748806529028,0.08314171838137244,260.53059119999944
10,110,246,United Kingdom,0.06,11008173552.326263,12019222980.309616,0.5108296001933337,0.08411936692078142,198.46914190000007
10,120,246,United Kingdom,0.06,11011908893.708881,12019222980.309616,0.5110029371175744,0.0838085863163499,406.02997290000076
10,130,246,United Kingdom,0.06,10994423661.387684,12019222980.309616,0.5101915423668042,0.0852633585882216,383.57616419999977
10,140,246,United Kingdom,0.06,11016340220.70635,12019222980.309616,0.5112085709575283,0.08343989967123744,391.18089730000065
10,150,246,United Kingdom,0.06,11007519447.94794,12019222980.309616,0.5107992467585449,0.0841737884403251,364.65757100000064
10,160,246,United Kingdom,0.06,11032177717.026846,12019222980.309616,0.5119435032217232,0.08212221912346482,337.04575920000025
10,170,246,United Kingdom,0.06,11009239202.692959,12019222980.309616,0.5108790512442439,0.08403070475281589,351.16563940000015
11,0,246,Germany,0.06,10082501370.86461,12184838879.979006,0.46787417728703135,0.17253716112477782,361.1895030000005
11,10,246,Germany,0.06,10120387985.462795,12184838879.979006,0.4696322894839252,0.16942783690872798,356.14624119999826
11,20,246,Germany,0.06,10076666605.819498,12184838879.979006,0.4676034175028538,0.17301601563426994,344.7616216000006
11,30,246,Germany,0.06,10073245434.922276,12184838879.979006,0.4674446595260365,0.17329678839876203,303.7881887000003
11,40,246,Germany,0.06,10053745655.295149,12184838879.979006,0.46653978056646755,0.17489711974652952,310.82321310000043
11,50,246,Germany,0.06,10039871604.551704,12184838879.979006,0.4658959611571307,0.1760357520157047,159.13706599999932
11,60,246,Germany,0.06,10024069955.863884,12184838879.979006,0.4651626923870459,0.1773325807094172,141.79516680000052
11,70,246,Germany,0.06,10032811309.372725,12184838879.979006,0.4655683311696145,0.17661518480497046,222.77088589999948
11,80,246,Germany,0.06,10039847520.895437,12184838879.979006,0.46589484356533006,0.17603772854214914,351.49228980000044
11,90,246,Germany,0.06,10024735298.014753,12184838879.979006,0.46519356730587824,0.17727797661022288,363.41460749999897
11,100,246,Germany,0.06,10050390807.955696,12184838879.979006,0.46638410030607047,0.17517244938958004,285.6485666999997
11,110,246,Germany,0.06,10000136547.37012,12184838879.979006,0.4640520727702658,0.17929677643900457,388.60604129999956
11,120,246,Germany,0.06,10014559137.00032,12184838879.979006,0.4647213468927646,0.17811312602127938,388.1892086000007
11,130,246,Germany,0.06,10022439230.152845,12184838879.979006,0.4650870192557099,0.17746641306675087,341.8820448000006
11,140,246,Germany,0.06,10050006194.745295,12184838879.979006,0.46636625249402747,0.17520401428872973,394.7022804999997
11,150,246,Germany,0.06,10062779821.601465,12184838879.979006,0.4669590072020578,0.17415569292953972,395.1656944000006
11,160,246,Germany,0.06,10079979855.488636,12184838879.979006,0.4677571674410957,0.17274409987881567,174.40886570000112
11,170,246,Germany,0.06,10094458522.794794,12184838879.979006,0.4684290438242378,0.17155584721099024,100.8264577000009
9,0,267,United Kingdom,0.06,9979703522.52209,12028891755.275232,0.4266799857422268,0.17035553020538874,116.13412000000062
9,10,267,United Kingdom,0.06,9967938956.798428,12028891755.275232,0.4261769943734043,0.1713335559423403,115.61412050000035
9,20,267,United Kingdom,0.06,9987914770.477575,12028891755.275232,0.42703105580684997,0.16967290306711696,115.69103770000038
9,30,267,United Kingdom,0.06,9987633865.280163,12028891755.275232,0.42701904576813926,0.1696962556089078,116.95512450000024
9,40,267,United Kingdom,0.06,10001043262.284481,12028891755.275232,0.4275923615294444,0.16858148982024423,122.94656529999884
9,50,267,United Kingdom,0.06,10022085236.951262,12028891755.275232,0.4284920064367854,0.16683220359380924,116.60464759999923
9,60,267,United Kingdom,0.06,10011109554.42379,12028891755.275232,0.42802274359207626,0.16774464696355343,115.91672800000015
9,70,267,United Kingdom,0.06,9980965309.631832,12028891755.275232,0.42673393316709557,0.17025063383293715,127.50524450000012
9,80,267,United Kingdom,0.06,9992939288.130695,12028891755.275232,0.42724587793215224,0.1692551989464596,133.61155700000018
9,90,267,United Kingdom,0.06,10020131478.806467,12028891755.275232,0.4284084739455162,0.1669946257175213,138.32936950000112
9,100,267,United Kingdom,0.06,10030919984.274641,12028891755.275232,0.4288697340770373,0.166097742971574,123.41212189999897
9,110,267,United Kingdom,0.06,10018759566.28256,12028891755.275232,0.42834981813326495,0.1671086771656362,120.1199271000005
9,120,267,United Kingdom,0.06,10044228403.716167,12028891755.275232,0.4294387325652937,0.16499137176861675,124.56533060000038
9,130,267,United Kingdom,0.06,10062583996.920784,12028891755.275232,0.4302235218357526,0.16346541297057812,130.91454519999934
9,140,267,United Kingdom,0.06,10071153163.099613,12028891755.275232,0.4305898946137368,0.16275303095291876,129.3922763999999
9,150,267,United Kingdom,0.06,10068477350.63337,12028891755.275232,0.4304754908519047,0.16297547974709553,126.71353679999993
9,160,267,United Kingdom,0.06,10059603338.126368,12028891755.275232,0.4300960844375339,0.16371320460883187,127.93325790000017
9,170,267,United Kingdom,0.06,10022560430.60832,12028891755.275232,0.42851232323501104,0.16679269923491014,125.45697540000037
8,0,278,China,0.07,9378946480.93607,10877649720.23388,0.3851280543073515,0.13777822211998808,137.91923529999985
8,10,278,China,0.07,9366768414.491272,10877649720.23388,0.38462798587806213,0.13889777154086572,141.32388379999975
8,20,278,China,0.07,9385144691.630604,10877649720.23388,0.3853825716808993,0.13720841054727262,140.02780320000056
8,30,278,China,0.07,9350663938.38882,10877649720.23388,0.38396668713202675,0.1403782821765865,135.2189340999994
8,40,278,China,0.07,9217564887.351288,10877649720.23388,0.3785012354781088,0.15261429404135088,133.2398347999988
8,50,278,China,0.07,9122956471.958681,10877649720.23388,0.37461632633449465,0.16131179927693706,133.0104601000021
8,60,278,China,0.07,9182732676.511635,10877649720.23388,0.37707091901184403,0.15581647573827206,134.42983310000272
8,70,278,China,0.07,9268690806.315105,10877649720.23388,0.3806006211324819,0.14791420530171104,134.7882752000005
8,80,278,China,0.07,9218002932.958847,10877649720.23388,0.3785192229624046,0.15257402379742635,121.95952490000127
8,90,278,China,0.07,9161707246.335512,10877649720.23388,0.37620755093194674,0.1577493776717672,119.7930056999976
8,100,278,China,0.07,9198241919.302464,10877649720.23388,0.37770777566860747,0.15439068586732418,118.69752529999823
8,110,278,China,0.07,9228575865.964994,10877649720.23388,0.3789533797331311,0.15160203689969787,118.88908739999897
8,120,278,China,0.07,9163326351.540722,10877649720.23388,0.3762740363137184,0.15760053070143334,118.14627269999983
8,130,278,China,0.07,9111614373.074066,10877649720.23388,0.3741505852745502,0.16235449684270967,118.28610090000075
8,140,278,China,0.07,9158190085.572392,10877649720.23388,0.3760631256189182,0.15807271597126937,119.19710440000199
8,150,278,China,0.07,9290921604.675074,10877649720.23388,0.38151348529430185,0.14587049191400966,118.03655440000148
8,160,278,China,0.07,9423079764.488804,10877649720.23388,0.3869403010942809,0.1337209777071035,118.8046761000005
8,170,278,China,0.07,9431834241.138128,10877649720.23388,0.3872997865189271,0.13291616445474808,118.3423051000027
7,0,284,Netherlands,0.06,11912563694.419691,14088092838.989351,0.478831584604303,0.15442325440593332,122.89959780000208
7,10,284,Netherlands,0.06,11914055692.867035,14088092838.989351,0.47889155624425345,0.15431734947867343,123.12208630000168
7,20,284,Netherlands,0.06,11888105405.787989,14088092838.989351,0.477848471195414,0.15615935090325433,123.04336049999984
7,30,284,Netherlands,0.06,11883179452.546854,14088092838.989351,0.4776504699878953,0.15650900456450093,123.12802090000332
7,40,284,Netherlands,0.06,11888839731.887691,14088092838.989351,0.4778779878082068,0.1561072270204765,123.06279429999995
7,50,284,Netherlands,0.06,11880295805.968237,14088092838.989351,0.47753456034022435,0.15671369136005048,123.34369129999686
7,60,284,Netherlands,0.06,11886778069.764847,14088092838.989351,0.47779511824574117,0.1562535677740765,126.56928809999954
7,70,284,Netherlands,0.06,11907977007.068384,14088092838.989351,0.47864722036257895,0.15474882632001194,126.001873600002
7,80,284,Netherlands,0.06,11887294403.341314,14088092838.989351,0.4778158725376758,0.15621691742101818,126.86681330000283
7,90,284,Netherlands,0.06,11890183054.276709,14088092838.989351,0.4779319833380245,0.15601187540657319,126.98156239999662
7,100,284,Netherlands,0.06,11908844973.540506,14088092838.989351,0.4786821087184267,0.15468721638586103,125.93633660000341
7,110,284,Netherlands,0.06,11874082326.935654,14088092838.989351,0.47728480637563725,0.15715473608509567,125.69980230000147
7,120,284,Netherlands,0.06,11883086227.413889,14088092838.989351,0.4776467227560409,0.15651562186423273,125.98117439999987
7,130,284,Netherlands,0.06,11885112685.392008,14088092838.989351,0.47772817726992123,0.15637177996872006,126.09971170000063
7,140,284,Netherlands,0.06,11894008674.783422,14088092838.989351,0.47808575610905135,0.15574032548491692,126.88297409999723
7,150,284,Netherlands,0.06,11905317858.054243,14088092838.989351,0.47854033450922256,0.15493757784546908,127.39972119999948
7,160,284,Netherlands,0.06,11922806434.804176,14088092838.989351,0.47924329678774263,0.15369620493929878,127.5631919999978
7,170,284,Netherlands,0.06,11901344313.921247,14088092838.989351,0.4783806158724535,0.15521962767140426,125.91159310000148
6,0,292,China,0.07,7641219463.629766,8844875810.944643,0.29872785167752575,0.13608516083690775,132.6878844999992
6,10,292,China,0.07,7596376914.7144575,8844875810.944643,0.29697476522778105,0.1411550510053848,126.55944040000031
6,20,292,China,0.07,7513269433.692837,8844875810.944643,0.29372573941690266,0.15055116721979042,126.07106380000187
6,30,292,China,0.07,7417029462.857885,8844875810.944643,0.2899633085811083,0.1614320402690043,126.846452400001
6,40,292,China,0.07,7322284639.253141,8844875810.944643,0.2862593294259844,0.1721438722528414,126.13781519999975
6,50,292,China,0.07,7250489600.911911,8844875810.944643,0.2834525552367514,0.1802610058198714,125.92590420000124
6,60,292,China,0.07,7167171434.34617,8844875810.944643,0.2801952928295713,0.18968094210237327,126.23603189999994
6,70,292,China,0.07,7102984277.8063545,8844875810.944643,0.277685943180645,0.1969379299800765,125.95186470000044
6,80,292,China,0.07,7126137028.2855625,8844875810.944643,0.27859108292227913,0.19432028435405665,125.83943530000033
6,90,292,China,0.07,7222551490.728519,8844875810.944643,0.2823603353790783,0.18341968331637407,126.38019599999825
6,100,292,China,0.07,7319456483.791149,8844875810.944643,0.28614876476946693,0.1724636229788485,126.41924850000214
6,110,292,China,0.07,7367296126.853175,8844875810.944643,0.2880190204092847,0.16705488190836007,139.26658379999935
6,120,292,China,0.07,7396467198.108852,8844875810.944643,0.2891594419727299,0.1637568060643125,149.4659842000001
6,130,292,China,0.07,7463541229.499626,8844875810.944643,0.2917816518694731,0.1561734286575007,152.134624600003
6,140,292,China,0.07,7565666678.345503,8844875810.944643,0.29577417113691995,0.1446271445684119,146.06309220000185
6,150,292,China,0.07,7631417515.622515,8844875810.944643,0.29834465173353797,0.13719336723988773,145.73996050000278
6,160,292,China,0.07,7654281877.285481,8844875810.944643,0.2992385171266295,0.13460832679933407,148.1258923000023
6,170,292,China,0.07,7658506512.3627825,8844875810.944643,0.2994036761260236,0.13413069034998185,145.38884189999953
5,0,339,United Kingdom,0.06,15374090529.942959,16503737297.408634,0.5177088983830687,0.06844793679811233,192.82693749999817
5,10,339,United Kingdom,0.06,15363943686.955198,16503737297.408634,0.517367212421546,0.06906275772048327,191.97016590000203
5,20,339,United Kingdom,0.06,15365312750.409996,16503737297.408634,0.5174133144222868,0.06897980296725821,181.98223560000042
5,30,339,United Kingdom,0.06,15363221612.885612,16503737297.408634,0.5173428972160131,0.06910650987531787,177.4617760000001
5,40,339,United Kingdom,0.06,15372556850.65344,16503737297.408634,0.517657253089716,0.06854086600934978,194.25489580000067
5,50,339,United Kingdom,0.06,15357825580.907871,16503737297.408634,0.5171611906125951,0.06943346805942496,194.44791650000116
5,60,339,United Kingdom,0.06,15366871948.653635,16503737297.408634,0.5174658190438449,0.06888532750297148,190.95136920000004
5,70,339,United Kingdom,0.06,15349980539.74179,16503737297.408634,0.5168970157912,0.06990881743179485,187.49407409999912
5,80,339,United Kingdom,0.06,15355528308.697535,16503737297.408634,0.5170838320031228,0.06957266514969236,190.46184139999968
5,90,339,United Kingdom,0.06,15361793778.400002,16503737297.408634,0.5172948161527997,0.06919302570260477,187.45511800000168
5,100,339,United Kingdom,0.06,15364458382.525803,16503737297.408634,0.5173845443395766,0.06903157111339367,195.41833309999856
5,110,339,United Kingdom,0.06,15357873221.05667,16503737297.408634,0.5171627948524625,0.06943058143150915,196.82229369999914
5,120,339,United Kingdom,0.06,15357747799.252361,16503737297.408634,0.517158571384153,0.06943818103165109,182.45204250000097
5,130,339,United Kingdom,0.06,15350466860.685652,16503737297.408634,0.5169133922187757,0.06987935010963034,331.4486614000016
5,140,339,United Kingdom,0.06,15378844119.088371,16503737297.408634,0.517868971292425,0.06815990572613453,467.9864611000012
5,150,339,United Kingdom,0.06,15384855814.309584,16503737297.408634,0.5180714098109395,0.06779564306775132,530.6658097
5,160,339,United Kingdom,0.06,15373355604.844511,16503737297.408634,0.5176841504305071,0.06849246762680912,438.1691552000011
5,170,339,United Kingdom,0.06,15362362871.652264,16503737297.408634,0.5173139798646389,0.06915854301289596,444.4485960999991
4,0,364,China,0.09,10491926948.275124,13028129778.782742,0.32904081201625535,0.1946712900141668,488.19584069999837
4,10,364,China,0.09,10465554651.187622,13028129778.782742,0.32821374163240824,0.19669554810303316,504.95734249999805
4,20,364,China,0.09,10576960044.078733,13028129778.782742,0.33170756322691597,0.1881444057070967,556.6503353000007
4,30,364,China,0.09,10699859420.780987,13028129778.782742,0.3355618514721319,0.17871101973466005,216.33919329999844
4,40,364,China,0.09,10758053611.567602,13028129778.782742,0.33738689885241363,0.17424420893566195,180.65256480000244
4,50,364,China,0.09,10734922572.161741,13028129778.782742,0.33666147862918805,0.1760196778478255,175.9306871000008
4,60,364,China,0.09,10630363371.173248,13028129778.782742,0.33338236273687993,0.18404532717462108,175.5269503999989
4,70,364,China,0.09,10449699783.391863,13028129778.782742,0.32771651184805634,0.19791251999884432,176.6493859000002
4,80,364,China,0.09,10225111321.908426,13028129778.782742,0.32067311837988693,0.21515125382303413,176.1762920000001
4,90,364,China,0.09,10017951326.294811,13028129778.782742,0.3141763048288553,0.23105223110305712,175.33814170000187
4,100,364,China,0.09,9906798158.8796,13028129778.782742,0.31069039336142057,0.2395840134311877,175.15193020000152
4,110,364,China,0.09,9962224350.472618,13028129778.782742,0.3124286325979922,0.23532966591284452,175.19983299999876
4,120,364,China,0.09,10118764214.71801,13028129778.782742,0.31733793136628813,0.22331413744456594,174.78331199999957
4,130,364,China,0.09,10252245133.782696,13028129778.782742,0.32152407088234153,0.21306854415288187,174.8615475000006
4,140,364,China,0.09,10314946546.123064,13028129778.782742,0.32349047073746373,0.208255772603547,175.28054270000212
4,150,364,China,0.09,10397516645.061996,13028129778.782742,0.3260799790839354,0.20191794051705642,178.78883100000166
4,160,364,China,0.09,10559293872.217932,13028129778.782742,0.33115352853310287,0.1895004078471408,181.72610910000003
4,170,364,China,0.09,10596752078.570345,13028129778.782742,0.3323282678060347,0.18662522875478815,179.89281069999925
3,0,441,China,0.08,13535322825.758762,16064664860.454718,0.35036920101053964,0.15744754445032108,261.640027999998
3,10,441,China,0.08,13540802940.263298,16064664860.454718,0.3505110567582833,0.1571064159828343,256.31421899999987
3,20,441,China,0.08,13526626159.259432,16064664860.454718,0.35014408306307354,0.15798889819625192,256.68442810000124
3,30,441,China,0.08,13487516676.251505,16064664860.454718,0.34913171280121724,0.16042340170738337,258.29420689999824
3,40,441,China,0.08,13425175133.407167,16064664860.454718,0.3475179680211839,0.16430406422887792,255.82381949999763
3,50,441,China,0.08,13331967653.457294,16064664860.454718,0.345105241653395,0.1701060825566499,254.39628100000118
3,60,441,China,0.08,13184411519.126827,16064664860.454718,0.341285670775397,0.17929121873049542,254.01025980000122
3,70,441,China,0.08,12948451450.315588,16064664860.454718,0.33517771591949563,0.19397936011787573,256.06054649999714
3,80,441,China,0.08,12617279312.04033,16064664860.454718,0.3266051448047798,0.2145943023623592,255.53213129999494
3,90,441,China,0.08,12338021836.45856,16064664860.454718,0.3193764130002009,0.23197763889676765,254.80571020000207
3,100,441,China,0.08,12237125600.154394,16064664860.454718,0.3167646589878336,0.2382582701567783,254.676701700002
3,110,441,China,0.08,12355506011.339489,16064664860.454718,0.3198290003867168,0.23088927664129555,254.87884900000063
3,120,441,China,0.08,12610847339.023138,16064664860.454718,0.3264386496811713,0.2149946825180029,254.85986129999947
3,130,441,China,0.08,12928712880.052162,16064664860.454718,0.33466677228103836,0.19520805492320684,254.5017810999998
3,140,441,China,0.08,13192793763.28682,16064664860.454718,0.34150264972941374,0.17876943727829556,256.2997352999955
3,150,441,China,0.08,13353374741.189774,16064664860.454718,0.3456593757750073,0.16877352517568797,254.6070100999932
3,160,441,China,0.08,13451117989.180256,16064664860.454718,0.3481895129681467,0.16268916245542417,254.96808699999383
3,170,441,China,0.08,13511040716.7511,16064664860.454718,0.34974064539783756,0.15895906736216442,255.4604485000018
2,0,572,Belgium,0.06,20633699493.037304,25551264119.29046,0.4117911097215032,0.19245876068184575,379.57437680000294
2,10,572,Belgium,0.06,20634160733.768066,25551264119.29046,0.4118003148004292,0.19244070910018587,379.06286890000047
2,20,572,Belgium,0.06,20660217956.483734,25551264119.29046,0.4123203443114709,0.19142090739511114,381.7290961000035
2,30,572,Belgium,0.06,20648459873.498886,25551264119.29046,0.4120856857597089,0.19188108356995529,380.97086780000245
2,40,572,Belgium,0.06,20636876311.761063,25551264119.29046,0.41185451016542657,0.1923344295055514,386.9586666000032
2,50,572,Belgium,0.06,20628334601.794506,25551264119.29046,0.4116840414510191,0.1926687264674034,386.3764605000033
2,60,572,Belgium,0.06,20563926168.622814,25551264119.29046,0.4103986287124967,0.1951894797605082,391.0145574999988
2,70,572,Belgium,0.06,20499155478.409245,25551264119.29046,0.4091059863334859,0.19772441070995855,390.35228609999467
2,80,572,Belgium,0.06,20453558821.114784,25551264119.29046,0.4081960041893138,0.19950892740085824,384.357216599994
2,90,572,Belgium,0.06,20445982635.4631,25551264119.29046,0.4080448046480965,0.19980543663094225,388.070796699998
2,100,572,Belgium,0.06,20473349216.98268,25551264119.29046,0.4085909653100289,0.19873439054133138,392.36782039999525
2,110,572,Belgium,0.06,20552373805.466934,25551264119.29046,0.41016807575492015,0.1956416046769877,394.04777280000417
2,120,572,Belgium,0.06,20581309199.14435,25551264119.29046,0.41074554553326365,0.19450915997513954,390.6998777999979
2,130,572,Belgium,0.06,20583674429.801197,25551264119.29046,0.4107927489422917,0.19441659192661534,385.4658539000011
2,140,572,Belgium,0.06,20573385507.964306,25551264119.29046,0.41058741075063676,0.1948192695314828,384.70404869999766
2,150,572,Belgium,0.06,20554792598.863125,25551264119.29046,0.41021634812687846,0.1955469403431646,383.79530520000117
2,160,572,Belgium,0.06,20579456554.824318,25551264119.29046,0.4107085719182935,0.19458166692866563,383.9010188999964
2,170,572,Belgium,0.06,20603295075.124172,25551264119.29046,0.41118432231543917,0.19364869859533543,385.11977980000665
1,0,588,China,0.08,17865812535.860077,20658933817.057076,0.3468497137549327,0.13520161814405227,435.5408982000008
1,10,588,China,0.08,17859836177.60472,20658933817.057076,0.3467336877893626,0.1354909050118199,443.0568554999991
1,20,588,China,0.08,17829749096.431885,20658933817.057076,0.346149572430961,0.13694727645089172,437.5248387000029
1,30,588,China,0.08,17814780579.03264,20658933817.057076,0.34585897126379644,0.13767183065740585,437.5029183000006
1,40,588,China,0.08,17800165317.19839,20658933817.057076,0.3455752282561114,0.138379285454622,433.63684269999794
1,50,588,China,0.08,17741882496.953796,20658933817.057076,0.34444371635436655,0.1412004775239084,439.24792829999933
1,60,588,China,0.08,17645297569.298565,20658933817.057076,0.3425686012739292,0.1458756910906166,445.23619390000385
1,70,588,China,0.08,17592241761.6179,20658933817.057076,0.3415385674218367,0.14844386852661082,438.87170960000367
1,80,588,China,0.08,17491412123.407356,20658933817.057076,0.3395810448584971,0.15332454819301714,436.5168298999997
1,90,588,China,0.08,17384902963.15566,20658933817.057076,0.33751325915485625,0.1584801463083351,439.9937874000025
1,100,588,China,0.08,17177594168.235655,20658933817.057076,0.3334885333813961,0.16851497176233984,431.30357200000435
1,110,588,China,0.08,16924317336.31489,20658933817.057076,0.328571376858224,0.18077488963436703,428.3455094999954
1,120,588,China,0.08,16820174159.01162,20658933817.057076,0.3265495247222148,0.18581596185162175,428.9749967000025
1,130,588,China,0.08,17112939358.345907,20658933817.057076,0.3322333146636285,0.17164460131932913,431.1691034999967
1,140,588,China,0.08,17376370561.37206,20658933817.057076,0.3373476097554604,0.15889315899617065,435.163630199997
1,150,588,China,0.08,17665379921.31293,20658933817.057076,0.3429584832361253,0.14490360065302657,432.8178668000037
1,160,588,China,0.08,17776085881.001083,20658933817.057076,0.3451077462686198,0.13954485558571106,432.86669090000214
1,170,588,China,0.08,17828310392.403496,20658933817.057076,0.34612164120312444,0.13701691721943907,444.10977420000563
0,0,928,China,0.08,29142879320.48794,33635477806.00678,0.3584927486873123,0.133567256318759,1082.1042340000058
0,10,928,China,0.08,29114576062.408848,33635477806.00678,0.3581445842978572,0.13440872669246184,1199.0935445000068
0,20,928,China,0.08,29073624333.31927,33635477806.00678,0.35764082837987216,0.13562624259414655,1200.8230483000007
0,30,928,China,0.08,29009281191.499252,33635477806.00678,0.35684932972537853,0.13753919718902755,2888.567743300002
0,40,928,China,0.08,28942012996.392033,33635477806.00678,0.3560218493690958,0.13953911511780473,3158.324569299999
0,50,928,China,0.08,28846075070.85892,33635477806.00678,0.3548416965691786,0.1423913988310445,1102.8783628999954
0,60,928,China,0.08,28722128083.872253,33635477806.00678,0.3533169983549866,0.146076406301476,1090.6178682000027
0,70,928,China,0.08,28557123765.540855,33635477806.00678,0.35128724518703813,0.15098206928277996,1088.3749387999997
0,80,928,China,0.08,28387434673.939777,33635477806.00678,0.3491998636280184,0.15602701297526334,1096.1760708000002
0,90,928,China,0.08,28103959241.897823,33635477806.00678,0.34571277212616397,0.1644548829070331,1104.5532518999971
0,100,928,China,0.08,27744323586.958683,33635477806.00678,0.3412888175454491,0.1751470353126967,1081.429328600003
0,110,928,China,0.08,27523581515.186832,33635477806.00678,0.33857342243331306,0.18170981028039554,1083.4961886999954
0,120,928,China,0.08,27636701949.03957,33635477806.00678,0.3399649409177636,0.17834668178538315,1087.3713377000095
0,130,928,China,0.08,28100164967.1196,33635477806.00678,0.34566609794618464,0.16456768864150514,1103.0918516999955
0,140,928,China,0.08,28489669260.06077,33635477806.00678,0.3504574729872851,0.15298752631446336,1074.2353054000123
0,150,928,China,0.08,28816686482.496567,33635477806.00678,0.3544801813013768,0.14326513663051488,1066.555382199993
0,160,928,China,0.08,29017687081.3314,33635477806.00678,0.3569527323616778,0.13728928577463853,1062.758956699996
0,170,928,China,0.08,29105638407.944115,33635477806.00678,0.3580346403118618,0.13467444774201198,1063.1298889000027
